# FreeCAD v1.1 build1 Arch module
# https://www.freecad.org
mtllib Bouton_ARU.mtl
o Part (Meshed)
usemtl color_727980
v 0.0 8.323553 6.903553
v 0.796311 8.323553 6.853454
v 0.0 8.316446 6.896447
v 0.795421 8.316446 6.846403
v 1.580065 8.323553 6.703945
v 1.578297 8.316446 6.697062
v 2.338899 8.323553 6.457385
v 2.336283 8.316446 6.450777
v 3.060848 8.323553 6.117661
v 3.057424 8.316446 6.111434
v 3.734525 8.323553 5.690133
v 3.730348 8.316446 5.684383
v 4.349307 8.323553 5.181541
v 4.344442 8.316446 5.176361
v 4.895497 8.323553 4.599907
v 4.890021 8.316446 4.595377
v 5.364482 8.323553 3.954404
v 5.358482 8.316446 3.950596
v 5.748867 8.323553 3.255211
v 5.742436 8.316446 3.252186
v 6.042588 8.323553 2.513356
v 6.03583 8.316446 2.51116
v 6.241014 8.323553 1.740537
v 6.234034 8.316446 1.739205
v 6.341016 8.323553 0.948943
v 6.333923 8.316446 0.948497
v 6.341016 8.323553 0.151057
v 6.333923 8.316446 0.151503
v 6.241014 8.323553 -0.640537
v 6.234034 8.316446 -0.639206
v 6.042588 8.323553 -1.413356
v 6.03583 8.316446 -1.41116
v 5.748867 8.323553 -2.155211
v 5.742436 8.316446 -2.152185
v 5.364482 8.323553 -2.854404
v 5.358482 8.316446 -2.850596
v 4.895497 8.323553 -3.499907
v 4.890021 8.316446 -3.495377
v 4.349307 8.323553 -4.081541
v 4.344442 8.316446 -4.076361
v 3.734525 8.323553 -4.590133
v 3.730348 8.316446 -4.584383
v 3.060848 8.323553 -5.017661
v 3.057424 8.316446 -5.011434
v 2.338899 8.323553 -5.357385
v 2.336283 8.316446 -5.350777
v 1.580065 8.323553 -5.603945
v 1.578297 8.316446 -5.597061
v 0.796311 8.323553 -5.753454
v 0.795421 8.316446 -5.746403
v 0.0 8.323553 -5.803554
v 0.0 8.316446 -5.796447
v 7.149028 8.075833 -5.857137
v 7.86386 8.099951 -4.956334
v 7.864685 8.075833 -4.955155
v 7.148188 8.19875 -5.858074
v 6.330531 8.075833 -6.666951
v 7.86386 8.19875 -4.956334
v 6.32972 8.19875 -6.667662
v 5.420969 8.075833 -7.372948
v 5.420227 8.19875 -7.373456
v 4.433424 8.075833 -7.964972
v 4.432786 8.19875 -7.965304
v 3.382105 8.075833 -8.434506
v 3.3816 8.19875 -8.434697
v 2.282134 8.075833 -8.774798
v 2.281785 8.19875 -8.774884
v 1.149334 8.075833 -8.980951
v 1.149155 8.19875 -8.980973
v 0.0 8.075833 -9.05
v 0.0 8.19875 -9.05
v 0.0 8.097958 -9.85
v -0.90642 8.097958 -9.810425
v 0.0 8.025566 -9.85
v -0.90642 8.025566 -9.810425
v -1.805941 8.097958 -9.692
v -1.805941 8.025566 -9.692
v -2.691718 8.097958 -9.495629
v -2.691718 8.025566 -9.495628
v 0.0 1.596261 -13.45
v 0.0 -7.03 -13.45
v -1.754665 -7.03 -13.339606
v -1.754665 1.596261 -13.339606
v -3.481658 -7.03 -13.010164
v -3.481658 1.596261 -13.010164
v -5.153744 -7.03 -12.466871
v -5.153744 1.596261 -12.466871
v -6.744552 -7.03 -11.718293
v -6.744552 1.596261 -11.718293
v -8.228993 -7.03 -10.776237
v -8.228993 1.596261 -10.776237
v -9.583659 -7.03 -9.65556
v -9.583659 1.596261 -9.65556
v -10.787186 -7.03 -8.373936
v -10.787186 1.596261 -8.373936
v -11.820591 -7.03 -6.951575
v -11.820591 1.596261 -6.951575
v -12.667579 -7.03 -5.41091
v -12.667579 1.596261 -5.41091
v -13.314792 -7.03 -3.776238
v -13.314792 1.596261 -3.776238
v -13.752022 -7.03 -2.073339
v -13.752022 1.596261 -2.073339
v -13.972374 -7.03 -0.329067
v -13.972374 1.596261 -0.329067
v -13.972374 -7.03 1.429067
v -13.972374 1.596261 1.429067
v -13.752022 -7.03 3.173338
v -13.752022 1.596261 3.173338
v -13.314792 1.596261 4.876238
v -13.314792 -7.03 4.876238
v -12.667579 -7.03 6.51091
v -12.667579 1.596261 6.51091
v -11.820591 1.596261 8.051575
v -11.820591 -7.03 8.051575
v -10.787186 1.596261 9.473936
v -10.787186 -7.03 9.473936
v -9.583659 1.596261 10.755561
v -9.583659 -7.03 10.755561
v -8.228993 -7.03 11.876238
v -8.228993 1.596261 11.876238
v -6.744552 1.596261 12.818294
v -6.744552 -7.03 12.818294
v -5.153744 1.596261 13.566871
v -5.153744 -7.03 13.566871
v -3.481658 -7.03 14.110165
v -3.481658 1.596261 14.110165
v -1.754665 1.596261 14.439606
v -1.754665 -7.03 14.439606
v 0.0 1.596261 14.55
v 0.0 -7.03 14.55
v 0.0 2.72146 -13.859539
v -1.805994 2.72146 -13.745915
v -3.583507 2.72146 -13.406837
v -5.304505 2.72146 -12.847651
v -6.941848 2.72146 -12.077175
v -8.469714 2.72146 -11.107562
v -9.864008 2.72146 -9.954102
v -11.10274 2.72146 -8.634986
v -12.166376 2.72146 -7.171017
v -13.03814 2.72146 -5.585283
v -13.704286 2.72146 -3.902792
v -14.154306 2.72146 -2.150078
v -14.381105 2.72146 -0.354782
v -14.381105 2.72146 1.454782
v -14.154306 2.72146 3.250078
v -13.704286 2.72146 5.002792
v -13.03814 2.72146 6.685283
v -12.166376 2.72146 8.271017
v -11.10274 2.72146 9.734985
v -9.864008 2.72146 11.054102
v -8.469714 2.72146 12.207561
v -6.941848 2.72146 13.177176
v -5.304505 2.72146 13.947651
v -3.583507 2.72146 14.506837
v -1.805994 2.72146 14.845916
v 0.0 2.72146 14.959538
v 0.0 3.23449 15.05
v 0.0 5.768721 15.05
v -1.817332 5.768721 14.935663
v -1.817332 3.23449 14.935663
v -3.606003 5.768721 14.594456
v -3.606003 3.23449 14.594456
v -5.337806 5.768721 14.031759
v -5.337806 3.23449 14.031759
v -6.985428 5.768721 13.256447
v -6.985428 3.23449 13.256447
v -8.522886 5.768721 12.280746
v -8.522886 3.23449 12.280746
v -9.925933 5.768721 11.120045
v -9.925933 3.23449 11.120045
v -11.172442 5.768721 9.792648
v -11.172442 3.23449 9.792648
v -12.242755 5.768721 8.319489
v -12.242755 3.23449 8.319489
v -13.119992 5.768721 6.7238
v -13.119992 3.23449 6.7238
v -13.790319 5.768721 5.030746
v -13.790319 3.23449 5.030746
v -14.243165 5.768721 3.267029
v -14.243165 3.23449 3.267029
v -14.471388 5.768721 1.460463
v -14.471388 3.23449 1.460463
v -14.471388 5.768721 -0.360463
v -14.471388 3.23449 -0.360463
v -14.243165 5.768721 -2.167029
v -14.243165 3.23449 -2.167029
v -13.790319 5.768721 -3.930746
v -13.790319 3.23449 -3.930746
v -13.119992 5.768721 -5.6238
v -13.119992 3.23449 -5.6238
v -12.242755 5.768721 -7.219489
v -12.242755 3.23449 -7.219489
v -11.172442 5.768721 -8.692648
v -11.172442 3.23449 -8.692648
v -9.925933 5.768721 -10.020045
v -9.925933 3.23449 -10.020045
v -8.522886 5.768721 -11.180746
v -8.522886 3.23449 -11.180746
v -6.985428 5.768721 -12.156446
v -6.985428 3.23449 -12.156446
v -5.337806 5.768721 -12.931759
v -5.337806 3.23449 -12.931759
v -3.606003 5.768721 -13.494456
v -3.606003 3.23449 -13.494456
v -1.817332 5.768721 -13.835663
v -1.817332 3.23449 -13.835663
v 0.0 5.768721 -13.95
v 0.0 3.23449 -13.95
v -7.353911 8.097958 7.903911
v -6.788225 8.099951 7.338225
v -7.35391 8.025566 7.903911
v -7.352717 7.999635 7.902717
v -6.788225 8.19875 7.338225
v -7.344431 7.911642 7.862985
v -7.355351 7.93541 7.872065
v -7.346124 7.929083 7.876567
v -7.353797 7.94536 7.880265
v -7.347726 7.945683 7.886549
v -7.349324 7.962665 7.894142
v -7.342793 7.894591 7.845863
v -7.369192 7.912644 7.839014
v -7.341166 7.878176 7.824849
v -7.37268 7.89933 7.821331
v -7.339437 7.861758 7.797513
v -7.365501 7.925898 7.85457
v -7.362448 7.937196 7.866193
v -7.359667 7.948648 7.876362
v -9.500873 8.025566 4.780061
v -9.806926 7.973433 3.990994
v -9.945569 8.025566 3.590666
v -9.638186 7.921023 4.377882
v -9.578761 7.973433 4.582812
v -10.037155 7.82719 2.216509
v -9.987645 7.827417 2.750359
v -9.810001 7.82719 3.249187
v -10.229464 7.921023 2.254519
v -10.24358 7.973433 2.306505
v -10.221321 7.921023 2.302689
v -10.156388 7.82719 1.157884
v -10.162601 7.827417 1.69724
v -10.270204 7.843152 0.057434
v -10.270868 7.843152 0.0715
v -10.216071 7.827417 0.074053
v -10.32026 7.87542 0.055033
v -10.315042 7.87542 -0.043844
v -10.358595 7.921023 0.053195
v -10.352533 7.921023 -0.060213
v -9.135201 7.82719 -3.929939
v -9.422866 7.828205 -3.438892
v -9.537744 7.82719 -2.993049
v -7.33798 7.848124 7.766992
v -7.357605 7.860887 7.777296
v -7.351083 7.981822 7.899884
v -7.368181 7.968929 7.878007
v -7.37182 7.961494 7.871006
v -7.334188 7.82719 7.602051
v -7.443747 7.833191 7.603332
v -7.334284 7.825843 7.617846
v -7.444705 7.838284 7.624815
v -7.334562 7.825239 7.643478
v -7.445176 7.844441 7.645548
v -7.551847 7.87542 7.601408
v -7.444195 7.83501 7.611629
v -7.466841 7.946844 7.766006
v -7.672552 7.82719 7.232342
v -7.614957 7.833191 7.418136
v -7.997935 7.82719 6.839259
v -7.821557 7.833191 7.181901
v -7.891923 7.946844 7.298481
v -8.195312 8.025566 6.952879
v -7.985441 7.833191 6.983631
v -7.968792 7.87542 7.126557
v -8.065905 7.833191 6.882459
v -8.096211 7.946844 7.051985
v -8.177562 7.946844 6.94937
v -8.131814 7.87542 6.923882
v -8.563262 7.82719 6.044751
v -8.214134 7.833191 6.688963
v -8.327408 7.946844 6.753123
v -8.498955 7.833191 6.288174
v -8.426413 7.87542 6.52899
v -8.690064 7.946844 6.233946
v -8.91454 8.025566 5.906396
v -9.062279 7.82719 5.175673
v -8.802659 7.833191 5.810423
v -8.671146 7.833191 6.024495
v -8.776946 7.87542 6.001419
v -8.861009 7.946844 5.963592
v -9.051394 7.833191 5.369869
v -9.034354 7.87542 5.563302
v -9.291117 7.946844 5.186768
v -8.991338 7.946844 5.744257
v -9.429084 7.946844 4.899349
v -9.323797 7.87542 5.001916
v -9.481806 7.82719 4.240136
v -9.411356 7.833191 4.622498
v -9.194539 7.833191 5.09085
v -9.537127 7.973433 4.680306
v -9.557947 7.921023 4.574049
v -9.602517 7.87542 4.363716
v -9.530011 7.843152 4.409868
v -9.555942 7.843152 4.345218
v -9.547535 7.857318 4.436152
v -9.563022 7.87542 4.461697
v -9.52439 7.827417 4.275671
v -9.517941 7.827417 4.292118
v -9.568993 7.843152 4.31219
v -9.609088 7.87542 4.347128
v -9.703815 7.896913 4.158775
v -9.792797 7.833191 3.593023
v -9.623875 7.833191 4.091172
v -9.761205 7.87542 3.936982
v -9.871777 7.946844 3.770635
v -9.791553 7.921023 3.966546
v -9.867826 7.833191 3.340136
v -9.922256 7.87542 3.431249
v -9.948372 7.833191 3.037723
v -10.037085 7.946844 3.211089
v -10.242001 8.025566 2.355941
v -9.951276 7.946844 3.5159
v -10.035983 7.843152 2.785787
v -10.079582 7.87542 2.820412
v -10.180879 7.946844 2.593075
v -10.187578 7.87542 2.272211
v -10.191607 7.87542 2.24821
v -10.142174 7.843152 2.239974
v -10.239414 7.973433 2.330628
v -10.189281 7.827417 1.429305
v -10.164179 7.82719 0.090423
v -10.249577 7.833191 0.874115
v -10.2375 7.833191 1.143676
v -10.252466 7.833191 0.335975
v -10.33206 7.87542 0.586098
v -10.216394 7.827417 0.08105
v -10.241184 7.833191 0.023674
v -10.268093 7.843152 0.015244
v -10.320597 7.87542 0.0621
v -10.060637 7.82719 -0.968331
v -10.223832 7.833191 -0.245066
v -10.362821 7.946844 -0.110614
v -10.375078 7.973433 -0.061541
v -10.371578 7.973433 -0.118291
v -10.374666 8.025566 -0.175467
v -10.168332 7.833191 -0.778115
v -10.269779 7.87542 -0.583312
v -10.265574 7.946844 -1.012834
v -10.208922 8.025566 -1.434414
v -10.341935 7.946844 -0.382113
v -9.849483 7.82719 -2.001358
v -10.077029 7.833191 -1.350619
v -10.123122 7.833191 -1.087455
v -10.181562 7.87542 -1.207423
v -10.213357 7.946844 -1.32398
v -9.965238 7.833191 -1.869277
v -10.076701 7.87542 -1.733168
v -10.090747 7.946844 -1.899753
v -9.890987 8.025566 -2.663777
v -10.161275 7.946844 -1.588445
v -9.922943 7.946844 -2.509355
v -9.918486 7.87542 -2.3442
v -9.73427 7.833191 -2.675345
v -9.886688 7.833191 -2.172548
v -9.649268 7.833191 -2.921382
v -9.757854 7.87542 -2.846622
v -9.841661 7.946844 -2.76152
v -9.734865 7.946844 -3.063426
v -9.425601 8.025566 -3.84523
v -9.513388 7.827727 -3.209595
v -9.438159 7.830595 -3.434013
v -9.452809 7.83374 -3.430217
v -9.465126 7.837141 -3.427911
v -9.476334 7.840942 -3.426663
v -9.486601 7.845123 -3.426369
v -9.495545 7.849407 -3.426868
v -9.518015 7.828427 -3.209812
v -9.527372 7.830259 -3.211616
v -9.522508 7.829232 -3.210443
v -9.531773 7.831343 -3.213132
v -9.53826 7.833191 -3.215693
v -9.504028 7.854131 -3.428112
v -9.512937 7.859921 -3.430331
v -9.520698 7.865807 -3.433131
v -9.531585 7.87542 -3.437686
v -9.479335 7.844324 -3.439298
v -9.496798 7.946844 -3.64944
v -7.416822 7.899391 7.776371
v -7.463234 7.886918 7.7125
v -7.763034 7.87542 7.368215
v -7.866621 7.87542 7.248435
v -7.794154 7.84972 7.276362
v -8.050805 7.87542 7.025901
v -8.281037 7.87542 6.728768
v -8.605143 7.87542 6.268765
v -8.64047 7.84972 6.147773
v -8.691935 7.87542 6.135967
v -8.843084 7.87542 5.893465
v -8.908048 7.87542 5.784448
v -9.183015 7.87542 5.285503
v -9.254411 7.87542 5.144413
v -9.190916 7.84972 5.188947
v -9.432888 7.87542 4.765848
v -9.491822 7.885787 4.659001
v -9.491869 7.865905 4.601682
v -9.505202 7.827417 4.324355
v -9.578364 7.921023 4.525204
v -9.667845 7.857318 4.126364
v -9.619042 7.84972 4.219714
v -9.715273 7.865905 4.032123
v -9.844902 7.87542 3.68539
v -9.884378 7.87542 3.558623
v -9.965034 7.87542 3.279626
v -10.005527 7.87542 3.127244
v -9.939035 7.84972 3.234835
v -10.077037 7.84972 2.658576
v -10.155521 7.896913 2.563122
v -10.116076 7.857318 2.530557
v -10.118775 7.885787 2.692186
v -10.077389 7.829792 2.372705
v -10.088549 7.827417 2.22804
v -10.189728 7.908696 2.433271
v -10.211491 7.9601 2.462175
v -10.137015 7.833191 2.099123
v -10.232816 7.87542 1.979069
v -10.163786 7.843152 2.104717
v -10.250219 7.896913 2.00612
v -10.263956 7.921023 2.032741
v -10.209387 7.87542 2.137823
v -10.261988 7.973433 2.195553
v -10.201035 7.843152 1.837862
v -10.217112 7.843152 1.703394
v -10.247679 7.87542 1.868273
v -10.283165 7.87542 1.554624
v -10.271591 7.857318 1.417187
v -10.335342 7.921023 1.403237
v -10.343339 7.973433 1.565667
v -10.385747 8.025566 1.094294
v -10.295073 7.865905 1.27332
v -10.369517 7.973433 1.249538
v -10.368599 7.946844 1.112684
v -10.322612 7.87542 0.993211
v -10.315886 7.87542 1.129019
v -10.327548 7.87542 0.857431
v -10.379812 7.946844 0.839744
v -10.392306 7.973433 0.677331
v -10.317403 7.865905 0.299185
v -10.366513 7.921023 0.262393
v -10.324993 7.87542 0.16625
v -10.380714 7.973433 0.043037
v -10.306355 7.87542 -0.179242
v -10.295908 7.87542 -0.314309
v -10.230329 7.87542 -0.896764
v -10.207098 7.87542 -1.052468
v -10.179006 7.84972 -0.992925
v -10.157822 7.87542 -1.339817
v -10.177379 7.908696 -1.398906
v -10.13242 7.87542 -1.471593
v -10.040475 7.87542 -1.887545
v -9.985784 7.84972 -1.955376
v -10.002007 7.87542 -2.040873
v -9.841131 7.87542 -2.597205
v -9.80022 7.87542 -2.722374
v -9.84581 7.908696 -2.680681
v -9.704354 7.87542 -2.996584
v -9.651364 7.84972 -3.033844
v -9.648779 7.87542 -3.145108
v -9.42178 7.86156 -3.647412
v -9.485196 7.874367 -3.543759
v -9.412107 7.855816 -3.647728
v -9.480939 7.915993 -3.6444
v -9.430063 7.867243 -3.647834
v -9.486593 7.925005 -3.645378
v -9.491096 7.933639 -3.646919
v -9.262129 7.827738 -3.792072
v -9.389398 7.845192 -3.651106
v -9.291375 7.848093 -3.877049
v -9.253917 7.835961 -3.889119
v -9.212824 7.828175 -3.90288
v -9.172082 7.82511 -3.916871
v -9.148131 7.825878 -3.925309
v -9.268987 7.828588 -3.789791
v -9.383908 7.91165 -3.850317
v -9.399862 7.88031 -3.751871
v -9.36726 7.894619 -3.854581
v -9.405028 7.884308 -3.750446
v -9.401372 7.850356 -3.648927
v -7.336513 7.83596 7.727591
v -7.379586 7.860909 7.754898
v -7.335323 7.828251 7.684802
v -7.401787 7.84806 7.701358
v -7.718935 7.833191 7.301067
v -7.732591 7.828479 7.253883
v -7.849534 7.891261 7.293144
v -8.601192 7.828479 6.095676
v -8.672569 7.891261 6.195504
v -8.894038 7.946844 5.909155
v -8.926771 7.946844 5.854453
v -9.123946 7.833191 5.231075
v -9.125747 7.828479 5.182036
v -9.248706 7.891261 5.191833
v -9.483124 7.946844 4.780227
v -9.492316 7.921023 4.726511
v -9.549555 7.828479 4.229813
v -9.633387 7.880503 4.300409
v -9.770308 7.914799 4.014958
v -9.912326 7.946844 3.643581
v -9.932002 7.946844 3.579817
v -9.873631 7.828479 3.241916
v -9.996396 7.891261 3.225302
v -10.140024 7.857318 2.404053
v -10.243527 7.921023 2.167854
v -10.22549 7.843152 1.626595
v -10.30447 7.921023 1.718419
v -10.295951 7.896913 1.636588
v -10.238775 7.843152 1.491896
v -10.321114 7.921023 1.560907
v -10.226185 7.831362 1.215246
v -10.342035 7.914799 1.26215
v -10.35076 7.921023 1.189596
v -10.372077 7.946844 1.044438
v -10.368215 7.921023 0.767794
v -10.370181 7.921023 0.631637
v -10.273151 7.843152 0.123309
v -10.360927 7.921023 0.104456
v -10.34689 7.921023 -0.149404
v -10.358261 7.946844 -0.178618
v -10.353259 7.946844 -0.246538
v -10.146879 7.833191 -0.933139
v -10.118926 7.828479 -0.980473
v -10.230824 7.891261 -1.004161
v -10.13299 7.861491 -1.375788
v -10.202994 7.966763 -1.418534
v -10.188144 7.946844 -1.456536
v -9.916764 7.828479 -1.9784
v -10.046672 7.891261 -1.92983
v -9.927058 7.833191 -2.021456
v -9.795596 7.861491 -2.67993
v -9.883044 7.946844 -2.63589
v -9.877915 7.966763 -2.675368
v -9.5937 7.828479 -3.013134
v -9.594779 7.833191 -3.069265
v -9.701204 7.891261 -3.051641
v -9.587746 7.845648 -3.178895
v -9.456177 7.843993 -3.492075
v -9.336954 7.846395 -3.772281
v -9.310363 7.845721 -3.826042
v -9.346974 7.878218 -3.860212
v -9.32075 7.861804 -3.867985
v -9.419942 7.930509 -3.800331
v -9.424071 7.999635 -3.844517
v -9.420841 7.981841 -3.843916
v -9.414826 7.962695 -3.84417
v -9.407146 7.945705 -3.845266
v -9.397234 7.929095 -3.847226
v -8.648472 7.844696 6.117094
v -9.921552 7.844696 3.261348
v -10.258751 7.87542 1.779137
v -10.266623 7.87542 1.711555
v -10.31688 7.865905 0.821462
v -10.217545 7.827417 0.106814
v -9.337311 7.798282 -4.024185
v -9.539346 7.768748 -4.118395
v -9.4811 7.809314 -3.983534
v -9.522513 7.885259 -3.918527
v -9.836306 7.733572 -4.202642
v -9.782619 7.764534 -4.124134
v -9.787901 7.734634 -4.207592
v -9.741305 7.738588 -4.21257
v -9.82432 7.840437 -4.059262
v -10.149078 7.890935 -4.182593
v -9.313493 7.8139 -3.949602
v -9.328333 7.816539 -3.943399
v -9.34202 7.820104 -3.93689
v -9.503411 7.842066 -3.945953
v -9.532398 7.801795 -4.007454
v -9.683164 7.779461 -4.077758
v -9.884616 7.735828 -4.197944
v -9.856474 7.779453 -4.12156
v -9.805054 7.797268 -4.086612
v -9.927177 7.740966 -4.194035
v -9.877408 7.785279 -4.121416
v -9.355977 7.851115 -3.890951
v -9.529072 7.83831 -3.957919
v -9.604494 7.827212 -3.993089
v -9.755308 7.804753 -4.063415
v -10.019302 7.83523 -4.137793
v -10.146418 7.877514 -4.181888
v -10.141898 7.864281 -4.181384
v -10.133937 7.848536 -4.181043
v -10.123103 7.833017 -4.181007
v -10.109579 7.818181 -4.181291
v -10.091772 7.802985 -4.18198
v -10.067846 7.787179 -4.183239
v -10.036143 7.771323 -4.185277
v -9.571332 7.782923 -4.052232
v -9.996427 7.787827 -4.157874
v -10.002977 7.758931 -4.187713
v -9.969118 7.749363 -4.190425
v -8.978016 7.791204 -4.822385
v -8.960733 7.79284 -4.805111
v -8.179688 7.834975 -5.398013
v -8.167619 7.83473 -5.437566
v -7.398285 7.864988 -5.991183
v -7.356845 7.865204 -6.053034
v -8.968281 7.791857 -4.809484
v -8.973145 7.791367 -4.815931
v -8.162724 7.834894 -5.43113
v -7.627556 7.908744 -5.141462
v -7.856939 7.942743 -4.291326
v -8.773509 7.877332 -3.76128
v -8.544561 7.908019 -3.65452
v -8.315526 7.937902 -3.547719
v -8.086406 7.966982 -3.440878
v -9.174845 7.877332 -2.823993
v -9.481379 7.877332 -1.830139
v -9.692169 7.877332 -0.724151
v -9.77454 7.877332 0.408674
v -9.724717 7.877332 1.545732
v -9.54423 7.877332 2.664067
v -9.239776 7.877332 3.741888
v -8.822584 7.877332 4.759943
v -8.307392 7.877332 5.702557
v -7.711201 7.877332 6.558243
v -7.051995 7.877332 7.319858
v -7.033355 7.894443 7.439259
v -7.028537 7.879923 7.320224
v -6.993508 7.886829 7.320992
v -6.790436 8.065912 7.336375
v -6.985983 7.97047 7.499959
v -6.789242 8.075833 7.337208
v -6.792337 8.055965 7.335548
v -6.797616 8.037854 7.334044
v -6.806073 8.018233 7.332391
v -6.818177 7.997809 7.330659
v -7.221111 7.861076 7.627015
v -7.173919 7.937072 7.687895
v -6.834419 7.97696 7.328932
v -6.960709 7.927648 7.415447
v -6.853099 7.95813 7.327363
v -6.87815 7.93814 7.325642
v -6.907956 7.919647 7.324084
v -6.946954 7.901561 7.322438
v -7.005477 7.92723 7.472884
v -7.099404 7.910651 7.566811
v -7.193311 7.89385 7.660717
v -7.250268 7.879852 7.711538
v -7.289819 7.843845 7.678527
v -9.129698 8.075833 -2.417931
v -8.700555 8.099951 -3.507135
v -8.699946 8.075833 -3.508439
v -9.130143 8.19875 -2.416564
v -8.700555 8.19875 -3.507135
v -9.423347 8.075833 -1.283178
v -9.423622 8.19875 -1.281767
v -9.576514 8.075833 -0.121097
v -9.576615 8.19875 -0.119662
v -9.586919 8.075833 1.050989
v -9.586844 8.19875 1.052425
v -9.454404 8.075833 2.215606
v -9.454155 8.19875 2.217023
v -9.180946 8.075833 3.355393
v -9.180527 8.19875 3.356769
v -8.770621 8.075833 4.453358
v -8.770037 8.19875 4.454672
v -8.229547 8.075833 5.493133
v -8.228806 8.19875 5.494366
v -7.565789 8.075833 6.459217
v -7.564904 8.19875 6.460351
v 0.0 7.742872 -12.270514
v -1.606836 7.742872 -12.16942
v 0.0 7.869457 -11.464896
v 0.0 7.987823 -10.658031
v -0.836695 8.19875 -9.013469
v 0.0 8.290197 -8.260546
v 0.0 8.373798 -7.470222
v -0.906047 8.449544 -6.622102
v 0.0 8.449544 -6.679106
v -12.193033 7.742872 -3.411757
v -10.150647 7.988959 -4.183325
v -11.600348 7.742872 -4.908709
v -10.824718 7.742872 -6.319575
v -7.523086 8.239338 -4.845803
v -6.103736 8.449544 -3.323549
v -5.570122 8.449544 -4.058005
v -7.975509 8.291366 -3.169041
v -6.54109 8.449544 -2.528003
v -6.875288 8.449544 -1.683917
v -12.593427 7.742872 2.952325
v -10.242002 8.097958 2.355941
v -12.795216 7.742872 1.355007
v -12.193033 7.742872 4.511756
v -9.94557 8.097958 3.590666
v -11.600348 7.742872 6.008709
v -9.500874 8.097958 4.780061
v -7.101058 8.449544 1.904599
v -7.214841 8.449544 1.003919
v -10.824718 7.742872 7.419575
v -8.91454 8.097958 5.906396
v -6.875288 8.449544 2.783916
v -9.878376 7.742872 8.722103
v -8.195312 8.097958 6.95288
v -6.54109 8.449544 3.628004
v -8.776245 7.742872 9.895752
v -6.103736 8.449544 4.423549
v -5.570122 8.449544 5.158006
v -4.948664 8.449544 5.819791
v 0.0 7.742872 13.370513
v 0.0 7.851842 12.680283
v -1.606836 7.742872 13.26942
v -1.293697 8.112947 10.753345
v -3.188332 7.742872 12.967733
v -2.588191 8.149378 10.209258
v 0.0 7.95478 11.989127
v 0.0 8.051676 11.297098
v -1.294596 8.222127 9.865057
v -0.906047 8.449544 7.722102
v -1.797806 8.449544 7.55199
v -0.0 8.272301 9.52059
v 0.0 8.335615 8.940531
v 0.0 8.394697 8.360026
v 0.0 8.449544 7.779106
v -2.004845 8.022176 -10.227617
v -3.188332 7.742872 -11.867734
v -1.663895 8.257798 -8.394743
v -1.667022 8.19875 -8.904155
v -2.484663 8.19875 -8.722888
v -1.797806 8.449544 -6.45199
v -6.17633 7.742872 -10.684702
v -4.056264 8.022176 -9.634457
v -4.719546 7.742872 -11.370213
v -3.366443 8.257798 -7.902457
v -2.661211 8.449544 -6.171453
v -3.482648 8.449544 -5.784914
v -7.535709 7.742872 -9.822014
v -6.029451 8.022176 -8.605444
v -5.004065 8.257798 -7.048441
v -4.249162 8.449544 -5.29847
v -7.071068 8.149378 -6.521068
v -9.878376 7.742872 -7.622103
v -7.788102 8.022176 -7.165044
v -8.776245 7.742872 -8.795753
v -8.611636 8.092734 -5.351605
v -6.463634 8.257798 -5.853
v -4.948664 8.449544 -4.719791
v -9.211863 8.022176 -5.392897
v -10.222234 8.022176 -3.410099
v -9.425601 8.097958 -3.84523
v -9.890988 8.097958 -2.663777
v -8.483809 8.257798 -2.736633
v -12.795216 7.742872 -0.255007
v -10.796034 8.022176 -1.35318
v -12.593427 7.742872 -1.852325
v -10.208923 8.097958 -1.434414
v -10.374667 8.097958 -0.175467
v -8.960027 8.257798 -1.02952
v -7.101058 8.449544 -0.804599
v -7.214841 8.449544 0.096081
v -10.962014 8.022176 0.653318
v -10.385748 8.097958 1.094294
v -9.097781 8.257798 0.635747
v -7.535709 7.742872 10.922013
v -6.965973 7.929654 9.840153
v -5.061856 8.123919 9.40541
v -4.241437 7.958669 11.144714
v -4.719546 7.742872 12.470212
v -6.17633 7.742872 11.784701
v -4.863351 8.174315 9.058139
v -5.048477 8.332989 7.282889
v -4.249162 8.449544 6.398469
v -3.482648 8.449544 6.884914
v -3.202121 8.311541 8.548601
v -2.661211 8.449544 7.271452
v -5.629567 7.944224 10.591563
v -10.150255 7.90325 -4.183142
v -10.150647 7.915639 -4.183324
v -8.080395 7.945405 -5.722802
v -7.071068 8.075601 -6.521068
v -9.10601 7.892125 -4.944245
v -10.125647 7.852262 -4.188775
v -10.117056 7.849541 -4.19381
v -10.103726 7.839329 -4.198423
v -10.126999 7.85871 -4.190364
v -10.089597 7.830081 -4.203227
v -10.074954 7.821569 -4.208026
v -10.056498 7.811931 -4.213763
v -10.037374 7.802882 -4.219287
v -10.015106 7.793211 -4.225066
v -9.047402 7.816149 -4.892509
v -9.056651 7.815575 -4.885489
v -8.642133 7.839625 -5.200154
v -8.032023 7.868804 -5.663295
v -8.129763 7.864627 -5.5891
v -7.724259 7.880715 -5.896923
v -7.149355 7.921822 -6.37523
v -7.199272 7.949103 -6.370695
v -7.172002 7.908851 -6.338541
v -7.129079 7.936446 -6.408749
v -7.159106 7.970607 -6.418666
v -7.105279 7.959207 -6.449338
v -7.134507 7.985323 -6.446939
v -7.095133 7.972288 -6.467391
v -7.120954 7.994404 -6.462309
v -7.085942 7.987419 -6.484475
v -7.10866 8.003663 -6.476208
v -7.075832 8.014475 -6.505573
v -7.093981 8.016826 -6.492824
v -7.080204 8.000159 -6.49587
v -7.072375 8.040681 -6.516222
v -7.0876 8.023908 -6.500137
v -7.073353 8.029461 -6.512597
v -7.071662 8.05214 -6.518867
v -7.071217 8.063949 -6.520517
v -9.951755 7.756466 -4.214874
v -9.927751 7.750899 -4.2179
v -10.108734 7.863483 -4.205425
v -10.100266 7.858413 -4.209701
v -10.090457 7.852726 -4.214447
v -9.6322 7.756843 -4.395274
v -9.476789 7.795672 -4.58189
v -9.452554 7.78941 -4.584955
v -9.826848 7.848576 -4.401269
v -9.282373 7.835867 -4.768897
v -9.079696 7.848853 -4.922751
v -9.084321 7.848565 -4.91924
v -8.364476 7.888145 -5.465682
v -8.876993 7.861022 -5.076625
v -8.108158 7.899751 -5.660256
v -8.059268 7.901816 -5.697369
v -7.905327 7.90801 -5.814228
v -7.6875 7.895653 -5.950578
v -7.522405 7.870414 -6.002603
v -7.392138 7.980237 -6.252268
v -7.244801 7.900374 -6.270914
v -7.21385 7.891014 -6.272115
v -7.284405 7.872661 -6.162754
v -7.141921 8.011327 -6.454682
v -7.119631 8.023083 -6.475783
v -9.881026 7.793252 -4.315072
v -9.734756 7.789591 -4.406541
v -9.131301 7.798427 -4.798452
v -8.928722 7.81097 -4.952231
v -8.267335 7.846232 -5.454298
v -7.463292 7.912603 -6.135732
v -7.344872 7.910158 -6.216819
v -7.381896 7.894895 -6.163405
v -7.321979 7.935236 -6.26645
v -9.884124 7.758076 -4.258873
v -9.837546 7.771137 -4.311779
v -9.800265 7.742523 -4.261538
v -9.813337 7.764763 -4.314962
v -9.823381 7.801278 -4.362974
v -9.122736 7.836352 -4.877413
v -9.021402 7.842638 -4.954337
v -7.41084 7.876287 -6.095903
v -7.369273 7.872526 -6.108373
v -7.39072 7.932105 -6.212898
v -7.461933 7.92693 -5.414694
v -7.696742 8.048548 -4.287765
v -7.975199 8.170557 -3.170189
v -7.396441 8.001565 -5.400735
v -7.101933 7.974737 -6.441258
v -7.110264 7.96701 -6.422004
v -7.125803 7.954834 -6.387083
v -7.333841 7.930546 -5.779837
v -7.367219 7.91859 -5.723764
v -7.387038 7.912604 -5.692271
v -7.501726 7.934118 -5.267217
v -7.651726 7.958567 -4.711288
v -7.761952 7.973869 -4.302769
v -7.766475 7.974449 -4.286006
v -7.881248 7.98789 -3.860636
v -7.872222 7.999067 -3.838339
v -7.86342 8.012861 -3.813981
v -7.997533 8.050482 -3.237821
v -7.983068 8.066283 -3.25018
v -8.008987 8.028536 -3.265799
v -7.989306 8.07158 -3.216741
v -7.979788 8.082188 -3.230101
v -7.977789 8.096377 -3.214103
v -7.983772 8.090447 -3.201784
v -7.976512 8.109427 -3.201348
v -7.979687 8.109521 -3.189909
v -7.188686 7.977342 -6.141684
v -7.343144 7.891058 -5.915501
v -7.363722 7.88712 -5.884316
v -7.381763 7.884437 -5.856832
v -7.978074 7.975266 -3.639011
v -7.972432 7.979312 -3.626411
v -7.904405 8.088878 -3.488293
v -8.023741 8.007625 -3.300794
v -8.007994 8.021277 -3.295913
v -8.042839 7.988543 -3.344545
v -7.971954 8.118165 -3.208268
v -7.976964 8.128383 -3.18097
v -7.975471 8.146766 -3.174731
v -7.975099 8.15874 -3.171944
v -7.227461 7.915901 -6.149224
v -7.260211 7.903415 -6.092871
v -7.257596 7.926464 -6.025816
v -7.928773 8.024246 -3.554547
v -7.981313 8.003666 -3.46018
v -7.964546 8.029871 -3.413709
v -7.304025 7.887237 -6.038064
v -8.065555 7.974077 -3.395074
v -8.032994 7.978384 -3.45013
v -7.936934 8.041836 -3.472521
v -7.97274 8.015467 -3.437961
v -8.012228 7.994981 -3.403464
v -8.757533 7.884761 -3.714938
v -8.216092 7.98174 -3.393651
v -7.975509 8.192332 -3.169041
v -8.256294 8.05785 -3.328079
v -8.557416 8.019064 -3.468495
v -8.699445 8.058428 -3.511358
v -8.699698 8.040793 -3.516389
v -8.141607 8.02794 -3.309621
v -8.151762 8.013606 -3.328909
v -8.237881 8.014563 -3.355827
v -8.287789 7.972632 -3.427084
v -8.438208 7.953266 -3.497225
v -8.516926 7.94299 -3.533932
v -8.745608 7.895082 -3.678917
v -8.634141 7.90765 -3.633952
v -8.733705 7.910438 -3.641923
v -8.725318 7.925173 -3.615165
v -8.717908 7.942169 -3.590586
v -8.630589 7.912362 -3.620228
v -8.711286 7.962447 -3.567311
v -8.627788 7.917975 -3.60623
v -8.706708 7.981132 -3.550205
v -8.61173 7.967078 -3.529249
v -8.703081 8.001872 -3.535208
v -8.70083 8.021936 -3.524117
v -8.538838 7.975798 -3.496166
v -8.108718 7.986834 -3.35997
v -8.118504 7.977978 -3.38283
v -8.061337 8.084791 -3.235656
v -8.061883 8.090576 -3.232657
v -8.062754 8.096393 -3.230016
v -8.064676 8.107481 -3.225743
v -8.273746 8.010016 -3.372551
v -8.348994 8.000414 -3.40764
v -8.499464 7.980949 -3.477805
v -8.044291 8.041127 -3.263124
v -8.331914 7.95407 -3.474282
v -8.944959 7.984728 4.095382
v -9.006191 7.910255 4.119652
v -9.55743 7.910255 2.13411
v -9.676263 7.910255 0.076899
v -6.814069 8.015924 7.325314
v -6.823591 8.004103 7.321577
v -6.834994 7.991778 7.317481
v -6.850156 7.977396 7.312644
v -6.868783 7.961727 7.307766
v -8.869623 7.984728 4.279854
v -9.083711 7.910255 3.917506
v -9.492451 7.984728 2.12334
v -9.484361 7.984728 2.171399
v -9.602088 7.910255 1.836003
v -9.682963 7.910255 0.243235
v -9.610476 7.984728 0.080115
v -9.648476 7.943334 0.731758
v -9.604977 7.984728 -0.02135
v -8.955944 7.892437 -3.228044
v -6.822386 8.017956 7.316051
v -6.927384 7.915925 7.311021
v -7.023402 8.017956 7.107149
v -7.266062 7.961727 6.87866
v -7.145415 7.908055 7.096849
v -7.128692 7.915925 7.09842
v -7.156824 7.903184 7.096091
v -7.165396 7.899864 7.095466
v -7.171186 7.897729 7.09515
v -7.290597 7.943334 6.872445
v -7.280549 7.950587 6.874694
v -7.411108 8.017956 6.665543
v -7.416673 8.0116 6.661997
v -7.420486 8.00729 6.659753
v -7.498885 7.897729 6.716979
v -7.577069 8.00729 6.464451
v -7.656954 7.897729 6.519585
v -7.608823 7.943334 6.485649
v -7.730739 8.00729 6.262126
v -7.812076 7.897729 6.3151
v -8.064848 8.00729 5.779812
v -7.912792 7.943334 6.073933
v -8.1085 7.897729 5.890142
v -8.222209 8.00729 5.528754
v -8.404857 7.897729 5.410378
v -8.269015 7.897729 5.638053
v -8.629563 8.00729 4.783597
v -8.355257 8.00729 5.302093
v -8.499859 7.943334 5.119302
v -8.659398 7.897729 4.940868
v -8.755573 8.00729 4.51644
v -8.839183 7.910255 4.515192
v -8.789988 7.897729 4.673229
v -8.763674 7.943334 4.590314
v -9.115734 7.984728 3.62984
v -9.166808 8.00729 3.441771
v -9.176563 7.943334 3.536103
v -9.20505 7.897729 3.637386
v -9.289582 7.897729 3.372864
v -9.436127 7.897729 2.835699
v -9.332496 7.943334 3.005736
v -9.245854 8.00729 3.178096
v -9.389027 8.00729 2.608855
v -9.501571 7.897729 2.546259
v -9.465068 7.943334 2.431116
v -9.447589 8.00729 2.320812
v -9.508439 7.984728 2.02364
v -9.536246 8.00729 1.755288
v -9.592029 8.00729 1.171048
v -9.621511 7.943334 1.293385
v -9.691312 7.897729 1.135981
v -9.670091 7.897729 1.418475
v -9.606051 8.00729 0.891292
v -9.708988 7.897729 0.571145
v -9.547648 8.00729 -0.56136
v -9.57725 8.00729 -0.267919
v -9.601591 7.943334 -0.417243
v -9.644242 7.897729 -0.569592
v -9.462209 8.00729 -1.140951
v -9.524609 7.943334 -1.001755
v -9.507898 7.897729 -1.415903
v -9.605539 7.897729 -0.863691
v -9.344784 8.00729 -1.701161
v -9.409586 8.00729 -1.41275
v -9.419456 7.943334 -1.547608
v -9.447662 7.897729 -1.687537
v -9.190383 8.00729 -2.265949
v -9.273666 7.943334 -2.119312
v -9.374812 7.897729 -1.97543
v -9.226809 7.897729 -2.471739
v -9.013716 8.00729 -2.788507
v -9.112404 8.00729 -2.508889
v -9.118809 7.943334 -2.608077
v -9.143763 7.897729 -2.71443
v -8.919382 7.929362 -3.169403
v -9.039263 7.897729 -2.993533
v -8.913836 7.93615 -3.164635
v -8.908234 7.943334 -3.160725
v -9.04645 7.893656 -2.998374
v -9.042933 7.89563 -2.995763
v -9.050027 7.891683 -3.001583
v -8.93766 7.909121 -3.192316
v -8.931326 7.915774 -3.183008
v -8.949994 7.897393 -3.215014
v -8.943452 7.903396 -3.202213
v -8.925205 7.922566 -3.175433
v -8.793672 8.00729 -3.331242
v -7.069774 7.961727 7.097204
v -7.013669 7.927348 7.201338
v -7.445392 7.947776 6.683404
v -7.449135 7.94512 6.682404
v -7.451666 7.943334 6.681785
v -7.763053 7.943334 6.282462
v -8.078128 7.943334 5.829202
v -8.236893 7.943334 5.577893
v -8.158355 7.943334 5.704354
v -8.172431 7.917569 5.733594
v -8.304732 7.943334 5.465032
v -8.371192 7.943334 5.350964
v -8.635513 7.943334 4.857438
v -8.700549 7.943334 4.724514
v -8.711493 7.917569 4.765231
v -8.784892 7.984728 4.475264
v -8.790217 7.953046 4.512667
v -9.167542 7.910255 3.682103
v -9.154088 7.93415 3.631542
v -9.218335 7.943334 3.404541
v -9.209881 7.973809 3.356437
v -9.25826 7.943334 3.272268
v -9.403141 7.943334 2.719576
v -9.450913 7.917569 2.632909
v -9.435202 7.943334 2.575609
v -9.495247 7.953046 2.226586
v -9.561479 7.953046 1.794502
v -9.594334 7.943334 1.586763
v -9.631331 7.943334 1.15297
v -9.612724 7.973809 1.09177
v -9.639096 7.943334 1.01253
v -9.620467 7.953046 -0.095963
v -9.585639 7.943334 -0.564286
v -9.604249 7.917569 -0.640243
v -9.567477 7.943334 -0.710751
v -9.475828 7.943334 -1.276143
v -9.448579 7.943334 -1.41226
v -9.439835 7.973809 -1.344071
v -9.386127 7.943334 -1.692037
v -9.397627 7.917569 -1.76147
v -9.350698 7.943334 -1.835492
v -9.199237 7.943334 -2.365502
v -9.15976 7.943334 -2.487254
v -9.153059 7.973809 -2.436553
v -9.069035 7.943334 -2.74829
v -9.079133 7.917569 -2.800763
v -9.01732 7.943334 -2.88716
v -8.863464 7.944702 -3.263393
v -8.796266 7.998436 -3.333961
v -8.798915 7.989758 -3.337583
v -8.865489 7.940586 -3.267987
v -8.867746 7.935903 -3.273967
v -8.869798 7.931633 -3.28009
v -8.811312 7.952457 -3.36667
v -8.81597 7.944514 -3.372346
v -8.820919 7.936407 -3.379572
v -8.826102 7.92827 -3.388546
v -8.830904 7.921079 -3.398164
v -8.757361 7.971642 -3.453962
v -8.758607 7.967002 -3.458259
v -8.802541 7.891251 -3.579404
v -6.873051 8.017956 7.264578
v -6.96984 7.961727 7.203489
v -7.013912 7.969229 7.149769
v -6.997903 7.93702 7.203422
v -7.019877 7.896956 7.259391
v -7.031512 7.893071 7.259127
v -8.113103 7.958081 5.753377
v -8.238899 7.89023 5.717761
v -8.255986 8.00729 5.472539
v -8.664605 7.958081 4.771633
v -8.765976 7.89023 4.762229
v -9.188424 8.024564 3.353788
v -9.207257 8.00729 3.310276
v -9.24483 7.929772 3.363175
v -9.41355 7.958081 2.619453
v -9.469947 7.897729 2.691261
v -9.496457 7.89023 2.648215
v -9.464046 8.013029 2.21919
v -9.569256 7.958081 1.701918
v -9.615037 7.917569 1.649701
v -9.668874 7.89023 1.597894
v -9.655704 7.897729 1.566021
v -9.592547 8.024564 1.070955
v -9.600061 8.00729 1.031163
v -9.646933 7.929772 1.113494
v -9.587577 8.013029 -0.107813
v -9.569497 7.958081 -0.599913
v -9.647158 7.89023 -0.68189
v -9.625992 7.897729 -0.716956
v -9.436842 8.00729 -1.277216
v -9.42447 8.024564 -1.312183
v -9.468913 7.929772 -1.378865
v -9.364858 7.958081 -1.729695
v -9.438442 7.89023 -1.795426
v -9.41228 7.897729 -1.831992
v -9.152137 8.00729 -2.387873
v -9.134435 8.024564 -2.424973
v -9.185076 7.929772 -2.452535
v -9.04025 7.958081 -2.792373
v -9.125903 7.89023 -2.812009
v -9.092477 7.897729 -2.854669
v -8.721745 8.023397 -3.478095
v -8.776036 7.92182 -3.516529
v -8.752724 7.920084 -3.571458
v -6.894149 7.961727 7.281886
v 1.606836 7.742872 13.26942
v 0.976144 7.988959 11.70738
v 3.188332 7.742872 12.967732
v 2.162282 8.097958 10.722735
v 0.90642 8.097958 10.910425
v 0.766971 8.291366 9.316513
v 0.836695 8.19875 10.113469
v 1.995952 8.19875 9.940218
v 4.719545 7.742872 12.470211
v 3.385909 8.097958 10.383394
v 0.906047 8.449544 7.722102
v 6.176329 7.742872 11.784701
v 4.55906 8.097958 9.897459
v 3.125455 8.19875 9.626979
v 1.797806 8.449544 7.55199
v 7.535708 7.742872 10.922012
v 5.664247 8.097958 9.272175
v 8.776245 7.742872 9.895752
v 6.684992 8.097958 8.516863
v 4.208364 8.19875 9.178424
v 2.661211 8.449544 7.271452
v 9.878375 7.742872 8.722102
v 7.606079 8.097958 7.642784
v 5.228535 8.19875 8.601238
v 3.482648 8.449544 6.884914
v 10.824717 7.742872 7.419574
v 8.413777 8.097958 6.662967
v 6.170762 8.19875 7.904027
v 4.249162 8.449544 6.398469
v 11.600347 7.742872 6.008709
v 9.096045 8.097958 5.592021
v 7.020996 8.19875 7.097185
v 4.948664 8.449544 5.819791
v 9.642713 8.097958 4.445909
v 12.193032 7.742872 4.511756
v 7.766564 8.19875 6.192739
v 5.570122 8.449544 5.158006
v 10.045629 8.097958 3.241718
v 12.593427 7.742872 2.952325
v 8.39635 8.19875 5.204173
v 6.103736 8.449544 4.423549
v 6.54109 8.449544 3.628004
v 8.900966 8.19875 4.146224
v 9.272888 8.19875 3.034663
v 6.875288 8.449544 2.783916
v 7.101058 8.449544 1.904599
v 11.600347 7.742872 -4.908709
v 9.174503 7.988959 -5.874056
v 9.416758 8.092734 -3.957093
v 9.878375 7.742872 -7.622102
v 10.824717 7.742872 -6.319574
v 7.74387 8.097958 -6.39208
v 8.519181 8.097958 -5.415195
v 8.434445 8.239338 -3.267282
v 7.208538 8.291366 -4.497473
v 6.54109 8.449544 -2.528003
v 6.103736 8.449544 -3.323549
v 5.570122 8.449544 -4.058005
v 1.606836 7.742872 -12.169419
v 1.244918 8.097958 -9.775221
v 0.906047 8.449544 -6.622102
v 12.795215 7.742872 -0.255007
v 10.962014 8.022177 0.653318
v 12.795215 7.742872 1.355007
v 7.214841 8.449544 1.003919
v 9.09778 8.257798 0.635747
v 7.214841 8.449544 0.096081
v 12.193032 7.742872 -3.411756
v 10.796033 8.022177 -1.35318
v 12.593427 7.742872 -1.852325
v 8.960027 8.257798 -1.02952
v 7.101058 8.449544 -0.804599
v 6.875288 8.449544 -1.683917
v 9.659258 8.149378 -2.03819
v 10.222233 8.022177 -3.410099
v 8.483809 8.257798 -2.736633
v 7.788102 8.022177 -7.165044
v 6.857196 8.097958 -7.269134
v 7.535708 7.742872 -9.822013
v 8.776245 7.742872 -8.795752
v 6.463633 8.257798 -5.853
v 4.948664 8.449544 -4.719791
v 4.249162 8.449544 -5.29847
v 6.029451 8.022177 -8.605444
v 5.871912 8.097958 -8.033743
v 4.802186 8.097958 -8.674912
v 6.176329 7.742872 -10.684701
v 5.004065 8.257798 -7.048441
v 3.482648 8.449544 -5.784914
v 4.056264 8.022177 -9.634457
v 3.6634 8.097958 -9.183422
v 2.471933 8.097958 -9.551957
v 3.188332 7.742872 -11.867733
v 4.719545 7.742872 -11.370212
v 3.366443 8.257798 -7.902457
v 2.661211 8.449544 -6.171453
v 1.797806 8.449544 -6.45199
v 2.004845 8.022177 -10.227617
v 1.663895 8.257798 -8.394743
v 11.835838 7.887969 1.708399
v 9.663494 8.180547 1.841503
v 9.998152 8.145462 -0.261552
v 11.433024 6.658278 -8.024769
v 12.242755 5.768721 -7.219489
v 11.172442 5.768721 -8.692648
v 10.932099 7.394293 -7.649075
v 12.609954 6.658278 -6.175309
v 13.119992 5.768721 -5.6238
v 12.057463 7.394293 -5.880647
v 13.51878 6.658278 -4.08501
v 13.790319 5.768721 -3.930746
v 12.926469 7.394293 -3.881932
v 14.291281 6.658278 0.55
v 14.471388 5.768721 1.460463
v 14.471388 5.768721 -0.360463
v 13.665124 7.394293 0.55
v 13.51878 6.658278 5.18501
v 13.119992 5.768721 6.7238
v 13.790319 5.768721 5.030746
v 12.926469 7.394293 4.981932
v 12.609954 6.658278 7.275309
v 12.242755 5.768721 8.319489
v 12.057463 7.394293 6.980647
v 11.433024 6.658278 9.124768
v 11.172442 5.768721 9.792648
v 10.932099 7.394293 8.749075
v 0.878716 6.325675 -13.84409
v 0.0 5.988423 -13.937896
v 0.0 6.212955 -13.90004
v 0.0 6.437896 -13.834729
v 1.817332 5.768721 -13.835663
v 0.876513 6.437896 -13.808001
v 0.0 6.658278 -13.741282
v 0.547148 7.439761 -13.03791
v 0.0 7.064672 -13.473323
v 0.0 7.241038 -13.303618
v 0.0 7.394293 -13.115125
v 0.0 7.521852 -12.912566
v 0.0 7.622366 -12.700999
v 0.0 7.695716 -12.485435
v 0.813925 7.575525 -12.782769
v 0.820322 7.521852 -12.88755
v 5.798255 6.658278 -12.512196
v 6.985428 5.768721 -12.156446
v 5.337806 5.768721 -12.931759
v 5.95494 7.064672 -12.146152
v 5.16231 7.064672 -12.488564
v 6.062358 7.394293 -11.696773
v 6.755827 7.064672 -11.738709
v 7.391491 6.658278 -11.681376
v 8.522886 5.768721 -11.180746
v 7.501235 7.064672 -11.29842
v 7.551201 7.394293 -10.839249
v 8.242712 7.064672 -10.795099
v 8.867728 6.658278 -10.657324
v 9.925933 5.768721 -10.020045
v 8.928764 7.064672 -10.263453
v 8.920554 7.394293 -9.801779
v 9.599633 7.064672 -9.672555
v 10.752425 6.212955 -9.103445
v 10.234382 6.936044 -9.183686
v 10.168362 7.394293 -8.579078
v 10.429271 7.394293 -8.279832
v 13.591836 7.064672 -2.901895
v 13.47664 7.394293 -1.711814
v 14.09416 6.658278 -1.815453
v 13.974715 7.064672 -0.616585
v 13.974715 7.064672 1.716585
v 13.47664 7.394293 2.811814
v 14.09416 6.658278 2.915453
v 13.591836 7.064672 4.001895
v 10.752425 6.212955 10.203445
v 9.925933 5.768721 11.120045
v 10.429271 7.394293 9.379832
v 10.234382 6.936044 10.283686
v 10.168362 7.394293 9.679077
v 8.867728 6.658278 11.757324
v 8.522886 5.768721 12.280746
v 8.920554 7.394293 10.901779
v 8.928764 7.064672 11.363453
v 9.599633 7.064672 10.772555
v 8.242712 7.064672 11.8951
v 7.391491 6.658278 12.781377
v 6.985428 5.768721 13.256447
v 7.551201 7.394293 11.939249
v 7.501235 7.064672 12.398419
v 6.755827 7.064672 12.83871
v 5.798255 6.658278 13.612196
v 5.337806 5.768721 14.031759
v 6.062358 7.394293 12.796773
v 5.95494 7.064672 13.246152
v 5.16231 7.064672 13.588564
v 0.878716 6.325675 14.944089
v 0.0 6.437896 14.93473
v 0.0 6.212955 15.00004
v 0.0 5.988423 15.037896
v 1.817332 5.768721 14.935663
v 0.876513 6.437896 14.908
v 0.0 6.658278 14.841281
v 0.813925 7.575525 13.88277
v 0.0 7.695716 13.585436
v 0.547148 7.439761 14.137909
v 0.0 7.622366 13.801
v 0.0 7.521852 14.012566
v 0.0 7.394293 14.215124
v 0.0 7.241038 14.403619
v 0.0 7.064672 14.573323
v 0.820322 7.521852 13.98755
v 0.711292 7.001359 -13.50701
v 1.150151 7.064672 -13.426078
v 0.0 6.868897 -13.620214
v 1.48855 6.437896 -13.757504
v 1.582328 6.658278 -13.653414
v 1.757421 7.064672 -13.362766
v 1.802713 6.437896 -13.721323
v 2.36289 6.658278 -13.54459
v 1.513 7.394293 -13.031107
v 1.393124 7.521852 -12.840291
v 1.687146 7.521852 -12.80643
v 1.983964 7.394293 -12.970337
v 2.605177 7.064672 -13.229211
v 3.120672 6.437896 -13.492146
v 3.606003 5.768721 -13.494456
v 2.089731 7.521852 -12.749387
v 2.821668 7.394293 -12.820633
v 3.250772 6.658278 -13.366652
v 3.4876 7.064672 -13.032718
v 3.577482 6.437896 -13.38277
v 4.113321 6.658278 -13.136538
v 3.34814 7.521852 -12.489579
v 3.664502 7.394293 -12.614614
v 4.314364 7.064672 -12.793158
v 4.858047 6.437896 -12.989565
v 3.742179 7.521852 -12.382006
v 4.477528 7.394293 -12.360746
v 4.970811 6.658278 -12.848946
v 5.295352 6.437896 -12.824591
v 4.955883 7.521852 -11.967184
v 6.929937 6.437896 -12.055412
v 6.485679 7.521852 -11.247315
v 8.455142 6.437896 -11.087483
v 7.913107 7.521852 -10.341437
v 9.847033 6.437896 -9.936009
v 10.155061 6.363169 -9.6731
v 9.992145 6.609964 -9.699935
v 9.215768 7.521852 -9.263782
v 13.818502 6.437896 -3.446177
v 13.998599 6.212955 -3.033695
v 14.243165 5.768721 -2.167029
v 14.042238 6.437896 -2.570254
v 12.932638 7.521852 -3.189994
v 12.837018 7.622366 -2.736326
v 13.142031 7.521852 -2.370223
v 14.346355 6.437896 -0.500019
v 13.426651 7.521852 -0.432705
v 14.346355 6.437896 1.600019
v 14.243165 5.768721 3.267029
v 13.426651 7.521852 1.532705
v 14.042238 6.437896 3.670254
v 13.998599 6.212955 4.133695
v 13.818502 6.437896 4.546177
v 13.142031 7.521852 3.470223
v 12.837018 7.622366 3.836326
v 12.932638 7.521852 4.289994
v 10.155061 6.363169 10.773099
v 9.992145 6.609964 10.799935
v 9.847033 6.437896 11.036009
v 9.215768 7.521852 10.363781
v 8.455142 6.437896 12.187484
v 7.913107 7.521852 11.441438
v 6.929937 6.437896 13.155412
v 6.485679 7.521852 12.347315
v 5.295352 6.437896 13.924591
v 4.858047 6.437896 14.089565
v 3.606003 5.768721 14.594456
v 4.113321 6.658278 14.236538
v 4.314364 7.064672 13.893157
v 4.970811 6.658278 13.948946
v 4.477528 7.394293 13.460746
v 4.955883 7.521852 13.067184
v 3.577482 6.437896 14.48277
v 3.4876 7.064672 14.132718
v 3.120672 6.437896 14.592145
v 2.36289 6.658278 14.64459
v 2.605177 7.064672 14.32921
v 3.250772 6.658278 14.466652
v 2.821668 7.394293 13.920632
v 3.664502 7.394293 13.714613
v 3.742179 7.521852 13.482006
v 3.34814 7.521852 13.58958
v 1.802713 6.437896 14.821323
v 1.757421 7.064672 14.462766
v 1.48855 6.437896 14.857504
v 1.150151 7.064672 14.526077
v 1.582328 6.658278 14.753413
v 1.983964 7.394293 14.070337
v 2.089731 7.521852 13.849387
v 1.687146 7.521852 13.906429
v 1.513 7.394293 14.131106
v 1.393124 7.521852 13.94029
v 0.711292 7.001359 14.607009
v 0.0 6.868897 14.720214
v -11.433025 6.658278 9.124768
v -10.932099 7.394293 8.749075
v -12.609954 6.658278 7.275309
v -12.057463 7.394293 6.980647
v -14.291281 6.658278 0.55
v -13.665125 7.394293 0.55
v -12.609954 6.658278 -6.175309
v -12.057463 7.394293 -5.880647
v -11.433025 6.658278 -8.024769
v -10.932099 7.394293 -7.649075
v -0.878716 6.325675 14.944089
v -0.876513 6.437896 14.908
v -0.547148 7.43976 14.13791
v -0.813925 7.575524 13.88277
v -0.820322 7.521852 13.987551
v -5.798255 6.658278 13.612196
v -5.954941 7.064671 13.246152
v -5.16231 7.064671 13.588564
v -6.062358 7.394293 12.796773
v -6.755828 7.064671 12.83871
v -7.391491 6.658278 12.781377
v -7.501235 7.064671 12.39842
v -7.551201 7.394293 11.939249
v -8.242712 7.064671 11.8951
v -8.867728 6.658278 11.757324
v -8.928764 7.064671 11.363453
v -8.920555 7.394293 10.901779
v -9.599633 7.064671 10.772555
v -10.752425 6.212955 10.203445
v -10.234382 6.936044 10.283687
v -10.168362 7.394293 9.679078
v -10.429272 7.394293 9.379832
v -12.856657 7.064671 6.149996
v -12.926469 7.394293 4.981932
v -13.51878 6.658278 5.18501
v -13.591836 7.064671 4.001895
v -13.47664 7.394293 2.811814
v -14.09416 6.658278 2.915453
v -13.974715 7.064671 1.716585
v -13.974715 7.064671 -0.616585
v -13.47664 7.394293 -1.711814
v -14.09416 6.658278 -1.815453
v -13.591836 7.064671 -2.901895
v -12.926469 7.394293 -3.881932
v -13.51878 6.658278 -4.08501
v -12.856657 7.064671 -5.049996
v -10.752425 6.212955 -9.103445
v -10.429272 7.394293 -8.279832
v -10.234382 6.936044 -9.183686
v -10.168362 7.394293 -8.579078
v -9.329308 6.658278 -10.276114
v -8.928764 7.064671 -10.263453
v -9.599633 7.064671 -9.672556
v -8.479198 7.394293 -10.166288
v -8.242712 7.064671 -10.7951
v -7.897209 6.658278 -11.361121
v -7.501235 7.064671 -11.29842
v -7.067642 7.394293 -11.145473
v -6.755828 7.064671 -11.738709
v -6.340144 6.658278 -12.257938
v -5.954941 7.064671 -12.146152
v -5.544211 7.394293 -11.939891
v -5.16231 7.064671 -12.488564
v -0.878716 6.325675 -13.84409
v -0.876513 6.437896 -13.808001
v -0.813925 7.575524 -12.78277
v -0.547148 7.43976 -13.03791
v -0.820322 7.521852 -12.88755
v -0.711292 7.001359 14.607009
v -1.150151 7.064671 14.526077
v -1.48855 6.437895 14.857504
v -1.582328 6.658278 14.753413
v -1.757421 7.064671 14.462767
v -1.802713 6.437895 14.821323
v -2.36289 6.658278 14.64459
v -1.513 7.394293 14.131107
v -1.393124 7.521852 13.940291
v -1.687146 7.521852 13.90643
v -1.983964 7.394293 14.070337
v -2.605177 7.064671 14.32921
v -3.120672 6.437895 14.592146
v -2.089731 7.521852 13.849388
v -2.821668 7.394293 13.920633
v -3.250772 6.658278 14.466652
v -3.4876 7.064671 14.132718
v -3.577482 6.437895 14.48277
v -4.113321 6.658278 14.236538
v -3.34814 7.521852 13.589581
v -3.664503 7.394293 13.714614
v -4.314364 7.064671 13.893158
v -4.858047 6.437895 14.089565
v -3.742179 7.521852 13.482006
v -4.477528 7.394293 13.460747
v -4.970811 6.658278 13.948946
v -5.295352 6.437895 13.924591
v -4.955883 7.521852 13.067185
v -6.929937 6.437895 13.155412
v -6.48568 7.521852 12.347316
v -8.455142 6.437895 12.187484
v -7.913107 7.521852 11.441439
v -9.847033 6.437895 11.036009
v -10.155061 6.363168 10.773099
v -9.992145 6.609964 10.799935
v -9.215768 7.521852 10.363782
v -13.10309 6.437896 6.485442
v -12.263089 7.521852 6.104938
v -13.818502 6.437896 4.546177
v -13.998599 6.212955 4.133695
v -14.042238 6.437896 3.670254
v -12.932638 7.521852 4.289994
v -12.837019 7.622366 3.836326
v -13.142032 7.521852 3.470223
v -14.346355 6.437896 1.600019
v -13.426652 7.521852 1.532705
v -14.346355 6.437896 -0.500019
v -13.426652 7.521852 -0.432705
v -14.042238 6.437896 -2.570254
v -13.998599 6.212955 -3.033695
v -13.818502 6.437896 -3.446177
v -13.142032 7.521852 -2.370224
v -12.837019 7.622366 -2.736326
v -12.932638 7.521852 -3.189994
v -13.10309 6.437896 -5.385442
v -12.263089 7.521852 -5.004938
v -10.155061 6.363168 -9.6731
v -9.992145 6.609964 -9.699935
v -9.847033 6.437895 -9.936009
v -9.215768 7.521852 -9.263782
v -8.455142 6.437895 -11.087483
v -7.913107 7.521852 -10.341438
v -6.929937 6.437895 -12.055412
v -6.48568 7.521852 -11.247315
v -5.295352 6.437895 -12.824592
v -4.682695 6.658278 -12.952336
v -4.955883 7.521852 -11.967185
v -4.753021 7.394293 -12.261887
v -4.314364 7.064671 -12.793158
v -3.998512 6.437895 -13.267827
v -4.546611 7.521852 -12.121583
v -3.9331 7.394293 -12.536878
v -3.832416 6.658278 -13.217836
v -3.4876 7.064671 -13.032719
v -3.577482 6.437895 -13.38277
v -2.950961 6.658278 -13.433295
v -3.34814 7.521852 -12.48958
v -3.108343 7.394293 -12.756909
v -2.605177 7.064671 -13.229211
v -2.232874 6.437895 -13.660374
v -2.920615 7.521852 -12.591945
v -2.259362 7.394293 -12.927052
v -2.074872 6.658278 -13.589859
v -1.757421 7.064671 -13.362766
v -1.802713 6.437895 -13.721323
v -1.48855 6.437895 -13.757504
v -1.150151 7.064671 -13.426078
v -1.582328 6.658278 -13.653414
v -1.687146 7.521852 -12.80643
v -1.513 7.394293 -13.031107
v -1.393124 7.521852 -12.840291
v -0.711292 7.001359 -13.50701
v 1.817332 3.23449 -13.835663
v 3.606003 3.23449 -13.494456
v 5.337806 3.23449 -12.931759
v 6.985428 3.23449 -12.156446
v 8.522886 3.23449 -11.180746
v 9.925933 3.23449 -10.020045
v 11.172442 3.23449 -8.692648
v 12.242755 3.23449 -7.219489
v 13.119992 3.23449 -5.6238
v 13.790319 3.23449 -3.930746
v 14.243165 3.23449 -2.167029
v 14.471388 3.23449 -0.360463
v 14.471388 3.23449 1.460463
v 14.243165 3.23449 3.267029
v 13.790319 3.23449 5.030746
v 13.119992 3.23449 6.7238
v 12.242755 3.23449 8.319489
v 11.172442 3.23449 9.792648
v 9.925933 3.23449 11.120045
v 8.522886 3.23449 12.280746
v 6.985428 3.23449 13.256447
v 5.337806 3.23449 14.031759
v 3.606003 3.23449 14.594456
v 1.817332 3.23449 14.935663
v 0.0 2.888375 15.009521
v 0.0 3.060547 15.039881
v 0.0 2.888375 -13.909522
v 0.0 3.060547 -13.93988
v -11.567617 2.888375 9.225713
v -11.591905 3.060547 9.243928
v -12.758402 2.888375 7.354481
v -12.785189 3.060547 7.368767
v -13.677926 2.888375 5.239574
v -13.706644 3.060547 5.249421
v -14.29002 3.060547 2.948325
v -14.459521 2.888375 0.55
v -14.489881 3.060547 0.55
v -14.26008 2.888375 -1.8433
v -14.29002 3.060547 -1.848325
v -13.706644 3.060547 -4.149421
v -12.758402 2.888375 -6.254481
v -12.785189 3.060547 -6.268767
v -11.567617 2.888375 -8.125713
v -11.591905 3.060547 -8.143929
v 1.805994 2.72146 -13.745915
v 3.583507 2.72146 -13.406837
v 5.304505 2.72146 -12.847651
v 6.941848 2.72146 -12.077175
v 8.469714 2.72146 -11.107562
v 9.864008 2.72146 -9.954102
v 11.10274 2.72146 -8.634986
v 14.154306 2.72146 -2.150078
v 13.704286 2.72146 -3.902792
v 13.704286 2.72146 5.002792
v 14.154306 2.72146 3.250078
v 9.864008 2.72146 11.054102
v 11.10274 2.72146 9.734985
v 8.469714 2.72146 12.207561
v 6.941848 2.72146 13.177176
v 5.304505 2.72146 13.947651
v 3.583507 2.72146 14.506837
v 1.805994 2.72146 14.845916
v 11.567617 2.888375 -8.125713
v 12.166376 2.72146 -7.171017
v 11.591905 3.060547 -8.143929
v 12.758402 2.888375 -6.254481
v 13.03814 2.72146 -5.585283
v 12.785189 3.060547 -6.268767
v 13.677926 2.888375 -4.139575
v 13.706644 3.060547 -4.149421
v 14.29002 3.060547 -1.848325
v 14.381105 2.72146 -0.354782
v 14.459521 2.888375 0.55
v 14.381105 2.72146 1.454782
v 14.489881 3.060547 0.55
v 14.26008 2.888375 2.9433
v 14.29002 3.060547 2.948325
v 13.706644 3.060547 5.249421
v 13.03814 2.72146 6.685283
v 12.758402 2.888375 7.354481
v 12.166376 2.72146 8.271017
v 12.785189 3.060547 7.368767
v 11.567617 2.888375 9.225713
v 11.591905 3.060547 9.243928
v 1.754665 1.596261 14.439606
v 3.481658 1.596261 14.110165
v 5.153744 1.596261 13.566871
v 6.744552 1.596261 12.818294
v 8.228993 1.596261 11.876238
v 9.583659 1.596261 10.755561
v 10.787186 1.596261 9.473936
v 11.820591 1.596261 8.051575
v 12.667579 1.596261 6.51091
v 13.314792 1.596261 4.876238
v 13.752022 1.596261 3.173338
v 13.972374 1.596261 1.429067
v 13.972374 1.596261 -0.329067
v 13.752022 1.596261 -2.073339
v 13.314792 1.596261 -3.776238
v 12.667579 1.596261 -5.41091
v 11.820591 1.596261 -6.951575
v 10.787186 1.596261 -8.373936
v 9.583659 1.596261 -9.65556
v 8.228993 1.596261 -10.776237
v 6.744552 1.596261 -11.718293
v 5.153744 1.596261 -12.466871
v 3.481658 1.596261 -13.010164
v 1.754665 1.596261 -13.339606
v 1.754665 -7.03 14.439606
v 3.481658 -7.03 14.110165
v 5.153744 -7.03 13.566871
v 6.744552 -7.03 12.818294
v 8.228993 -7.03 11.876238
v 9.583659 -7.03 10.755561
v 10.787186 -7.03 9.473936
v 11.820591 -7.03 8.051575
v 12.667579 -7.03 6.51091
v 13.314792 -7.03 4.876238
v 13.752022 -7.03 3.173338
v 13.972374 -7.03 1.429067
v 13.972374 -7.03 -0.329067
v 13.752022 -7.03 -2.073339
v 13.314792 -7.03 -3.776238
v 12.667579 -7.03 -5.41091
v 11.820591 -7.03 -6.951575
v 10.787186 -7.03 -8.373936
v 9.583659 -7.03 -9.65556
v 8.228993 -7.03 -10.776237
v 6.744552 -7.03 -11.718293
v 5.153744 -7.03 -12.466871
v 3.481658 -7.03 -13.010164
v 1.754665 -7.03 -13.339606
v 8.519181 8.025566 -5.415195
v 7.74387 8.025566 -6.39208
v 6.857196 8.025566 -7.269134
v 5.871912 8.025566 -8.033743
v 4.802186 8.025566 -8.674912
v 3.6634 8.025566 -9.183422
v 2.471933 8.025566 -9.551957
v 1.244918 8.025566 -9.775221
v 9.174149 7.90325 -5.873808
v 9.174503 7.915639 -5.874056
v 9.173084 7.890935 -5.873063
v 8.517798 7.999635 -5.414227
v 8.449798 7.825878 -5.13486
v 8.630015 7.798282 -5.249256
v 8.454465 7.82511 -5.159821
v 8.447342 7.82719 -5.121346
v 8.812622 7.768748 -5.377118
v 8.666706 7.809314 -5.394107
v 8.515663 7.981841 -5.41173
v 8.631115 7.885259 -5.462475
v 8.512877 7.962695 -5.406394
v 8.509985 7.945705 -5.399194
v 8.506726 7.929095 -5.389631
v 8.50274 7.91165 -5.376544
v 9.034061 7.733572 -5.59217
v 8.939228 7.764534 -5.584929
v 9.014146 7.734634 -5.547775
v 8.995159 7.738588 -5.504932
v 8.903898 7.840437 -5.65348
v 8.471349 7.835961 -5.244567
v 8.553516 7.8139 -5.265921
v 8.479625 7.848093 -5.283042
v 8.462719 7.828175 -5.2021
v 8.555564 7.816539 -5.281874
v 8.556771 7.820104 -5.296981
v 8.645316 7.842066 -5.432219
v 8.71307 7.801795 -5.426572
v 8.849338 7.779461 -5.521987
v 9.054148 7.735828 -5.636356
v 8.973927 7.779453 -5.650177
v 8.917951 7.797268 -5.62312
v 9.072043 7.740966 -5.67517
v 8.984269 7.785279 -5.668379
v 8.498109 7.894619 -5.359994
v 8.523965 7.851115 -5.332038
v 8.492844 7.878218 -5.339611
v 8.486463 7.861804 -5.313014
v 8.668509 7.83831 -5.448459
v 8.736678 7.827212 -5.496192
v 8.872989 7.804753 -5.591638
v 9.069399 7.83523 -5.783074
v 9.171144 7.877514 -5.871111
v 9.168447 7.864281 -5.867449
v 9.164172 7.848536 -5.860726
v 9.158724 7.833017 -5.85136
v 9.152207 7.818181 -5.839507
v 9.143901 7.802985 -5.823741
v 9.133028 7.787179 -5.802391
v 9.118941 7.771323 -5.773917
v 8.771317 7.782923 -5.437901
v 9.075352 7.787827 -5.753222
v 9.104469 7.758931 -5.743976
v 9.089888 7.749363 -5.713297
v 9.141629 7.791204 -4.538997
v 9.118029 7.79284 -4.532667
v 9.240973 7.834975 -3.55981
v 9.269194 7.83473 -3.529583
v 9.363974 7.864988 -2.586512
v 9.396817 7.865204 -2.519698
v 9.125589 7.791857 -4.537017
v 9.133605 7.791367 -4.538005
v 9.261172 7.834894 -3.528561
v 8.742729 7.908744 -3.209926
v 8.121181 7.942743 -3.833646
v 8.120433 7.877332 -4.892442
v 7.913502 7.908019 -4.747548
v 7.937486 7.82719 -5.81538
v 7.706492 7.937902 -4.602598
v 7.499405 7.966982 -4.457594
v 7.519568 7.877332 -5.696414
v 7.35673 7.82719 -6.478533
v 6.81934 7.877332 -6.454156
v 6.630073 7.827189 -7.167765
v 6.024811 7.877332 -7.148263
v 5.82476 7.827189 -7.792298
v 5.145 7.877332 -7.762074
v 4.949809 7.827189 -8.339384
v 4.016885 7.827189 -8.798069
v 4.192723 7.877332 -8.28078
v 3.039829 7.827189 -9.15985
v 3.184057 7.877332 -8.692477
v 2.033984 7.827189 -9.419186
v 2.137475 7.877332 -8.989015
v 1.015399 7.827189 -9.573771
v 1.072732 7.877332 -9.166525
v 0.534914 7.877332 -9.210916
v -0.0 7.827189 -9.624564
v 0.0 7.844127 -9.491591
v 0.0 7.860841 -9.35859
v 0.0 7.877332 -9.225561
v -0.785266 7.877332 -9.193971
v -0.820502 7.827189 -9.591427
v -0.809315 7.844127 -9.458924
v -0.798596 7.860841 -9.326356
v -1.56675 7.877332 -9.099192
v -1.635659 7.827189 -9.492229
v -1.614694 7.844127 -9.36092
v -2.440161 7.82719 -9.32762
v -2.336871 7.877332 -8.942136
v -1.593307 7.860841 -9.22965
v -2.481481 7.825706 -9.352211
v -2.662065 7.913118 -9.467726
v -2.665046 7.937293 -9.481492
v -2.672227 7.929607 -9.475419
v -2.672591 7.947145 -9.484161
v -2.680054 7.946436 -9.481782
v -2.685806 7.963666 -9.486973
v -2.649863 7.897709 -9.458925
v -2.632957 7.916826 -9.47796
v -2.611578 7.864794 -9.433001
v -2.615883 7.903153 -9.472408
v -2.633189 7.881194 -9.447387
v -2.645446 7.927958 -9.48161
v -2.656942 7.939466 -9.484731
v -2.666571 7.950565 -9.487232
v 1.50405 7.921024 -9.710855
v 1.375723 7.973433 -9.751632
v 1.372734 7.921024 -9.729247
v 1.764192 7.827417 -9.523841
v 1.251961 7.827417 -9.600233
v 1.491216 7.843153 -9.623298
v 1.990059 7.973433 -9.65078
v 5.216611 7.973433 -8.43906
v 5.745563 7.973433 -8.110528
v 8.213213 7.828205 -5.552851
v -2.586068 7.850416 -9.416462
v -2.588263 7.865289 -9.439778
v -2.558715 7.839365 -9.399142
v -2.570191 7.855748 -9.430008
v -2.664506 7.971191 -9.495087
v -2.689606 7.98162 -9.491102
v -2.691281 7.999635 -9.493998
v -2.656604 7.963669 -9.494816
v -2.438795 7.963669 -9.549908
v -1.887049 7.833191 -9.529579
v -2.291915 7.833191 -9.445299
v -2.178216 7.903153 -9.576544
v -1.995447 7.963669 -9.646767
v -1.986452 7.9555 -9.645614
v -1.977114 7.946844 -9.643894
v -1.681655 7.833191 -9.565874
v -1.769752 7.946844 -9.681932
v -1.547795 7.946844 -9.717852
v -1.461848 7.833191 -9.599969
v -1.051195 7.833191 -9.65068
v -1.28338 7.875421 -9.702107
v -1.098028 7.946844 -9.775638
v -0.843675 7.833191 -9.669936
v -0.866873 7.875421 -9.745693
v -0.888117 7.946844 -9.795806
v -0.663679 7.946844 -9.812625
v -0.208213 7.833191 -9.702586
v -0.621814 7.833191 -9.68583
v -0.418662 7.875421 -9.773637
v -0.210835 7.946844 -9.831715
v 0.0 7.833191 -9.7047
v 0.0 7.875421 -9.782123
v 0.0 7.946844 -9.833856
v 0.254698 7.833191 -9.701537
v 0.257906 7.946844 -9.830652
v 0.766634 7.833191 -9.676003
v 0.514174 7.875421 -9.769321
v 0.879518 7.946844 -9.79654
v 1.074421 7.833191 -9.648259
v 1.193561 7.843153 -9.662498
v 1.133949 7.875421 -9.719709
v 1.191305 7.946844 -9.765292
v 1.313177 7.857318 -9.674147
v 1.309909 7.973433 -9.760207
v 1.433074 7.875421 -9.682256
v 1.498484 7.875421 -9.672881
v 1.64045 7.875421 -9.651063
v 1.904444 7.827417 -9.498271
v 2.14706 7.833191 -9.477413
v 2.401971 7.833191 -9.419424
v 2.26093 7.875421 -9.531714
v 2.908076 7.833191 -9.283716
v 2.772517 7.875421 -9.403186
v 3.340937 7.843153 -9.174086
v 3.201819 7.833191 -9.192034
v 3.189608 7.827417 -9.167049
v 3.224975 7.946844 -9.320359
v 2.62751 7.946844 -9.495927
v 3.491488 7.875421 -9.174314
v 3.364482 7.875421 -9.218983
v 3.511712 7.921024 -9.207828
v 3.653733 7.973433 -9.179669
v 3.519865 7.946844 -9.219085
v 3.638576 7.921024 -9.161235
v 3.682982 7.827417 -8.990979
v 3.860331 7.875421 -9.033873
v 3.739423 7.875421 -9.081692
v 3.834517 7.843153 -8.99024
v 3.760499 7.921024 -9.114676
v 3.768937 7.946844 -9.125721
v 3.926138 7.827417 -8.89352
v 3.940232 7.833191 -8.917494
v 4.057725 7.946844 -9.008207
v 4.6947 7.833191 -8.566944
v 4.222578 7.833191 -8.794983
v 4.428264 7.875421 -8.785054
v 4.623455 7.946844 -8.747748
v 4.925775 7.833191 -8.4442
v 4.899194 7.875421 -8.546739
v 5.1168 7.827417 -8.305112
v 5.55973 7.827417 -8.033941
v 5.284932 7.843153 -8.269818
v 5.775057 7.827417 -7.890578
v 5.725183 7.843153 -7.990608
v 5.744148 7.896913 -8.06348
v 5.671235 7.875421 -8.086541
v 5.850505 7.833191 -7.872023
v 5.814933 7.921024 -8.036842
v 5.874353 7.875421 -7.949691
v 5.883301 7.946844 -8.006356
v 6.097126 7.946844 -7.855326
v 6.060826 7.833191 -7.721956
v 6.467687 7.833191 -7.407883
v 6.29446 7.875421 -7.643445
v 6.590423 7.946844 -7.474387
v 6.826607 7.946844 -7.274442
v 6.892447 7.833191 -7.04296
v 6.702146 7.833191 -7.21145
v 7.257667 7.833191 -6.694663
v 7.149986 7.875421 -6.908583
v 7.465312 7.946844 -6.667588
v 7.018253 7.946844 -7.103011
v 7.470788 7.833191 -6.474685
v 7.622134 7.833191 -6.310171
v 7.583153 7.875421 -6.467731
v 7.676778 7.946844 -6.442248
v 7.911623 7.833191 -5.974194
v 7.880488 7.875421 -6.132116
v 8.029667 7.946844 -6.033988
v 7.826803 7.946844 -6.2739
v 8.086062 7.827727 -5.715356
v 8.216768 7.830595 -5.56849
v 8.220932 7.83374 -5.583028
v 8.225193 7.837141 -5.594802
v 8.234756 7.845123 -5.61408
v 8.229803 7.840942 -5.605087
v 8.09494 7.830259 -5.726346
v 8.088613 7.828427 -5.719222
v 8.091449 7.829232 -5.722762
v 8.09849 7.831343 -5.729357
v 8.104002 7.833191 -5.733632
v 8.239723 7.849407 -5.621533
v 8.245096 7.854131 -5.628213
v 8.251525 7.859921 -5.634767
v 8.257872 7.865807 -5.640038
v 8.267316 7.875421 -5.647117
v 8.242203 7.844324 -5.601292
v 8.356027 7.845192 -5.448908
v 8.360175 7.850356 -5.460346
v 8.364546 7.855816 -5.47022
v 8.369143 7.861561 -5.478734
v 8.37368 7.867243 -5.485676
v 8.396335 7.915993 -5.531344
v 8.400027 7.925005 -5.535737
v 8.403625 7.933639 -5.538851
v 8.408673 7.946844 -5.542509
v -2.397101 7.829515 -9.405011
v -2.302356 7.835982 -9.452137
v -2.386986 7.827999 -9.398755
v -2.31245 7.839014 -9.458426
v -2.333293 7.846808 -9.471658
v -2.353361 7.855748 -9.483351
v -2.507445 7.903153 -9.500087
v -2.398345 7.903153 -9.526679
v -2.246706 7.865021 -9.521726
v -2.241753 7.862312 -9.519001
v -2.236625 7.859524 -9.516
v -2.226671 7.854575 -9.510269
v -2.159035 7.889139 -9.568466
v -2.138972 7.875421 -9.558291
v -2.068863 7.916456 -9.609097
v -1.934306 7.875421 -9.599444
v -1.831226 7.875421 -9.618548
v -1.727667 7.875421 -9.636655
v -1.617341 7.875421 -9.654753
v -1.506507 7.875421 -9.671702
v -1.075849 7.875421 -9.725958
v -0.755337 7.875421 -9.754477
v -0.643444 7.875421 -9.762068
v -0.209785 7.875421 -9.779993
v 0.256621 7.875421 -9.778935
v 0.823771 7.875421 -9.749231
v 0.949718 7.84972 -9.701382
v 0.978814 7.875421 -9.735655
v 1.193635 7.885787 -9.723939
v 1.253345 7.896913 -9.726984
v 1.313053 7.908696 -9.728772
v 1.703091 7.843153 -9.589979
v 1.773655 7.843153 -9.577875
v 2.017249 7.857318 -9.558824
v 1.895408 7.84972 -9.569299
v 1.816257 7.921024 -9.660216
v 1.88421 7.896913 -9.630228
v 2.025671 7.829792 -9.48856
v 2.006009 7.908696 -9.616278
v 2.127661 7.921024 -9.599895
v 2.139113 7.865905 -9.546331
v 2.389283 7.875421 -9.502069
v 2.301514 7.973433 -9.585052
v 2.370253 7.946844 -9.559716
v 2.517354 7.875421 -9.470763
v 3.069746 7.875421 -9.315567
v 3.136735 7.84972 -9.255798
v 3.217451 7.875421 -9.26839
v 3.588895 7.843153 -9.085327
v 3.664464 7.857318 -9.084797
v 3.712013 7.843153 -9.038569
v 4.003771 7.875421 -8.97484
v 4.043838 7.84972 -8.917849
v 4.146272 7.875421 -8.913677
v 4.66541 7.875421 -8.668823
v 4.859362 7.946844 -8.626658
v 4.782736 7.875421 -8.608504
v 5.021786 7.829792 -8.375116
v 5.094608 7.857318 -8.411171
v 4.997549 7.865905 -8.479741
v 5.062058 7.921024 -8.501126
v 4.93666 7.973433 -8.595798
v 5.190392 7.84972 -8.341153
v 5.259169 7.896913 -8.367871
v 5.161327 7.908696 -8.435431
v 5.609544 7.921024 -8.172404
v 5.338708 7.921024 -8.340754
v 5.450528 7.875421 -8.2275
v 5.507111 7.843153 -8.132824
v 5.589789 7.857318 -8.110939
v 5.616672 7.843153 -8.062357
v 5.712708 7.921024 -8.105188
v 5.773269 7.875421 -8.018671
v 5.825966 7.843153 -7.922179
v 5.847821 7.973433 -8.041811
v 5.981081 7.875421 -7.874929
v 6.086688 7.875421 -7.798951
v 6.53708 7.875421 -7.45121
v 6.655778 7.875421 -7.352745
v 6.772699 7.875421 -7.252776
v 6.868942 7.875421 -7.168186
v 6.963914 7.875421 -7.082605
v 7.370576 7.875421 -6.690674
v 7.477875 7.875421 -6.579806
v 7.422863 7.84972 -6.583995
v 7.659148 7.875421 -6.384711
v 7.734038 7.875421 -6.301088
v 7.980518 7.875421 -6.012323
v 7.99656 7.84972 -5.934428
v 8.078339 7.875421 -5.891522
v 8.323361 7.874367 -5.569597
v 8.402553 7.827738 -5.284186
v 8.404021 7.828589 -5.291261
v -2.51623 7.855748 -9.443749
v -2.522032 7.830008 -9.37654
v -2.453444 7.85508 -9.458235
v -2.399134 7.85508 -9.471393
v -1.821774 7.946844 -9.672798
v -1.626892 7.833191 -9.574826
v -0.788342 7.833191 -9.674353
v 0.982697 7.828479 -9.636724
v 0.915545 7.891261 -9.757616
v 1.760473 7.875421 -9.631036
v 1.795918 7.875421 -9.624844
v 2.282922 7.921024 -9.566105
v 2.499036 7.946844 -9.528654
v 3.055259 7.833191 -9.238987
v 3.087843 7.828479 -9.207062
v 3.183393 7.891261 -9.296379
v 3.61575 7.875421 -9.128797
v 4.030066 7.828479 -8.857103
v 4.081889 7.833191 -8.857287
v 4.054209 7.891261 -8.970954
v 4.741837 7.946844 -8.687935
v 4.800708 7.946844 -8.657478
v 4.921663 7.921024 -8.578228
v 4.972029 7.914799 -8.546361
v 5.314821 7.875421 -8.310329
v 5.5614 7.875421 -8.157674
v 5.903502 7.833191 -7.834959
v 6.644193 7.833191 -7.261118
v 6.874999 7.946844 -7.231956
v 7.389212 7.828479 -6.530577
v 7.450356 7.891261 -6.631739
v 7.752347 7.946844 -6.358369
v 7.966455 7.828479 -5.874222
v 8.008913 7.833191 -5.854388
v 8.019914 7.891261 -5.989584
v 8.270019 7.843994 -5.562647
v 8.450543 7.845721 -5.316934
v 0.981005 7.844696 -9.688469
v 7.381925 7.844696 -6.612108
v 7.368751 7.82766 -6.544446
v -2.484663 8.099951 -8.722888
v -0.836217 8.075833 -9.013511
v -1.666078 8.075833 -8.904321
v -2.483273 8.075833 -8.72326
v 5.21217 7.984728 -7.537973
v -2.481955 8.065912 -8.723877
v -2.460559 8.015924 -8.738813
v -2.480288 8.055965 -8.725111
v -2.476347 8.037854 -8.72893
v -2.470686 8.018233 -8.735428
v -2.463135 7.997809 -8.745044
v -2.452562 8.004103 -8.745192
v -2.443313 7.991778 -8.753019
v -2.453517 7.97696 -8.758246
v -2.442819 7.95813 -8.77364
v -2.037478 7.991778 -8.850245
v 1.411686 7.910255 -9.034416
v 1.277042 7.984728 -8.986834
v 1.402088 7.984728 -8.969253
v 1.765625 7.910255 -8.975569
v 3.406836 7.910255 -8.519033
v 3.271824 7.943334 -8.528617
v 3.383673 7.984728 -8.457374
v 3.281463 7.910255 -8.565146
v 3.78446 7.910255 -8.368057
v 5.247849 7.910255 -7.593339
v 5.173584 7.910255 -7.640721
v 5.323362 7.984728 -7.465226
v 7.754568 7.892437 -5.310821
v -2.000303 7.950587 -8.884349
v -1.837034 8.017956 -8.881314
v -1.993503 7.943334 -8.892036
v -2.02507 7.977396 -8.860477
v -2.010736 7.961727 -8.873615
v -1.831307 8.0116 -8.884503
v -1.827545 8.00729 -8.886778
v -1.782102 7.897729 -8.994057
v -2.164003 7.897729 -8.914776
v -1.588383 7.897729 -9.028201
v -1.430978 8.00729 -8.954999
v -1.636345 8.00729 -8.921804
v -1.014859 8.00729 -9.008388
v -1.19604 7.943334 -9.025782
v -0.992409 7.897729 -9.108158
v -1.380355 7.897729 -9.060386
v -0.796381 7.897729 -9.126294
v -0.613346 8.00729 -9.042523
v -0.821001 8.00729 -9.026986
v -0.194392 8.00729 -9.060146
v -0.38949 7.943334 -9.092324
v -0.196352 7.897729 -9.157025
v -0.586423 7.897729 -9.141285
v 0.0 8.00729 -9.062113
v 0.131096 8.00729 -9.061218
v 0.0 7.943334 -9.100187
v 0.0 7.897729 -9.159011
v 0.132418 7.897729 -9.158109
v 0.418006 8.00729 -9.05302
v 0.26352 7.943334 -9.096588
v 0.39809 7.897729 -9.150846
v 0.688829 7.897729 -9.134545
v 0.994423 8.00729 -9.010535
v 0.841446 7.943334 -9.063433
v 0.955982 7.897729 -9.111832
v 1.126786 8.00729 -8.99584
v 1.089667 7.897729 -9.09767
v 1.107157 7.943334 -9.036466
v 1.174446 7.910255 -9.06637
v 2.02102 7.984728 -8.857311
v 2.239252 8.00729 -8.797645
v 2.431362 7.897729 -8.849648
v 2.169261 7.897729 -8.913572
v 3.050375 8.00729 -8.565257
v 2.498251 8.00729 -8.73178
v 2.721148 7.943334 -8.708589
v 2.950773 7.897729 -8.699748
v 3.322726 8.00729 -8.469545
v 3.227152 7.897729 -8.606986
v 3.98091 7.897729 -8.305352
v 3.772798 7.943334 -8.332123
v 4.101886 8.00729 -8.142941
v 3.572938 8.00729 -8.373386
v 4.360522 8.00729 -8.016129
v 4.298577 7.943334 -8.089928
v 4.485828 7.897729 -8.06059
v 4.244677 7.897729 -8.181989
v 4.596766 8.00729 -7.891709
v 4.77155 7.943334 -7.837993
v 4.956282 7.897729 -7.798663
v 5.861112 7.897729 -7.190301
v 6.015927 8.00729 -6.946754
v 5.554445 8.00729 -7.294797
v 5.701891 7.943334 -7.235535
v 6.237087 8.00729 -6.763785
v 6.158487 7.943334 -6.879613
v 6.090631 7.897729 -7.011026
v 6.490737 7.897729 -6.670473
v 6.432213 8.00729 -6.592782
v 6.645022 8.00729 -6.395242
v 6.550433 7.943334 -6.536462
v 6.682319 7.897729 -6.493544
v 7.048543 8.00729 -5.985346
v 6.964048 7.943334 -6.13043
v 7.243073 7.897729 -5.915508
v 6.890929 7.897729 -6.28959
v 7.407148 8.00729 -5.575917
v 7.218168 8.00729 -5.7975
v 7.306336 7.943334 -5.75425
v 7.410021 7.897729 -5.723475
v 7.678602 7.93615 -5.306113
v 7.595771 7.897729 -5.497244
v 7.672413 7.943334 -5.303221
v 7.685506 7.929362 -5.308526
v 7.60356 7.893656 -5.501039
v 7.59954 7.89563 -5.499304
v 7.693641 7.922566 -5.310548
v 7.60813 7.891683 -5.502527
v 7.703262 7.915774 -5.312055
v 7.71449 7.909121 -5.312879
v 7.725956 7.903396 -5.312938
v 7.740312 7.897393 -5.312193
v 7.760359 8.00729 -5.121819
v -2.345797 8.005276 -8.772247
v -2.213024 7.940037 -8.846073
v -2.348918 7.879923 -8.922004
v -2.273717 7.896837 -8.890839
v -2.279998 7.901041 -8.881118
v -2.199771 7.92698 -8.862797
v -2.267636 7.892964 -8.90077
v -2.263005 7.890381 -8.908154
v -2.190099 7.91809 -8.875961
v -2.183789 7.912495 -8.88516
v -2.16712 7.899864 -8.909895
v -2.178318 7.907965 -8.893296
v -2.171871 7.903184 -8.902746
v -2.106471 7.944751 -8.866206
v -2.103057 7.941268 -8.870139
v -2.100542 7.938711 -8.873125
v -2.09889 7.936995 -8.875169
v -2.093165 7.931207 -8.8824
v -1.803069 7.943334 -8.930245
v -1.707164 7.943334 -8.947984
v -1.610817 7.943334 -8.964798
v -1.507815 7.943334 -8.981664
v -1.404341 7.943334 -8.997458
v -1.002642 7.943334 -9.047959
v -0.905436 7.943334 -9.057616
v -0.807909 7.943334 -9.066309
v -0.703783 7.943334 -9.07449
v -0.599327 7.943334 -9.081558
v -0.195162 7.943334 -9.098213
v 0.131615 7.943334 -9.09929
v 0.407669 7.943334 -9.091573
v 0.475193 7.917569 -9.116047
v 0.552072 7.943334 -9.084383
v 0.974275 7.943334 -9.05088
v 1.040712 7.943334 -9.043906
v 1.149606 7.953046 -9.023352
v 2.202139 7.943334 -8.845568
v 2.093444 7.93415 -8.879248
v 2.076586 7.910255 -8.912646
v 2.332449 7.943334 -8.81407
v 2.462413 7.943334 -8.780736
v 2.349967 7.973809 -8.78679
v 2.997747 7.943334 -8.622766
v 3.135124 7.943334 -8.576725
v 3.111721 7.917569 -8.613813
v 3.487636 7.953046 -8.439274
v 3.675553 7.953046 -8.364088
v 4.037647 7.943334 -8.214903
v 4.168623 7.943334 -8.153373
v 4.140325 7.917569 -8.197342
v 4.418277 7.943334 -8.029332
v 4.447368 7.973809 -7.989257
v 4.537026 7.943334 -7.96713
v 5.082402 7.93415 -7.66355
v 5.398954 7.953046 -7.438864
v 5.933381 7.943334 -7.060591
v 6.010884 7.917569 -7.034692
v 6.046746 7.943334 -6.970836
v 6.357257 7.943334 -6.710261
v 6.454553 7.943334 -6.623902
v 6.392916 7.973809 -6.649209
v 6.656606 7.943334 -6.436824
v 6.72081 7.917569 -6.413404
v 6.760947 7.943334 -6.335907
v 7.138215 7.943334 -5.943997
v 7.223035 7.943334 -5.849521
v 7.176247 7.973809 -5.868681
v 7.400957 7.943334 -5.642895
v 7.451012 7.917569 -5.625815
v 7.493516 7.943334 -5.53057
v 7.737697 7.944702 -5.214634
v 7.768473 7.989758 -5.123186
v 7.764011 7.998436 -5.122704
v 7.742687 7.940586 -5.214088
v 7.748993 7.935903 -5.21305
v 7.755321 7.931633 -5.211762
v 7.799858 7.952457 -5.119368
v 7.807103 7.944514 -5.120562
v 7.815835 7.936407 -5.121232
v 7.826198 7.92827 -5.12123
v 7.836928 7.921079 -5.120575
v 7.847325 7.971642 -5.030553
v 7.904236 7.981132 -4.940127
v 7.851669 7.967002 -5.029483
v 7.889434 8.001872 -4.944485
v 7.978543 7.891251 -5.006938
v 8.072311 7.884761 -4.901777
v 8.035154 7.895082 -4.909461
v 7.997165 7.910438 -4.917648
v -2.377635 7.958537 -8.790131
v -2.428803 7.93814 -8.794474
v -2.412551 7.919647 -8.819508
v -2.366405 7.945652 -8.803463
v -2.391626 7.901561 -8.852458
v -2.310929 7.945233 -8.817695
v -1.684311 8.00729 -8.913393
v -1.536554 7.897729 -9.036653
v -0.869586 8.00729 -9.022696
v -0.744017 7.897729 -9.130462
v 0.446199 7.958081 -9.078005
v 0.504853 7.89023 -9.16238
v 0.543354 7.897729 -9.143795
v 2.314255 8.024564 -8.773765
v 2.38928 7.929772 -8.813342
v 3.078886 7.958081 -8.583347
v 3.147422 7.89023 -8.652116
v 3.430907 8.013029 -8.426816
v 4.118278 7.958081 -8.164205
v 4.113294 7.897729 -8.244641
v 4.166007 7.89023 -8.238037
v 4.437021 8.024564 -7.970634
v 4.479127 8.00729 -7.954712
v 4.464231 7.929772 -8.020384
v 5.112257 7.895048 -7.710486
v 5.403882 8.013029 -7.396849
v 5.976675 7.897729 -7.101422
v 6.009416 7.958081 -6.985548
v 6.017288 7.89023 -7.090514
v 6.335347 8.00729 -6.678837
v 6.356892 8.024564 -6.652658
v 6.43836 7.929772 -6.656133
v 6.678326 7.958081 -6.399643
v 6.769219 7.89023 -6.433043
v 6.787555 7.897729 -6.39219
v 7.134109 8.00729 -5.891831
v 7.15719 8.024564 -5.858041
v 7.20583 7.929772 -5.8887
v 7.424026 7.958081 -5.596658
v 7.484425 7.89023 -5.660362
v 7.503937 7.897729 -5.610831
v 7.849856 8.023397 -4.988424
v 7.878704 8.021936 -4.948081
v 7.871445 8.040793 -4.950965
v 7.866962 8.058428 -4.953261
v 7.921339 7.962447 -4.935539
v 7.910842 7.92182 -5.015432
v 7.946197 7.920084 -4.968564
v 7.969798 7.925173 -4.923764
v 7.944807 7.942169 -4.929636
v -2.338197 7.909944 -8.851896
v -2.367098 7.886829 -8.892052
v -2.449596 7.894443 -8.985693
v -2.52585 7.97047 -8.975019
v -2.51832 7.861076 -9.242173
v -2.594639 7.937072 -9.231743
v -2.465297 7.927648 -8.910874
v -2.492655 7.92723 -8.978364
v -2.527034 7.910651 -9.106669
v -2.561407 7.89385 -9.234949
v -2.581743 7.882817 -9.313409
v -2.534146 7.845435 -9.330959
v -2.642045 7.920313 -9.397519
v 7.523348 7.98174 -4.593519
v 7.208538 8.192332 -4.497473
v 7.486662 8.05785 -4.661121
v 7.758826 8.019064 -4.851692
v 7.394195 7.988543 -4.468031
v 7.413333 8.02794 -4.571029
v 7.346756 8.007625 -4.473367
v 7.435115 8.013606 -4.570179
v 7.501486 8.014563 -4.631301
v 7.588151 7.972632 -4.638894
v 7.724103 7.953266 -4.734089
v 7.795251 7.94299 -4.783908
v 7.94048 7.90765 -4.835409
v 7.926818 7.912362 -4.839195
v 7.913295 7.917975 -4.843769
v 7.838598 7.967078 -4.868352
v 7.773502 7.975798 -4.821768
v 7.449311 7.974077 -4.462439
v 7.440493 7.986834 -4.517371
v 7.465183 7.977978 -4.514415
v 7.279115 8.050482 -4.482156
v 7.309142 8.084791 -4.538494
v 7.256747 8.07158 -4.485572
v 7.306818 8.090576 -4.540467
v 7.304967 8.096393 -4.542542
v 7.241026 8.090447 -4.488257
v 7.209378 8.170557 -4.49663
v 7.302227 8.107481 -4.546343
v 7.2287 8.109521 -4.490657
v 7.219597 8.128383 -4.492768
v 7.213448 8.146766 -4.494595
v 7.210847 8.15874 -4.495666
v 7.533901 8.010016 -4.653998
v 7.601914 8.000414 -4.701621
v 7.737914 7.980949 -4.79685
v 7.324408 8.041127 -4.509997
v 7.309073 8.028536 -4.478087
v 7.651087 7.95407 -4.653508
v 8.896544 7.92693 -2.929877
v 9.653065 8.029461 -2.044405
v 8.037998 8.048548 -3.696691
v 8.851708 8.001565 -2.880138
v 9.648221 8.014475 -2.050064
v 9.605574 7.974737 -2.104825
v 9.642004 8.000159 -2.058701
v 9.635005 7.987419 -2.069368
v 9.624805 7.972288 -2.08587
v 9.614244 7.959207 -2.103683
v 9.590993 7.936446 -2.144589
v 9.593064 7.96701 -2.121668
v 9.572103 7.921822 -2.178908
v 9.570591 7.954834 -2.152586
v 9.551653 7.908851 -2.216865
v 9.14872 7.930546 -2.636374
v 9.116849 7.91859 -2.693317
v 9.099484 7.912604 -2.726227
v 8.78872 7.934118 -3.038077
v 8.382272 7.958567 -3.445945
v 8.083597 7.973869 -3.745663
v 8.071342 7.974449 -3.757962
v 7.760347 7.98789 -4.070043
v 7.736524 7.999067 -4.073375
v 7.711028 8.012861 -4.077931
v 7.282586 8.066283 -4.46345
v 7.263557 8.082188 -4.470649
v 7.248704 8.096377 -4.476916
v 7.237019 8.109427 -4.482188
v 9.51505 7.891014 -2.286321
v 9.389511 7.977342 -2.329743
v 9.270861 7.891058 -2.576599
v 9.254143 7.88712 -2.610012
v 9.23936 7.884437 -2.639379
v 7.616827 7.975266 -4.264709
v 7.603094 7.979312 -4.266123
v 7.449467 8.088878 -4.276269
v 7.334655 8.021277 -4.46217
v 7.240732 8.118165 -4.474781
v 9.455617 7.872661 -2.402103
v 9.415428 7.915901 -2.359553
v 9.383 7.903415 -2.416092
v 9.323622 7.926464 -2.447355
v 7.519029 8.024246 -4.264246
v 7.463574 8.003666 -4.35693
v 7.414945 8.029871 -4.365644
v 9.357443 7.887237 -2.481439
v 7.480711 7.978384 -4.406712
v 7.440046 8.015467 -4.360615
v 7.452072 8.041836 -4.312326
v 7.429914 7.994981 -4.412061
v 9.472603 7.945405 -3.311426
v 9.659258 8.075601 -2.03819
v 9.311161 7.892125 -4.588913
v 9.166722 7.852262 -5.849679
v 9.166788 7.849541 -5.839722
v 9.164119 7.839329 -5.825872
v 9.168776 7.85871 -5.850056
v 9.161214 7.830081 -5.811234
v 9.158049 7.821569 -5.796153
v 9.153789 7.811931 -5.777301
v 9.149012 7.802882 -5.757978
v 9.142881 7.793211 -5.735804
v 9.237053 7.816149 -4.564025
v 9.235597 7.815575 -4.575545
v 9.300846 7.839625 -4.05923
v 9.396883 7.868804 -3.299289
v 9.381498 7.864627 -3.421031
v 9.445329 7.880715 -2.915943
v 9.593134 7.949103 -2.224405
v 9.614595 7.970607 -2.165635
v 9.626781 7.985323 -2.130195
v 9.633315 7.994404 -2.110773
v 9.639204 8.003663 -2.093177
v 9.646255 8.016826 -2.072156
v 9.655715 8.040681 -2.041746
v 9.649398 8.023908 -2.062973
v 9.657649 8.05214 -2.039805
v 9.658855 8.063949 -2.038594
v 9.102379 7.756466 -5.686035
v 9.092998 7.750899 -5.663734
v 9.172686 7.863483 -5.826708
v 9.172154 7.858413 -5.817236
v 9.171361 7.852726 -5.806368
v 9.098832 7.756843 -5.319093
v 9.182741 7.795672 -5.091196
v 9.173278 7.78941 -5.068674
v 9.201349 7.848576 -5.484665
v 9.247486 7.835867 -4.829323
v 9.279389 7.848853 -4.576871
v 9.278661 7.848565 -4.582633
v 9.391972 7.888145 -3.686008
v 9.311296 7.861022 -4.324389
v 9.432319 7.899751 -3.366743
v 9.440015 7.901816 -3.305846
v 9.464246 7.90801 -3.1141
v 9.473415 7.895653 -2.857281
v 9.435923 7.870414 -2.688292
v 9.587007 7.980237 -2.450645
v 9.529486 7.900374 -2.313724
v 9.637194 8.011327 -2.132744
v 9.644322 8.023083 -2.10289
v 9.15379 7.793252 -5.574684
v 9.159868 7.789591 -5.402275
v 9.197546 7.798427 -4.683712
v 9.229433 7.81097 -4.431385
v 9.333542 7.846232 -3.607573
v 9.52166 7.912603 -2.570534
v 9.532674 7.910158 -2.427436
v 9.504928 7.894895 -2.486207
v 9.564209 7.935236 -2.382795
v 9.106668 7.758076 -5.605466
v 9.129198 7.771137 -5.538675
v 9.119849 7.764763 -5.516118
v 9.067047 7.742523 -5.53151
v 9.166451 7.801278 -5.500811
v 9.261645 7.836352 -4.636815
v 9.277596 7.842638 -4.510595
v 9.460941 7.876287 -2.545024
v 9.450956 7.872526 -2.502791
v 9.552202 7.932105 -2.469102
v 0.490049 8.47 7.309546
v 0.0 8.47 7.327287
v 1.01253 8.47 7.251224
v 1.522423 8.47 7.154078
v 2.05551 8.47 7.008057
v 2.607307 8.47 6.805683
v 3.171408 8.47 6.539473
v 3.739214 8.47 6.202424
v 4.29979 8.47 5.788647
v 4.839911 8.47 5.294141
v 5.344378 8.47 4.717642
v 6.179961 8.47 3.332031
v 5.79667 8.47 4.061442
v 6.478421 8.47 2.540396
v 6.678691 8.47 1.701823
v 6.771286 8.47 0.835126
v 6.751675 8.47 -0.038643
v 6.620825 8.47 -0.89786
v 6.055429 8.47 -2.493582
v 6.385083 8.47 -1.722076
v 5.646249 8.47 -3.198531
v 5.173881 8.47 -3.827507
v 4.655182 8.47 -4.375535
v 4.044112 8.47 -4.888453
v 3.345404 8.47 -5.344056
v 2.57075 8.47 -5.720794
v 1.738621 8.47 -6.000482
v 0.872826 8.47 -6.170847
v 0.0 8.47 -6.227287
v 5.542452 8.467726 4.706839
v 5.662992 8.460904 4.797244
v 6.553575 8.467726 2.79694
v 6.696105 8.460904 2.845807
v 6.928064 8.467726 0.55
v 7.07874 8.460904 0.55
v 6.553575 8.467726 -1.69694
v 6.696105 8.460904 -1.745807
v 5.542452 8.467726 -3.606839
v 5.662992 8.460904 -3.697244
v -0.490049 8.47 -6.209547
v -1.01253 8.47 -6.151224
v -1.522423 8.47 -6.054078
v -2.05551 8.47 -5.908057
v -2.607307 8.47 -5.705682
v -3.171408 8.47 -5.439473
v -3.739214 8.47 -5.102424
v -4.29979 8.47 -4.688647
v -4.839911 8.47 -4.194141
v -5.344378 8.47 -3.617642
v -6.179961 8.47 -2.232031
v -5.79667 8.47 -2.961442
v -6.478421 8.47 -1.440396
v -6.678691 8.47 -0.601823
v -6.771286 8.47 0.264874
v -6.751675 8.47 1.138643
v -6.620825 8.47 1.99786
v -6.055429 8.47 3.593582
v -6.385083 8.47 2.822076
v -5.646249 8.47 4.298532
v -4.655182 8.47 5.475535
v -5.173881 8.47 4.927507
v -4.044112 8.47 5.988453
v -3.345404 8.47 6.444056
v -2.57075 8.47 6.820794
v -1.738621 8.47 7.100482
v -0.872826 8.47 7.270847
v -5.542452 8.467726 -3.606839
v -5.662992 8.460904 -3.697244
v -6.553575 8.467726 -1.69694
v -6.696105 8.460904 -1.745807
v -6.928064 8.467726 0.55
v -7.07874 8.460904 0.55
v -6.553575 8.467726 2.79694
v -6.696105 8.460904 2.845807
v -5.542452 8.467726 4.706839
v -5.662992 8.460904 4.797244
v 4.564813 8.47 5.464176
v 5.042562 8.47 4.972428
v 4.038352 8.47 5.905087
v 5.500984 8.47 4.387488
v 3.524919 8.47 6.256239
v 5.891878 8.47 3.754862
v 2.981932 8.47 6.557773
v 6.226549 8.47 3.043528
v 2.470041 8.47 6.785766
v 1.945689 8.47 6.968687
v 6.475876 8.47 2.296002
v 1.461421 8.47 7.095985
v 0.976892 8.47 7.185581
v 6.638799 8.47 1.504854
v 0.484693 8.47 7.239596
v 6.705609 8.47 0.692215
v 0.0 8.47 7.257107
v 6.673221 8.47 -0.123398
v -0.817415 8.47 7.207107
v 6.543073 8.47 -0.924399
v -1.627817 8.47 7.056582
v 6.323102 8.47 -1.687336
v -2.40352 8.47 6.811707
v 6.017173 8.47 -2.413033
v -3.200499 8.47 6.444291
v 5.644662 8.47 -3.072783
v -3.921152 8.47 5.991495
v 5.156696 8.47 -3.73884
v -4.565781 8.47 5.463276
v 4.565782 8.47 -4.363276
v -5.156696 8.47 4.83884
v 3.921152 8.47 -4.891495
v -5.644662 8.47 4.172783
v 3.200499 8.47 -5.344291
v -6.017173 8.47 3.513034
v 2.40352 8.47 -5.711707
v -6.323102 8.47 2.787337
v 1.627817 8.47 -5.956582
v -6.543073 8.47 2.0244
v 0.817415 8.47 -6.107107
v -6.673221 8.47 1.223399
v 0.0 8.47 -6.157107
v -6.705609 8.47 0.407785
v -0.484693 8.47 -6.139596
v -6.638799 8.47 -0.404854
v -0.976893 8.47 -6.085581
v -1.461421 8.47 -5.995985
v -6.475876 8.47 -1.196002
v -1.94569 8.47 -5.868687
v -2.470041 8.47 -5.685766
v -6.22655 8.47 -1.943528
v -2.981933 8.47 -5.457773
v -5.891879 8.47 -2.654861
v -3.52492 8.47 -5.156239
v -5.500985 8.47 -3.287488
v -4.038352 8.47 -4.805087
v -5.042562 8.47 -3.872427
v -4.564814 8.47 -4.364176
v 5.165202 8.402663 4.423902
v 5.262836 8.453189 4.497127
v 6.107502 8.402663 2.644001
v 6.222947 8.453189 2.683582
v 6.456503 8.402663 0.55
v 6.578544 8.453189 0.55
v 5.165202 8.402663 -3.323902
v 5.262836 8.453189 -3.397126
v 0.231479 8.431945 7.061664
v 0.0 8.417665 7.034404
v 0.0 8.438954 7.083664
v 0.0 8.391324 6.987875
v 0.0 8.360478 6.944815
v 0.0 8.342501 6.923575
v 0.231949 8.437211 7.074902
v 0.232425 8.442096 7.088278
v 0.233332 8.450242 7.113794
v 0.0 8.465844 7.192775
v 0.0 8.454814 7.134816
v 0.641857 8.431945 7.034086
v 0.882602 8.431939 7.00571
v 1.113419 8.431946 6.969944
v 1.519664 8.431946 6.886087
v 1.754622 8.431939 6.825068
v 2.142482 8.431939 6.703451
v 2.399089 8.431949 6.60804
v 2.646423 8.431939 6.504127
v 3.017586 8.431939 6.32489
v 3.281701 8.431953 6.179038
v 3.627639 8.431953 5.962565
v 3.876892 8.431939 5.786878
v 4.194804 8.431939 5.53586
v 4.447478 8.43196 5.311908
v 4.682796 8.43194 5.080631
v 4.959876 8.43194 4.775498
v 5.071058 8.402663 4.546348
v 5.329721 8.453184 4.406305
v 5.423778 8.431968 4.160914
v 5.615287 8.431941 3.855116
v 5.811891 8.431941 3.495702
v 5.974634 8.431974 3.150004
v 6.166837 8.453189 2.840714
v 6.245924 8.431943 2.405729
v 6.290626 8.453168 2.474639
v 6.350073 8.431943 2.010089
v 6.42653 8.431942 1.624691
v 6.481316 8.431942 1.219172
v 6.510018 8.431942 0.823732
v 6.578093 8.453168 0.61975
v 6.453315 8.402663 0.347147
v 6.494029 8.431941 0.018201
v 6.447764 8.431941 -0.388917
v 6.379239 8.431945 -0.776908
v 6.283109 8.431945 -1.175663
v 6.222947 8.453189 -1.583582
v 6.124189 8.402663 -1.494683
v 6.107502 8.402663 -1.544001
v 5.983021 8.402663 -1.876908
v 6.026059 8.43197 -1.928456
v 5.87078 8.43195 -2.276559
v 5.680528 8.43195 -2.641724
v 5.49255 8.431962 -2.955393
v 5.402387 8.45318 -3.203804
v 5.071058 8.402663 -3.446348
v 5.015028 8.431946 -3.609912
v 4.740575 8.431946 -3.920159
v 4.447948 8.43196 -4.21147
v 4.135892 8.43196 -4.484901
v 3.819609 8.43194 -4.728806
v 3.474994 8.43194 -4.961771
v 3.124102 8.431949 -5.167994
v 2.75208 8.431949 -5.356058
v 2.366753 8.431949 -5.520745
v 1.973469 8.431949 -5.659741
v 1.600909 8.431941 -5.766038
v 1.191621 8.431941 -5.855879
v 0.805327 8.431939 -5.915804
v 0.389898 8.452298 -6.01367
v 0.0 8.366104 -5.851981
v 0.0 8.399288 -5.900764
v 0.0 8.424243 -5.948149
v 0.0 8.444021 -5.998035
v 0.0 8.458297 -6.049561
v 0.0 8.466934 -6.10182
v 0.0 8.46924 -6.129552
v 5.377724 8.402656 -3.023001
v -0.796311 8.323553 6.853454
v -5.165202 8.402663 -3.323902
v -5.364482 8.323553 -2.854404
v -4.895497 8.323553 -3.499907
v -5.262836 8.453189 -3.397126
v -6.107502 8.402663 -1.544001
v -6.042588 8.323553 -1.413356
v -5.748867 8.323553 -2.155211
v -6.222947 8.453189 -1.583582
v -6.456503 8.402663 0.55
v -6.341016 8.323553 0.948943
v -6.341016 8.323553 0.151057
v -6.578544 8.453189 0.55
v -5.165202 8.402663 4.423902
v -4.895497 8.323553 4.599907
v -5.364482 8.323553 3.954404
v -5.262836 8.453189 4.497127
v -0.231479 8.431945 -5.961664
v -0.796311 8.323553 -5.753454
v -0.232581 8.443603 -5.99266
v -0.233592 8.452302 -6.021104
v -0.641857 8.431945 -5.934086
v -0.882602 8.431939 -5.90571
v -1.113419 8.431946 -5.869943
v -1.580065 8.323553 -5.603945
v -1.519664 8.431946 -5.786087
v -1.754622 8.431939 -5.725068
v -2.142482 8.431939 -5.60345
v -2.338899 8.323553 -5.357385
v -2.39909 8.431949 -5.508039
v -2.646423 8.431939 -5.404127
v -3.060848 8.323553 -5.017661
v -3.017587 8.431939 -5.22489
v -3.281701 8.431953 -5.079038
v -3.62764 8.431953 -4.862565
v -3.734525 8.323553 -4.590133
v -3.876892 8.431939 -4.686878
v -4.194805 8.431939 -4.43586
v -4.349307 8.323553 -4.081541
v -4.447478 8.43196 -4.211908
v -4.682797 8.43194 -3.980631
v -4.959876 8.43194 -3.675498
v -5.071058 8.402663 -3.446348
v -5.329722 8.453184 -3.306305
v -5.423778 8.431968 -3.060914
v -5.615287 8.431941 -2.755115
v -5.811891 8.431941 -2.395701
v -5.974634 8.431974 -2.050004
v -6.166837 8.453189 -1.740713
v -6.245924 8.431943 -1.305729
v -6.290626 8.453168 -1.374638
v -6.350073 8.431943 -0.910089
v -6.241014 8.323553 -0.640537
v -6.42653 8.431942 -0.524691
v -6.481316 8.431942 -0.119172
v -6.510018 8.431942 0.276268
v -6.578093 8.453168 0.480251
v -6.453315 8.402663 0.752853
v -6.494029 8.431941 1.0818
v -6.447764 8.431941 1.488918
v -6.241014 8.323553 1.740537
v -6.379239 8.431945 1.876908
v -6.283109 8.431945 2.275663
v -6.042588 8.323553 2.513356
v -6.222947 8.453189 2.683582
v -6.124189 8.402663 2.594683
v -6.107502 8.402663 2.644001
v -5.983021 8.402663 2.976908
v -5.748867 8.323553 3.255211
v -6.026059 8.43197 3.028456
v -5.87078 8.43195 3.376559
v -5.680528 8.43195 3.741724
v -5.49255 8.431962 4.055393
v -5.402387 8.45318 4.303804
v -5.071058 8.402663 4.546348
v -5.015028 8.431946 4.709912
v -4.740575 8.431946 5.020159
v -4.349307 8.323553 5.181541
v -4.447948 8.43196 5.31147
v -4.135892 8.43196 5.584901
v -3.734525 8.323553 5.690133
v -3.819609 8.43194 5.828806
v -3.474994 8.43194 6.061771
v -3.060848 8.323553 6.117661
v -3.124102 8.431949 6.267994
v -2.75208 8.431949 6.456058
v -2.338899 8.323553 6.457385
v -2.366753 8.431949 6.620746
v -1.973469 8.431949 6.759741
v -1.580064 8.323553 6.703945
v -1.600909 8.431941 6.866038
v -1.191621 8.431941 6.955879
v -0.805327 8.431939 7.015804
v -5.377724 8.402656 4.123001
v -0.795421 8.316446 -5.746403
v -1.578297 8.316446 -5.597061
v -2.336283 8.316446 -5.350777
v -3.057424 8.316446 -5.011434
v -3.730348 8.316446 -4.584383
v -4.344442 8.316446 -4.076361
v -4.890021 8.316446 -3.495377
v -5.358482 8.316446 -2.850596
v -5.742436 8.316446 -2.152185
v -6.03583 8.316446 -1.41116
v -6.234034 8.316446 -0.639206
v -6.333923 8.316446 0.151503
v -6.333923 8.316446 0.948497
v -6.234034 8.316446 1.739205
v -6.03583 8.316446 2.51116
v -5.742436 8.316446 3.252186
v -5.358482 8.316446 3.950596
v -4.890021 8.316446 4.595377
v -4.344442 8.316446 5.176361
v -3.730348 8.316446 5.684383
v -3.057424 8.316446 6.111434
v -2.336283 8.316446 6.450777
v -1.578297 8.316446 6.697062
v -0.795421 8.316446 6.846403
v 0.0 8.17 6.542893
v 0.0 8.174156 6.607225
v 0.77165 8.17 6.493008
v 0.0 8.222336 6.765596
v 0.0 8.248675 6.812125
v 0.0 8.279521 6.855186
v 0.0 8.2975 6.876425
v 4.97027 8.17 -2.798537
v 4.897256 8.186841 -3.122942
v 4.681279 8.17 -3.191769
v 4.994839 8.237366 -3.196129
v 6.243548 8.237366 0.55
v 4.559032 8.17 4.439744
v 4.897256 8.186841 4.222942
v 4.99432 8.17 3.86254
v 4.994839 8.237366 4.296129
v 0.378485 8.17 -5.430953
v 0.190541 8.187705 -5.571805
v 0.0 8.17 -5.442893
v 0.0 8.181703 -5.550439
v 0.0 8.195978 -5.601965
v 0.0 8.173066 -5.498179
v 0.0 8.17076 -5.470448
v 0.191426 8.196405 -5.600253
v 0.192391 8.208065 -5.631252
v 0.0 8.273896 -5.748019
v 0.0 8.240712 -5.699236
v 0.0 8.215757 -5.651852
v 0.755147 8.17 -5.39513
v 0.580346 8.208065 -5.606955
v 0.777071 8.208061 -5.585222
v 1.018059 8.208065 -5.549874
v 1.228638 8.17 -5.31562
v 1.402093 8.208065 -5.473208
v 1.701406 8.17 -5.1963
v 1.646445 8.20806 -5.411037
v 2.014064 8.20806 -5.297076
v 2.218318 8.17 -5.017254
v 2.282851 8.208068 -5.197486
v 2.544266 8.20806 -5.086619
v 2.727269 8.17 -4.786364
v 2.896832 8.20806 -4.913802
v 3.17004 8.208072 -4.759987
v 3.256606 8.17 -4.480904
v 3.498089 8.208072 -4.549851
v 3.710072 8.17 -4.156401
v 3.732 8.208061 -4.381224
v 4.032711 8.208061 -4.138501
v 4.052966 8.17 -3.86467
v 4.20792 8.208078 -3.981965
v 4.374099 8.208068 -3.821756
v 4.37258 8.17 -3.548266
v 4.640093 8.208068 -3.538341
v 4.798009 8.208067 -3.351805
v 4.839947 8.186847 -3.198168
v 4.988357 8.186858 -2.998337
v 5.175629 8.208085 -2.835022
v 5.308929 8.208065 -2.621776
v 5.226226 8.17 -2.382849
v 5.497458 8.208065 -2.282465
v 5.457304 8.17 -1.926615
v 5.613721 8.208077 -2.044495
v 5.650481 8.17 -1.447152
v 5.688597 8.186852 -1.711418
v 5.790674 8.186841 -1.435374
v 5.906059 8.237366 -1.474935
v 5.801689 8.17 -0.951735
v 5.862611 8.186842 -1.211659
v 5.936866 8.208061 -1.181591
v 6.033889 8.208061 -0.805347
v 5.912467 8.17 -0.429349
v 6.088407 8.208087 -0.534833
v 6.144464 8.208087 -0.150807
v 5.976081 8.17 0.099562
v 6.169572 8.208088 0.123423
v 6.240466 8.237366 0.353837
v 6.12157 8.186841 0.55
v 6.180379 8.20806 0.768311
v 5.992711 8.17 0.596581
v 6.240466 8.237366 0.746163
v 6.156581 8.20809 1.134927
v 5.945101 8.17 1.306506
v 5.813365 8.17 2.00588
v 6.107691 8.20809 1.520432
v 6.039219 8.20806 1.881391
v 5.906059 8.237366 2.574934
v 5.869493 8.186842 2.28859
v 5.790674 8.186841 2.535374
v 5.607112 8.17 2.665872
v 5.943637 8.20806 2.258203
v 5.759719 8.186862 2.623696
v 5.694953 8.208091 2.961055
v 5.32674 8.17 3.296046
v 5.547035 8.208063 3.28409
v 5.36371 8.208063 3.628223
v 5.18786 8.208083 3.916237
v 5.001029 8.186857 4.080446
v 4.9038 8.237366 4.414537
v 4.734935 8.208062 4.528091
v 4.473242 8.208062 4.820237
v 4.04006 8.17 4.976487
v 4.201281 8.208078 5.088121
v 3.904555 8.208078 5.345807
v 3.475332 8.17 5.432304
v 3.610647 8.208061 5.570758
v 3.283433 8.208061 5.790596
v 2.842857 8.17 5.825734
v 2.956458 8.208068 5.98179
v 2.603426 8.208068 6.159559
v 2.146032 8.17 6.145515
v 2.24553 8.208068 6.312169
v 1.872275 8.208068 6.444029
v 1.466371 8.17 6.360731
v 1.525597 8.208061 6.543108
v 1.136908 8.208061 6.628835
v 0.785575 8.20806 6.684136
v 0.0 8.185185 6.665184
v 0.0 8.201046 6.716335
v 5.728097 8.237377 -1.934158
v 6.112936 8.18686 0.223664
v 5.595515 8.186855 -1.93284
v -0.77165 8.17 -5.393008
v -4.97027 8.17 3.898537
v -4.897256 8.186841 4.222942
v -4.681279 8.17 4.291769
v -4.994839 8.237366 4.296129
v -6.243548 8.237366 0.55
v -4.559032 8.17 -3.339744
v -4.897256 8.186841 -3.122942
v -4.99432 8.17 -2.76254
v -4.994839 8.237366 -3.196129
v -0.378485 8.17 6.530952
v -0.190768 8.189765 6.679115
v -0.191563 8.197913 6.704636
v -0.191979 8.202798 6.718014
v -0.192391 8.208065 6.731253
v -0.580346 8.208065 6.706955
v -0.755147 8.17 6.49513
v -0.777071 8.208061 6.685222
v -1.228638 8.17 6.41562
v -1.018059 8.208065 6.649874
v -1.402093 8.208065 6.573208
v -1.701406 8.17 6.296299
v -1.646445 8.20806 6.511037
v -2.014064 8.20806 6.397076
v -2.218318 8.17 6.117254
v -2.282851 8.208068 6.297486
v -2.727269 8.17 5.886364
v -2.544266 8.20806 6.186619
v -2.896832 8.20806 6.013802
v -3.256606 8.17 5.580904
v -3.17004 8.208072 5.859987
v -3.498089 8.208072 5.649851
v -3.710072 8.17 5.256401
v -3.732 8.208061 5.481224
v -4.032711 8.208061 5.238501
v -4.052966 8.17 4.96467
v -4.20792 8.208078 5.081964
v -4.374099 8.208068 4.921756
v -4.37258 8.17 4.648266
v -4.640093 8.208068 4.63834
v -4.798009 8.208067 4.451806
v -4.839947 8.186847 4.298168
v -4.988357 8.186858 4.098337
v -5.175629 8.208085 3.935022
v -5.226226 8.17 3.482849
v -5.308929 8.208065 3.721776
v -5.457304 8.17 3.026615
v -5.497458 8.208065 3.382465
v -5.613721 8.208077 3.144495
v -5.650481 8.17 2.547152
v -5.688597 8.186852 2.811418
v -5.906059 8.237366 2.574934
v -5.790674 8.186841 2.535374
v -5.801689 8.17 2.051735
v -5.862611 8.186842 2.311659
v -5.936866 8.208061 2.281591
v -5.912467 8.17 1.529349
v -6.033889 8.208061 1.905347
v -6.088407 8.208087 1.634833
v -5.976081 8.17 1.000438
v -6.144464 8.208087 1.250807
v -6.169572 8.208088 0.976577
v -6.240466 8.237366 0.746163
v -6.12157 8.186841 0.55
v -6.180379 8.20806 0.331689
v -5.992711 8.17 0.503419
v -6.240466 8.237366 0.353837
v -5.945101 8.17 -0.206506
v -6.156581 8.20809 -0.034927
v -5.813365 8.17 -0.90588
v -6.107691 8.20809 -0.420432
v -6.039219 8.20806 -0.781391
v -5.906059 8.237366 -1.474935
v -5.869493 8.186842 -1.18859
v -5.790674 8.186841 -1.435374
v -5.607112 8.17 -1.565872
v -5.943637 8.20806 -1.158203
v -5.759719 8.186862 -1.523696
v -5.694953 8.208091 -1.861055
v -5.32674 8.17 -2.196046
v -5.547035 8.208063 -2.18409
v -5.36371 8.208063 -2.528223
v -5.18786 8.208083 -2.816237
v -5.001029 8.186857 -2.980446
v -4.9038 8.237366 -3.314537
v -4.734935 8.208062 -3.428091
v -4.04006 8.17 -3.876487
v -4.473242 8.208062 -3.720237
v -4.201281 8.208078 -3.988121
v -3.475332 8.17 -4.332304
v -3.904555 8.208078 -4.245806
v -3.610647 8.208061 -4.470758
v -2.842857 8.17 -4.725734
v -3.283433 8.208061 -4.690597
v -2.956458 8.208068 -4.88179
v -2.146032 8.17 -5.045516
v -2.603426 8.208068 -5.059559
v -2.24553 8.208068 -5.212169
v -1.466371 8.17 -5.260731
v -1.872275 8.208068 -5.344029
v -1.525597 8.208061 -5.443109
v -1.136908 8.208061 -5.528835
v -0.785575 8.20806 -5.584136
v -5.728097 8.237377 3.034158
v -6.112936 8.18686 0.876336
v -5.595515 8.186855 3.03284
v 0.766971 8.192332 9.316513
v 0.765821 8.170557 9.316819
v -2.579711 8.029461 10.207002
v -2.588191 8.075601 10.209258
v -2.58334 8.040681 10.207968
v -2.585987 8.05214 10.208672
v -2.587639 8.063949 10.209111
v -1.115173 7.908744 10.001389
v -1.43461 7.92693 9.994571
v -1.965688 7.864988 10.227695
v -0.341257 8.048548 9.634457
v -1.455267 8.001565 9.930874
v -2.57239 8.014475 10.205637
v -2.503641 7.974737 10.196083
v -2.5618 8.000159 10.204571
v -2.549063 7.987419 10.203843
v -2.529672 7.972288 10.203261
v -2.508965 7.959207 10.203021
v -2.461914 7.936446 10.203339
v -2.4828 7.96701 10.193671
v -2.422747 7.921822 10.204138
v -2.444788 7.954834 10.189668
v -2.379651 7.908851 10.205406
v -1.814879 7.930546 10.066211
v -1.749629 7.91859 10.067081
v -1.712446 7.912604 10.068498
v -1.286994 7.934118 9.955293
v -0.264242 7.942743 9.774972
v -0.730546 7.958567 9.807233
v -0.321645 7.973869 9.698432
v -0.304867 7.974449 9.693968
v 0.120901 7.98789 9.580679
v 0.135698 7.999067 9.561714
v 0.152392 8.012861 9.541911
v 0.718417 8.050482 9.369977
v 0.700482 8.066283 9.363629
v 0.699915 8.028536 9.393887
v 0.73256 8.07158 9.352313
v 0.716231 8.082188 9.350749
v 0.742746 8.090447 9.340041
v 0.729085 8.096377 9.34102
v 0.739493 8.109427 9.333536
v 0.750987 8.109521 9.330566
v -2.301199 7.891014 10.208435
v -2.200825 7.977342 10.121427
v -1.927716 7.891058 10.1421
v -1.89042 7.88712 10.144328
v -1.857597 7.884437 10.14621
v 0.361247 7.975266 9.55372
v 0.587001 7.966982 9.548472
v 0.369338 7.979312 9.542534
v 0.454938 8.088878 9.414562
v 0.676985 8.007625 9.424161
v 0.673339 8.021277 9.408082
v 0.648645 7.988543 9.462576
v 0.731221 8.118165 9.333049
v 0.757367 8.128383 9.323739
v 0.762024 8.146766 9.319326
v 0.764251 8.15874 9.31761
v -2.171213 7.872661 10.214856
v -2.187968 7.915901 10.158777
v -2.039973 7.865204 10.222732
v -2.122789 7.903415 10.158962
v -2.066025 7.926464 10.123171
v 0.409744 8.024246 9.468793
v 0.517738 8.003666 9.46711
v 0.5496 8.029871 9.429353
v -2.053418 7.887237 10.169502
v 0.616243 7.974077 9.507512
v 0.552283 7.978384 9.506843
v 0.484862 8.041836 9.434847
v 0.532694 8.015467 9.448576
v 0.582313 7.994981 9.465525
v 0.976144 7.915639 11.70738
v -1.392208 7.945405 10.684228
v -0.205151 7.892125 11.183159
v 0.964379 7.833017 11.682367
v 0.958924 7.852262 11.688455
v 0.969765 7.848536 11.691769
v 0.950268 7.849541 11.683532
v 0.957371 7.818181 11.670797
v 0.939608 7.839329 11.674295
v 0.973451 7.864281 11.698833
v 0.958224 7.85871 11.69042
v 0.975273 7.877514 11.702999
v 0.928383 7.830081 11.664461
v 0.947871 7.802985 11.655721
v 0.934818 7.787179 11.635631
v 0.916905 7.821569 11.654179
v 0.902709 7.811931 11.641065
v 0.917202 7.771323 11.609194
v 0.888364 7.802882 11.627265
v 0.898509 7.758931 11.581689
v 0.872225 7.793211 11.610869
v -0.163614 7.791204 11.011382
v -0.18965 7.816149 11.106535
v -0.178946 7.815575 11.111034
v -1.101574 7.83473 10.617148
v -0.658713 7.839625 10.909384
v -1.36486 7.868804 10.612584
v -1.251736 7.864627 10.660131
v -1.721069 7.880715 10.462866
v -2.393862 7.949103 10.2451
v -2.455489 7.970607 10.234302
v -2.492273 7.985323 10.227134
v -2.512361 7.994404 10.223082
v -2.530544 8.003663 10.219384
v -2.552274 8.016826 10.21498
v -2.561798 8.023908 10.21311
v 0.879231 7.749363 11.553721
v 0.849376 7.756466 11.550909
v 0.855134 7.740966 11.519205
v 0.830468 7.735828 11.484301
v 0.834753 7.750899 11.531634
v 0.936048 7.863483 11.682133
v 0.975993 7.890935 11.705656
v 0.976107 7.90325 11.706949
v 0.928111 7.858413 11.676936
v 0.919096 7.852726 11.670815
v 0.533368 7.756843 11.364367
v 0.773755 7.734634 11.405367
v 0.294048 7.795672 11.323086
v 0.279275 7.78941 11.303629
v 0.625499 7.848576 11.535934
v 0.034887 7.835867 11.248219
v -0.199694 7.848853 11.149623
v -0.19434 7.848565 11.151873
v -1.027495 7.888145 10.80169
v -0.434304 7.861022 11.051014
v -1.32416 7.899751 10.676999
v -1.380746 7.901816 10.653215
v -1.55892 7.90801 10.578327
v -1.785915 7.895653 10.457859
v -1.913518 7.870414 10.340895
v -2.194868 7.980237 10.352914
v -2.284685 7.900374 10.234638
v -2.495272 8.011327 10.237427
v -2.524691 8.023083 10.228673
v 0.727237 7.793252 11.539756
v 0.574888 7.789591 11.458817
v -0.066245 7.798427 11.132164
v -0.300711 7.81097 11.033616
v -1.066207 7.846232 10.711871
v -2.058368 7.912603 10.356266
v -2.187801 7.910158 10.294255
v -2.123031 7.894895 10.299612
v -2.24223 7.935236 10.299245
v 0.802244 7.733572 11.444812
v 0.777456 7.758076 11.514339
v 0.708348 7.771137 11.500455
v 0.733219 7.742523 11.443048
v 0.693488 7.764763 11.48108
v 0.65693 7.801278 11.513784
v -0.13891 7.836352 11.164227
v -0.256194 7.842638 11.114932
v -2.050101 7.876287 10.290927
v -2.081684 7.872526 10.261164
v -2.161482 7.932105 10.332001
v 0.906273 7.999635 10.908743
v 0.90642 8.025566 10.910425
v 0.708859 7.825185 10.719159
v 0.707295 7.798282 10.923441
v 0.72494 7.825366 10.733023
v 0.695542 7.82618 10.707796
v 0.687859 7.82719 10.701285
v 0.726724 7.768748 11.145514
v 0.814395 7.809314 11.027641
v 0.905478 7.984732 10.906255
v 0.891399 7.885259 11.031002
v 0.903413 7.969843 10.902677
v 0.900066 7.955181 10.898057
v 0.895416 7.940806 10.8924
v 0.84339 7.764534 11.359063
v 0.746146 7.738588 11.367502
v 0.920422 7.840437 11.362741
v 0.794702 7.840344 10.794568
v 0.758988 7.813735 10.864736
v 0.809937 7.847172 10.808426
v 0.77872 7.834751 10.780259
v 0.762785 7.830591 10.766146
v 0.752693 7.828618 10.757254
v 0.742985 7.827099 10.748738
v 0.766922 7.815211 10.870928
v 0.774189 7.816893 10.876302
v 0.82419 7.855104 10.821589
v 0.836603 7.863472 10.833168
v 0.781439 7.818906 10.881351
v 0.848309 7.87288 10.844238
v 0.889996 7.928013 10.886295
v 0.850264 7.851731 10.948663
v 0.883088 7.914852 10.878875
v 0.876271 7.90416 10.871793
v 0.867685 7.892818 10.863111
v 0.858998 7.883077 10.854543
v 0.858096 7.842066 11.028172
v 0.819328 7.801795 11.084026
v 0.833826 7.779461 11.249744
v 0.882547 7.779453 11.421737
v 0.887103 7.797268 11.359732
v 0.89314 7.785279 11.439795
v 0.860563 7.83831 11.056377
v 0.867817 7.827212 11.139281
v 0.88232 7.804753 11.305053
v 0.949903 7.83523 11.570867
v 0.800016 7.782923 11.140133
v 0.921075 7.787827 11.561097
v 0.0 7.784267 11.053891
v -0.98261 7.831789 10.640891
v -0.16046 7.791368 11.003937
v -1.098449 7.834896 10.609692
v 0.815658 7.827189 10.691817
v 0.653077 7.877332 10.303721
v 0.943328 7.827189 10.68074
v 1.070848 7.827189 10.668056
v 1.198198 7.827189 10.653766
v 0.63106 7.908019 10.052067
v 0.609035 7.937902 9.800317
v 1.452308 7.827189 10.62038
v 1.836889 7.877332 10.151429
v 1.325358 7.827189 10.637874
v 1.579028 7.827189 10.60129
v 1.705497 7.827189 10.580606
v 1.831695 7.827189 10.55833
v 1.957603 7.827189 10.534466
v 2.0832 7.827189 10.509018
v 2.208467 7.827189 10.481991
v 2.333384 7.827189 10.453387
v 2.45793 7.827189 10.423213
v 2.582087 7.827189 10.391473
v 2.993317 7.877332 9.856002
v 2.705834 7.827189 10.358171
v 2.829151 7.827189 10.323314
v 2.95202 7.827189 10.286906
v 3.07442 7.827189 10.248954
v 3.196333 7.827189 10.209462
v 3.317739 7.827189 10.168439
v 3.438618 7.827189 10.12589
v 3.558952 7.827189 10.081821
v 3.678722 7.827189 10.036241
v 4.105121 7.877332 9.421843
v 3.797907 7.827189 9.989156
v 3.916491 7.827189 9.940573
v 4.034453 7.827189 9.890501
v 4.151775 7.827189 9.838946
v 4.268438 7.827189 9.785919
v 4.384424 7.827189 9.731426
v 4.499715 7.827189 9.675477
v 4.614292 7.827189 9.61808
v 4.728137 7.827189 9.559244
v 4.841232 7.827189 9.49898
v 5.155728 7.877332 8.855425
v 4.953558 7.827189 9.437295
v 5.0651 7.827189 9.374201
v 5.175837 7.827189 9.309708
v 5.285753 7.827189 9.243824
v 5.394832 7.827189 9.176561
v 5.503054 7.827189 9.10793
v 5.610403 7.827189 9.037941
v 5.716862 7.827189 8.966606
v 5.822414 7.827189 8.893935
v 5.927042 7.827189 8.819942
v 6.129475 7.877332 8.165193
v 6.030731 7.827189 8.744635
v 6.133463 7.827189 8.668029
v 6.235221 7.827189 8.590136
v 6.335991 7.827189 8.510966
v 6.435755 7.827189 8.430533
v 6.534499 7.827189 8.348851
v 6.632205 7.827189 8.265932
v 6.72886 7.827189 8.181788
v 6.824448 7.827189 8.096435
v 7.011845 7.877332 7.361434
v 6.918952 7.827189 8.009883
v 7.01236 7.827189 7.922148
v 7.104654 7.827189 7.833244
v 7.195822 7.827189 7.743185
v 7.285848 7.827189 7.651984
v 7.374719 7.827189 7.559657
v 7.462419 7.827189 7.466218
v 7.548936 7.827189 7.371681
v 7.634255 7.827189 7.276062
v 7.718363 7.827189 7.179377
v 7.801247 7.827189 7.081639
v 7.789685 7.877332 6.456134
v 7.882893 7.827189 6.982866
v 7.963288 7.827189 6.883072
v 8.04242 7.827189 6.782274
v 8.120277 7.827189 6.680486
v 8.196845 7.827189 6.577726
v 8.272114 7.827189 6.47401
v 8.346069 7.827189 6.369355
v 8.418701 7.827189 6.263776
v 8.489997 7.827189 6.157291
v 8.451398 7.877332 5.462787
v 8.559947 7.827189 6.049916
v 8.628538 7.827189 5.941669
v 8.695761 7.827189 5.832566
v 8.761604 7.827189 5.722625
v 8.826057 7.827189 5.611864
v 8.889111 7.827189 5.5003
v 8.950754 7.827189 5.387951
v 9.010977 7.827189 5.274834
v 9.069771 7.827189 5.160967
v 9.341979 7.827189 4.581028
v 8.987121 7.877332 4.396202
v 9.290468 7.827189 4.698369
v 9.392008 7.827189 4.463048
v 9.440547 7.827189 4.344447
v 9.487589 7.827189 4.225244
v 9.127126 7.827189 5.04637
v 9.183033 7.827189 4.931058
v 9.237483 7.827189 4.815052
v 9.533126 7.827189 4.105458
v 9.577149 7.827189 3.985108
v 9.619655 7.827189 3.864213
v 9.388865 7.877332 3.272278
v 9.660633 7.827189 3.742792
v 9.70008 7.827189 3.620865
v 9.737988 7.827189 3.49845
v 9.77435 7.82719 3.375568
v 5.798004 7.833191 9.008252
v 5.851158 7.833191 8.971569
v 5.878067 7.875421 9.047122
v 5.824488 7.875421 9.083938
v 5.771369 7.833191 9.026448
v 5.74467 7.833191 9.044565
v 5.770672 7.875421 9.12042
v 5.691059 7.833191 9.080576
v 5.716618 7.875421 9.15657
v 5.664189 7.833191 9.098441
v 5.637252 7.833191 9.116228
v 5.662323 7.875421 9.192388
v 9.788076 7.825843 3.367753
v 5.583191 7.833191 9.151561
v 5.607787 7.875421 9.227873
v 5.78205 7.946844 9.1751
v 6.297709 7.946844 8.806108
v 5.664246 8.025566 9.272174
v 5.556084 7.833191 9.169095
v 5.754903 7.946844 9.193237
v 5.528908 7.833191 9.186554
v 5.55301 7.875421 9.263027
v 5.727693 7.946844 9.211293
v 5.700417 7.946844 9.229269
v 5.474405 7.833191 9.221203
v 5.497988 7.875421 9.297851
v 5.673074 7.946844 9.247166
v 5.447059 7.833191 9.238408
v 5.645662 7.946844 9.264984
v 5.419639 7.833191 9.255538
v 5.442721 7.875421 9.332343
v 5.61818 7.946844 9.282726
v 5.590625 7.946844 9.300393
v 5.364704 7.833191 9.289498
v 5.387208 7.875421 9.366505
v 5.562995 7.946844 9.317985
v 5.337115 7.833191 9.306374
v 5.535288 7.946844 9.335502
v 5.215594 7.973433 9.539651
v 5.281848 7.833191 9.339821
v 5.306041 7.921024 9.460289
v 4.933827 7.827417 9.508348
v 5.072473 7.896913 9.57537
v 4.749052 7.921024 9.76921
v 4.877323 7.827417 9.539236
v 4.914607 7.843153 9.581409
v 4.849043 7.827417 9.554523
v 4.857734 7.843153 9.612126
v 4.775028 7.827417 9.59399
v 4.835271 7.875421 9.680877
v 4.80064 7.843153 9.6425
v 4.806574 7.875421 9.696016
v 4.777806 7.875421 9.711077
v 4.708527 7.843153 9.69054
v 4.731476 7.875421 9.735091
v 4.563184 7.827417 9.702704
v 4.603328 7.827417 9.68258
v 4.628019 7.843153 9.731565
v 4.691062 7.875421 9.755797
v 4.525214 7.833191 9.752245
v 4.549358 7.875421 9.826643
v 4.650028 7.896913 9.800109
v 4.657929 7.973433 9.840853
v 4.496203 7.833191 9.766455
v 4.490841 7.875421 9.855112
v 4.43808 7.833191 9.794583
v 4.432101 7.875421 9.883233
v 4.607067 7.921024 9.840977
v 4.408925 7.833191 9.808524
v 4.37969 7.833191 9.822389
v 4.373135 7.875421 9.911007
v 4.562062 7.946844 9.878025
v 4.55906 8.025566 9.897458
v 4.321218 7.833191 9.849783
v 4.313943 7.875421 9.938433
v 4.532662 7.946844 9.892346
v 4.291839 7.833191 9.863378
v 4.503183 7.946844 9.906591
v 4.262377 7.833191 9.876898
v 4.254522 7.875421 9.965508
v 4.473624 7.946844 9.92076
v 4.443982 7.946844 9.934854
v 4.203564 7.833191 9.903551
v 4.414255 7.946844 9.948873
v 4.144535 7.833191 9.929856
v 4.085288 7.833191 9.955812
v 4.123818 7.946844 10.079878
v 3.385909 8.025566 10.383393
v 3.795977 7.833191 10.07625
v 3.736026 7.833191 10.09992
v 3.671538 7.875421 10.207773
v 3.675872 7.833191 10.123236
v 3.615513 7.833191 10.146194
v 3.610917 7.875421 10.230601
v 3.585421 7.833191 10.157478
v 3.555252 7.833191 10.168683
v 3.550101 7.875421 10.253069
v 3.494608 7.833191 10.190881
v 3.489088 7.875421 10.275175
v 3.464322 7.833191 10.201805
v 3.433955 7.833191 10.212651
v 3.427876 7.875421 10.296919
v 3.373037 7.833191 10.234085
v 3.366463 7.875421 10.3183
v 3.342553 7.833191 10.244649
v 3.535522 7.946844 10.313429
v 3.311985 7.833191 10.255135
v 3.304848 7.875421 10.339318
v 3.504972 7.946844 10.324437
v 3.474346 7.946844 10.335365
v 3.250802 7.833191 10.275799
v 3.243029 7.875421 10.359971
v 3.443641 7.946844 10.346213
v 3.220118 7.833191 10.286001
v 3.412855 7.946844 10.356981
v 3.189345 7.833191 10.296125
v 3.181003 7.875421 10.380259
v 3.381986 7.946844 10.367669
v 3.351031 7.946844 10.378278
v 3.127907 7.833191 10.316016
v 3.11877 7.875421 10.40018
v 3.319989 7.946844 10.388807
v 3.097017 7.833191 10.325856
v 3.288856 7.946844 10.399258
v 3.066036 7.833191 10.335617
v 3.056327 7.875421 10.419733
v 3.257631 7.946844 10.40963
v 3.226311 7.946844 10.419923
v 3.004352 7.833191 10.354731
v 2.942471 7.833191 10.373479
v 2.880392 7.833191 10.391861
v 2.516067 7.833191 10.491241
v 2.578462 7.833191 10.475242
v 2.453488 7.833191 10.50687
v 2.44803 7.875421 10.587924
v 2.615715 7.946844 10.599005
v 2.162282 8.025566 10.722735
v 2.390725 7.833191 10.522127
v 2.385142 7.875421 10.603052
v 2.359515 7.833191 10.529557
v 2.328219 7.833191 10.536905
v 2.322077 7.875421 10.617806
v 2.265269 7.833191 10.551372
v 2.258836 7.875421 10.632183
v 2.233886 7.833191 10.558428
v 2.202412 7.833191 10.565401
v 2.195415 7.875421 10.646183
v 2.139284 7.833191 10.579075
v 2.131814 7.875421 10.659803
v 2.309599 7.946844 10.673745
v 2.107724 7.833191 10.585755
v 2.277997 7.946844 10.680902
v 2.07607 7.833191 10.592351
v 2.06803 7.875421 10.673044
v 2.246308 7.946844 10.687976
v 2.214532 7.946844 10.694964
v 2.012774 7.833191 10.605228
v 2.004061 7.875421 10.685902
v 2.182666 7.946844 10.701868
v 1.981033 7.833191 10.61153
v 2.150706 7.946844 10.708687
v 1.949194 7.833191 10.617746
v 1.939906 7.875421 10.698376
v 2.118652 7.946844 10.715421
v 2.0865 7.946844 10.722069
v 1.885741 7.833191 10.629825
v 1.875563 7.875421 10.710464
v 2.054248 7.946844 10.728631
v 1.853815 7.833191 10.635745
v 2.021893 7.946844 10.735107
v 1.821788 7.833191 10.641579
v 1.811029 7.875421 10.722165
v 1.989432 7.946844 10.741497
v 1.520446 7.97013 10.830337
v 1.758187 7.833191 10.652854
v 1.746302 7.875421 10.733477
v 1.726073 7.833191 10.65839
v 1.693853 7.833191 10.663839
v 1.681381 7.875421 10.744396
v 1.630116 7.833191 10.674308
v 1.616264 7.875421 10.754923
v 1.597809 7.833191 10.679457
v 1.565392 7.833191 10.684517
v 1.550949 7.875421 10.765054
v 1.667246 7.919472 10.784631
v 1.501528 7.833191 10.694175
v 1.634807 7.919472 10.789863
v 1.602263 7.919472 10.795005
v 1.437492 7.833191 10.703447
v 1.569611 7.919472 10.800058
v 1.535027 7.916718 10.80352
v 1.49718 7.938511 10.821519
v 1.490893 7.931989 10.819097
v 1.536848 7.919472 10.805022
v 1.517054 7.964232 10.829018
v 1.512774 7.957686 10.82739
v 1.503065 7.945129 10.823744
v 1.50843 7.951752 10.825756
v 1.373282 7.833191 10.712331
v 0.871877 7.848338 10.805689
v 0.812758 7.828053 10.749114
v 0.876894 7.828053 10.743799
v 0.884079 7.829402 10.750749
v 0.876312 7.851519 10.811176
v 0.880731 7.855252 10.817142
v 0.884279 7.858818 10.822441
v 0.887929 7.863278 10.828607
v 0.890856 7.867735 10.834327
v 9.970787 7.878176 3.270212
v 9.983322 7.899959 3.301815
v 9.989799 7.894591 3.261114
v 9.946249 7.861758 3.282383
v 10.008694 7.925898 3.276426
v 10.008157 7.946844 3.317897
v 9.919088 7.848124 3.296381
v 9.979019 7.899959 3.317381
v 9.99947 7.946844 3.349117
v 9.99071 7.946844 3.380223
v 9.935828 7.875421 3.384092
v 9.801301 7.833191 3.565522
v 9.863314 7.875421 3.626981
v 9.899599 7.875421 3.508158
v 9.782182 7.833191 3.62698
v 9.900485 7.946844 3.681271
v 9.853601 7.875421 3.657941
v 9.795864 7.84972 3.717622
v 9.805114 7.875421 3.807685
v 9.700604 7.875421 4.10683
v 9.683701 7.833191 3.92414
v 9.32216 7.833191 4.822729
v 9.326361 7.875421 4.996545
v 9.457398 7.875421 4.710575
v 9.304163 7.946844 5.160532
v 9.187283 7.833191 5.105515
v 9.257228 7.875421 5.138735
v 9.258676 7.84972 5.052189
v 9.158336 7.833191 5.163433
v 9.242701 7.875421 5.167927
v 9.185688 7.875421 5.280318
v 8.716604 7.833191 5.951822
v 8.704117 7.875421 6.116966
v 8.869758 7.875421 5.849072
v 8.667053 7.946844 6.268972
v 8.547442 7.833191 6.215695
v 8.617929 7.875421 6.249478
v 8.62749 7.84972 6.167758
v 8.529517 7.875421 6.38096
v 8.599917 7.875421 6.276621
v 8.511532 7.833191 6.269502
v 8.302825 7.875421 6.69946
v 8.262024 7.865905 6.734713
v 8.298926 7.921024 6.768933
v 8.212516 7.833191 6.691129
v 8.220545 7.857318 6.769346
v 8.127528 7.827417 6.757893
v 8.22123 7.896913 6.842747
v 8.178482 7.84972 6.803417
v 8.135937 7.843153 6.83699
v 7.934057 7.843153 7.089912
v 7.877387 7.84972 7.178692
v 7.921483 7.896913 7.216138
v 7.825425 7.827417 7.134631
v 7.86671 7.827417 7.085252
v 7.81935 7.857318 7.266798
v 7.768517 7.829792 7.222794
v 7.710602 7.833191 7.310584
v 7.86027 7.908696 7.302291
v 7.883451 7.973433 7.32255
v 7.79733 7.921024 7.387321
v 7.75987 7.865905 7.354127
v 7.698879 7.875421 7.440575
v 7.667849 7.833191 7.359036
v 7.17821 7.833191 7.8734
v 7.253565 7.875421 7.907891
v 7.224163 7.833191 7.828073
v 7.34216 7.875421 7.819488
v 7.264528 7.946844 7.969642
v 7.230371 7.875421 7.930684
v 7.149253 7.84972 7.958169
v 7.116819 7.875421 8.040236
v 6.884574 7.875421 8.254246
v 6.951156 7.833191 8.089251
v 6.685838 7.833191 8.325503
v 6.658222 7.843153 8.385036
v 6.737722 7.875421 8.382998
v 6.625093 7.827417 8.3412
v 6.583511 7.827417 8.376368
v 6.618824 7.843153 8.418346
v 6.688254 7.875421 8.425279
v 6.534647 7.843153 8.488394
v 6.648654 7.875421 8.45874
v 6.670911 7.921024 8.490168
v 6.566496 7.875421 8.527085
v 6.684991 8.025566 8.516862
v 6.607497 7.973433 8.572295
v 6.590889 7.921024 8.556716
v 6.642968 7.973433 8.542948
v 6.519696 7.921024 8.614793
v 6.489792 7.896913 8.61659
v 6.313716 7.885787 8.74241
v 6.367808 7.843153 8.622839
v 6.457644 7.875421 8.615457
v 6.316823 7.843153 8.662796
v 6.270176 7.865905 8.747354
v 6.224304 7.827417 8.664968
v 6.244328 7.865905 8.76706
v 6.173066 7.827417 8.704012
v 6.134771 7.875421 8.863684
v 5.956734 7.833191 8.897227
v 5.192019 7.829792 9.377172
v 5.298083 7.865905 9.406751
v 5.208409 7.857318 9.44551
v 5.136321 7.829792 9.409698
v 5.152289 7.857318 9.478131
v 5.108407 7.829792 9.425822
v 5.080419 7.829792 9.441872
v 5.095936 7.857318 9.510416
v 5.21797 7.908696 9.502657
v 5.024316 7.829792 9.473692
v 5.189757 7.908696 9.519041
v 5.16147 7.908696 9.535349
v 5.00545 7.84972 9.546569
v 4.139571 7.875421 10.016611
v 4.109703 7.875421 10.029615
v 4.025858 7.84972 10.025508
v 3.964228 7.875421 10.091366
v 2.752485 7.875421 10.508744
v 2.600306 7.875421 10.549559
v 2.665684 7.84972 10.49419
v 2.568875 7.875421 10.557679
v 1.465479 7.869894 10.771039
v 1.433137 7.869894 10.775623
v 1.270553 7.827844 10.700897
v 1.35336 7.882025 10.800313
v 1.206656 7.827844 10.708691
v 1.215386 7.845852 10.765723
v 1.353691 7.912426 10.826144
v 1.186011 7.864657 10.800394
v 1.142594 7.827844 10.716095
v 1.128076 7.831129 10.734559
v 0.981504 7.831707 10.752075
v 0.91736 7.831707 10.758042
v 1.04403 7.905632 10.857309
v 1.045973 7.912287 10.861915
v 1.047302 7.919205 10.866349
v 1.04802 7.926333 10.870571
v 1.04871 7.939375 10.877365
v 10.005445 7.911642 3.253971
v 10.01877 7.93541 3.258888
v 10.018055 7.929083 3.248647
v 9.747214 7.828479 3.668789
v 9.72738 7.828479 3.73011
v 9.856406 7.891262 3.702212
v 9.734184 7.833191 3.775606
v 9.713692 7.833191 3.836802
v 9.255917 7.833191 4.964395
v 10.027501 7.945683 3.245043
v 10.025094 7.94536 3.253443
v 10.034875 7.962665 3.242631
v 10.017233 7.937196 3.267971
v 10.02465 7.948648 3.260478
v 10.040729 7.981822 3.241282
v 9.220204 7.828479 4.991043
v 9.19205 7.828479 5.049027
v 9.28931 7.891262 5.110032
v 8.667828 7.833191 6.029748
v 8.633135 7.833191 6.084244
v 8.593099 7.828479 6.108209
v 8.557925 7.828479 6.162213
v 10.043998 7.999635 3.241281
v 9.810413 7.825239 3.355178
v 9.828166 7.828214 3.397802
v 9.846581 7.828251 3.335175
v 8.654607 7.891262 6.223003
v 7.126464 7.828479 7.894967
v 7.080069 7.828479 7.939699
v 7.21284 7.891262 7.970251
v 7.06554 7.833191 7.982161
v 6.155709 7.843153 8.785712
v 6.083517 7.833191 8.805284
v 4.029975 7.828479 9.957142
v 3.970652 7.828479 9.982335
v 4.078119 7.891262 10.060738
v 3.940931 7.833191 10.017203
v 2.729502 7.833191 10.434771
v 2.685736 7.828479 10.425315
v 2.623499 7.828479 10.442031
v 2.643062 7.891262 10.554969
v 1.312157 7.845852 10.753744
v 1.086905 7.858032 10.80178
v 1.01318 7.858729 10.810394
v 1.130991 7.96881 10.880049
v 1.078828 7.82992 10.734525
v 1.159636 7.911821 10.849428
v 1.110017 7.907138 10.851536
v 8.092529 7.827417 6.803448
v 8.052951 7.827417 6.854334
v 8.064726 7.843153 6.928079
v 8.013082 7.827417 6.904933
v 7.972921 7.827417 6.955246
v 8.015686 7.843153 6.989603
v 7.975018 7.843153 7.039899
v 8.134136 7.921024 6.982973
v 8.281898 7.973433 6.829045
v 8.413776 8.025566 6.662967
v 7.606079 8.025566 7.642783
v 6.534091 7.827417 8.417675
v 6.484414 7.827417 8.458668
v 6.434479 7.827417 8.499348
v 6.468993 7.843153 8.541986
v 6.41853 7.843153 8.582569
v 4.718018 7.827417 9.623861
v 4.660785 7.827417 9.653391
v 9.884233 7.83596 3.314811
v 9.89344 7.844441 3.36021
v 9.884214 7.844337 3.391685
v 9.917892 7.875421 3.446238
v 10.045629 8.025566 3.241718
v 9.87527 7.844337 3.422616
v 9.866253 7.844337 3.453433
v 9.820069 7.833191 3.503831
v 9.642712 8.025566 4.445909
v 9.66218 7.833191 3.985282
v 9.640313 7.833191 4.046175
v 9.618102 7.833191 4.106823
v 9.677826 7.875421 4.168349
v 9.606758 7.833191 4.137349
v 9.595349 7.833191 4.167755
v 9.654701 7.875421 4.229608
v 9.572373 7.833191 4.228117
v 9.631231 7.875421 4.290608
v 9.560688 7.833191 4.258385
v 9.548938 7.833191 4.288538
v 9.607418 7.875421 4.351353
v 9.525202 7.833191 4.348605
v 9.583262 7.875421 4.411844
v 9.513178 7.833191 4.37862
v 9.689872 7.946844 4.282403
v 9.501088 7.833191 4.408523
v 9.558766 7.875421 4.472084
v 9.677927 7.946844 4.313267
v 9.665917 7.946844 4.344008
v 9.476598 7.833191 4.468287
v 9.533931 7.875421 4.532075
v 9.653842 7.946844 4.374629
v 9.464236 7.833191 4.498052
v 9.641702 7.946844 4.405132
v 9.451809 7.833191 4.52771
v 9.508757 7.875421 4.591819
v 9.629496 7.946844 4.435521
v 9.617224 7.946844 4.465796
v 9.426569 7.833191 4.587161
v 9.483246 7.875421 4.651318
v 9.604886 7.946844 4.495963
v 9.413872 7.833191 4.616682
v 9.592482 7.946844 4.526021
v 9.401109 7.833191 4.646099
v 9.580011 7.946844 4.555975
v 9.567474 7.946844 4.585826
v 9.375125 7.833191 4.705227
v 9.348808 7.833191 4.764103
v 9.129065 7.833191 5.221087
v 9.096045 8.025566 5.59202
v 9.099471 7.833191 5.278479
v 9.15554 7.875421 5.338408
v 9.084442 7.833191 5.307287
v 9.069355 7.833191 5.335988
v 9.125069 7.875421 5.396224
v 9.039038 7.833191 5.393002
v 9.094275 7.875421 5.453765
v 9.023691 7.833191 5.421537
v 9.008285 7.833191 5.449969
v 9.063161 7.875421 5.511036
v 8.977251 7.833191 5.506597
v 9.031726 7.875421 5.568037
v 9.157989 7.946844 5.444456
v 8.961586 7.833191 5.534863
v 9.142398 7.946844 5.473517
v 8.945861 7.833191 5.563028
v 8.99997 7.875421 5.624771
v 9.126747 7.946844 5.502468
v 9.111038 7.946844 5.53131
v 8.914117 7.833191 5.61926
v 8.967896 7.875421 5.68124
v 9.095268 7.946844 5.560046
v 8.898135 7.833191 5.647261
v 9.079437 7.946844 5.588678
v 8.882092 7.833191 5.675165
v 8.935501 7.875421 5.737445
v 9.063545 7.946844 5.617209
v 9.047591 7.946844 5.64564
v 8.849643 7.833191 5.730993
v 8.902788 7.875421 5.793388
v 9.031574 7.946844 5.673975
v 8.833345 7.833191 5.758732
v 9.015494 7.946844 5.702214
v 8.816985 7.833191 5.786377
v 8.999351 7.946844 5.730361
v 8.783837 7.833191 5.841794
v 8.750377 7.833191 5.896941
v 8.475318 7.833191 6.323029
v 8.438802 7.833191 6.376277
v 8.492487 7.875421 6.434763
v 8.420336 7.833191 6.402932
v 8.401814 7.833191 6.42949
v 8.455155 7.875421 6.488276
v 8.364628 7.833191 6.482274
v 8.417523 7.875421 6.5415
v 8.345866 7.833191 6.508641
v 8.327045 7.833191 6.534914
v 8.379591 7.875421 6.594437
v 8.289197 7.833191 6.587225
v 8.341358 7.875421 6.64709
v 8.487426 7.946844 6.532312
v 8.270138 7.833191 6.613307
v 8.468441 7.946844 6.559156
v 8.251019 7.833191 6.639298
v 8.4494 7.946844 6.5859
v 8.430302 7.946844 6.612546
v 8.411145 7.946844 6.639097
v 8.391929 7.946844 6.665553
v 8.372653 7.946844 6.691917
v 8.104033 7.875421 6.959166
v 8.139952 7.875421 6.913486
v 7.928055 7.827417 7.010696
v 8.079458 7.875421 6.990118
v 7.907708 7.827417 7.035585
v 8.059173 7.875421 7.015485
v 8.038826 7.875421 7.040766
v 7.624814 7.833191 7.407193
v 7.655272 7.875421 7.48899
v 7.603152 7.833191 7.431203
v 7.581432 7.833191 7.455126
v 7.611384 7.875421 7.537102
v 7.537794 7.833191 7.502736
v 7.567217 7.875421 7.584912
v 7.515856 7.833191 7.526445
v 7.493857 7.833191 7.550071
v 7.522769 7.875421 7.632423
v 7.666276 7.946844 7.553761
v 7.449623 7.833191 7.597127
v 7.47804 7.875421 7.679634
v 7.64414 7.946844 7.577915
v 7.427405 7.833191 7.620539
v 7.621945 7.946844 7.601979
v 7.405127 7.833191 7.643869
v 7.433029 7.875421 7.726548
v 7.599691 7.946844 7.625956
v 7.577376 7.946844 7.649847
v 7.360303 7.833191 7.690365
v 7.387736 7.875421 7.773166
v 7.554999 7.946844 7.673654
v 7.337807 7.833191 7.713482
v 7.532559 7.946844 7.697378
v 7.315246 7.833191 7.736519
v 7.510055 7.946844 7.721021
v 7.487484 7.946844 7.744584
v 7.269842 7.833191 7.782446
v 6.903521 7.833191 8.132894
v 6.855622 7.833191 8.176226
v 6.80746 7.833191 8.219248
v 6.835882 7.875421 8.297482
v 6.783258 7.833191 8.240663
v 6.758996 7.833191 8.261993
v 6.786932 7.875421 8.3404
v 6.710296 7.833191 8.304406
v 6.797667 7.946844 8.399597
v 6.772892 7.946844 8.420984
v 6.748057 7.946844 8.442286
v 6.723163 7.946844 8.463503
v 6.698208 7.946844 8.484637
v 6.533565 7.875421 8.55408
v 6.376516 7.827417 8.545918
v 6.508327 7.875421 8.574615
v 6.351302 7.827417 8.56596
v 6.483021 7.875421 8.595073
v 6.300694 7.827417 8.6058
v 6.275288 7.827417 8.625606
v 5.904067 7.833191 8.934562
v 9.272888 8.099951 3.034663
v 1.994545 8.075833 9.940516
v 0.836695 8.099951 10.113469
v 0.835262 8.075833 10.113594
v 3.124094 8.075833 9.627446
v 4.20707 8.075833 9.179053
v 5.227328 8.075833 8.602021
v 6.169659 8.075833 7.904951
v 7.020014 8.075833 7.098236
v 7.765718 8.075833 6.193902
v 8.395652 8.075833 5.205431
v 8.900426 8.075833 4.147557
v 9.272515 8.075833 3.036052
v 9.482951 7.894443 3.196434
v 9.377455 7.879923 3.251779
v 9.360605 7.886829 3.221059
v 9.27239 8.065912 3.037503
v 9.511832 7.97047 3.125059
v 9.272626 8.055965 3.039563
v 9.273963 8.037854 3.044886
v 9.276759 8.018233 3.053037
v 9.281312 7.997809 3.064385
v 9.73943 7.861076 3.265158
v 9.768558 7.937072 3.193848
v 9.287937 7.97696 3.079315
v 9.426006 7.927648 3.145427
v 9.295918 7.95813 3.096276
v 9.306953 7.93814 3.118831
v 9.320507 7.919647 3.145423
v 9.33858 7.901561 3.18002
v 9.498133 7.92723 3.155479
v 9.626438 7.910651 3.189859
v 9.754718 7.89385 3.224231
v 9.827208 7.879852 3.248147
v 9.818396 7.843845 3.298905
v 4.428414 7.910255 9.16644
v 9.274628 8.015924 3.0635
v 9.276154 8.004103 3.073615
v 9.278307 7.991778 3.085539
v 9.281699 7.977396 3.101088
v 9.286789 7.961727 3.119657
v 7.295867 7.984728 6.823145
v 7.66496 7.984728 6.366392
v 7.594505 7.910255 6.564764
v 6.108778 7.984728 7.984034
v 6.146353 7.984728 7.952998
v 6.150595 7.910255 8.034923
v 6.112606 7.910255 8.065979
v 4.772233 7.910255 8.980877
v 4.398305 7.984728 9.107858
v 4.307685 7.984728 9.15383
v 4.140925 7.943334 9.266584
v 1.287581 7.890802 10.18846
v 9.270764 8.017956 3.075334
v 9.318908 7.915925 3.16878
v 9.190359 8.017956 3.35387
v 9.113811 7.961727 3.678264
v 9.242445 7.908055 3.464687
v 9.235444 7.915925 3.449418
v 9.247493 7.903184 3.474945
v 9.251238 7.899864 3.482682
v 9.25386 7.897729 3.487855
v 9.120696 7.943334 3.70262
v 9.11762 7.950587 3.692794
v 9.001769 8.017956 3.910437
v 9.001481 8.0116 3.917029
v 9.001445 8.00729 3.921453
v 9.057505 7.897729 4.046641
v 8.945208 7.897729 4.324674
v 8.778903 8.00729 4.464533
v 8.893332 8.00729 4.197101
v 8.52319 8.00729 4.993865
v 8.668147 7.943334 4.791385
v 8.563476 7.897729 5.125127
v 8.826593 7.897729 4.594273
v 8.418503 7.897729 5.386705
v 8.236004 8.00729 5.5059
v 8.382562 8.00729 5.253761
v 7.917751 8.00729 5.999947
v 8.086208 7.943334 5.816815
v 8.267617 7.897729 5.640326
v 7.941622 7.897729 6.135296
v 7.746821 8.00729 6.240296
v 7.748481 7.943334 6.302143
v 7.766292 7.897729 6.376629
v 7.718599 7.910255 6.404666
v 7.150872 7.910255 7.085971
v 6.9983 7.897729 7.279688
v 6.791344 8.00729 7.352232
v 6.995589 8.00729 7.141998
v 6.363231 8.00729 7.754304
v 6.570724 7.943334 7.617652
v 6.78974 7.897729 7.490052
v 6.353353 7.897729 7.891649
v 5.911144 8.00729 8.129649
v 5.437345 8.00729 8.476411
v 5.659796 7.943334 8.36619
v 5.892892 7.897729 8.266134
v 5.410641 7.897729 8.611629
v 5.162323 7.897729 8.772854
v 4.991566 7.984728 8.775952
v 5.193004 8.00729 8.638598
v 4.168523 8.00729 9.211185
v 4.121709 7.897729 9.3407
v 3.900481 8.00729 9.335155
v 3.357181 8.00729 9.556778
v 3.599334 7.943334 9.503821
v 3.298194 7.897729 9.681638
v 3.850073 7.897729 9.463016
v 3.019648 7.897729 9.777493
v 2.800018 8.00729 9.745249
v 3.081897 8.00729 9.654648
v 2.233934 8.00729 9.898916
v 2.480543 7.943334 9.875933
v 2.734575 7.897729 9.865954
v 2.159978 7.897729 10.015696
v 1.872568 7.897729 10.07672
v 1.657736 8.00729 10.018085
v 1.949324 8.00729 9.962377
v 1.324493 7.939179 10.112678
v 1.578253 7.897729 10.129875
v 1.324702 7.943334 10.108832
v 1.324037 7.935183 10.116622
v 1.578173 7.895349 10.134773
v 1.578279 7.896514 10.132323
v 1.577647 7.893344 10.139249
v 1.320078 7.921294 10.132545
v 1.576589 7.891313 10.144173
v 1.322582 7.928288 10.124061
v 1.297236 7.896209 10.175025
v 1.305256 7.902105 10.162699
v 1.311219 7.907828 10.15238
v 1.316355 7.914453 10.141959
v 1.077336 8.00729 10.101547
v 9.204932 7.961727 3.399002
v 9.267062 7.927348 3.298347
v 9.01999 7.943334 3.980145
v 8.954443 7.973809 4.087788
v 8.909912 7.943334 4.256695
v 8.966126 7.943334 4.11857
v 8.852839 7.943334 4.391008
v 8.868276 7.917569 4.424528
v 8.793523 7.943334 4.52493
v 8.534391 7.943334 5.054473
v 8.456347 7.973809 5.153061
v 8.39175 7.943334 5.314939
v 8.464179 7.943334 5.185061
v 8.318532 7.943334 5.44164
v 8.329779 7.917569 5.47677
v 8.243195 7.943334 5.567554
v 7.921421 7.943334 6.061552
v 7.832105 7.973809 6.149654
v 7.835961 7.943334 6.182391
v 7.069258 7.984728 7.077451
v 7.067507 7.953046 7.10904
v 6.989694 7.943334 7.203592
v 6.887448 7.943334 7.309377
v 6.783515 7.943334 7.413675
v 6.889894 7.917569 7.346149
v 6.351731 7.943334 7.815096
v 6.24417 7.973809 7.878596
v 6.245548 7.93415 7.917927
v 6.007 7.953046 8.09232
v 6.009984 7.917569 8.135405
v 5.895948 7.943334 8.189628
v 5.418437 7.943334 8.535403
v 5.304166 7.973809 8.58516
v 5.17237 7.943334 8.696944
v 5.295969 7.943334 8.617145
v 5.073305 7.93415 8.769173
v 5.067652 7.910255 8.806682
v 4.006486 7.943334 9.32919
v 3.995655 7.917569 9.364365
v 3.871373 7.943334 9.389604
v 3.324368 7.943334 9.609509
v 3.201979 7.973809 9.62994
v 3.047746 7.943334 9.706274
v 3.186238 7.943334 9.659006
v 2.906291 7.943334 9.752151
v 2.891277 7.917569 9.785734
v 2.76457 7.943334 9.795716
v 2.194837 7.943334 9.947276
v 2.071149 7.973809 9.95257
v 2.051957 7.943334 9.979506
v 1.909128 7.943334 10.009458
v 1.762726 7.943334 10.037829
v 1.743755 7.917569 10.069327
v 1.616485 7.943334 10.063837
v 1.192539 7.949104 10.121269
v 1.076831 8.002209 10.103548
v 1.189395 7.944794 10.125321
v 1.185208 7.939944 10.130219
v 1.055303 7.957362 10.130921
v 1.180212 7.934963 10.135648
v 1.055928 7.961864 10.127618
v 1.170358 7.917785 10.156411
v 1.034972 7.918074 10.171565
v 1.041226 7.925206 10.162197
v 1.05073 7.941367 10.144588
v 1.053549 7.949492 10.137244
v 1.046686 7.933251 10.152874
v 0.833849 8.065923 10.113966
v 0.943794 8.012908 10.113701
v 0.831977 8.055985 10.114874
v 0.827407 8.037883 10.117925
v 0.820718 8.018251 10.123353
v 0.929851 7.968013 10.136561
v 0.92658 7.963331 10.139983
v 0.811641 7.997804 10.131551
v 0.844472 7.890377 10.238394
v 0.722495 7.90153 10.224943
v 0.748688 7.919535 10.196204
v 0.690942 7.886589 10.260324
v 0.667698 7.879728 10.286832
v 9.25152 8.017956 3.144948
v 9.24701 7.961727 3.259313
v 9.260984 7.93702 3.283651
v 9.222524 7.969229 3.324341
v 9.320442 7.896956 3.274697
v 9.326031 7.893071 3.284905
v 8.920705 8.024564 4.115022
v 9.001224 7.929772 4.065509
v 8.817591 7.958081 4.442
v 8.926641 7.89023 4.41009
v 8.419641 8.024564 5.175798
v 8.505403 7.929772 5.136826
v 8.277245 7.958081 5.488097
v 8.38957 7.89023 5.469382
v 7.793016 8.024564 6.167584
v 7.882662 7.929772 6.139677
v 6.835917 7.958081 7.344689
v 6.949971 7.89023 7.353169
v 6.202203 8.024564 7.886282
v 6.295355 7.929772 7.881394
v 5.956443 7.958081 8.12749
v 6.06891 7.89023 8.149575
v 5.261736 8.024564 8.587567
v 5.354475 7.929772 8.59428
v 3.94528 7.958081 9.343881
v 4.049759 7.89023 9.392209
v 3.160594 8.024564 9.62188
v 3.248233 7.929772 9.651089
v 2.843593 7.958081 9.759318
v 2.941776 7.89023 9.819906
v 2.031249 8.024564 9.939483
v 2.114293 7.929772 9.979241
v 1.699453 7.958081 10.03733
v 1.789916 7.89023 10.109363
v 0.885272 7.91967 10.184462
v 0.799852 7.976954 10.142865
v 0.82149 7.924817 10.183912
v 0.786623 7.958127 10.156152
v 0.769236 7.938128 10.174276
v 0.815075 7.917712 10.19315
v 9.277059 7.961727 3.154565
v 6.219757 7.976511 7.897266
v 6.035689 7.915677 8.118151
v 0.692744 7.98174 9.63717
v 0.769632 8.05785 9.6392
v 0.79859 8.019064 9.970187
v 0.728274 8.02794 9.530649
v 0.716647 8.013606 9.549088
v 0.736395 8.014563 9.637128
v 0.699639 7.972632 9.715979
v 0.714104 7.953266 9.881314
v 0.721674 7.94299 9.96784
v 0.689944 7.906067 10.12318
v 0.70147 7.911241 10.111597
v 0.712279 7.916769 10.101813
v 0.771643 7.965386 10.048607
v 0.765337 7.975798 9.967934
v 0.668226 7.986834 9.527341
v 0.653321 7.977978 9.547245
v 0.752194 8.084791 9.42415
v 0.755064 8.090576 9.423124
v 0.757787 8.096393 9.422558
v 0.762449 8.107481 9.422086
v 0.739844 8.010016 9.676549
v 0.74708 8.000414 9.759261
v 0.761551 7.980949 9.924655
v 0.719882 8.041127 9.423121
v 0.680827 7.95407 9.77779
v -1.572932 -5.7 -11.901039
v 0.0 -11.2 -12.0
v -1.572932 -11.2 -11.901039
v 0.0 -5.7 -12.0
v -3.121058 -5.7 -11.605719
v -3.121058 -11.2 -11.605719
v -4.619963 -11.2 -11.118695
v -4.619963 -5.7 -11.118695
v -6.046009 -5.7 -10.447649
v -6.046009 -11.2 -10.447649
v -7.376705 -11.2 -9.603164
v -7.376705 -5.7 -9.603164
v -8.591066 -5.7 -8.598557
v -8.591066 -11.2 -8.598557
v -9.669941 -11.2 -7.449671
v -9.669941 -5.7 -7.449671
v -10.596315 -11.2 -6.174626
v -10.596315 -5.7 -6.174626
v -11.355579 -5.7 -4.79353
v -11.355579 -11.2 -4.79353
v -11.93576 -5.7 -3.328163
v -11.93576 -11.2 -3.328163
v -12.327705 -11.2 -1.801636
v -12.327705 -5.7 -1.801636
v -12.525235 -5.7 -0.238021
v -12.525235 -11.2 -0.238021
v -12.525235 -5.7 1.338021
v -12.525235 -11.2 1.338021
v -12.327705 -5.7 2.901635
v -12.327705 -11.2 2.901635
v -11.93576 -5.7 4.428163
v -11.93576 -11.2 4.428163
v -11.355579 -5.7 5.89353
v -11.355579 -11.2 5.89353
v -10.596315 -5.7 7.274626
v -10.596315 -11.2 7.274626
v -9.669941 -11.2 8.549671
v -9.669941 -5.7 8.549671
v -8.591066 -11.2 9.698556
v -8.591066 -5.7 9.698556
v -7.376705 -5.7 10.703163
v -7.376705 -11.2 10.703163
v -6.046009 -11.2 11.547648
v -6.046009 -5.7 11.547648
v -4.619963 -5.7 12.218695
v -4.619963 -11.2 12.218695
v -3.121058 -11.2 12.705719
v -3.121058 -5.7 12.705719
v -1.572932 -11.2 13.00104
v -1.572932 -5.7 13.00104
v 0.0 -5.7 13.1
v 0.0 -11.2 13.1
v -7.891709 -11.2 2.375085
v -7.854139 -11.5 1.4
v -7.692469 -11.5 2.348866
v -8.055278 -11.2 1.4
v -7.610559 -11.2 3.322977
v -7.416604 -11.5 3.271028
v -7.216016 -11.2 4.229553
v -7.030637 -11.5 4.152796
v -6.71396 -11.2 5.081307
v -6.540301 -11.5 4.98108
v -6.11187 -11.2 5.865548
v -5.952872 -11.5 5.743584
v -5.418717 -11.2 6.57059
v -5.277073 -11.5 6.428988
v -4.64483 -11.2 7.185929
v -4.522935 -11.5 7.027118
v -3.801737 -11.2 7.702398
v -3.701653 -11.5 7.529095
v -2.902001 -11.2 8.112301
v -2.82542 -11.5 7.927466
v -1.959028 -11.2 8.40953
v -1.907243 -11.5 8.216317
v -0.986866 -11.2 8.589658
v -0.960753 -11.5 8.391362
v 0.0 -11.2 8.65
v 0.0 -11.5 8.45
v 1.015199 -11.2 8.586129
v 0.990133 -11.5 8.387706
v 2.014388 -11.2 8.395524
v 1.96465 -11.5 8.201807
v 2.981809 -11.2 8.081189
v 2.908184 -11.5 7.895234
v 3.902205 -11.2 7.648084
v 3.805854 -11.5 7.472823
v 4.761061 -11.2 7.103038
v 4.643504 -11.5 6.941234
v 5.544832 -11.2 6.454646
v 5.407922 -11.5 6.308852
v 6.241157 -11.2 5.713134
v 6.087055 -11.5 5.585649
v 6.839056 -11.2 4.890197
v 6.670191 -11.5 4.783031
v 7.329099 -11.2 3.998812
v 7.148134 -11.5 3.913656
v 7.703558 -11.2 3.053038
v 7.513347 -11.5 2.991234
v 7.956527 -11.2 2.067789
v 7.760069 -11.5 2.030312
v 8.084017 -11.2 1.058603
v 7.884411 -11.5 1.046045
v 8.084017 -11.2 0.041397
v 7.884411 -11.5 0.053955
v 7.956527 -11.2 -0.967789
v 7.760069 -11.5 -0.930312
v 7.703558 -11.2 -1.953038
v 7.513347 -11.5 -1.891234
v 7.329099 -11.2 -2.898812
v 7.148134 -11.5 -2.813656
v 6.839056 -11.2 -3.790197
v 6.670191 -11.5 -3.683032
v 6.241157 -11.2 -4.613134
v 6.087055 -11.5 -4.48565
v 5.544832 -11.2 -5.354646
v 5.407922 -11.5 -5.208852
v 4.761061 -11.2 -6.003037
v 4.643504 -11.5 -5.841234
v 3.902205 -11.2 -6.548084
v 3.805854 -11.5 -6.372823
v 2.981809 -11.2 -6.98119
v 2.908184 -11.5 -6.795234
v 2.014388 -11.2 -7.295524
v 1.96465 -11.5 -7.101807
v 0.990133 -11.5 -7.287706
v 1.015199 -11.2 -7.486129
v 0.0 -11.2 -7.55
v 0.0 -11.5 -7.35
v -0.960753 -11.5 -7.291362
v 0.0 -19.200001 -7.35
v -0.990133 -19.200001 -7.287706
v -1.907243 -11.5 -7.116318
v -1.96465 -19.200001 -7.101807
v -2.82542 -11.5 -6.827466
v -2.908184 -19.200001 -6.795234
v -3.701653 -11.5 -6.429095
v -3.805854 -19.200001 -6.372823
v -4.522935 -11.5 -5.927118
v -4.643504 -19.200001 -5.841234
v -5.277073 -11.5 -5.328988
v -5.407922 -19.200001 -5.208852
v -5.952872 -11.5 -4.643583
v -6.087055 -19.200001 -4.48565
v -6.540301 -11.5 -3.88108
v -6.670191 -19.200001 -3.683032
v -7.030637 -11.5 -3.052796
v -7.148134 -19.200001 -2.813656
v -7.416604 -11.5 -2.171028
v -7.513347 -19.200001 -1.891234
v -7.692469 -11.5 -1.248866
v -7.760069 -19.200001 -0.930312
v -7.854139 -13.7 -0.3
v -7.884411 -19.200001 0.053955
v -7.8949 -13.7 0.266178
v -7.884411 -19.200001 1.046045
v -7.854139 -11.5 -0.3
v -7.8949 -13.7 0.833822
v -7.854139 -13.7 1.4
v -7.760069 -19.200001 2.030312
v -7.513347 -19.200001 2.991234
v -7.148134 -19.200001 3.913656
v -6.670191 -19.200001 4.783031
v -6.087055 -19.200001 5.585649
v -5.407922 -19.200001 6.308852
v -4.643504 -19.200001 6.941234
v -3.805854 -19.200001 7.472823
v -2.908184 -19.200001 7.895234
v -1.96465 -19.200001 8.201807
v -0.990133 -19.200001 8.387706
v 0.0 -19.200001 8.45
v -1.4 -26.700001 -6.716361
v -0.936475 -27.700001 -6.790505
v -1.4 -27.700001 -6.716361
v 0.0 -19.200001 -6.85
v 0.0 -27.700001 -6.85
v -0.469181 -27.700001 -6.835111
v -0.927466 -19.200001 -6.791649
v -1.840305 -19.200001 -6.617516
v -2.141839 -26.700001 -6.533257
v -2.724122 -19.200001 -6.330346
v -2.860842 -26.700001 -6.274631
v -4.948687 -27.700001 -4.951863
v -4.2 -26.700001 -5.542618
v -4.2 -27.700001 -5.542618
v -3.564977 -19.200001 -5.934669
v -3.549343 -26.700001 -5.94324
v -4.349611 -19.200001 -5.436726
v -5.065649 -19.200001 -4.844368
v -5.61518 -27.700001 -4.269725
v -5.701798 -19.200001 -4.166937
v -6.188409 -27.700001 -3.507535
v -6.248027 -19.200001 -3.415118
v -6.658853 -27.700001 -2.677953
v -6.69572 -19.200001 -2.600767
v -7.018698 -27.700001 -1.794756
v -7.037818 -19.200001 -1.736726
v -7.261967 -27.700001 -0.872615
v -7.268926 -19.200001 -0.836622
v -7.38462 -27.700001 0.073155
v -7.385398 -19.200001 0.08535
v -7.38462 -27.700001 1.026845
v -7.385398 -19.200001 1.01465
v -7.268926 -19.200001 1.936622
v -7.261967 -27.700001 1.972615
v -7.037818 -19.200001 2.836726
v -7.018698 -27.700001 2.894756
v -6.69572 -19.200001 3.700767
v -6.658853 -27.700001 3.777953
v -6.248027 -19.200001 4.515118
v -6.188409 -27.700001 4.607535
v -5.701798 -19.200001 5.266938
v -5.61518 -27.700001 5.369725
v -4.2 -26.700001 6.642619
v -4.948687 -27.700001 6.051863
v -4.2 -27.700001 6.642619
v -5.065649 -19.200001 5.944368
v -4.349611 -19.200001 6.536726
v -3.564977 -19.200001 7.034669
v -3.549343 -26.700001 7.04324
v -2.860842 -26.700001 7.37463
v -0.936475 -27.700001 7.890505
v -1.4 -26.700001 7.816361
v -1.4 -27.700001 7.816361
v -2.724122 -19.200001 7.430346
v -2.141839 -26.700001 7.633256
v -1.840305 -19.200001 7.717515
v -0.927466 -19.200001 7.891649
v -0.469181 -27.700001 7.935112
v 0.0 -19.200001 7.95
v 0.0 -27.700001 7.95
v -1.4 -30.797056 5.65
v -1.4 -30.797056 6.15
v -1.60391 -30.946447 6.15
v -1.60391 -30.946447 5.65
v -1.82361 -31.071463 6.15
v -1.82361 -31.071463 5.65
v -2.0562 -31.17045 6.15
v -2.0562 -31.17045 5.65
v -2.29861 -31.242104 6.15
v -2.29861 -31.242104 5.65
v -2.547639 -31.285479 5.65
v -2.547639 -31.285479 6.15
v -2.8 -31.299999 5.65
v -2.8 -31.299999 6.15
v 3.99609 -30.946447 5.65
v 3.99609 -30.946447 6.15
v 3.77639 -31.071463 6.15
v 4.2 -30.797056 6.15
v 4.2 -30.797056 5.65
v 3.77639 -31.071463 5.65
v 3.5438 -31.17045 6.15
v 3.5438 -31.17045 5.65
v 3.30139 -31.242104 6.15
v 3.30139 -31.242104 5.65
v 3.052361 -31.285479 6.15
v 3.052361 -31.285479 5.65
v 2.8 -31.299999 5.65
v 2.8 -31.299999 6.15
v 3.4 -28.5 5.65
v 3.4 -29.9 5.65
v 3.4 -29.9 6.15
v 3.4 -28.5 6.15
v 2.2 -29.9 5.65
v 2.2 -29.9 6.15
v 2.204731 -29.975201 5.65
v 2.204731 -29.975201 6.15
v 2.21885 -30.049213 6.15
v 2.21885 -30.049213 5.65
v 2.242134 -30.120874 6.15
v 2.242134 -30.120874 5.65
v 2.274216 -30.189053 6.15
v 2.274216 -30.189053 5.65
v 2.31459 -30.25267 6.15
v 2.31459 -30.25267 5.65
v 2.362619 -30.310728 6.15
v 2.362619 -30.310728 5.65
v 2.417546 -30.362309 6.15
v 2.417546 -30.362309 5.65
v 2.478504 -30.406597 6.15
v 2.478504 -30.406597 5.65
v 2.544533 -30.442896 6.15
v 2.544533 -30.442896 5.65
v 2.61459 -30.470634 6.15
v 2.61459 -30.470634 5.65
v 2.687571 -30.489372 6.15
v 2.687571 -30.489372 5.65
v 2.762326 -30.498816 6.15
v 2.762326 -30.498816 5.65
v 2.837674 -30.498816 6.15
v 2.837674 -30.498816 5.65
v 2.912429 -30.489372 6.15
v 2.912429 -30.489372 5.65
v 2.98541 -30.470634 6.15
v 2.98541 -30.470634 5.65
v 3.055468 -30.442896 6.15
v 3.055468 -30.442896 5.65
v 3.121496 -30.406597 6.15
v 3.121496 -30.406597 5.65
v 3.182454 -30.362309 6.15
v 3.182454 -30.362309 5.65
v 3.237381 -30.310728 6.15
v 3.237381 -30.310728 5.65
v 3.28541 -30.25267 6.15
v 3.28541 -30.25267 5.65
v 3.325784 -30.189053 6.15
v 3.325784 -30.189053 5.65
v 3.357866 -30.120874 6.15
v 3.357866 -30.120874 5.65
v 3.38115 -30.049213 6.15
v 3.38115 -30.049213 5.65
v 3.395269 -29.975201 6.15
v 3.395269 -29.975201 5.65
v 2.2 -28.5 5.65
v 2.2 -28.5 6.15
v 3.395269 -28.424801 6.15
v 3.395269 -28.424801 5.65
v 3.38115 -28.350786 6.15
v 3.38115 -28.350786 5.65
v 3.357866 -28.279125 6.15
v 3.357866 -28.279125 5.65
v 3.325784 -28.210947 6.15
v 3.325784 -28.210947 5.65
v 3.28541 -28.147329 6.15
v 3.28541 -28.147329 5.65
v 3.237381 -28.089272 6.15
v 3.237381 -28.089272 5.65
v 3.182454 -28.037691 6.15
v 3.182454 -28.037691 5.65
v 3.121496 -27.993402 6.15
v 3.121496 -27.993402 5.65
v 3.055468 -27.957104 6.15
v 3.055468 -27.957104 5.65
v 2.98541 -27.929365 6.15
v 2.98541 -27.929365 5.65
v 2.912429 -27.910627 6.15
v 2.912429 -27.910627 5.65
v 2.837674 -27.901184 6.15
v 2.837674 -27.901184 5.65
v 2.762326 -27.901184 6.15
v 2.762326 -27.901184 5.65
v 2.687571 -27.910627 6.15
v 2.687571 -27.910627 5.65
v 2.61459 -27.929365 6.15
v 2.61459 -27.929365 5.65
v 2.544533 -27.957104 6.15
v 2.544533 -27.957104 5.65
v 2.478504 -27.993402 6.15
v 2.478504 -27.993402 5.65
v 2.417546 -28.037691 5.65
v 2.417546 -28.037691 6.15
v 2.362619 -28.089272 5.65
v 2.362619 -28.089272 6.15
v 2.31459 -28.147329 5.65
v 2.31459 -28.147329 6.15
v 2.274216 -28.210947 5.65
v 2.274216 -28.210947 6.15
v 2.242134 -28.279125 6.15
v 2.242134 -28.279125 5.65
v 2.21885 -28.350786 6.15
v 2.21885 -28.350786 5.65
v 2.204731 -28.424801 6.15
v 2.204731 -28.424801 5.65
v 2.547639 -31.285479 6.15
v 2.547639 -31.285479 5.65
v 2.29861 -31.242104 6.15
v 2.29861 -31.242104 5.65
v 2.0562 -31.17045 6.15
v 2.0562 -31.17045 5.65
v 1.82361 -31.071463 6.15
v 1.82361 -31.071463 5.65
v 1.60391 -30.946447 6.15
v 1.60391 -30.946447 5.65
v 1.4 -30.797056 5.65
v 1.4 -30.797056 6.15
v 4.2 -27.700001 5.65
v 4.2 -27.700001 6.15
v 1.4 -27.700001 5.65
v 1.4 -27.700001 6.15
v 4.2 -26.700001 6.15
v 1.4 -26.700001 6.15
v 1.4 -26.700001 7.816361
v 1.4 -27.700001 7.816361
v 3.549343 -26.700001 7.04324
v 4.2 -26.700001 6.642619
v 2.860842 -26.700001 7.37463
v 2.141839 -26.700001 7.633256
v 4.2 -27.700001 6.642619
v 3.4 -29.9 -5.05
v 3.395269 -29.975201 -5.05
v 3.4 -29.9 -4.55
v 3.395269 -29.975201 -4.55
v 3.38115 -30.049213 -5.05
v 3.38115 -30.049213 -4.55
v 3.357866 -30.120874 -5.05
v 3.357866 -30.120874 -4.55
v 3.325784 -30.189053 -5.05
v 3.325784 -30.189053 -4.55
v 3.28541 -30.25267 -5.05
v 3.28541 -30.25267 -4.55
v 3.237381 -30.310728 -5.05
v 3.237381 -30.310728 -4.55
v 3.182454 -30.362309 -5.05
v 3.182454 -30.362309 -4.55
v 3.121496 -30.406597 -5.05
v 3.121496 -30.406597 -4.55
v 3.055468 -30.442896 -5.05
v 3.055468 -30.442896 -4.55
v 2.98541 -30.470634 -5.05
v 2.98541 -30.470634 -4.55
v 2.912429 -30.489372 -5.05
v 2.912429 -30.489372 -4.55
v 2.837674 -30.498816 -5.05
v 2.837674 -30.498816 -4.55
v 2.762326 -30.498816 -5.05
v 2.762326 -30.498816 -4.55
v 2.687571 -30.489372 -5.05
v 2.687571 -30.489372 -4.55
v 2.61459 -30.470634 -5.05
v 2.61459 -30.470634 -4.55
v 2.544533 -30.442896 -5.05
v 2.544533 -30.442896 -4.55
v 2.478504 -30.406597 -5.05
v 2.478504 -30.406597 -4.55
v 2.417546 -30.362309 -5.05
v 2.417546 -30.362309 -4.55
v 2.362619 -30.310728 -5.05
v 2.362619 -30.310728 -4.55
v 2.31459 -30.25267 -4.55
v 2.31459 -30.25267 -5.05
v 2.274216 -30.189053 -4.55
v 2.274216 -30.189053 -5.05
v 2.242134 -30.120874 -5.05
v 2.242134 -30.120874 -4.55
v 2.21885 -30.049213 -4.55
v 2.21885 -30.049213 -5.05
v 2.204731 -29.975201 -4.55
v 2.204731 -29.975201 -5.05
v 2.2 -29.9 -5.05
v 2.2 -29.9 -4.55
v 3.4 -28.5 -5.05
v 3.4 -28.5 -4.55
v 2.2 -28.5 -5.05
v 2.204731 -28.424801 -5.05
v 2.2 -28.5 -4.55
v 2.204731 -28.424801 -4.55
v 2.21885 -28.350786 -5.05
v 2.21885 -28.350786 -4.55
v 2.242134 -28.279125 -5.05
v 2.242134 -28.279125 -4.55
v 2.274216 -28.210947 -5.05
v 2.274216 -28.210947 -4.55
v 2.31459 -28.147329 -5.05
v 2.31459 -28.147329 -4.55
v 2.362619 -28.089272 -5.05
v 2.362619 -28.089272 -4.55
v 2.417546 -28.037691 -4.55
v 2.417546 -28.037691 -5.05
v 2.478504 -27.993402 -4.55
v 2.478504 -27.993402 -5.05
v 2.544533 -27.957104 -4.55
v 2.544533 -27.957104 -5.05
v 2.61459 -27.929365 -4.55
v 2.61459 -27.929365 -5.05
v 2.687571 -27.910627 -5.05
v 2.687571 -27.910627 -4.55
v 2.762326 -27.901184 -5.05
v 2.762326 -27.901184 -4.55
v 2.837674 -27.901184 -4.55
v 2.837674 -27.901184 -5.05
v 2.912429 -27.910627 -5.05
v 2.912429 -27.910627 -4.55
v 2.98541 -27.929365 -5.05
v 2.98541 -27.929365 -4.55
v 3.055468 -27.957104 -5.05
v 3.055468 -27.957104 -4.55
v 3.121496 -27.993402 -4.55
v 3.121496 -27.993402 -5.05
v 3.182454 -28.037691 -5.05
v 3.182454 -28.037691 -4.55
v 3.237381 -28.089272 -4.55
v 3.237381 -28.089272 -5.05
v 3.28541 -28.147329 -4.55
v 3.28541 -28.147329 -5.05
v 3.325784 -28.210947 -5.05
v 3.325784 -28.210947 -4.55
v 3.357866 -28.279125 -4.55
v 3.357866 -28.279125 -5.05
v 3.38115 -28.350786 -5.05
v 3.38115 -28.350786 -4.55
v 3.395269 -28.424801 -4.55
v 3.395269 -28.424801 -5.05
v 1.623272 -30.958847 -4.55
v 1.4 -30.797056 -4.55
v 1.4 -30.797056 -5.05
v 1.623272 -30.958847 -5.05
v 1.865028 -31.091438 -4.55
v 1.865028 -31.091438 -5.05
v 2.121471 -31.192749 -4.55
v 2.121471 -31.192749 -5.05
v 2.388572 -31.261187 -4.55
v 2.388572 -31.261187 -5.05
v 2.662135 -31.295675 -4.55
v 2.662135 -31.295675 -5.05
v 2.937865 -31.295675 -4.55
v 2.937865 -31.295675 -5.05
v 3.211428 -31.261187 -4.55
v 3.211428 -31.261187 -5.05
v 3.478529 -31.192749 -4.55
v 3.478529 -31.192749 -5.05
v 3.734972 -31.091438 -4.55
v 3.734972 -31.091438 -5.05
v 3.976728 -30.958847 -4.55
v 3.976728 -30.958847 -5.05
v 4.2 -30.797056 -4.55
v 4.2 -30.797056 -5.05
v 1.4 -27.700001 -5.05
v 1.4 -27.700001 -4.55
v 4.2 -27.700001 -4.55
v 4.2 -27.700001 -5.05
v 4.2 -26.700001 -5.05
v 1.4 -26.700001 -5.05
v 4.2 -27.700001 -5.542618
v 4.2 -26.700001 -5.542618
v 3.549343 -26.700001 -5.94324
v 2.860842 -26.700001 -6.274631
v 2.141839 -26.700001 -6.533257
v 1.4 -26.700001 -6.716361
v 1.4 -27.700001 -6.716361
v -3.4 -29.9 -4.55
v -3.4 -28.5 -5.05
v -3.4 -28.5 -4.55
v -3.4 -29.9 -5.05
v -2.2 -29.9 -5.05
v -2.204731 -29.975201 -5.05
v -2.2 -29.9 -4.55
v -2.204731 -29.975201 -4.55
v -2.21885 -30.049213 -5.05
v -2.21885 -30.049213 -4.55
v -2.242134 -30.120874 -5.05
v -2.242134 -30.120874 -4.55
v -2.274216 -30.189053 -5.05
v -2.274216 -30.189053 -4.55
v -2.31459 -30.25267 -5.05
v -2.31459 -30.25267 -4.55
v -2.362619 -30.310728 -5.05
v -2.362619 -30.310728 -4.55
v -2.417546 -30.362309 -5.05
v -2.417546 -30.362309 -4.55
v -2.478504 -30.406597 -5.05
v -2.478504 -30.406597 -4.55
v -2.544533 -30.442896 -5.05
v -2.544533 -30.442896 -4.55
v -2.61459 -30.470634 -5.05
v -2.61459 -30.470634 -4.55
v -2.687571 -30.489372 -5.05
v -2.687571 -30.489372 -4.55
v -2.762326 -30.498816 -5.05
v -2.762326 -30.498816 -4.55
v -2.837674 -30.498816 -5.05
v -2.837674 -30.498816 -4.55
v -2.912429 -30.489372 -5.05
v -2.912429 -30.489372 -4.55
v -2.98541 -30.470634 -4.55
v -2.98541 -30.470634 -5.05
v -3.055468 -30.442896 -5.05
v -3.055468 -30.442896 -4.55
v -3.121496 -30.406597 -5.05
v -3.121496 -30.406597 -4.55
v -3.182454 -30.362309 -5.05
v -3.182454 -30.362309 -4.55
v -3.237381 -30.310728 -5.05
v -3.237381 -30.310728 -4.55
v -3.28541 -30.25267 -5.05
v -3.28541 -30.25267 -4.55
v -3.325784 -30.189053 -5.05
v -3.325784 -30.189053 -4.55
v -3.357866 -30.120874 -5.05
v -3.357866 -30.120874 -4.55
v -3.38115 -30.049213 -5.05
v -3.38115 -30.049213 -4.55
v -3.395269 -29.975201 -4.55
v -3.395269 -29.975201 -5.05
v -2.2 -28.5 -5.05
v -2.2 -28.5 -4.55
v -3.395269 -28.424801 -5.05
v -3.395269 -28.424801 -4.55
v -3.38115 -28.350786 -5.05
v -3.38115 -28.350786 -4.55
v -3.357866 -28.279125 -5.05
v -3.357866 -28.279125 -4.55
v -3.325784 -28.210947 -5.05
v -3.325784 -28.210947 -4.55
v -3.28541 -28.147329 -5.05
v -3.28541 -28.147329 -4.55
v -3.237381 -28.089272 -5.05
v -3.237381 -28.089272 -4.55
v -3.182454 -28.037691 -5.05
v -3.182454 -28.037691 -4.55
v -3.121496 -27.993402 -5.05
v -3.121496 -27.993402 -4.55
v -3.055468 -27.957104 -5.05
v -3.055468 -27.957104 -4.55
v -2.98541 -27.929365 -5.05
v -2.98541 -27.929365 -4.55
v -2.912429 -27.910627 -5.05
v -2.912429 -27.910627 -4.55
v -2.837674 -27.901184 -5.05
v -2.837674 -27.901184 -4.55
v -2.762326 -27.901184 -5.05
v -2.762326 -27.901184 -4.55
v -2.687571 -27.910627 -5.05
v -2.687571 -27.910627 -4.55
v -2.61459 -27.929365 -5.05
v -2.61459 -27.929365 -4.55
v -2.544533 -27.957104 -5.05
v -2.544533 -27.957104 -4.55
v -2.478504 -27.993402 -5.05
v -2.478504 -27.993402 -4.55
v -2.417546 -28.037691 -5.05
v -2.417546 -28.037691 -4.55
v -2.362619 -28.089272 -5.05
v -2.362619 -28.089272 -4.55
v -2.31459 -28.147329 -5.05
v -2.31459 -28.147329 -4.55
v -2.274216 -28.210947 -4.55
v -2.274216 -28.210947 -5.05
v -2.242134 -28.279125 -5.05
v -2.242134 -28.279125 -4.55
v -2.21885 -28.350786 -5.05
v -2.21885 -28.350786 -4.55
v -2.204731 -28.424801 -5.05
v -2.204731 -28.424801 -4.55
v -4.2 -30.797056 -4.55
v -4.2 -30.797056 -5.05
v -3.976728 -30.958847 -5.05
v -3.976728 -30.958847 -4.55
v -3.734972 -31.091438 -5.05
v -3.734972 -31.091438 -4.55
v -3.478529 -31.192749 -5.05
v -3.478529 -31.192749 -4.55
v -3.211428 -31.261187 -5.05
v -3.211428 -31.261187 -4.55
v -2.937865 -31.295675 -5.05
v -2.937865 -31.295675 -4.55
v -2.662135 -31.295675 -5.05
v -2.662135 -31.295675 -4.55
v -2.388572 -31.261187 -5.05
v -2.388572 -31.261187 -4.55
v -2.121471 -31.192749 -5.05
v -2.121471 -31.192749 -4.55
v -1.865028 -31.091438 -5.05
v -1.865028 -31.091438 -4.55
v -1.623272 -30.958847 -5.05
v -1.623272 -30.958847 -4.55
v -1.4 -30.797056 -5.05
v -1.4 -30.797056 -4.55
v -4.2 -27.700001 -4.55
v -4.2 -27.700001 -5.05
v -1.4 -27.700001 -4.55
v -1.4 -27.700001 -5.05
v -1.4 -26.700001 -5.05
v -4.2 -26.700001 -5.05
v -3.4 -29.9 6.15
v -3.395269 -29.975201 6.15
v -3.4 -29.9 5.65
v -3.395269 -29.975201 5.65
v -3.38115 -30.049213 6.15
v -3.38115 -30.049213 5.65
v -3.357866 -30.120874 6.15
v -3.357866 -30.120874 5.65
v -3.325784 -30.189053 6.15
v -3.325784 -30.189053 5.65
v -3.28541 -30.25267 6.15
v -3.28541 -30.25267 5.65
v -3.237381 -30.310728 6.15
v -3.237381 -30.310728 5.65
v -3.182454 -30.362309 6.15
v -3.182454 -30.362309 5.65
v -3.121496 -30.406597 6.15
v -3.121496 -30.406597 5.65
v -3.055468 -30.442896 6.15
v -3.055468 -30.442896 5.65
v -2.98541 -30.470634 6.15
v -2.98541 -30.470634 5.65
v -2.912429 -30.489372 6.15
v -2.912429 -30.489372 5.65
v -2.837674 -30.498816 5.65
v -2.837674 -30.498816 6.15
v -2.762326 -30.498816 6.15
v -2.762326 -30.498816 5.65
v -2.687571 -30.489372 6.15
v -2.687571 -30.489372 5.65
v -2.61459 -30.470634 5.65
v -2.61459 -30.470634 6.15
v -2.544533 -30.442896 6.15
v -2.544533 -30.442896 5.65
v -2.478504 -30.406597 6.15
v -2.478504 -30.406597 5.65
v -2.417546 -30.362309 6.15
v -2.417546 -30.362309 5.65
v -2.362619 -30.310728 5.65
v -2.362619 -30.310728 6.15
v -2.31459 -30.25267 6.15
v -2.31459 -30.25267 5.65
v -2.274216 -30.189053 6.15
v -2.274216 -30.189053 5.65
v -2.242134 -30.120874 6.15
v -2.242134 -30.120874 5.65
v -2.21885 -30.049213 6.15
v -2.21885 -30.049213 5.65
v -2.204731 -29.975201 6.15
v -2.204731 -29.975201 5.65
v -2.2 -29.9 6.15
v -2.2 -29.9 5.65
v -3.4 -28.5 5.65
v -3.4 -28.5 6.15
v -2.2 -28.5 6.15
v -2.204731 -28.424801 6.15
v -2.2 -28.5 5.65
v -2.204731 -28.424801 5.65
v -2.21885 -28.350786 6.15
v -2.21885 -28.350786 5.65
v -2.242134 -28.279125 6.15
v -2.242134 -28.279125 5.65
v -2.274216 -28.210947 6.15
v -2.274216 -28.210947 5.65
v -2.31459 -28.147329 6.15
v -2.31459 -28.147329 5.65
v -2.362619 -28.089272 6.15
v -2.362619 -28.089272 5.65
v -2.417546 -28.037691 6.15
v -2.417546 -28.037691 5.65
v -2.478504 -27.993402 6.15
v -2.478504 -27.993402 5.65
v -2.544533 -27.957104 6.15
v -2.544533 -27.957104 5.65
v -2.61459 -27.929365 6.15
v -2.61459 -27.929365 5.65
v -2.687571 -27.910627 6.15
v -2.687571 -27.910627 5.65
v -2.762326 -27.901184 5.65
v -2.762326 -27.901184 6.15
v -2.837674 -27.901184 6.15
v -2.837674 -27.901184 5.65
v -2.912429 -27.910627 6.15
v -2.912429 -27.910627 5.65
v -2.98541 -27.929365 6.15
v -2.98541 -27.929365 5.65
v -3.055468 -27.957104 6.15
v -3.055468 -27.957104 5.65
v -3.121496 -27.993402 6.15
v -3.121496 -27.993402 5.65
v -3.182454 -28.037691 5.65
v -3.182454 -28.037691 6.15
v -3.237381 -28.089272 5.65
v -3.237381 -28.089272 6.15
v -3.28541 -28.147329 6.15
v -3.28541 -28.147329 5.65
v -3.325784 -28.210947 5.65
v -3.325784 -28.210947 6.15
v -3.357866 -28.279125 5.65
v -3.357866 -28.279125 6.15
v -3.38115 -28.350786 6.15
v -3.38115 -28.350786 5.65
v -3.395269 -28.424801 6.15
v -3.395269 -28.424801 5.65
v -3.052361 -31.285479 5.65
v -3.052361 -31.285479 6.15
v -3.30139 -31.242104 5.65
v -3.30139 -31.242104 6.15
v -3.5438 -31.17045 5.65
v -3.5438 -31.17045 6.15
v -3.77639 -31.071463 5.65
v -3.77639 -31.071463 6.15
v -3.99609 -30.946447 5.65
v -3.99609 -30.946447 6.15
v -4.2 -30.797056 6.15
v -4.2 -30.797056 5.65
v -1.4 -27.700001 5.65
v -4.2 -27.700001 5.65
v -4.2 -27.700001 6.15
v -1.4 -27.700001 6.15
v -1.4 -26.700001 6.15
v -4.2 -26.700001 6.15
v 4.948687 -27.700001 -4.951863
v 6.658853 -27.700001 -2.677953
v 7.018698 -27.700001 -1.794756
v 6.188409 -27.700001 -3.507535
v 5.61518 -27.700001 -4.269725
v 0.936475 -27.700001 -6.790505
v 0.469181 -27.700001 -6.835111
v 7.261967 -27.700001 -0.872615
v 7.38462 -27.700001 0.073155
v 5.61518 -27.700001 5.369725
v 4.948687 -27.700001 6.051863
v 6.188409 -27.700001 4.607535
v 6.658853 -27.700001 3.777953
v 7.018698 -27.700001 2.894756
v 7.261967 -27.700001 1.972615
v 7.38462 -27.700001 1.026845
v 0.936475 -27.700001 7.890505
v 0.469181 -27.700001 7.935112
v 0.927466 -19.200001 7.891649
v 1.840305 -19.200001 7.717515
v 2.724122 -19.200001 7.430346
v 3.564977 -19.200001 7.034669
v 4.349611 -19.200001 6.536726
v 5.065649 -19.200001 5.944368
v 5.701798 -19.200001 5.266938
v 6.248027 -19.200001 4.515118
v 6.69572 -19.200001 3.700767
v 7.037818 -19.200001 2.836726
v 7.268926 -19.200001 1.936622
v 7.385398 -19.200001 1.01465
v 7.385398 -19.200001 0.08535
v 7.268926 -19.200001 -0.836622
v 7.037818 -19.200001 -1.736726
v 6.69572 -19.200001 -2.600767
v 6.248027 -19.200001 -3.415118
v 5.701798 -19.200001 -4.166937
v 5.065649 -19.200001 -4.844368
v 4.349611 -19.200001 -5.436726
v 3.564977 -19.200001 -5.934669
v 2.724122 -19.200001 -6.330346
v 1.840305 -19.200001 -6.617516
v 0.927466 -19.200001 -6.791649
v 4.643504 -19.200001 6.941234
v 5.407922 -19.200001 6.308852
v 6.087055 -19.200001 5.585649
v 3.805854 -19.200001 7.472823
v 6.670191 -19.200001 4.783031
v 2.908184 -19.200001 7.895234
v 7.148134 -19.200001 3.913656
v 1.96465 -19.200001 8.201807
v 7.513347 -19.200001 2.991234
v 0.990133 -19.200001 8.387706
v 7.760069 -19.200001 2.030312
v 7.884411 -19.200001 1.046045
v 7.884411 -19.200001 0.053955
v 7.760069 -19.200001 -0.930312
v 7.513347 -19.200001 -1.891234
v 7.148134 -19.200001 -2.813656
v 6.670191 -19.200001 -3.683032
v 6.087055 -19.200001 -4.48565
v 5.407922 -19.200001 -5.208852
v 4.643504 -19.200001 -5.841234
v 3.805854 -19.200001 -6.372823
v 2.908184 -19.200001 -6.795234
v 1.96465 -19.200001 -7.101807
v 0.990133 -19.200001 -7.287706
v -9.035921 -11.2 1.4
v -9.035921 -13.7 1.4
v -0.986866 -11.2 -7.489658
v -1.959028 -11.2 -7.30953
v -2.902001 -11.2 -7.0123
v -3.801737 -11.2 -6.602398
v -4.64483 -11.2 -6.085929
v -5.418717 -11.2 -5.47059
v -6.11187 -11.2 -4.765547
v -6.71396 -11.2 -3.981307
v -7.216016 -11.2 -3.129553
v -7.610559 -11.2 -2.222977
v -7.891709 -11.2 -1.275085
v -8.055278 -11.2 -0.3
v 1.572932 -5.7 13.00104
v 1.572932 -11.2 13.00104
v 3.121058 -5.7 12.705719
v 3.121058 -11.2 12.705719
v 4.619963 -5.7 12.218695
v 4.619963 -11.2 12.218695
v 6.046009 -11.2 11.547648
v 6.046009 -5.7 11.547648
v 7.376705 -5.7 10.703163
v 7.376705 -11.2 10.703163
v 8.591066 -5.7 9.698556
v 8.591066 -11.2 9.698556
v 9.669941 -11.2 8.549671
v 9.669941 -5.7 8.549671
v 10.596315 -5.7 7.274626
v 10.596315 -11.2 7.274626
v 11.355579 -5.7 5.89353
v 11.355579 -11.2 5.89353
v 11.93576 -5.7 4.428163
v 11.93576 -11.2 4.428163
v 12.327705 -5.7 2.901635
v 12.327705 -11.2 2.901635
v 12.525235 -5.7 1.338021
v 12.525235 -11.2 1.338021
v 12.525235 -5.7 -0.238021
v 12.525235 -11.2 -0.238021
v 12.327705 -5.7 -1.801636
v 12.327705 -11.2 -1.801636
v 11.93576 -5.7 -3.328163
v 11.93576 -11.2 -3.328163
v 11.355579 -5.7 -4.79353
v 11.355579 -11.2 -4.79353
v 10.596315 -5.7 -6.174626
v 10.596315 -11.2 -6.174626
v 9.669941 -5.7 -7.449671
v 9.669941 -11.2 -7.449671
v 8.591066 -5.7 -8.598557
v 8.591066 -11.2 -8.598557
v 7.376705 -5.7 -9.603164
v 7.376705 -11.2 -9.603164
v 6.046009 -11.2 -10.447649
v 6.046009 -5.7 -10.447649
v 4.619963 -5.7 -11.118695
v 4.619963 -11.2 -11.118695
v 3.121058 -11.2 -11.605719
v 3.121058 -5.7 -11.605719
v 1.572932 -5.7 -11.901039
v 1.572932 -11.2 -11.901039
v -9.035921 -11.2 -0.3
v -9.129129 -11.2 1.24528
v -9.203066 -11.2 1.080478
v -9.256657 -11.2 0.907984
v -9.289124 -11.2 0.730299
v -9.3 -11.2 0.55
v -9.289124 -11.2 0.369701
v -9.256657 -11.2 0.192016
v -9.203066 -11.2 0.019522
v -9.129129 -11.2 -0.14528
v -9.035921 -13.7 -0.3
v -9.129129 -13.7 -0.14528
v -9.203066 -13.7 0.019522
v -9.256657 -13.7 0.192016
v -9.289124 -13.7 0.369701
v -9.3 -13.7 0.55
v -9.289124 -13.7 0.730299
v -9.256657 -13.7 0.907984
v -9.203066 -13.7 1.080478
v -9.129129 -13.7 1.24528
vn -0.044444 0.706408 -0.706408
vn -0.044444 0.706397 -0.706419
vn -0.132633 0.706391 -0.695285
vn -0.132632 0.706397 -0.695279
vn -0.218726 0.706399 -0.673171
vn -0.218729 0.706391 -0.673179
vn -0.301364 0.706419 -0.640431
vn -0.301372 0.706399 -0.640449
vn -0.379266 0.706398 -0.597627
vn -0.379256 0.706418 -0.597611
vn -0.451183 0.706391 -0.545386
vn -0.451177 0.7064 -0.54538
vn -0.515979 0.706393 -0.484536
vn -0.51598 0.706391 -0.484538
vn -0.572625 0.70641 -0.416036
vn -0.572639 0.706392 -0.416047
vn -0.620249 0.706413 -0.340985
vn -0.620251 0.706411 -0.340986
vn -0.658112 0.706396 -0.260565
vn -0.658093 0.706415 -0.260558
vn -0.685568 0.706408 -0.176024
vn -0.68558 0.706395 -0.176027
vn -0.702224 0.706408 -0.088712
vn -0.702214 0.706418 -0.08871
vn -0.707795 0.706418 0.0
vn -0.707795 0.706418 0.0
vn -0.702214 0.706418 0.08871
vn -0.702224 0.706408 0.088712
vn -0.685568 0.706408 0.176024
vn -0.685581 0.706395 0.176027
vn -0.658112 0.706395 0.260565
vn -0.658089 0.70642 0.260556
vn -0.620244 0.70642 0.340982
vn -0.620251 0.706411 0.340986
vn -0.572623 0.706411 0.416035
vn -0.57264 0.706391 0.416047
vn -0.515979 0.706393 0.484536
vn -0.51598 0.706391 0.484537
vn -0.451166 0.706417 0.545366
vn -0.451183 0.706391 0.545386
vn -0.379266 0.706398 0.597627
vn -0.379255 0.706418 0.597611
vn -0.301363 0.706421 0.64043
vn -0.301373 0.706397 0.640451
vn -0.218722 0.706413 0.673157
vn -0.218719 0.706422 0.673149
vn -0.132632 0.706397 0.695278
vn -0.132628 0.706414 0.695262
vn -0.044443 0.706408 0.706408
vn -0.044444 0.706397 0.706419
vn 0.783369 -0.00357 -0.621547
vn 0.703326 -0.000614 -0.710867
vn 0.783286 -7e-06 -0.621661
vn 0.783319 0.000613 -0.621619
vn 0.613161 -0.000526 -0.789958
vn 0.70324 0.000526 -0.710953
vn 0.514175 -0.00044 -0.857685
vn 0.613079 0.000437 -0.790021
vn 0.407792 -0.000349 -0.913075
vn 0.514102 0.000353 -0.857729
vn 0.295545 -0.000268 -0.955329
vn 0.407733 0.000258 -0.913101
vn 0.179045 -0.000178 -0.983841
vn 0.2955 0.000173 -0.955343
vn 0.059969 -9.1e-05 -0.9982
vn 0.179017 8.4e-05 -0.983846
vn 0.059959 0.0 -0.998201
vn 0.04362 -0.0 0.999048
vn 0.04362 0.0 0.999048
vn 0.130526 0.0 0.991445
vn 0.130526 0.0 0.991445
vn 0.21644 1.3e-05 0.976296
vn 0.216439 0.0 0.976296
vn -0.06279 0.0 -0.998027
vn -0.187382 -0.0 -0.982287
vn -0.06279 -0.0 -0.998027
vn -0.309017 -0.0 -0.951057
vn -0.187382 -0.0 -0.982287
vn -0.42578 -0.0 -0.904827
vn -0.309017 -0.0 -0.951057
vn -0.535827 -0.0 -0.844328
vn -0.42578 -0.0 -0.904827
vn -0.637424 -0.0 -0.770513
vn -0.535827 -0.0 -0.844328
vn -0.728968 -0.0 -0.684547
vn -0.637424 -0.0 -0.770513
vn -0.809017 -0.0 -0.587785
vn -0.728968 -0.0 -0.684547
vn -0.876307 -0.0 -0.481754
vn -0.809017 -0.0 -0.587785
vn -0.929776 -0.0 -0.368125
vn -0.876307 -0.0 -0.481754
vn -0.968583 -0.0 -0.24869
vn -0.929776 -0.0 -0.368125
vn -0.992115 -0.0 -0.125333
vn -0.968583 -0.0 -0.24869
vn -0.992115 -0.0 -0.125333
vn -1.0 0.0 0.0
vn -1.0 -0.0 -0.0
vn -0.992115 0.0 0.125333
vn -0.992115 0.0 0.125333
vn -0.929776 0.0 0.368125
vn -0.968583 0.0 0.24869
vn -0.968583 0.0 0.24869
vn -0.929776 0.0 0.368125
vn -0.876307 0.0 0.481754
vn -0.876307 0.0 0.481754
vn -0.809017 0.0 0.587785
vn -0.809017 0.0 0.587785
vn -0.637424 0.0 0.770513
vn -0.728968 0.0 0.684547
vn -0.728968 0.0 0.684547
vn -0.637424 0.0 0.770513
vn -0.535827 0.0 0.844328
vn -0.535827 0.0 0.844328
vn -0.309017 0.0 0.951056
vn -0.425779 0.0 0.904827
vn -0.425779 0.0 0.904827
vn -0.309017 0.0 0.951056
vn -0.187381 0.0 0.982287
vn -0.187381 0.0 0.982287
vn -0.062791 0.0 0.998027
vn -0.062791 0.0 0.998027
vn -0.059017 -0.341424 -0.938055
vn -0.059017 -0.341424 -0.938055
vn -0.176122 -0.341424 -0.923261
vn -0.176122 -0.341424 -0.923261
vn -0.290448 -0.341424 -0.893907
vn -0.290448 -0.341424 -0.893907
vn -0.400194 -0.341424 -0.850455
vn -0.400194 -0.341424 -0.850455
vn -0.503629 -0.341424 -0.793592
vn -0.503628 -0.341424 -0.793592
vn -0.599121 -0.341424 -0.724213
vn -0.599121 -0.341424 -0.724213
vn -0.685164 -0.341424 -0.643412
vn -0.685164 -0.341424 -0.643412
vn -0.760403 -0.341424 -0.552465
vn -0.760403 -0.341424 -0.552465
vn -0.823649 -0.341424 -0.452805
vn -0.823649 -0.341424 -0.452805
vn -0.873906 -0.341424 -0.346004
vn -0.873906 -0.341423 -0.346004
vn -0.910381 -0.341424 -0.233746
vn -0.910381 -0.341423 -0.233746
vn -0.932498 -0.341424 -0.117802
vn -0.932498 -0.341424 -0.117802
vn -0.939909 -0.341424 -0.0
vn -0.939909 -0.341424 -0.0
vn -0.932498 -0.341424 0.117802
vn -0.932498 -0.341424 0.117802
vn -0.910381 -0.341423 0.233746
vn -0.91038 -0.341424 0.233746
vn -0.873906 -0.341424 0.346004
vn -0.873906 -0.341423 0.346004
vn -0.823649 -0.341424 0.452805
vn -0.823649 -0.341424 0.452805
vn -0.760403 -0.341424 0.552465
vn -0.760403 -0.341423 0.552465
vn -0.685164 -0.341424 0.643412
vn -0.685165 -0.341423 0.643412
vn -0.599121 -0.341424 0.724213
vn -0.599121 -0.341424 0.724213
vn -0.503629 -0.341424 0.793592
vn -0.503629 -0.341424 0.793592
vn -0.400194 -0.341424 0.850455
vn -0.400194 -0.341424 0.850455
vn -0.290448 -0.341424 0.893907
vn -0.290448 -0.341424 0.893907
vn -0.176121 -0.341424 0.923261
vn -0.176122 -0.341424 0.923261
vn -0.059018 -0.341424 0.938055
vn -0.059017 -0.341423 0.938055
vn -0.062791 -0.0 0.998027
vn -0.187381 0.0 0.982287
vn -0.062791 0.0 0.998027
vn -0.309017 0.0 0.951057
vn -0.187381 0.0 0.982287
vn -0.425779 0.0 0.904827
vn -0.309017 0.0 0.951057
vn -0.535827 0.0 0.844328
vn -0.425779 0.0 0.904827
vn -0.637424 0.0 0.770513
vn -0.535827 0.0 0.844328
vn -0.728968 0.0 0.684547
vn -0.637424 0.0 0.770513
vn -0.809017 0.0 0.587785
vn -0.728968 0.0 0.684547
vn -0.876307 0.0 0.481754
vn -0.809017 0.0 0.587785
vn -0.929777 0.0 0.368125
vn -0.876307 0.0 0.481754
vn -0.968583 0.0 0.24869
vn -0.929777 0.0 0.368125
vn -0.968583 0.0 0.24869
vn -0.992115 0.0 0.125333
vn -0.992115 0.0 0.125333
vn -1.0 0.0 0.0
vn -1.0 0.0 0.0
vn -0.992115 0.0 -0.125333
vn -0.968583 0.0 -0.24869
vn -0.992115 0.0 -0.125333
vn -0.929776 0.0 -0.368125
vn -0.968583 0.0 -0.24869
vn -0.876307 0.0 -0.481754
vn -0.929776 0.0 -0.368125
vn -0.809017 0.0 -0.587785
vn -0.876307 0.0 -0.481754
vn -0.728969 0.0 -0.684547
vn -0.809017 0.0 -0.587785
vn -0.637424 0.0 -0.770513
vn -0.728969 0.0 -0.684547
vn -0.535827 0.0 -0.844328
vn -0.637424 0.0 -0.770513
vn -0.425779 0.0 -0.904827
vn -0.535827 0.0 -0.844328
vn -0.309017 0.0 -0.951056
vn -0.425779 0.0 -0.904827
vn -0.187381 0.0 -0.982287
vn -0.309017 0.0 -0.951056
vn -0.062791 0.0 -0.998027
vn -0.187381 0.0 -0.982287
vn -0.062791 -0.0 -0.998027
vn -0.707107 -5e-06 -0.707107
vn -0.707108 1.3e-05 -0.707106
vn -0.707107 4e-06 -0.707107
vn 0.634023 0.512523 -0.579081
vn 0.619031 0.439637 -0.650784
vn 0.662677 0.356747 -0.658476
vn 0.633418 0.442749 -0.63463
vn 0.56271 0.612039 -0.555667
vn 0.520387 0.692031 -0.50029
vn 0.539791 0.736273 -0.408078
vn 0.560389 0.60477 -0.565878
vn 0.593771 0.51043 -0.622011
vn 0.599329 0.533541 -0.596774
vn 0.630418 0.467315 -0.61983
vn 0.653598 0.417925 -0.63099
vn 0.64876 0.366929 -0.666688
vn 0.639241 0.417957 -0.645509
vn 0.918793 -0.194451 -0.343523
vn 0.881056 0.329183 -0.339675
vn 0.932552 -0.03296 -0.359528
vn 0.003349 0.999994 -0.000737
vn 0.905523 0.395726 -0.153066
vn 0.003397 0.999994 -0.000383
vn 0.275408 0.961239 0.013014
vn 0.764049 0.643897 0.040317
vn 0.764578 0.643234 0.040866
vn 0.013231 0.999896 0.005685
vn 0.365231 0.856336 -0.365096
vn 0.4901 0.732822 -0.47199
vn 0.72417 0.172583 -0.667677
vn 0.676198 0.267823 -0.686314
vn 0.674261 0.336376 -0.657437
vn 0.808139 0.064154 -0.585488
vn 0.649314 0.328224 -0.686047
vn 0.897576 -0.024848 -0.440159
vn 0.722187 0.391503 -0.570237
vn 0.782261 0.370206 -0.501014
vn 0.681898 0.386068 -0.621262
vn 0.055486 0.994822 0.085149
vn 0.113455 0.993237 0.024644
vn 0.159259 0.947367 -0.277727
vn 0.366166 0.894283 -0.257256
vn 0.092989 0.973605 -0.208436
vn 0.09403 0.96708 -0.236465
vn 0.360646 0.914946 -0.181132
vn 0.361019 0.908249 -0.211537
vn 0.723588 0.144373 -0.674965
vn 0.053228 0.997393 -0.048715
vn 0.054042 0.997288 -0.04996
vn 0.349351 0.879571 -0.322968
vn 0.055806 0.997372 -0.046194
vn 0.614762 0.556453 -0.558952
vn 0.748765 -0.022582 -0.662451
vn 0.734875 0.116265 -0.668162
vn 0.366148 0.879966 -0.302646
vn 0.05602 0.997355 -0.046304
vn 0.058481 0.997204 -0.046511
vn 0.759563 0.163682 -0.629502
vn 0.628588 0.577481 -0.520954
vn 0.767753 0.200238 -0.608654
vn 0.634845 0.586235 -0.503288
vn 0.054801 0.997736 -0.038993
vn 0.379786 0.878133 -0.290939
vn 0.059213 0.997214 -0.045361
vn 0.778413 0.202005 -0.594363
vn 0.379158 0.885232 -0.269448
vn 0.055091 0.997714 -0.03915
vn 0.684012 0.551214 -0.477797
vn 0.817353 0.077223 -0.570939
vn 0.824107 -0.006733 -0.566394
vn 0.057111 0.997829 -0.032793
vn 0.405391 0.879565 -0.249047
vn 0.062707 0.997288 -0.038523
vn 0.830894 0.1833 -0.525373
vn 0.060618 0.997574 -0.034225
vn 0.405461 0.884984 -0.228921
vn 0.886794 -0.0221 -0.461636
vn 0.874849 0.11546 -0.470433
vn 0.73188 0.556297 -0.393554
vn 0.889292 0.164119 -0.426879
vn 0.73595 0.577561 -0.353272
vn 0.059282 0.997887 -0.026584
vn 0.064369 0.997481 -0.029799
vn 0.423886 0.884202 -0.196232
vn 0.91395 0.111217 -0.390289
vn 0.844585 0.395721 -0.360667
vn 0.502464 0.840782 -0.201533
vn 0.478857 0.865466 -0.147188
vn 0.709626 0.643902 -0.286044
vn 0.559786 0.797323 -0.225645
vn 0.004024 0.999991 -0.001578
vn 0.256687 0.961239 -0.100657
vn 0.711325 0.643907 -0.281781
vn 0.503381 0.840858 -0.198911
vn 0.503319 0.840783 -0.199383
vn 0.833384 0.463767 -0.300652
vn 0.061944 0.997869 -0.020515
vn 0.065389 0.997613 -0.022173
vn 0.439771 0.885642 -0.149127
vn 0.934552 0.193801 -0.29842
vn 0.740537 0.635146 -0.219531
vn 0.867035 0.395602 -0.302901
vn 0.070567 0.997287 -0.020937
vn 0.455999 0.879637 -0.135291
vn 0.093171 0.995112 -0.032727
vn 0.972359 -0.004782 -0.233443
vn 0.946084 0.184366 -0.266336
vn 0.27142 0.960807 -0.056398
vn 0.511923 0.846784 -0.144542
vn 0.971357 0.073388 -0.226007
vn 0.81288 0.550867 -0.189134
vn 0.754637 0.643624 -0.127561
vn 0.754553 0.643902 -0.126646
vn 0.533903 0.840783 -0.089612
vn 0.904974 0.395727 -0.156276
vn 0.977003 0.130389 -0.168714
vn 0.003796 0.999993 -0.000378
vn 0.065718 0.997838 -0.00048
vn 0.074362 0.997226 -0.003331
vn 0.066821 0.997765 -0.000359
vn 0.462576 0.886576 -0.002484
vn 0.275421 0.961239 0.012726
vn 0.00432 0.999991 0.0002
vn 0.288628 0.95683 -0.034221
vn -0.037339 0.990529 0.132129
vn 0.540698 0.840782 0.027047
vn 0.243737 0.919479 0.308464
vn 0.541509 0.840209 0.028574
vn 0.342383 0.939404 0.017127
vn 0.54075 0.840795 0.025553
vn 0.764242 0.643902 0.036405
vn 0.54076 0.840782 0.025759
vn 0.064764 0.997881 0.006334
vn 0.073598 0.997277 0.004752
vn 0.918371 0.395432 0.015131
vn 0.990196 0.125631 0.06107
vn 0.943091 0.327408 0.058165
vn 0.068118 0.997652 0.007092
vn 0.461024 0.886089 0.048001
vn 0.991341 -0.014469 0.130513
vn 0.826901 0.553364 0.100113
vn 0.988088 0.096802 0.119628
vn 0.063347 0.997908 0.012948
vn 0.071806 0.997339 0.012577
vn 0.467751 0.880055 0.081926
vn 0.971177 0.173929 0.162983
vn 0.804477 0.578437 0.135008
vn 0.45508 0.885032 0.098088
vn 0.068582 0.997536 0.014782
vn 0.967803 -0.026671 0.250291
vn 0.796304 0.577368 0.180406
vn 0.963338 0.156036 0.218248
vn 0.956188 0.128163 0.263208
vn 0.799549 0.558821 0.22009
vn 0.061955 0.997889 0.019476
vn 0.445755 0.884897 0.135126
vn 0.067185 0.997533 0.020367
vn 0.068979 0.997333 0.023831
vn 0.449021 0.879952 0.15513
vn 0.928381 0.17395 0.328406
vn 0.769118 0.578305 0.272068
vn 0.930307 -0.015406 0.366457
vn 0.001417 0.999996 0.002641
vn 0.176309 0.981724 0.071647
vn 0.231263 0.968729 0.089902
vn 0.282699 0.953596 0.103613
vn 0.330435 0.936986 0.113449
vn 0.377322 0.918234 0.120311
vn 0.42299 0.897569 0.124296
vn 0.127097 0.945155 0.30088
vn 0.129673 0.948059 0.290464
vn 0.126298 0.943095 0.307604
vn 0.102954 0.911975 0.397116
vn 0.186736 0.975923 0.112714
vn 0.462168 0.872155 0.160458
vn 0.508224 0.845227 0.165225
vn 0.55676 0.813708 0.167027
vn 0.612998 0.772578 0.1654
vn 0.297218 0.930101 0.215809
vn 0.447494 0.864158 0.230175
vn 0.333408 0.927509 0.169016
vn 0.376355 0.91341 0.155042
vn 0.416848 0.891142 0.179173
vn 0.466329 0.832304 0.29968
vn 0.470753 0.798924 0.374316
vn 0.771593 0.553523 0.313459
vn 0.922033 0.097713 0.374575
vn 0.573238 0.596271 -0.562014
vn 0.604899 0.502716 -0.617555
vn 0.672244 0.430577 -0.602238
vn 0.484875 0.734304 -0.475072
vn 0.631339 0.537308 -0.559206
vn 0.627798 0.539105 -0.561458
vn 0.406459 0.817119 -0.408788
vn 0.359121 0.87479 -0.32523
vn 0.612305 0.563549 -0.554522
vn 0.367485 0.877525 -0.308066
vn 0.621433 0.585176 -0.520952
vn 0.41304 0.869173 -0.27191
vn 0.3714 0.877775 -0.30261
vn 0.374592 0.878022 -0.297921
vn 0.375176 0.877777 -0.29791
vn 0.628085 0.58619 -0.511752
vn 0.634043 0.586952 -0.503465
vn 0.642916 0.58727 -0.491704
vn 0.380726 0.877645 -0.291181
vn 0.644104 0.585877 -0.491811
vn 0.654449 0.587282 -0.476232
vn 0.386816 0.878147 -0.281479
vn 0.673998 0.575701 -0.46292
vn 0.398193 0.875583 -0.27349
vn 0.399378 0.86611 -0.300584
vn 0.688849 0.579463 -0.435558
vn 0.406045 0.877103 -0.256552
vn 0.688635 0.580059 -0.435101
vn 0.689724 0.587983 -0.422559
vn 0.406568 0.879011 -0.249083
vn 0.412108 0.877417 -0.245576
vn 0.410847 0.880989 -0.234654
vn 0.700171 0.591473 -0.3999
vn 0.427195 0.874781 -0.228608
vn 0.728341 0.563564 -0.389763
vn 0.46662 0.86918 -0.163684
vn 0.729055 0.585194 -0.355002
vn 0.431132 0.877527 -0.209933
vn 0.731183 0.592622 -0.337891
vn 0.42509 0.883578 -0.19644
vn 0.479237 0.858817 -0.181012
vn 0.772917 0.495782 -0.395979
vn 0.424356 0.855386 -0.297048
vn 0.679126 0.693317 -0.241039
vn 0.428876 0.883148 -0.19004
vn 0.556563 0.798736 -0.228601
vn 0.410982 0.892143 -0.187549
vn -0.028109 0.99955 -0.010508
vn 0.004013 0.999991 -0.001586
vn 0.255887 0.961243 -0.102634
vn 0.256424 0.961239 -0.101326
vn 0.256424 0.961239 -0.101325
vn 0.261286 0.95998 -0.100835
vn 0.688965 0.657257 -0.305517
vn 0.854073 0.387665 -0.346807
vn 0.847322 0.395724 -0.354186
vn 0.681458 0.674146 -0.284853
vn 0.710965 0.641235 -0.288697
vn 0.393715 0.909738 -0.131779
vn 0.603372 0.755961 -0.253902
vn 0.612801 0.752977 -0.239792
vn 0.390284 0.915586 -0.09685
vn 0.402231 0.907676 -0.119725
vn 0.449097 0.880903 -0.149401
vn 0.765012 0.591598 -0.254497
vn 0.775185 0.588175 -0.230516
vn 0.458148 0.877351 -0.142672
vn 0.456455 0.879332 -0.135736
vn 0.783686 0.580474 -0.221104
vn 0.7845 0.57947 -0.220848
vn 0.462221 0.877123 -0.130408
vn 0.794519 0.576165 -0.191762
vn 0.490016 0.866426 -0.095863
vn 0.469489 0.875637 -0.113314
vn 0.281686 0.958612 -0.041416
vn 0.636461 0.756747 -0.14917
vn 0.540739 0.835494 -0.097735
vn 0.837488 0.50222 -0.215382
vn 0.577542 0.803397 -0.144908
vn 0.825106 0.532421 -0.189018
vn 0.601579 0.792147 -0.102986
vn 0.046287 0.998917 -0.004718
vn 0.496107 0.8541 -0.156175
vn 0.390284 0.918432 -0.064503
vn 0.00073 0.999864 -0.016469
vn 0.27379 0.961082 -0.036897
vn 0.305363 0.949905 -0.066592
vn 0.89674 0.404858 -0.178738
vn 0.659411 0.744248 -0.106174
vn 0.971001 0.100573 -0.21689
vn 0.844274 0.515868 -0.145198
vn 0.971199 0.141326 -0.191833
vn 0.863387 0.469464 -0.184841
vn 0.880685 0.452198 -0.141109
vn 0.082907 0.996365 -0.019592
vn 0.013336 0.999121 0.039732
vn 0.269141 0.961345 -0.05813
vn 0.356436 0.93329 0.043859
vn 0.338281 0.939491 -0.054053
vn 0.65182 0.739487 -0.168194
vn 0.783004 0.605118 -0.144008
vn 0.55868 0.828512 -0.038003
vn 0.533543 0.841465 -0.085253
vn 0.534488 0.84078 -0.086091
vn 0.906919 0.393521 -0.150464
vn 0.978859 0.124345 -0.162399
vn 0.491473 0.866497 -0.087393
vn 0.277874 0.960102 -0.031484
vn 0.273772 0.961238 -0.032732
vn 0.535362 0.841564 -0.071817
vn 0.831126 0.551574 -0.070683
vn 0.711461 0.696214 -0.095441
vn 0.710059 0.703376 -0.032848
vn 0.991668 0.013837 -0.128076
vn 0.97131 -0.2105 -0.110667
vn 0.932942 0.339267 -0.120492
vn 0.341388 0.939922 0.00038
vn 0.713013 0.697153 -0.074764
vn 0.978135 0.205282 -0.033321
vn 0.994522 0.064366 -0.082356
vn 0.922799 0.377627 -0.076416
vn 0.47425 0.880134 -0.021246
vn 0.47758 0.87827 -0.023653
vn 0.810125 0.585517 -0.029452
vn 0.479043 0.877619 -0.017415
vn 0.981363 -0.191972 0.008564
vn 0.977437 0.207156 -0.041277
vn 0.45281 0.891584 -0.006437
vn 0.741335 0.670953 0.01562
vn 0.744883 0.667175 0.005224
vn 0.944466 0.328156 0.01726
vn 0.999057 -0.039381 0.018258
vn 0.916763 0.396414 0.049001
vn 0.992595 0.10906 0.053496
vn 0.917037 0.395728 0.049423
vn 0.474985 0.879466 0.030475
vn 0.474592 0.879672 0.030644
vn 0.471847 0.880488 0.045831
vn 0.802684 0.591286 0.077966
vn 0.478468 0.877325 0.03701
vn 0.480321 0.875007 0.060453
vn 0.81567 0.569336 0.102659
vn 0.490705 0.860052 0.13971
vn 0.473662 0.877241 0.078056
vn 0.801649 0.583015 0.132106
vn 0.47041 0.878407 0.084353
vn 0.796444 0.587606 0.142817
vn 0.795233 0.601575 0.075572
vn 0.459365 0.882841 0.09785
vn 0.787712 0.592753 0.167791
vn 0.466184 0.877898 0.109395
vn 0.788465 0.586591 0.185022
vn 0.47874 0.876296 0.053982
vn 0.79972 0.558532 0.220203
vn 0.46722 0.874731 0.128649
vn 0.770272 0.592638 0.235505
vn 0.449295 0.882759 0.137368
vn 0.45242 0.878361 0.154269
vn 0.765903 0.587526 0.261163
vn 0.732122 0.600759 0.32107
vn 0.452217 0.877196 0.161329
vn 0.765511 0.58259 0.273097
vn 0.498751 0.858822 0.116926
vn 0.762768 0.569944 0.305531
vn 0.50469 0.838566 0.205171
vn 0.668969 0.676437 0.308079
vn 0.542198 0.807604 0.231944
vn 0.744762 0.585661 0.319891
vn 0.806417 0.533625 0.254825
vn 0.845901 0.481908 0.22851
vn 0.887542 0.41958 0.190318
vn 0.005707 0.999983 0.001277
vn 0.262054 0.957812 0.117999
vn 0.337598 0.935097 0.107796
vn 0.217652 0.970821 0.100673
vn 0.089932 0.994978 0.043938
vn -0.052734 0.996862 -0.05904
vn -0.15019 0.978382 -0.142165
vn 0.117486 0.992931 -0.016869
vn 0.71701 0.622196 0.314274
vn 0.422458 0.864051 0.273761
vn 0.498921 0.825649 0.263403
vn 0.460437 0.846714 0.266594
vn 0.674261 0.68406 0.278271
vn 0.536404 0.80155 0.264176
vn 0.760644 0.519508 0.38927
vn 0.633393 0.748808 0.195192
vn 0.773893 0.47777 0.415722
vn 0.785235 0.425034 0.45028
vn 0.352633 0.897745 -0.264015
vn 0.368156 0.857062 -0.360425
vn 0.484872 0.734298 -0.475084
vn 0.243627 0.955661 -0.165399
vn 0.270108 0.960631 -0.06504
vn 0.301405 0.891244 -0.33888
vn 0.439215 0.80746 -0.393826
vn 0.164436 0.967798 -0.190599
vn 0.415328 0.787385 -0.455552
vn 0.536467 0.742722 -0.400709
vn 0.357519 0.878265 -0.317539
vn 0.055708 0.99722 -0.049479
vn 0.309718 0.883246 -0.352066
vn 0.031117 0.999152 0.026948
vn 0.239511 0.942187 -0.234345
vn -0.01295 0.995331 -0.095651
vn 0.26482 0.948941 -0.171413
vn 0.611225 0.523171 -0.593882
vn 0.477231 0.79093 -0.382988
vn 0.683447 0.565546 -0.461582
vn 0.446843 0.775724 -0.445628
vn 0.000651 0.999692 -0.024817
vn 0.052889 0.9985 0.014121
vn 0.2815 0.943908 -0.172612
vn 0.481613 0.795262 -0.368248
vn 0.668969 0.553602 -0.495989
vn 0.769513 0.508986 -0.385722
vn 0.533519 0.782132 -0.321912
vn 0.692535 0.58637 -0.420197
vn 0.837605 0.200327 -0.508219
vn 0.694738 0.586957 -0.415717
vn 0.699637 0.585202 -0.409936
vn 0.840544 0.201277 -0.502964
vn 0.846126 0.195662 -0.495768
vn 0.694851 0.587992 -0.414063
vn 0.385732 0.883236 -0.266657
vn 0.423769 0.878265 -0.22152
vn 0.066032 0.99722 -0.034517
vn 0.298458 0.948941 -0.102141
vn 0.289119 0.94218 -0.169429
vn 0.010586 0.995322 -0.096028
vn 0.023676 0.999149 0.03377
vn 0.73681 0.523176 -0.42825
vn 0.55577 0.790937 -0.256004
vn 0.774926 0.565574 -0.282162
vn 0.541414 0.775708 -0.324266
vn 0.892216 0.200309 -0.404756
vn 0.737748 0.586273 -0.334681
vn 0.88337 0.198273 -0.424671
vn 0.841626 0.416241 -0.344106
vn 0.83378 0.491917 -0.250656
vn 0.709759 0.579766 -0.400143
vn 0.701765 0.633649 -0.3256
vn 0.307328 0.942303 -0.132719
vn 0.303824 0.947764 -0.097127
vn 0.016908 0.999761 0.013863
vn 0.01507 0.999551 0.025894
vn 0.246849 0.962422 -0.113182
vn 0.702735 0.647382 -0.295061
vn 0.519302 0.825129 -0.222457
vn 0.581464 0.789187 -0.197696
vn 0.517908 0.836639 -0.178344
vn 0.721163 0.631216 -0.285465
vn 0.685479 0.690456 -0.23106
vn 0.685334 0.6791 -0.262945
vn 0.85286 0.391355 -0.345646
vn 0.730235 0.640351 -0.238135
vn 0.856243 0.402298 -0.324042
vn 0.772626 0.585018 -0.246584
vn 0.772165 0.588167 -0.24046
vn 0.93453 0.194157 -0.298255
vn 0.773752 0.586771 -0.238764
vn 0.936016 0.201117 -0.288835
vn 0.937953 0.200623 -0.282834
vn 0.775484 0.586465 -0.233843
vn 0.018383 0.999698 0.016341
vn 0.316715 0.943837 -0.094146
vn 0.025872 0.998442 -0.04943
vn 0.802344 0.506684 -0.31546
vn 0.594979 0.795986 -0.111383
vn 0.815468 0.554628 -0.16553
vn 0.596419 0.781806 -0.181834
vn 0.732512 0.658183 -0.17384
vn 0.371611 0.925719 -0.07035
vn 0.675487 0.726199 -0.127877
vn 0.395339 0.918387 -0.016498
vn 0.686769 0.720216 -0.098166
vn 0.906037 0.396837 -0.14703
vn 0.757593 0.642598 -0.114546
vn 0.754534 0.644909 -0.121534
vn 0.90924 0.392915 -0.137475
vn 0.755231 0.643899 -0.122558
vn 0.27106 0.962184 -0.026991
vn 0.274092 0.961239 -0.029901
vn 0.768788 0.631779 -0.099091
vn 0.932285 0.341183 -0.120165
vn 0.591914 0.797495 -0.116787
vn 0.87042 0.489386 -0.053574
vn 0.337348 0.940895 0.030227
vn 0.521935 0.850267 -0.068038
vn 0.271901 0.961951 -0.026818
vn 0.537103 0.841852 -0.052976
vn 0.762169 0.643714 -0.068781
vn 0.76438 0.642875 -0.049338
vn 0.914781 0.395424 -0.082553
vn 0.901043 0.397798 -0.172854
vn 0.065476 0.997829 0.007099
vn 0.071298 0.997354 0.014218
vn 0.481373 0.874866 -0.053747
vn 0.410804 0.91012 -0.054051
vn 0.4448 0.895616 -0.005098
vn 0.908777 0.412753 -0.061321
vn 0.727035 0.68355 -0.064647
vn 0.909359 0.409476 -0.073456
vn 0.909018 0.410113 -0.07412
vn 0.803013 0.595803 0.013762
vn 0.724107 0.689121 -0.027948
vn 0.749405 0.658949 -0.064638
vn 0.811282 0.583851 -0.030658
vn 0.978231 0.201441 -0.049854
vn 0.808391 0.587202 -0.041199
vn 0.807777 0.58813 -0.040007
vn 0.980361 0.1937 -0.037047
vn 0.909983 0.41464 -0.002119
vn 0.924075 0.382101 0.009179
vn 0.770967 0.636829 0.007658
vn 0.76176 0.647766 -0.011002
vn 0.917001 0.398664 -0.013244
vn 0.545314 0.837736 0.028828
vn 0.450835 0.892605 -0.002042
vn 0.541881 0.840144 0.022874
vn 0.541001 0.840684 0.023841
vn 0.766973 0.641105 0.02713
vn 0.763365 0.645164 0.032224
vn 0.917581 0.395351 0.041738
vn 0.921817 0.38625 0.032607
vn 0.764444 0.643751 0.034772
vn 0.885129 0.461964 0.055999
vn 0.762999 0.644595 0.048273
vn 0.762199 0.645493 0.048902
vn 0.793545 0.574949 0.1993
vn 0.887009 0.457906 0.059472
vn 0.971982 0.197449 0.127536
vn 0.942349 0.328612 0.063183
vn 0.806277 0.588241 0.062366
vn 0.808255 0.584949 0.06751
vn 0.977952 0.192192 0.081684
vn 0.80776 0.586503 0.059488
vn 0.977003 0.20072 0.071951
vn 0.073544 0.99724 0.010177
vn 0.452658 0.891678 0.003277
vn 0.473129 0.878557 0.065474
vn 0.314921 0.944654 0.091937
vn 0.327889 0.944279 0.028731
vn 0.01303 0.998969 0.043489
vn 0.038015 0.996327 -0.076735
vn 0.840187 0.537037 0.07534
vn 0.606397 0.78705 0.113294
vn 0.811141 0.541573 0.220793
vn 0.618637 0.784291 0.046651
vn 0.669643 0.719626 0.18362
vn 0.697581 0.708448 0.107152
vn 0.398447 0.907308 0.134283
vn 0.46036 0.887357 -0.025809
vn 0.872834 0.449372 0.190328
vn 0.981352 0.135697 0.136139
vn 0.94478 0.170776 0.27969
vn 0.89247 0.434587 0.120963
vn 0.790336 0.568417 0.228629
vn 0.794294 0.585595 0.161791
vn 0.960377 0.198518 0.19562
vn 0.005207 0.999152 -0.040832
vn 0.323868 0.940451 0.103255
vn 0.607898 0.768703 0.198886
vn 0.805393 0.584109 0.100789
vn 0.820107 0.511281 0.256937
vn 0.5946 0.794106 0.125884
vn 0.303612 0.95227 0.031629
vn 0.072147 0.997208 0.019277
vn 0.462622 0.877897 0.123607
vn 0.051926 0.99399 0.096368
vn 0.447495 0.876291 0.178502
vn 0.413233 0.90756 0.074649
vn 0.662079 0.708189 0.245193
vn 0.39051 0.886464 0.248362
vn 0.674502 0.720094 0.162824
vn 0.934693 0.198713 0.294725
vn 0.773037 0.585661 0.243752
vn 0.801893 0.5691 0.181912
vn 0.924055 0.134919 0.357659
vn 0.962033 0.172107 0.21183
vn 0.839123 0.433938 0.327979
vn 0.855688 0.449672 0.256113
vn 0.034027 0.998949 -0.030695
vn 0.300083 0.944563 0.13323
vn -0.007122 0.996458 0.083788
vn 0.321511 0.944082 0.073076
vn 0.088232 0.996023 0.012396
vn 0.395629 0.89279 0.215416
vn 0.818259 0.538304 0.201698
vn 0.770409 0.538819 0.340801
vn 0.56249 0.785462 0.258177
vn 0.585844 0.786541 0.195294
vn 0.218887 0.974238 -0.054311
vn 0.190595 0.975112 -0.11327
vn 0.242203 0.97018 -0.009382
vn 0.519465 0.828771 0.208075
vn 0.263557 0.964237 0.028011
vn 0.366731 0.911851 0.184487
vn 0.281341 0.951281 0.12614
vn 0.49168 0.861109 0.129389
vn 0.155466 0.969517 -0.189384
vn 0.264665 0.957051 0.11835
vn 0.474989 0.856243 0.20306
vn 0.417127 0.890466 0.181869
vn 0.461862 0.864919 0.196464
vn 0.326177 0.935289 0.137267
vn 0.202138 0.966163 0.160219
vn 0.243595 0.958875 0.145672
vn 0.506951 0.836729 0.207089
vn 0.550166 0.772874 0.316202
vn 0.501863 0.838778 0.21115
vn 0.524222 0.80475 0.278511
vn 0.518951 0.822504 0.232761
vn 0.282862 0.950055 0.131849
vn 0.636326 0.769778 0.050305
vn 0.558859 0.8111 0.172607
vn 0.466521 0.858335 0.213587
vn 0.281978 0.950904 0.127553
vn 0.550012 0.792961 0.262107
vn 0.257574 0.956011 0.140348
vn 0.1944 0.953842 0.228899
vn 0.624865 0.657042 0.421709
vn 0.741276 0.595479 0.309701
vn 0.998266 0.058854 -0.00122
vn 0.964072 0.181549 0.193923
vn 0.907525 0.280968 0.312177
vn 0.856353 0.363488 0.366791
vn 0.813209 0.440353 0.380499
vn 0.771577 0.526004 0.357756
vn 0.873562 0.249419 0.417946
vn 0.747218 0.583894 0.317385
vn 0.495192 0.839009 -0.225496
vn 0.478603 0.838008 -0.262072
vn 0.228274 0.949552 -0.215042
vn 0.245878 0.95271 -0.178573
vn 0.311254 0.949992 -0.025239
vn 0.296803 0.952841 -0.063255
vn 0.515549 0.837463 -0.181287
vn 0.500126 0.837885 -0.218685
vn 0.537827 0.840404 -0.066807
vn 0.763324 0.63902 -0.094817
vn 0.535861 0.841872 -0.064068
vn 0.538256 0.840733 -0.058719
vn 0.605766 0.795593 -0.00889
vn 0.756454 0.644533 -0.11115
vn 0.7599 0.643986 -0.088509
vn 0.537672 0.840825 -0.062625
vn 0.795453 0.601116 0.076899
vn 0.77455 0.624666 -0.09932
vn 0.488497 0.86843 -0.084856
vn 0.431676 0.901987 0.008625
vn 0.741607 0.670515 -0.020722
vn 0.277178 0.960649 0.018036
vn -0.003646 0.999662 -0.025741
vn 0.275492 0.961225 0.012298
vn 0.004321 0.999991 0.000193
vn 0.275586 0.9612 0.012144
vn -0.076991 0.988699 -0.128633
vn -0.118535 0.991691 -0.049981
vn -0.007104 0.958435 -0.285223
vn 0.545529 0.070842 -0.835092
vn 0.479167 0.161989 -0.862646
vn 0.423549 0.247694 -0.871352
vn 0.378089 0.327746 -0.865813
vn 0.339021 0.409089 -0.847178
vn -0.054776 0.94109 -0.333689
vn -0.114653 0.937482 -0.328607
vn 0.377584 0.252446 -0.890899
vn 0.378209 0.251049 -0.891029
vn 0.137696 0.879112 -0.456292
vn 0.046715 0.922738 -0.382587
vn -0.016486 0.9656 -0.259509
vn -0.032616 0.98029 -0.194854
vn -0.0154 0.906269 -0.42242
vn 0.077338 0.970599 -0.227938
vn 0.005959 0.970205 -0.242211
vn 0.024364 0.897477 -0.440388
vn 0.139872 0.962359 -0.233026
vn 0.259891 0.596907 -0.759052
vn -0.00756 0.958485 -0.285041
vn -0.009547 0.958075 -0.28636
vn -0.010451 0.958173 -0.285999
vn -0.007413 0.869509 -0.493862
vn 0.160999 0.875599 -0.455418
vn 0.295639 0.601922 -0.741813
vn 0.137691 0.785693 -0.603099
vn 0.050888 0.836631 -0.545398
vn 0.177478 0.655911 -0.733677
vn 0.221505 0.809405 -0.543875
vn 0.490638 0.63027 -0.601693
vn 0.340688 0.653464 -0.675955
vn 0.233004 0.694563 -0.680655
vn 0.168665 0.768993 -0.616605
vn 0.242109 0.615286 -0.750204
vn 0.170751 0.790779 -0.587804
vn 0.113322 0.839118 -0.532015
vn 0.15142 0.839998 -0.521034
vn 0.160757 0.789364 -0.592504
vn 0.160659 0.7893 -0.592616
vn 0.2653 0.597708 -0.756546
vn 0.160199 0.789375 -0.59264
vn 0.264847 0.597826 -0.756611
vn 0.263653 0.598928 -0.756156
vn 0.26377 0.5982 -0.756691
vn 0.158898 0.789464 -0.592873
vn 0.158495 0.788844 -0.593806
vn 0.263318 0.597415 -0.757469
vn 0.158142 0.788971 -0.593731
vn 0.332557 0.016414 -0.94294
vn 0.351536 0.084511 -0.932352
vn 0.36485 0.164647 -0.916393
vn 0.36709 0.254227 -0.89477
vn 0.355192 0.340424 -0.870603
vn 0.327561 0.422135 -0.845285
vn 0.282377 0.493027 -0.822914
vn 0.219926 0.543798 -0.809887
vn 0.36838 0.116425 -0.922356
vn 0.291493 0.57817 -0.762071
vn 0.102113 0.822884 -0.558959
vn -0.145615 0.950626 -0.274055
vn 0.190922 0.834082 -0.517548
vn 0.015828 0.97923 -0.202133
vn 0.340511 0.5013 -0.795456
vn 0.26604 0.482025 -0.83479
vn 0.202687 0.680835 -0.703834
vn 0.140156 0.695713 -0.704514
vn 0.071514 0.673436 -0.735778
vn 0.202539 0.768068 -0.607494
vn -0.086949 0.995949 -0.0229
vn -0.07131 0.997187 -0.023072
vn -0.075782 0.996693 -0.029311
vn -0.070837 0.996518 -0.043973
vn -0.103272 0.993631 -0.045069
vn -0.267758 0.946855 0.178244
vn -0.055466 0.998321 0.016713
vn -0.080373 0.99665 -0.015144
vn -0.151185 0.987737 0.038957
vn -0.065718 0.997184 -0.036118
vn -0.018086 0.999768 -0.011726
vn -0.037245 0.999302 0.00286
vn -0.096712 0.992314 -0.077194
vn -0.11788 0.990927 -0.064559
vn -0.115678 0.991306 -0.062691
vn -0.103894 0.992374 -0.066337
vn -0.101452 0.992577 -0.067069
vn -0.113168 0.991672 -0.061483
vn -0.106261 0.992449 -0.061274
vn -0.109233 0.99216 -0.060718
vn -0.10528 0.992658 -0.059553
vn -0.102971 0.993048 -0.057038
vn -0.114592 0.992192 -0.049235
vn -0.100265 0.993419 -0.055367
vn -0.1143 0.99224 -0.048942
vn -0.119572 0.992114 -0.037588
vn -0.118212 0.992319 -0.03646
vn -0.1234 0.992036 -0.025223
vn -0.119919 0.992521 -0.022855
vn -0.12676 0.991856 -0.012397
vn -0.120584 0.992664 -0.008768
vn -0.128389 0.991723 0.000937
vn -0.120043 0.992755 0.00526
vn -0.128158 0.991649 0.014434
vn -0.11833 0.992791 0.019097
vn -0.126048 0.991637 0.027726
vn -0.122161 0.991685 0.040459
vn -0.115485 0.992773 0.032621
vn -0.116705 0.991787 0.052334
vn -0.111554 0.992706 0.045714
vn -0.109953 0.99193 0.063134
vn -0.106595 0.992594 0.05826
vn -0.100676 0.992443 0.070145
vn -0.102213 0.9921 0.072729
vn -0.095798 0.992237 0.079299
vn -0.091362 0.992673 0.079077
vn -0.092052 0.992184 0.084247
vn -0.266293 0.959113 -0.09587
vn -0.189207 0.973764 -0.126433
vn -0.107009 0.986414 -0.124649
vn -0.674992 0.141997 -0.724032
vn -0.682732 0.18919 -0.70575
vn -0.688909 0.257046 -0.67774
vn -0.686568 0.349643 -0.637475
vn -0.670258 0.447414 -0.592094
vn -0.654975 0.059391 -0.753313
vn -0.706257 0.252553 -0.661376
vn -0.302157 0.949965 0.079165
vn -0.26627 0.959124 -0.095823
vn -0.763523 0.032531 -0.644961
vn -0.747813 0.126692 -0.651709
vn -0.729252 0.220885 -0.647612
vn -0.708185 0.312407 -0.633147
vn -0.706257 0.252553 -0.661376
vn -0.610931 0.525041 -0.592533
vn -0.591399 0.628732 -0.504919
vn -0.548366 0.723344 -0.419605
vn -0.481016 0.804602 -0.348195
vn -0.390614 0.869712 -0.301699
vn -0.27964 0.912884 -0.297396
vn -0.602831 0.624424 -0.496678
vn -0.462781 0.860911 -0.211342
vn -0.63622 0.594631 -0.491567
vn -0.483927 0.792375 -0.371426
vn -0.616832 0.599221 -0.510345
vn -0.497482 0.790149 -0.358018
vn -0.498785 0.789082 -0.358557
vn -0.616921 0.598298 -0.51132
vn -0.498421 0.78998 -0.357082
vn -0.61763 0.598176 -0.510607
vn -0.760072 0.351741 -0.546415
vn -0.701997 0.469945 -0.535118
vn -0.638719 0.581586 -0.503781
vn -0.571918 0.686758 -0.448636
vn -0.513966 0.773812 -0.370208
vn -0.476248 0.835031 -0.27552
vn -0.607618 0.591952 -0.529521
vn -0.505802 0.788608 -0.34966
vn -0.609833 0.599533 -0.518328
vn -0.340751 0.923558 -0.17587
vn -0.33248 0.940152 -0.074638
vn -0.395459 0.91832 0.017349
vn -0.461128 0.819178 -0.34104
vn -0.476328 0.818256 -0.321822
vn -0.291391 0.954075 -0.069515
vn -0.930356 -0.003656 -0.366638
vn -0.930417 0.0 -0.366502
vn -0.96811 -0.00072 -0.250525
vn -0.930395 0.000707 -0.366557
vn -0.991425 -0.000722 -0.130674
vn -0.968147 0.000705 -0.25038
vn -0.99996 -0.000719 -0.008877
vn -0.991445 0.000708 -0.130526
vn -0.993589 -0.00072 0.113055
vn -0.999962 0.000707 -0.008727
vn -0.972405 -0.00072 0.233299
vn -0.993572 0.000707 0.113203
vn -0.936724 -0.000721 0.350067
vn -0.97237 0.000706 0.233445
vn -0.88708 -0.000718 0.461616
vn -0.936672 0.000709 0.350208
vn -0.824211 -0.000721 0.566282
vn -0.887011 0.000706 0.461748
vn -0.74905 0.00365 0.662503
vn -0.824126 0.000709 0.566406
vn -0.748995 -0.000719 0.662575
vn -0.748955 -3e-06 0.66262
vn -0.009765 0.987832 -0.155216
vn -0.005896 0.990821 -0.135049
vn -0.005024 0.993345 -0.115066
vn -0.005996 0.99543 -0.095308
vn -0.140065 0.988588 -0.055456
vn -0.131619 0.988656 -0.072358
vn -0.082802 0.994749 -0.060159
vn -0.088568 0.994564 -0.054757
vn -0.088076 0.994936 -0.04842
vn -0.093223 0.994961 -0.03691
vn -0.144755 0.989299 0.018287
vn -0.14142 0.989284 0.03631
vn -0.140841 0.989455 0.033813
vn -0.135841 0.98927 0.053783
vn -0.135559 0.989472 0.050683
vn -0.104242 0.994465 0.013169
vn -0.10271 0.994406 0.024659
vn -0.128105 0.989257 0.070426
vn -0.128275 0.989488 0.066776
vn -0.101703 0.994472 0.026113
vn -0.098987 0.9944 0.03701
vn -0.118332 0.989245 0.085973
vn -0.119098 0.989503 0.081854
vn -0.097569 0.994479 0.03863
vn -0.09378 0.994395 0.048819
vn -0.106676 0.989235 0.100176
vn -0.108167 0.989516 0.095698
vn -0.091906 0.994485 0.050526
vn -0.087167 0.994391 0.059908
vn -0.084806 0.994491 0.061615
vn -0.079246 0.994387 0.070111
vn -0.076379 0.994496 0.071725
vn -0.009811 0.987718 0.155937
vn -0.027119 0.989472 0.142161
vn -0.030649 0.989791 0.139194
vn -0.013066 0.989006 0.147298
vn -0.016131 0.989514 0.143535
vn -0.011377 0.990275 0.138656
vn -0.019461 0.994592 0.102021
vn -0.009655 0.994049 0.108502
vn -0.013569 0.99458 0.103088
vn -0.011067 0.9948 0.101248
vn -0.005914 0.995555 0.093994
vn -0.014263 0.989296 -0.145221
vn -0.013822 0.989574 -0.143362
vn -0.028229 0.988587 -0.147982
vn -0.014206 0.989311 -0.145131
vn -0.017597 0.990871 -0.133659
vn -0.028724 0.991155 -0.129567
vn -0.010565 0.993987 -0.108987
vn -0.012541 0.994681 -0.102233
vn -0.015145 0.993245 -0.115039
vn -0.025484 0.993044 -0.114953
vn -0.010879 0.994393 -0.105188
vn -0.01898 0.994857 -0.099499
vn -0.063462 0.98883 -0.134864
vn -0.045991 0.988863 -0.141546
vn -0.040639 0.989239 -0.140549
vn -0.040309 0.989415 -0.139406
vn -0.043195 0.992094 -0.117829
vn -0.043113 0.992102 -0.117795
vn -0.031618 0.994752 -0.097309
vn -0.043511 0.994765 -0.092465
vn -0.02896 0.99455 -0.100156
vn -0.030017 0.994144 -0.103813
vn -0.08066 0.988605 -0.1271
vn -0.066853 0.989493 -0.128195
vn -0.058275 0.992027 -0.111746
vn -0.058275 0.992027 -0.111746
vn -0.048347 0.994519 -0.092708
vn -0.05431 0.99485 -0.085578
vn -0.077344 0.992058 -0.099193
vn -0.109598 0.988633 -0.102919
vn -0.093363 0.989215 -0.112856
vn -0.092365 0.989318 -0.112772
vn -0.083871 0.991201 -0.102402
vn -0.100315 0.991392 -0.08413
vn -0.06611 0.994607 -0.079913
vn -0.073962 0.99484 -0.069455
vn -0.080321 0.994564 -0.06626
vn -0.065953 0.994568 -0.080525
vn -0.091432 0.992753 -0.07798
vn -0.075641 0.992849 -0.092353
vn -0.112466 0.989539 -0.090356
vn -0.120804 0.988789 -0.087769
vn -0.110276 0.989944 -0.088597
vn -0.12923 0.988913 -0.073142
vn -0.112463 0.99184 -0.060048
vn -0.140058 0.98859 -0.055436
vn -0.123765 0.99084 -0.054024
vn -0.120191 0.991621 -0.047344
vn -0.095589 0.9948 -0.03514
vn -0.112664 0.992642 -0.04438
vn -0.105189 0.993363 -0.046538
vn -0.148437 0.988744 -0.018752
vn -0.143452 0.988972 -0.036832
vn -0.140179 0.989354 -0.039105
vn -0.132604 0.990576 -0.034294
vn -0.13033 0.991322 -0.017158
vn -0.139012 0.989531 -0.038779
vn -0.105367 0.993999 -0.029393
vn -0.099509 0.994709 -0.02555
vn -0.101065 0.994798 -0.012767
vn -0.104996 0.994451 -0.006614
vn -0.118012 0.992891 -0.015537
vn -0.110924 0.993415 -0.028687
vn -0.100255 0.994569 -0.027967
vn -0.14425 0.989396 0.016964
vn -0.15062 0.988592 0.0
vn -0.144806 0.989387 -0.011979
vn -0.14453 0.989428 -0.011956
vn -0.129532 0.991575 -0.00113
vn -0.142575 0.989651 0.016244
vn -0.103952 0.994488 0.013709
vn -0.101309 0.994855 0.0
vn -0.104553 0.994453 -0.011461
vn -0.109386 0.993921 0.012463
vn -0.120753 0.992682 -0.001054
vn -0.098296 0.988038 0.118819
vn -0.098842 0.989462 0.10581
vn -0.077934 0.991745 0.10182
vn -0.076749 0.992022 0.100006
vn -0.046803 0.988464 0.144044
vn -0.064732 0.988376 0.137563
vn -0.048228 0.991961 0.116995
vn -0.036085 0.989773 0.138008
vn -0.048064 0.992028 0.116489
vn -0.076809 0.992013 0.100056
vn -0.073525 0.992624 0.096389
vn -0.062086 0.995245 0.075049
vn -0.052891 0.995116 0.083342
vn -0.074375 0.99447 0.074149
vn -0.050882 0.994543 0.091077
vn -0.053164 0.994114 0.094399
vn -0.046929 0.992343 0.114251
vn -0.042189 0.995079 0.089656
vn -0.03071 0.99505 0.094514
vn -0.027377 0.993864 0.107171
vn -0.024546 0.994368 0.103105
vn -0.081992 0.988223 0.129198
vn -0.058891 0.990792 0.121913
vn -0.064904 0.988434 0.137064
vn -0.074998 0.990625 0.114178
vn -0.082346 0.988442 0.127288
vn 0.930418 1e-06 0.366501
vn 0.968148 1.4e-05 0.25038
vn 0.930417 1.4e-05 0.366502
vn 0.991445 1.3e-05 0.130527
vn 0.968148 1.3e-05 0.25038
vn 0.999962 1.3e-05 0.008726
vn 0.991445 1.3e-05 0.130526
vn 0.993572 1.3e-05 -0.113203
vn 0.999962 1.3e-05 0.008726
vn 0.97237 1.4e-05 -0.233446
vn 0.993572 1.3e-05 -0.113203
vn 0.936672 1.3e-05 -0.350207
vn 0.97237 1.4e-05 -0.233446
vn 0.887011 1.2e-05 -0.461748
vn 0.936672 1.2e-05 -0.350207
vn 0.824126 4e-06 -0.566407
vn 0.887011 3e-06 -0.461749
vn 0.748956 1.4e-05 -0.66262
vn 0.824126 1.5e-05 -0.566406
vn 0.748955 5e-06 -0.66262
vn 0.422824 1.9e-05 -0.906212
vn 0.422619 -6e-06 -0.906308
vn 0.422618 3e-06 -0.906308
vn 0.422619 -1e-06 -0.906308
vn 0.422619 -3e-06 -0.906308
vn 0.563418 0.315004 0.763762
vn 0.563429 0.314954 0.763775
vn 0.536045 0.375925 0.755868
vn 0.554281 0.373478 0.743832
vn 0.510623 0.451466 0.731739
vn 0.547795 0.377857 0.746421
vn 0.562983 0.222608 0.795925
vn 0.572789 0.306105 0.760403
vn 0.571484 0.307411 0.760858
vn 0.551749 0.306882 0.775497
vn 0.533069 0.438592 0.723515
vn 0.47161 0.520375 0.711894
vn 0.423291 0.585698 0.691218
vn 0.518491 0.501477 0.692594
vn 0.50064 0.571875 0.64986
vn 0.382162 0.684243 0.621098
vn 0.469438 0.592308 0.654828
vn 0.321919 0.747303 0.581297
vn 0.4445 0.664596 0.60061
vn 0.114785 0.966356 0.230177
vn 0.129087 0.96261 0.238158
vn 0.127664 0.966519 0.222583
vn 0.138395 0.963298 0.230009
vn 0.134566 0.964682 0.226452
vn 0.443391 0.723282 0.529404
vn 0.517146 0.624493 0.585293
vn 0.413281 0.65022 0.637505
vn 0.545618 0.55276 0.629887
vn 0.43757 0.583295 0.684325
vn 0.554777 0.493822 0.669599
vn 0.493164 0.485612 0.721782
vn 0.567877 0.440254 0.69548
vn 0.51452 0.430245 0.741727
vn 0.570352 0.334381 0.750259
vn 0.599998 0.365993 0.711373
vn 0.536721 0.362981 0.761692
vn 0.600426 0.198009 0.774778
vn 0.646829 0.133034 0.750943
vn 0.703104 0.072375 0.707394
vn 0.572834 0.268249 0.774535
vn 0.576226 0.275383 0.769499
vn 0.276399 0.852367 0.44393
vn 0.212872 0.887366 0.408982
vn 0.339986 0.745272 0.573567
vn 0.14506 0.914685 0.377238
vn 0.253803 0.895137 0.366489
vn 0.56412 0.154432 0.811122
vn 0.535576 0.08861 0.839826
vn 0.49369 0.028433 0.869173
vn 0.577669 0.245661 0.778427
vn 0.554715 0.311605 0.771488
vn 0.536816 0.354953 0.7654
vn 0.567071 0.300429 0.766925
vn 0.435543 -0.031199 0.899627
vn 0.453061 0.390594 0.801356
vn 0.410951 0.356174 0.839202
vn 0.4878 0.402383 0.774687
vn 0.562725 0.342534 0.752337
vn 0.358149 0.295427 0.885693
vn 0.40394 -0.064946 0.912477
vn 0.517063 0.395713 0.758984
vn 0.053175 0.985564 0.160734
vn 0.276438 0.868727 0.41097
vn 0.147071 0.942196 0.301061
vn 0.573254 0.149941 0.805542
vn 0.575772 0.234701 0.7832
vn 0.276106 0.839746 0.467539
vn 0.403365 0.713634 0.572733
vn 0.45422 0.607404 0.651724
vn 0.333706 0.796203 0.504679
vn 0.458285 0.603018 0.652951
vn 0.333699 0.796203 0.504683
vn 0.333655 0.802002 0.495446
vn 0.455122 0.616464 0.642523
vn 0.452236 0.622869 0.63837
vn 0.341431 0.79754 0.497348
vn 0.343623 0.796502 0.497502
vn 0.465823 0.603413 0.647226
vn 0.343695 0.79672 0.497102
vn 0.464028 0.604668 0.647345
vn 0.466595 0.603445 0.64664
vn 0.344714 0.796762 0.496329
vn 0.34718 0.794728 0.49787
vn 0.333334 0.824184 0.45783
vn 0.004226 0.996021 -0.089015
vn 0.265789 0.866155 0.42324
vn 0.466457 0.604136 0.646094
vn 0.588656 0.214784 0.779328
vn 0.412673 0.688035 0.596917
vn 0.278673 0.868988 0.408902
vn 0.423167 0.722951 0.546142
vn 0.284678 0.898395 0.334432
vn 0.64127 0.33845 0.688639
vn 0.571104 0.379564 0.727854
vn 0.614202 0.12732 0.77881
vn 0.590543 0.380317 0.711771
vn 0.51336 0.483673 0.708888
vn 0.57766 0.273627 0.76905
vn 0.692481 -0.018475 0.7212
vn 0.548747 0.334631 0.766093
vn 0.666147 0.026694 0.745343
vn 0.594047 0.319471 0.738273
vn 0.595092 0.157622 0.788049
vn 0.577414 0.309699 0.755434
vn 0.48189 0.567835 0.667342
vn 0.358256 0.765808 0.534033
vn 0.486739 0.486847 0.725303
vn 0.241745 0.890038 0.386512
vn 0.432583 0.616599 0.657783
vn 0.298542 0.822589 0.483963
vn 0.086401 0.960809 0.263404
vn 0.069289 0.986864 0.14594
vn 0.143985 0.968718 0.202124
vn 0.046482 0.984767 0.167552
vn 0.31985 0.825434 0.46514
vn 0.313281 0.844216 0.434919
vn 0.076911 0.974358 0.211451
vn 0.087554 0.984074 0.154703
vn 0.303112 0.82979 0.468585
vn 0.259081 0.881644 0.394438
vn 0.484518 0.595076 0.641192
vn 0.201684 0.895918 0.395796
vn 0.266769 0.905603 0.329722
vn 0.370166 0.749173 0.549288
vn 0.495929 0.565498 0.658989
vn 0.372445 0.755548 0.538917
vn 0.316588 0.796104 0.515742
vn 0.359191 0.78205 0.509294
vn 0.07704 0.936348 0.342517
vn 0.166455 0.925802 0.339388
vn 0.254994 0.869151 0.423739
vn 0.279964 0.908659 0.309774
vn 0.239563 0.88646 0.395977
vn -0.006762 0.989232 0.1462
vn 0.184125 0.948748 0.256857
vn 0.121993 0.926539 0.35587
vn 0.026083 0.98998 0.138781
vn 0.180232 0.906247 0.382405
vn 0.474189 0.574749 0.66694
vn 0.346848 0.763139 0.545267
vn 0.279825 0.791464 0.543399
vn 0.417502 0.590083 0.69101
vn 0.356787 0.77803 0.517081
vn 0.317891 0.84074 0.438293
vn 0.490867 0.604547 0.627353
vn 0.313381 0.794692 0.519863
vn 0.296142 0.84805 0.439445
vn 0.432471 0.636072 0.639047
vn 0.350339 0.798556 0.489461
vn 0.275042 0.836449 0.474031
vn 0.278484 0.84532 0.455939
vn 0.430267 0.597677 0.6765
vn 0.448217 0.6388 0.625329
vn 0.317251 0.870602 0.376036
vn 0.07843 0.984676 0.155764
vn 0.292705 0.866412 0.404541
vn 0.183759 0.924601 0.333684
vn 0.208056 0.921841 0.326989
vn 0.072046 0.990761 0.114897
vn 0.120402 0.987307 0.10358
vn 0.539046 0.542731 0.644106
vn 0.347199 0.778271 0.523208
vn 0.408161 0.763166 0.500982
vn 0.397685 0.731939 0.553274
vn 0.493422 0.559356 0.666075
vn -0.328079 0.934714 -0.136655
vn -0.922462 0.284585 -0.260911
vn -0.922461 0.284588 -0.260911
vn -0.919059 -0.032087 -0.392811
vn -0.935635 0.048759 -0.349585
vn -0.940622 0.152363 -0.30334
vn -0.927395 0.26307 -0.265957
vn -0.904283 0.333506 -0.266544
vn -0.867289 0.414041 -0.276369
vn -0.907264 0.330671 -0.259861
vn -0.902924 -0.079152 -0.42245
vn -0.825492 0.485742 -0.287434
vn -0.818643 0.461169 -0.342266
vn -0.869877 0.433115 -0.236062
vn -0.895928 -0.098721 -0.43309
vn -0.661202 0.710037 -0.242197
vn -0.618554 0.745741 -0.24751
vn -0.710807 0.666036 -0.226164
vn -0.321413 0.937635 -0.13242
vn -0.711287 0.666125 -0.224384
vn -0.331789 0.934778 -0.126907
vn -0.703771 0.676014 -0.218428
vn -0.713172 0.666429 -0.217391
vn -0.316174 0.940208 -0.126659
vn -0.709014 0.66975 -0.22076
vn -0.322319 0.93872 -0.122131
vn -0.713654 0.666492 -0.215607
vn -0.322127 0.939137 -0.119399
vn -0.322378 0.939394 -0.116667
vn -0.713937 0.666802 -0.213704
vn -0.602686 0.783942 -0.149012
vn -0.658328 0.73175 -0.176484
vn -0.784944 0.601101 -0.150133
vn -0.801727 0.548904 -0.236511
vn -0.851246 0.470074 -0.233262
vn -0.861104 0.428966 -0.272927
vn -0.875987 0.430075 -0.218363
vn -0.897845 0.349566 -0.267728
vn -0.901644 0.350683 -0.2531
vn -0.718621 0.635632 -0.282055
vn -0.939611 0.221299 -0.261069
vn -0.778869 0.580534 -0.237367
vn -0.947879 0.167193 -0.271242
vn -0.803491 0.537834 -0.255221
vn -0.485679 0.847682 -0.213428
vn -0.319744 0.943037 -0.091892
vn -0.295445 0.949986 -0.10119
vn -0.156694 0.980008 -0.1226
vn -0.510791 0.844509 -0.160924
vn -0.443074 0.881165 -0.165028
vn -0.466307 0.856184 -0.222502
vn -0.548469 0.822399 -0.151132
vn -0.245005 0.964992 -0.09361
vn -0.388609 0.913851 -0.117728
vn -0.542604 0.818111 -0.190461
vn -0.593921 0.772971 -0.223102
vn -0.435118 0.895589 -0.092695
vn -0.33906 0.929283 -0.146529
vn -0.951393 0.171545 -0.255779
vn -0.784778 0.574384 -0.232822
vn -0.645185 0.762333 -0.050847
vn -0.603939 0.77007 -0.205546
vn -0.777622 0.6049 -0.171465
vn -0.925152 0.277487 -0.259027
vn -0.97476 0.222604 -0.01706
vn -0.925458 0.30724 -0.221658
vn -0.927484 0.260821 -0.267856
vn -0.959117 0.157639 -0.23504
vn -0.984515 0.068248 -0.161469
vn -0.995741 0.005229 -0.092047
vn -0.962427 0.118104 -0.244513
vn -0.882988 0.394564 -0.254265
vn -0.946462 0.290953 -0.139844
vn -0.555155 0.801096 -0.223714
vn -0.817336 0.540354 -0.199948
vn -0.438504 0.868673 -0.23048
vn -0.777977 0.531998 -0.33426
vn -0.573754 0.804175 -0.155271
vn -0.576119 0.794553 -0.191761
vn -0.764141 0.618594 -0.182837
vn -0.818371 0.511415 -0.262152
vn -0.810707 0.539277 -0.227891
vn -0.551693 0.815531 -0.174766
vn -0.580142 0.800895 -0.148331
vn -0.806388 0.551276 -0.214088
vn -0.737027 0.637184 -0.225361
vn -0.323852 0.921644 -0.213756
vn -0.59671 0.773237 -0.214571
vn -0.284392 0.951114 -0.120431
vn -0.37783 0.925425 -0.028866
vn -0.588062 0.771664 -0.242317
vn -0.217129 0.974749 -0.052152
vn -0.458074 0.875688 -0.152768
vn -0.219917 0.972973 -0.070435
vn -0.836119 0.513372 -0.193274
vn -0.82958 0.475501 -0.292738
vn -0.670543 0.708894 -0.218727
vn -0.667216 0.733088 -0.131926
vn -0.690946 0.699606 -0.182059
vn -0.376199 0.921682 -0.094744
vn -0.580813 0.790191 -0.195589
vn -0.606259 0.756719 -0.244594
vn -0.605323 0.778375 -0.166483
vn -0.525851 0.830784 -0.182426
vn -0.454167 0.883821 -0.112219
vn -0.381536 0.911378 -0.15434
vn -0.069826 0.988467 -0.134381
vn 0.007915 0.960438 -0.278383
vn 0.382189 0.25307 -0.888756
vn 0.291085 0.05895 -0.954879
vn 0.343136 0.253106 -0.904542
vn 0.326696 0.165493 -0.930528
vn 0.382213 0.251608 -0.88916
vn 0.184171 0.868938 -0.459377
vn 0.286935 0.690379 -0.664113
vn 0.189745 0.793032 -0.578876
vn 0.245781 0.595042 -0.765191
vn 0.007764 0.960465 -0.278293
vn 0.005133 0.96009 -0.279645
vn 0.005052 0.960105 -0.279594
vn 0.003138 0.961039 -0.276396
vn 0.05754 0.915365 -0.398492
vn 0.064008 0.86556 -0.496698
vn -0.050028 0.978454 -0.200312
vn 0.078229 0.808805 -0.582851
vn -0.074311 0.948932 -0.306604
vn 0.107387 0.93146 -0.347636
vn 0.082617 0.739645 -0.667907
vn 0.173265 0.901646 -0.39625
vn -0.094239 0.93039 -0.35425
vn -0.041301 0.9621 -0.26955
vn 0.255497 0.618029 -0.74348
vn 0.256763 0.536431 -0.803937
vn 0.228168 0.451289 -0.862715
vn 0.171856 0.364731 -0.915116
vn 0.178915 0.812146 -0.555344
vn 0.270647 0.598465 -0.754049
vn 0.171939 0.790902 -0.587291
vn 0.341327 0.541372 -0.768383
vn 0.174403 0.813277 -0.555125
vn 0.043855 0.955064 -0.293138
vn 0.049023 0.789141 -0.612252
vn 0.115361 0.805039 -0.581897
vn 0.033745 0.985214 -0.167975
vn 0.089525 0.855484 -0.510033
vn 0.055331 0.986171 -0.15622
vn -0.013514 0.934333 -0.356146
vn 0.227912 0.871109 -0.435
vn 0.303988 0.611417 -0.730589
vn 0.411827 0.449693 -0.792575
vn 0.303519 0.460898 -0.833936
vn 0.320693 0.528866 -0.785784
vn 0.299517 0.431261 -0.851061
vn 0.432788 0.425619 -0.794697
vn 0.499647 0.052723 -0.864623
vn 0.335922 0.388865 -0.85787
vn 0.466508 0.387351 -0.795192
vn 0.339085 0.4438 -0.829496
vn 0.355468 0.35788 -0.863461
vn 0.386549 0.268104 -0.88244
vn 0.421594 0.193125 -0.88598
vn 0.452375 0.134728 -0.881593
vn 0.272152 0.561118 -0.781716
vn 0.440525 0.130602 -0.88819
vn 0.17317 0.790972 -0.586836
vn 0.274788 0.599003 -0.752122
vn 0.173286 0.791076 -0.58666
vn 0.274266 0.599214 -0.752144
vn 0.273188 0.600299 -0.751671
vn 0.172678 0.791105 -0.5868
vn 0.273311 0.599353 -0.752381
vn 0.272806 0.598749 -0.753045
vn 0.170671 0.790737 -0.587883
vn 0.171427 0.791156 -0.587099
vn 0.170943 0.790656 -0.587913
vn 0.282707 0.587413 -0.758303
vn 0.237345 0.786562 -0.570077
vn 0.209289 0.725963 -0.655116
vn 0.290703 0.588229 -0.754638
vn 0.179461 0.781675 -0.597308
vn 0.209791 0.827109 -0.52142
vn 0.037267 0.977649 -0.206914
vn -0.143424 0.959314 -0.2432
vn 0.111977 0.829054 -0.547842
vn -0.864567 0.384876 0.323101
vn -0.380872 0.911359 0.156079
vn -0.413363 0.908119 0.066712
vn -0.405616 0.913568 -0.029493
vn -0.681421 0.23532 0.69303
vn -0.675974 0.345395 0.650969
vn -0.681557 0.344998 0.645334
vn -0.65086 0.384674 0.654528
vn -0.64504 0.451428 0.616552
vn -0.596738 0.54272 0.591066
vn -0.633264 0.457706 0.624085
vn -0.543275 0.633399 0.551052
vn -0.606532 0.5391 0.584371
vn -0.69348 0.66248 0.283206
vn -0.890087 0.274982 0.363497
vn -0.699418 0.662477 0.268214
vn -0.344857 0.929292 0.132246
vn -0.958085 0.236776 0.16128
vn -0.738674 0.662495 0.124345
vn -0.383444 0.921776 0.057441
vn -0.748471 0.662481 -0.030151
vn -0.361471 0.93227 -0.014561
vn -0.713392 0.700759 0.002914
vn -0.968101 0.245005 -0.052466
vn -0.747973 0.66249 -0.040536
vn -0.309891 0.941467 -0.132692
vn -0.528456 -0.007707 0.848926
vn -0.582217 0.043822 0.811852
vn -0.647446 0.12631 0.751571
vn -0.667002 0.325402 0.670239
vn -0.618963 0.336887 0.709501
vn -0.692511 0.250164 0.676644
vn -0.404659 0.839522 0.362566
vn -0.696175 0.369064 0.615737
vn -0.417409 0.80162 0.42799
vn -0.380571 0.826975 0.413858
vn -0.355727 0.842067 0.40544
vn -0.336249 0.852852 0.399474
vn -0.586393 0.672154 0.452054
vn -0.61706 0.638962 0.459309
vn -0.710701 0.324937 0.623955
vn -0.566032 0.6133 0.550883
vn -0.655084 0.489994 0.575127
vn -0.596393 0.57691 0.558114
vn -0.726043 0.287107 0.624845
vn -0.716873 0.308942 0.625018
vn -0.256139 0.940873 0.221698
vn -0.254318 0.941678 0.220376
vn -0.479273 0.773187 0.415307
vn -0.768372 0.173497 0.616038
vn -0.228872 0.956048 0.183277
vn -0.47847 0.790103 0.383151
vn -0.784124 0.174525 0.595558
vn -0.684109 0.511874 0.519595
vn -0.233361 0.95614 0.177027
vn -0.778076 0.322628 0.538989
vn -0.768398 0.361729 0.527936
vn -0.684705 0.553361 0.47431
vn -0.281016 0.939518 0.195795
vn -0.521443 0.771881 0.363727
vn -0.279075 0.940331 0.194666
vn -0.833134 0.182194 0.522201
vn -0.30706 0.936776 0.167826
vn -0.253541 0.955423 0.151275
vn -0.824062 0.37018 0.428823
vn -0.84241 0.302857 0.445671
vn -0.737058 0.551993 0.389935
vn -0.559858 0.770995 0.303523
vn -0.295141 0.94196 0.160008
vn -0.887878 0.190498 0.418787
vn -0.350935 0.924602 0.148175
vn -0.701024 0.648809 0.295993
vn -0.219001 0.964942 0.144654
vn -0.581502 0.776543 0.242563
vn -0.68865 0.679665 0.252618
vn -0.881788 0.343246 0.323468
vn -0.949067 0.15202 0.275975
vn -0.79667 0.535346 0.280574
vn -0.28565 0.953977 0.091283
vn -0.588978 0.785926 0.188216
vn -0.349186 0.931848 0.098635
vn -0.314648 0.945319 0.085839
vn -0.614297 0.771073 0.167587
vn -0.810729 0.548762 0.20391
vn -0.899403 0.380146 0.215785
vn -0.932057 0.27625 0.234426
vn -0.624804 0.773251 0.108182
vn -0.275118 0.959112 0.066437
vn -0.959347 0.203989 0.195046
vn -0.836055 0.52165 0.169979
vn -0.745992 0.656512 0.111753
vn -0.957454 0.244349 0.153542
vn -0.73962 0.662491 0.118609
vn -0.91373 0.392796 0.103968
vn -0.945604 0.301051 0.123296
vn -0.967833 0.234008 0.092407
vn -0.617589 0.785132 0.046394
vn -0.302779 0.952789 0.022745
vn -0.369054 0.929267 0.016171
vn -0.957841 0.287173 -0.008503
vn -0.940113 0.340834 -0.004352
vn -0.819885 0.572414 -0.011449
vn -0.319615 0.947495 0.010002
vn -0.634833 0.772394 0.019867
vn -0.321146 0.94697 0.010686
vn -0.576822 0.81674 -0.014581
vn -0.913482 0.388656 -0.120401
vn -0.848256 0.522628 -0.085568
vn -0.970546 0.220125 -0.097904
vn -0.298628 0.95379 -0.033271
vn -0.957871 0.250091 -0.141203
vn -0.830303 0.543706 -0.122398
vn -0.361706 0.92974 -0.068938
vn -0.31223 0.948401 -0.055208
vn -0.624124 0.773493 -0.110356
vn -0.893186 0.38574 -0.231137
vn -0.83189 0.522516 -0.186915
vn -0.95318 0.213496 -0.214167
vn -0.297345 0.952491 -0.065937
vn -0.604526 0.785224 -0.134056
vn -0.931419 0.260042 -0.25463
vn -0.808214 0.545869 -0.220948
vn -0.30569 0.947757 -0.091159
vn -0.336766 0.935842 -0.103868
vn -0.606363 0.774356 -0.180823
vn -0.861436 0.377734 -0.339478
vn -0.92401 0.199629 -0.326119
vn -0.804823 0.521128 -0.284053
vn -0.584541 0.786322 -0.200023
vn -0.283757 0.953967 -0.097098
vn -0.626308 0.720661 -0.297298
vn -0.652258 0.685119 -0.324302
vn -0.525404 0.848273 0.066205
vn -0.521557 0.851243 0.057994
vn -0.521436 0.821111 -0.232123
vn -0.397371 0.903232 -0.162076
vn -0.258857 0.960263 -0.104341
vn -0.443667 0.876999 -0.184477
vn -0.556022 0.789814 -0.258907
vn -0.415699 0.901386 -0.121231
vn -0.586779 0.757266 -0.286772
vn -0.484673 0.84964 -0.207856
vn -0.88865 0.283711 -0.360291
vn -0.774076 0.549829 -0.313838
vn -0.532752 0.698009 0.478496
vn -0.522246 0.685266 0.507612
vn -0.666661 0.443892 0.598768
vn -0.790857 0.482246 0.376807
vn -0.474666 0.780403 0.407018
vn -0.780185 0.483988 0.396317
vn -0.675843 0.473841 0.564545
vn -0.534635 0.49572 0.684417
vn -0.601778 0.774367 0.195498
vn -0.518925 0.493438 0.698022
vn -0.597277 0.775707 0.203811
vn -0.477986 0.790471 0.382994
vn -0.670246 0.511866 0.537367
vn -0.670736 0.511149 0.537438
vn -0.487869 0.790473 0.370319
vn -0.497512 0.790478 0.357249
vn -0.69779 0.511882 0.501064
vn -0.488361 0.7901 0.370467
vn -0.684613 0.511137 0.519658
vn -0.709172 0.517238 0.479103
vn -0.50524 0.792607 0.341331
vn -0.72832 0.514741 0.452318
vn -0.722643 0.522136 0.452947
vn -0.519371 0.791337 0.322551
vn -0.536066 0.781984 0.318017
vn -0.737335 0.50981 0.443206
vn -0.526805 0.788799 0.316658
vn -0.530912 0.785996 0.316767
vn -0.528424 0.791189 0.307877
vn -0.538748 0.787537 0.299224
vn -0.753316 0.507405 0.418397
vn -0.75679 0.523041 0.392043
vn -0.539671 0.794101 0.279568
vn -0.773794 0.518425 0.363976
vn -0.772207 0.520609 0.364228
vn -0.55279 0.791715 0.260021
vn -0.576608 0.775027 0.258567
vn -0.892258 0.232793 0.386889
vn -0.68803 0.661522 0.298335
vn -0.848169 0.245701 0.469297
vn -0.560132 0.669732 0.487557
vn -0.811952 0.497307 0.305648
vn -0.804155 0.490201 0.336212
vn -0.618396 0.725464 0.302138
vn -0.375481 0.925148 0.055806
vn -0.329757 0.936734 0.117432
vn -0.703437 0.665148 0.250506
vn -0.769984 0.5919 0.238282
vn -0.552849 0.806945 0.207841
vn -0.547373 0.80349 0.234068
vn -0.793398 0.60414 0.074396
vn -0.820264 0.509251 0.260442
vn -0.587111 0.78775 0.186413
vn -0.816552 0.54165 0.199645
vn -0.600761 0.781721 0.167327
vn -0.832614 0.502965 0.231905
vn -0.588375 0.795435 0.145254
vn -0.82173 0.532546 0.202864
vn -0.60987 0.77183 0.179826
vn -0.839071 0.515637 0.173433
vn -0.598555 0.791471 0.123719
vn -0.857168 0.492748 0.149876
vn -0.690574 0.710431 0.135631
vn -0.748601 0.627935 0.212824
vn -0.693617 0.71773 0.061315
vn -0.859472 0.494216 0.130611
vn -0.603108 0.795701 0.055871
vn -0.840407 0.536335 0.077853
vn -0.833245 0.54715 0.079557
vn -0.612347 0.789429 0.042824
vn -0.857926 0.510259 0.059999
vn -0.85217 0.523264 0.001476
vn -0.864669 0.501511 0.028885
vn -0.629026 0.7771 0.021013
vn -0.620949 0.781543 -0.060108
vn -0.697953 0.714505 -0.048413
vn -0.781136 0.616373 -0.099555
vn -0.871688 0.48561 -0.065894
vn -0.854191 0.511635 -0.092668
vn -0.609066 0.790363 -0.066075
vn -0.602936 0.78874 -0.11982
vn -0.830572 0.543305 -0.122354
vn -0.599005 0.795868 -0.088241
vn -0.621461 0.775616 -0.110483
vn -0.851806 0.501493 -0.151433
vn -0.847874 0.515998 -0.121887
vn -0.840366 0.510969 -0.180819
vn -0.59941 0.789983 -0.128973
vn -0.836343 0.51311 -0.192998
vn -0.596232 0.790934 -0.137589
vn -0.593379 0.781735 -0.191809
vn -0.584443 0.79578 -0.158623
vn -0.813089 0.53869 -0.220679
vn -0.826949 0.503638 -0.250008
vn -0.597133 0.781564 -0.180528
vn -0.818314 0.53393 -0.212791
vn -0.582154 0.788774 -0.197311
vn -0.814737 0.509852 -0.276142
vn -0.575744 0.791674 -0.204382
vn -0.806392 0.517483 -0.286259
vn -0.586646 0.765893 -0.263164
vn -0.788151 0.529192 -0.314281
vn -0.563372 0.795075 -0.224649
vn -0.64559 0.715366 -0.267329
vn -0.565765 0.802668 -0.188771
vn -0.796977 0.378124 -0.471008
vn -0.794872 0.423916 -0.434135
vn -0.590622 0.776627 -0.219127
vn -0.788718 0.514107 -0.337074
vn -0.617664 0.747132 -0.24553
vn -0.545364 0.823341 -0.157125
vn -0.67447 0.681064 -0.285029
vn -0.626566 0.6971 -0.348522
vn -0.515953 0.846213 -0.1331
vn -0.730073 0.636534 -0.248631
vn -0.724157 0.648547 -0.234485
vn -0.590276 0.728506 -0.347639
vn -0.484472 0.868002 -0.108903
vn -0.55304 0.758875 -0.343882
vn -0.750616 0.543012 -0.376448
vn -0.700062 0.63873 -0.319276
vn -0.673127 0.676715 -0.298257
vn -0.639517 0.716029 -0.279857
vn -0.520059 0.818399 -0.244462
vn -0.599773 0.754996 -0.265053
vn -0.718808 0.659741 -0.21922
vn -0.859848 0.362355 -0.359666
vn -0.838188 0.407312 -0.362681
vn -0.767032 0.533202 -0.356871
vn -0.712779 0.633362 -0.301328
vn -0.691955 0.667502 -0.275027
vn -0.672987 0.698142 -0.244307
vn -0.657775 0.722764 -0.211998
vn -0.813949 0.427094 -0.393799
vn -0.707652 0.572895 -0.413545
vn -0.163014 0.981427 -0.101126
vn -0.334485 0.92947 -0.15558
vn -0.441529 0.870083 -0.219106
vn -0.253679 0.960547 -0.114001
vn -0.487082 0.846347 -0.215518
vn -0.711678 0.177602 0.679685
vn -0.665847 0.356513 0.655398
vn -0.648255 0.443243 0.619113
vn -0.704617 0.149966 0.69356
vn -0.572432 0.471694 0.670691
vn -0.61816 0.430482 0.657695
vn -0.678661 0.404194 0.613226
vn -0.487934 0.676444 0.551673
vn -0.650033 0.424619 0.630203
vn -0.572978 0.634866 0.518306
vn -0.555388 0.629371 0.543541
vn -0.429949 0.756919 0.492156
vn -0.387802 0.836348 0.387468
vn -0.522965 0.776838 0.350756
vn -0.297662 0.913426 0.277578
vn -0.192866 0.951672 0.239005
vn -0.637095 0.722931 0.267359
vn -0.313763 0.924996 0.214326
vn -0.423457 0.825365 0.373439
vn -0.296293 0.858813 0.417912
vn -0.38734 0.852667 0.350609
vn -0.411672 0.833935 0.367531
vn -0.110549 0.970509 0.214224
vn -0.361649 0.871194 0.332012
vn -0.343242 0.883962 0.317484
vn -0.187146 0.964406 0.186809
vn -0.747704 0.496107 0.441381
vn -0.726336 0.419962 0.544122
vn -0.605027 0.718911 0.342213
vn -0.60357 0.683059 0.411259
vn -0.499299 0.824514 0.26623
vn -0.421589 0.862016 0.28141
vn -0.208509 0.971179 0.115475
vn -0.429176 0.770097 0.471973
vn -0.219247 0.960177 0.173181
vn -0.741085 0.514159 0.43178
vn -0.850141 0.179168 0.495136
vn -0.844207 0.173239 0.50725
vn -0.737327 0.509974 0.44303
vn -0.74102 0.514417 0.431583
vn -0.800254 0.483689 0.354456
vn -0.649931 0.708916 0.273911
vn -0.641626 0.689485 0.336045
vn -0.77464 0.441558 0.452723
vn -0.44655 0.864661 0.230117
vn -0.538304 0.815149 0.21392
vn -0.428869 0.811004 0.397925
vn -0.225344 0.963873 0.142018
vn -0.224759 0.96993 0.093374
vn -0.956427 0.131335 0.260765
vn -0.875724 0.385398 0.290818
vn -0.891662 0.389039 0.231492
vn -0.823514 0.51381 0.240469
vn -0.824721 0.479048 0.30058
vn -0.927646 0.124275 0.352177
vn -0.944069 0.180937 0.275672
vn -0.566041 0.818995 0.094045
vn -0.734814 0.623886 0.26611
vn -0.540949 0.816507 0.201721
vn -0.751245 0.627513 0.204593
vn -0.842014 0.474786 0.256107
vn -0.710305 0.69405 0.117313
vn -0.694105 0.698275 0.175014
vn -0.869467 0.467612 0.159271
vn -0.286987 0.955574 0.067198
vn -0.598045 0.789134 0.140033
vn -0.585638 0.806301 0.083111
vn -0.490658 0.866859 0.088374
vn -0.233983 0.968692 0.082991
vn -0.262608 0.964882 -0.006378
vn -0.474355 0.869012 0.140731
vn -0.878191 0.468618 0.095798
vn -0.866144 0.471114 0.16687
vn -0.939035 0.161484 0.303539
vn -0.973143 0.158902 0.166565
vn -0.872837 0.477801 0.099306
vn -0.69971 0.711799 0.061221
vn -0.884508 0.446429 0.13545
vn -0.67359 0.732787 0.096437
vn -0.708428 0.701594 0.07678
vn -0.558684 0.815678 0.150136
vn -0.202168 0.979015 -0.025633
vn -0.50355 0.861222 0.068807
vn -0.584517 0.809778 -0.050987
vn -0.608238 0.791535 0.059309
vn -0.290981 0.956308 0.028373
vn -0.30786 0.946624 0.095527
vn -0.916199 0.394063 0.072756
vn -0.992566 0.118967 0.025676
vn -0.983421 0.17638 0.042115
vn -0.857723 0.512798 0.036732
vn -0.980971 0.153828 0.118462
vn -0.861792 0.498251 0.095187
vn -0.927374 0.373916 0.012799
vn -0.597796 0.800707 -0.038826
vn -0.7664 0.636833 0.084108
vn -0.784132 0.620188 0.022444
vn -0.561448 0.824778 0.067209
vn -0.878349 0.477583 -0.020438
vn -0.880515 0.468272 -0.073582
vn -0.978516 0.140432 -0.150951
vn -0.984875 0.158839 -0.069221
vn -0.73246 0.67891 -0.050831
vn -0.69967 0.706446 -0.106748
vn -0.887639 0.454126 -0.0766
vn -0.84355 0.508922 -0.171527
vn -0.505804 0.861505 -0.044404
vn -0.223225 0.972969 -0.059184
vn -0.468023 0.878641 -0.094579
vn -0.612401 0.78995 -0.030721
vn -0.60692 0.790248 -0.084595
vn -0.290286 0.956084 -0.040461
vn -0.296929 0.954574 0.024931
vn -0.844418 0.512101 -0.157195
vn -0.835349 0.505589 -0.215804
vn -0.967956 0.174906 -0.180193
vn -0.895494 0.397222 -0.200763
vn -0.979663 0.114633 -0.164681
vn -0.918695 0.368089 -0.143213
vn -0.952601 0.165344 -0.255366
vn -0.775143 0.617476 -0.133704
vn -0.742622 0.641726 -0.191575
vn -0.606973 0.793306 -0.047424
vn -0.54185 0.82774 -0.145759
vn -0.825297 0.494639 -0.272427
vn -0.71553 0.68526 -0.135779
vn -0.869701 0.459414 -0.180443
vn -0.685292 0.703119 -0.189733
vn -0.4935 0.863719 -0.102214
vn -0.221838 0.971242 -0.086472
vn -0.460821 0.874671 -0.150311
vn -0.284163 0.955898 -0.074227
vn -0.593601 0.78968 -0.155057
vn -0.283255 0.959026 -0.005966
vn -0.595795 0.79684 -0.100371
vn -0.81292 0.48692 -0.319485
vn -0.818908 0.513227 -0.256883
vn -0.938883 0.178206 -0.294518
vn -0.868274 0.388887 -0.308004
vn -0.952845 0.125956 -0.276083
vn -0.890283 0.382929 -0.246499
vn -0.917269 0.136155 -0.374273
vn -0.530968 0.819886 -0.214151
vn -0.749571 0.624547 -0.219282
vn -0.575578 0.811258 -0.102808
vn -0.724258 0.629049 -0.282396
vn -0.805009 0.463194 -0.370691
vn -0.682782 0.699212 -0.211921
vn -0.83678 0.472887 -0.276002
vn -0.66632 0.69531 -0.269372
vn -0.471034 0.868748 -0.152981
vn -0.226506 0.967103 -0.115785
vn -0.280604 0.952258 -0.120273
vn -0.415498 0.89555 -0.159222
vn -0.456562 0.865619 -0.205562
vn -0.561651 0.811807 -0.159744
vn -0.573775 0.788947 -0.219875
vn -0.395432 0.905776 -0.152329
vn -0.249037 0.968173 -0.024927
vn -0.374299 0.915767 -0.145843
vn -0.837568 0.405872 -0.365714
vn -0.859331 0.31789 -0.40062
vn -0.885258 0.220849 -0.409321
vn -0.884267 0.139826 -0.445557
vn -0.857577 0.06095 -0.510731
vn -0.821349 0.390677 -0.415641
vn -0.896255 0.126587 -0.425092
vn -0.847956 0.464343 -0.255649
vn -0.697996 0.569013 -0.434772
vn -0.699847 0.650502 -0.295062
vn -0.680219 0.663689 -0.311158
vn -0.474855 0.853454 -0.214775
vn -0.558875 0.78787 -0.258689
vn -0.45718 0.856212 -0.240596
vn -0.624507 0.717719 -0.30801
vn -0.636995 0.661783 -0.395324
vn -0.461428 0.858698 -0.222984
vn -0.665943 0.681176 -0.304171
vn -0.517983 0.693969 0.5001
vn -0.489268 0.692363 0.530331
vn -0.647621 0.43547 0.625263
vn -0.462186 0.698949 0.54576
vn -0.553822 0.631359 0.542832
vn -0.642964 0.435244 0.630206
vn 0.422618 0.0 -0.906308
vn 0.422618 0.0 -0.906308
vn -0.965473 -0.0 -0.260503
vn -0.965473 -0.0 -0.260503
vn -0.965473 -0.0 -0.260503
vn -0.965499 1.6e-05 -0.260406
vn -0.965522 2.9e-05 -0.26032
vn -0.965553 4e-05 -0.260208
vn -0.965473 -1e-06 -0.260503
vn -0.965478 0.0 -0.260486
vn 0.604634 0.0 0.796503
vn 0.604634 1e-06 0.796503
vn 0.604634 5e-06 0.796503
vn 0.009811 0.987718 0.155937
vn 0.007886 0.98906 0.147306
vn 0.005347 0.990325 0.138663
vn 0.011666 0.988463 0.151014
vn 0.027599 0.989093 0.14468
vn 0.019991 0.990812 0.133763
vn 0.02826 0.98924 0.14355
vn 0.004161 0.994087 0.108506
vn 0.007761 0.994831 0.101251
vn 0.01703 0.993341 0.113948
vn 0.045287 0.989203 0.139378
vn 0.038523 0.989556 0.138909
vn 0.005914 0.995555 0.093994
vn 0.009875 0.994981 0.099572
vn 0.062413 0.989198 0.132634
vn 0.055147 0.989562 0.133137
vn 0.028307 0.994374 0.102073
vn 0.022909 0.994466 0.102531
vn 0.019144 0.994767 0.100359
vn 0.078558 0.989194 0.123788
vn 0.070944 0.989567 0.125393
vn 0.093466 0.989191 0.112981
vn 0.08568 0.989571 0.11579
vn 0.040544 0.994372 0.097881
vn 0.032334 0.994511 0.099514
vn 0.106897 0.98919 0.100383
vn 0.099141 0.989574 0.104472
vn 0.052178 0.99437 0.092224
vn 0.044542 0.994513 0.094656
vn 0.118639 0.989189 0.086196
vn 0.111127 0.989575 0.091606
vn 0.063035 0.994369 0.085187
vn 0.056044 0.994515 0.088312
vn 0.128503 0.98919 0.070645
vn 0.121462 0.989575 0.07738
vn 0.072952 0.994368 0.076876
vn 0.066663 0.994516 0.080581
vn 0.129995 0.989574 0.062005
vn 0.136333 0.989191 0.053978
vn 0.08178 0.994368 0.067415
vn 0.076231 0.994517 0.071586
vn 0.1366 0.989571 0.045706
vn 0.142005 0.989194 0.036461
vn 0.089387 0.994368 0.056945
vn 0.0846 0.994517 0.061465
vn 0.091639 0.994517 0.050379
vn 0.095657 0.994368 0.045626
vn 0.100497 0.994369 0.033626
vn 0.097237 0.994516 0.038499
vn 0.101308 0.994515 0.026012
vn 0.128114 0.989304 -0.069747
vn 0.123216 0.988334 -0.089522
vn 0.128449 0.989199 -0.070616
vn 0.105932 0.990813 -0.084073
vn 0.091318 0.994619 -0.048936
vn 0.09024 0.993342 -0.071619
vn 0.089902 0.994724 -0.049424
vn 0.080398 0.99505 -0.058412
vn 0.009765 0.987832 -0.155216
vn 0.008112 0.990806 -0.135047
vn 0.006912 0.993334 -0.115065
vn 0.005996 0.99543 -0.095308
vn 0.150621 0.988592 -0.0
vn 0.101309 0.994855 0.0
vn 0.143452 0.988972 -0.036832
vn 0.148438 0.988744 -0.018752
vn 0.144807 0.989387 -0.011979
vn 0.101065 0.994798 -0.012767
vn 0.099509 0.994709 -0.02555
vn 0.12363 0.992108 -0.020937
vn 0.10374 0.994567 -0.008581
vn 0.130432 0.98936 -0.064448
vn 0.14018 0.989354 -0.039105
vn 0.133214 0.99039 -0.037162
vn 0.116827 0.992175 -0.044052
vn 0.140058 0.988589 -0.055453
vn 0.094187 0.994856 -0.037291
vn 0.093524 0.994675 -0.043303
vn 0.118547 0.991904 -0.045534
vn 0.100255 0.994569 -0.027967
vn 0.109843 0.993477 -0.030642
vn 0.111557 0.989269 -0.094348
vn 0.108322 0.989955 -0.090856
vn 0.091009 0.991591 -0.092007
vn 0.093363 0.989215 -0.112857
vn 0.109598 0.988633 -0.102919
vn 0.073962 0.99484 -0.069455
vn 0.06611 0.994607 -0.079913
vn 0.084989 0.99267 -0.085922
vn 0.085194 0.993801 -0.071427
vn 0.077935 0.994673 -0.067459
vn 0.083945 0.990582 -0.108173
vn 0.067595 0.991319 -0.112776
vn 0.09325 0.989112 -0.113853
vn 0.092365 0.989318 -0.112773
vn 0.080661 0.988605 -0.127101
vn 0.068203 0.99419 -0.083272
vn 0.065953 0.994568 -0.080525
vn 0.05431 0.99485 -0.085578
vn 0.070253 0.993413 -0.090529
vn 0.061173 0.992895 -0.102061
vn 0.047542 0.994468 -0.093669
vn 0.068502 0.988966 -0.131356
vn 0.066854 0.989493 -0.128195
vn 0.053548 0.991339 -0.119919
vn 0.040552 0.990539 -0.131104
vn 0.045991 0.988863 -0.141546
vn 0.063462 0.98883 -0.134864
vn 0.043511 0.994765 -0.092465
vn 0.031618 0.994752 -0.097309
vn 0.04857 0.99288 -0.10877
vn 0.033793 0.993439 -0.109253
vn 0.0496 0.994451 -0.092771
vn 0.014263 0.989296 -0.145222
vn 0.013694 0.98966 -0.142775
vn 0.040309 0.989415 -0.139407
vn 0.040107 0.989521 -0.138709
vn 0.023148 0.991604 -0.127219
vn 0.014205 0.989311 -0.145131
vn 0.028229 0.988587 -0.147982
vn 0.010533 0.993946 -0.109365
vn 0.012541 0.994681 -0.102233
vn 0.030371 0.994004 -0.105037
vn 0.02896 0.99455 -0.100156
vn 0.01898 0.994857 -0.099499
vn 0.010879 0.994393 -0.105188
vn 0.021653 0.992658 -0.118999
vn 0.141251 0.989537 0.029399
vn 0.150071 0.988674 0.001471
vn 0.156634 0.987459 0.019787
vn 0.1227 0.992128 0.025033
vn 0.134749 0.990643 0.021657
vn 0.104851 0.994303 0.019156
vn 0.134351 0.990824 0.014763
vn 0.104717 0.994414 0.013229
vn 0.104169 0.994449 0.014839
vn 0.125347 0.992101 0.004753
vn 0.123479 0.992108 -0.021794
vn 0.137479 0.990439 -0.011373
vn 0.114501 0.993378 -0.009472
vn 0.125378 0.992108 0.001602
vn 0.792641 0.200184 -0.575887
vn 0.301389 0.928017 -0.218972
vn 0.858662 0.19966 -0.472054
vn 0.812005 0.271362 -0.516731
vn 0.33546 0.917548 -0.213475
vn 0.643379 0.646866 -0.409423
vn 0.643379 0.646866 -0.409423
vn 0.326303 0.928088 -0.179387
vn 0.883423 0.268388 -0.384097
vn 0.908065 0.214841 -0.359528
vn 0.351008 0.926002 -0.138974
vn 0.699431 0.646776 -0.3041
vn 0.363746 0.917975 -0.15815
vn 0.699431 0.646776 -0.304101
vn 0.980113 0.198442 0.0
vn 0.371956 0.92825 0.0
vn 0.908065 0.214841 0.359528
vn 0.351008 0.926002 0.138974
vn 0.699431 0.646776 0.304101
vn 0.883423 0.268388 0.384097
vn 0.858662 0.19966 0.472054
vn 0.363746 0.917975 0.15815
vn 0.326303 0.928088 0.179387
vn 0.699431 0.646776 0.3041
vn 0.812005 0.271362 0.516731
vn 0.792641 0.200184 0.575887
vn 0.64338 0.646866 0.409424
vn 0.301389 0.928017 0.218972
vn 0.643379 0.646866 0.409423
vn 0.33546 0.917548 0.213475
vn 0.085169 0.05481 -0.994858
vn 0.041424 0.166111 -0.985237
vn 0.025371 0.278741 -0.960031
vn 0.062534 0.090348 -0.993945
vn 0.028064 0.390226 -0.920291
vn 0.029013 0.306535 -0.951417
vn 0.097637 0.690054 -0.717142
vn 0.024544 0.77567 -0.630661
vn 0.004884 0.846182 -0.532871
vn 0.037185 0.902619 -0.428832
vn 0.116792 0.940217 -0.319926
vn 0.065805 0.974648 -0.213847
vn 0.017909 0.958461 -0.28466
vn -0.030261 0.895172 -0.444693
vn -0.015974 0.889517 -0.456623
vn 0.416992 0.202116 -0.886153
vn 0.328857 0.55888 -0.761253
vn 0.158794 0.927852 -0.337454
vn 0.310017 0.729754 -0.609384
vn 0.524774 0.202066 -0.826911
vn 0.421723 0.558917 -0.713976
vn 0.199844 0.927846 -0.314903
vn 0.383979 0.729782 -0.565666
vn 0.624281 0.202022 -0.754626
vn 0.507918 0.558953 -0.655432
vn 0.237745 0.92784 -0.287384
vn 0.45187 0.729807 -0.513025
vn 0.72782 0.056119 -0.683468
vn 0.786903 0.206167 -0.581617
vn 0.67927 0.419855 -0.601925
vn 0.272067 0.927742 -0.255488
vn 0.595684 0.647811 -0.474869
vn 0.597901 0.655544 -0.461277
vn 0.286717 0.924825 -0.249985
vn 0.539498 0.698342 -0.470383
vn 0.299473 0.923754 -0.238734
vn 0.713608 0.647836 -0.266593
vn 0.7543 0.647847 -0.106423
vn 0.761523 0.647858 0.019041
vn 0.747817 0.647854 -0.145104
vn 0.761523 0.647858 -0.019041
vn 0.747817 0.647854 0.145104
vn 0.713608 0.647836 0.266593
vn 0.7543 0.647847 0.106423
vn 0.786903 0.206167 0.581617
vn 0.72782 0.056118 0.683469
vn 0.299473 0.923754 0.238734
vn 0.595685 0.647811 0.474869
vn 0.67927 0.419856 0.601924
vn 0.597901 0.655544 0.461277
vn 0.286716 0.924825 0.249986
vn 0.272067 0.927742 0.255488
vn 0.539497 0.698343 0.470383
vn 0.624281 0.202021 0.754626
vn 0.45187 0.729807 0.513025
vn 0.237745 0.92784 0.287384
vn 0.507918 0.558953 0.655432
vn 0.524774 0.202066 0.826911
vn 0.383979 0.729781 0.565667
vn 0.199844 0.927846 0.314903
vn 0.421724 0.558918 0.713975
vn 0.416992 0.202116 0.886153
vn 0.158793 0.927852 0.337454
vn 0.310017 0.729754 0.609384
vn 0.328857 0.55888 0.761253
vn 0.025373 0.278741 0.960031
vn 0.041425 0.16611 0.985237
vn 0.08517 0.05481 0.994858
vn 0.062534 0.09035 0.993945
vn 0.029014 0.306535 0.951417
vn 0.028065 0.39023 0.92029
vn 0.017909 0.958461 0.28466
vn 0.065805 0.974648 0.213846
vn 0.116793 0.940216 0.319926
vn 0.037184 0.902618 0.428833
vn 0.004884 0.846182 0.532871
vn 0.024543 0.775672 0.630659
vn 0.097638 0.690054 0.717142
vn -0.015972 0.889515 0.456626
vn -0.030262 0.895171 0.444694
vn 0.008447 0.764855 -0.644147
vn 0.045128 0.497847 -0.86609
vn 0.015536 0.600084 -0.799786
vn 0.054903 0.482936 -0.873932
vn 0.033492 0.736018 -0.676133
vn 0.133968 0.746975 -0.651215
vn 0.089335 0.48954 -0.867393
vn 0.108276 0.167649 -0.979883
vn 0.071394 0.496109 -0.86532
vn 0.078267 0.306601 -0.948615
vn -0.052299 0.444598 -0.894202
vn 0.086279 0.554694 -0.827569
vn 0.105463 0.387647 -0.915755
vn 0.237715 0.495207 -0.83562
vn 0.235597 0.168684 -0.9571
vn 0.112748 0.169745 -0.979017
vn 0.075899 0.49925 -0.863127
vn 0.070533 0.733022 -0.676538
vn 0.051787 0.776739 -0.62769
vn 0.0548 0.943037 -0.328142
vn 0.037438 0.890328 -0.453778
vn -0.086137 0.802413 -0.59052
vn 0.037241 0.945539 -0.323373
vn 0.060811 0.847042 -0.528036
vn -0.002965 0.614187 -0.789155
vn 0.086393 0.737737 -0.669537
vn 0.068682 0.843776 -0.532283
vn 0.23955 0.670888 -0.701802
vn 0.208334 0.519089 -0.828941
vn 0.134357 0.232771 -0.963206
vn 0.185589 0.137961 -0.972894
vn 0.059488 0.948269 -0.311845
vn 0.045669 0.945533 -0.322308
vn 0.194919 0.806137 -0.558704
vn 0.074398 0.847803 -0.525066
vn 0.122427 0.915947 -0.382169
vn 0.069039 0.758248 -0.648301
vn 0.053879 0.615013 -0.786674
vn 0.094242 0.450038 -0.888022
vn 0.27612 0.671274 -0.687859
vn 0.214967 0.384345 -0.897813
vn 0.229474 0.16974 -0.9584
vn 0.295549 0.497778 -0.815394
vn 0.183764 0.499256 -0.846744
vn 0.353463 0.168636 -0.920123
vn -0.015222 0.940903 -0.338333
vn 0.191403 0.774567 -0.602836
vn 0.060538 0.77125 -0.633647
vn 0.325144 0.670886 -0.666478
vn 0.096322 0.614172 -0.783272
vn 0.254143 0.232768 -0.938739
vn 0.310744 0.519062 -0.79625
vn 0.306058 0.138057 -0.941949
vn 0.098094 0.948279 -0.301901
vn 0.169406 0.915971 -0.36373
vn 0.139659 0.847817 -0.511568
vn 0.263268 0.806112 -0.529975
vn 0.085732 0.945533 -0.314034
vn 0.149871 0.758223 -0.634536
vn 0.151526 0.614893 -0.773916
vn 0.204673 0.44994 -0.869289
vn 0.360496 0.671222 -0.647691
vn 0.395914 0.497753 -0.771683
vn 0.347848 0.169736 -0.922058
vn 0.288687 0.499259 -0.816946
vn 0.32585 0.3844 -0.863747
vn 0.465715 0.16867 -0.868712
vn 0.177058 0.943736 -0.279308
vn 0.026931 0.940875 -0.337683
vn 0.265699 0.774559 -0.573988
vn 0.250663 0.774907 -0.580247
vn 0.23639 0.755676 -0.610798
vn 0.397044 0.169124 -0.902082
vn 0.404787 0.520873 -0.751558
vn 0.392861 0.499328 -0.772225
vn 0.389018 0.499264 -0.77421
vn 0.570721 0.168662 -0.803636
vn 0.068773 0.940843 -0.33179
vn 0.335745 0.774552 -0.536045
vn 0.210614 0.943741 -0.254938
vn 0.321459 0.774906 -0.544228
vn 0.311179 0.755659 -0.576321
vn 0.506967 0.16912 -0.845211
vn 0.495886 0.520858 -0.694841
vn 0.486608 0.499329 -0.716856
vn 0.483171 0.499267 -0.71922
vn 0.666759 0.168673 -0.725935
vn 0.109559 0.940816 -0.320723
vn 0.400461 0.774546 -0.489601
vn 0.24086 0.943744 -0.22657
vn 0.387172 0.774906 -0.499618
vn 0.381045 0.755646 -0.532733
vn 0.608899 0.16912 -0.77501
vn 0.579142 0.520844 -0.627149
vn 0.572667 0.49933 -0.650171
vn 0.701466 0.137744 -0.699265
vn 0.679397 0.41997 -0.601702
vn 0.663283 0.169738 -0.728865
vn 0.528588 0.497695 -0.687673
vn 0.654679 0.35989 -0.664737
vn 0.704912 0.401771 -0.584534
vn 0.580168 0.537653 -0.611829
vn 0.148682 0.940789 -0.304646
vn 0.458813 0.77454 -0.435406
vn 0.266708 0.943797 -0.19523
vn 0.47761 0.773516 -0.416608
vn 0.460061 0.731072 -0.503863
vn 0.910411 0.216802 -0.352348
vn 0.839051 0.496534 -0.222367
vn 0.967466 0.048008 -0.248403
vn 0.933661 0.183434 -0.307619
vn 0.843452 0.492111 -0.215442
vn 0.966758 0.182152 -0.179444
vn 0.922282 0.30643 -0.235577
vn 0.842925 0.498096 -0.203415
vn 0.968484 0.213153 -0.128856
vn 0.606745 0.780742 -0.149339
vn 0.329489 0.927985 -0.174012
vn 0.24758 0.96678 -0.063568
vn 0.32173 0.936473 -0.139673
vn 0.607907 0.778677 -0.155277
vn 0.368057 0.929778 -0.006916
vn 0.347318 0.9372 -0.032052
vn 0.426681 0.897811 -0.108986
vn 0.606431 0.779445 -0.157185
vn 0.863883 0.496911 -0.082373
vn 0.979771 0.157253 -0.123774
vn 0.98244 0.186163 0.012457
vn 0.964207 0.220002 -0.148
vn 0.863462 0.500853 -0.059832
vn 0.319951 0.946572 -0.040419
vn 0.33999 0.939601 0.039458
vn 0.629336 0.775387 -0.052073
vn 0.376635 0.923127 -0.077339
vn 0.629179 0.775469 -0.052744
vn 0.964207 0.220002 0.148
vn 0.863462 0.500853 0.059832
vn 0.98244 0.186163 -0.012457
vn 0.979771 0.157253 0.123774
vn 0.863883 0.496911 0.082373
vn 0.629336 0.775387 0.052073
vn 0.629179 0.775469 0.052744
vn 0.319951 0.946572 0.040419
vn 0.33999 0.939601 -0.039458
vn 0.376636 0.923127 0.077339
vn 0.968484 0.213153 0.128856
vn 0.842925 0.498096 0.203415
vn 0.966758 0.182151 0.179444
vn 0.967466 0.048008 0.248403
vn 0.843452 0.492111 0.215442
vn 0.922282 0.30643 0.235577
vn 0.933661 0.183434 0.307619
vn 0.839051 0.496534 0.222367
vn 0.910411 0.216803 0.352347
vn 0.606431 0.779445 0.157185
vn 0.368057 0.929778 0.006916
vn 0.347318 0.9372 0.032052
vn 0.24758 0.96678 0.063568
vn 0.607907 0.778677 0.155277
vn 0.426681 0.897811 0.108986
vn 0.32173 0.936473 0.139673
vn 0.329489 0.927985 0.174012
vn 0.606745 0.780742 0.149339
vn 0.701465 0.137745 0.699266
vn 0.679396 0.419971 0.601702
vn 0.580169 0.537653 0.611828
vn 0.704913 0.40177 0.584533
vn 0.572667 0.499329 0.650171
vn 0.579143 0.520844 0.627149
vn 0.528587 0.497694 0.687675
vn 0.654679 0.359887 0.664738
vn 0.663283 0.169738 0.728865
vn 0.608899 0.16912 0.77501
vn 0.47761 0.773516 0.416607
vn 0.266708 0.943797 0.19523
vn 0.460061 0.731072 0.503863
vn 0.458813 0.774541 0.435405
vn 0.148683 0.940789 0.304646
vn 0.666759 0.168673 0.725935
vn 0.483171 0.499267 0.71922
vn 0.486608 0.499329 0.716857
vn 0.506967 0.16912 0.845211
vn 0.495886 0.52086 0.69484
vn 0.387172 0.774906 0.499618
vn 0.381045 0.755646 0.532733
vn 0.240859 0.943744 0.22657
vn 0.400461 0.774546 0.489601
vn 0.109559 0.940816 0.320722
vn 0.570719 0.168663 0.803637
vn 0.389018 0.499263 0.77421
vn 0.397045 0.169125 0.902082
vn 0.404788 0.520872 0.751558
vn 0.392861 0.499327 0.772226
vn 0.068773 0.940843 0.33179
vn 0.311179 0.755659 0.576322
vn 0.210614 0.943741 0.254939
vn 0.321459 0.774907 0.544228
vn 0.335746 0.774553 0.536044
vn 0.288687 0.499259 0.816946
vn 0.465715 0.16867 0.868712
vn 0.347848 0.169736 0.922058
vn 0.306058 0.138056 0.94195
vn 0.254143 0.232768 0.938739
vn 0.310744 0.519063 0.796249
vn 0.32585 0.3844 0.863747
vn 0.204672 0.449941 0.869289
vn 0.360495 0.671222 0.647691
vn 0.151525 0.614894 0.773916
vn 0.395914 0.497753 0.771683
vn 0.177057 0.943736 0.279307
vn 0.23639 0.755676 0.610798
vn 0.250663 0.774907 0.580247
vn 0.02693 0.940875 0.337682
vn 0.265698 0.774559 0.573989
vn 0.353464 0.168634 0.920123
vn 0.183764 0.499256 0.846744
vn 0.18559 0.137962 0.972894
vn 0.134358 0.232771 0.963206
vn 0.229472 0.169738 0.9584
vn 0.208335 0.51909 0.828941
vn 0.295549 0.497778 0.815394
vn 0.094239 0.450037 0.888024
vn 0.214966 0.384343 0.897814
vn 0.053879 0.615013 0.786674
vn 0.276119 0.671274 0.687859
vn 0.096322 0.614173 0.783271
vn 0.325145 0.670886 0.666478
vn 0.098094 0.948279 0.301901
vn 0.169407 0.915971 0.36373
vn 0.149872 0.758223 0.634536
vn 0.263268 0.806111 0.529976
vn -0.015223 0.940903 0.338332
vn 0.085732 0.945533 0.314034
vn 0.060541 0.77125 0.633646
vn 0.13966 0.847816 0.511569
vn 0.191402 0.774567 0.602836
vn 0.235597 0.168684 0.9571
vn 0.075899 0.499251 0.863127
vn 0.071393 0.49611 0.86532
vn 0.078265 0.3066 0.948615
vn 0.112748 0.169745 0.979017
vn 0.108275 0.167648 0.979883
vn -0.052297 0.444601 0.894201
vn 0.086279 0.554694 0.827569
vn 0.237713 0.495208 0.83562
vn 0.105463 0.38765 0.915754
vn -0.002964 0.614188 0.789154
vn 0.239548 0.670887 0.701802
vn 0.122428 0.915947 0.382169
vn 0.059488 0.948269 0.311845
vn 0.19492 0.806136 0.558704
vn 0.06904 0.758248 0.648301
vn 0.045668 0.945532 0.322309
vn 0.074396 0.847804 0.525066
vn 0.070533 0.733022 0.676538
vn 0.086391 0.737737 0.669538
vn 0.068681 0.843777 0.532282
vn 0.051787 0.776739 0.62769
vn 0.037439 0.890326 0.453781
vn 0.054801 0.943037 0.328143
vn -0.086137 0.802413 0.59052
vn 0.037241 0.945538 0.323373
vn 0.060811 0.847042 0.528036
vn 0.008447 0.764855 0.644147
vn 0.089335 0.48954 0.867393
vn 0.015537 0.600084 0.799786
vn 0.04513 0.497844 0.866092
vn 0.054903 0.482936 0.873932
vn 0.133968 0.746975 0.651215
vn 0.033493 0.736018 0.676133
vn -0.792641 0.200184 0.575887
vn -0.301389 0.928017 0.218972
vn -0.812005 0.271362 0.51673
vn -0.858662 0.19966 0.472054
vn -0.326304 0.928087 0.179387
vn -0.335461 0.917548 0.213475
vn -0.643379 0.646866 0.409423
vn -0.64338 0.646866 0.409423
vn -0.980113 0.198442 0.0
vn -0.371956 0.92825 0.0
vn -0.858662 0.19966 -0.472054
vn -0.326304 0.928087 -0.179387
vn -0.812005 0.271362 -0.51673
vn -0.792641 0.200183 -0.575887
vn -0.301389 0.928017 -0.218972
vn -0.64338 0.646866 -0.409423
vn -0.643379 0.646866 -0.409423
vn -0.335461 0.917548 -0.213475
vn -0.062534 0.09035 0.993945
vn -0.025373 0.278741 0.960031
vn -0.041425 0.16611 0.985237
vn -0.08517 0.05481 0.994858
vn -0.029014 0.306535 0.951417
vn -0.028065 0.39023 0.92029
vn -0.116793 0.940216 0.319926
vn -0.037184 0.902618 0.428833
vn -0.004883 0.846182 0.532871
vn -0.024543 0.775672 0.630659
vn -0.097637 0.690054 0.717142
vn -0.017909 0.958461 0.28466
vn -0.065806 0.974648 0.213846
vn 0.030261 0.895172 0.444693
vn 0.015978 0.889518 0.45662
vn -0.416992 0.202116 0.886153
vn -0.328857 0.55888 0.761253
vn -0.158794 0.927852 0.337454
vn -0.310017 0.729754 0.609383
vn -0.524774 0.202066 0.826911
vn -0.421724 0.558917 0.713976
vn -0.199844 0.927846 0.314904
vn -0.383979 0.729782 0.565666
vn -0.624281 0.202022 0.754626
vn -0.507918 0.558953 0.655432
vn -0.237745 0.92784 0.287384
vn -0.45187 0.729806 0.513026
vn -0.786903 0.206167 0.581617
vn -0.72782 0.056118 0.683469
vn -0.67927 0.419855 0.601925
vn -0.272067 0.927742 0.255488
vn -0.299473 0.923754 0.238734
vn -0.595685 0.647811 0.474869
vn -0.597901 0.655544 0.461277
vn -0.286717 0.924825 0.249986
vn -0.539497 0.698343 0.470383
vn -0.727408 0.64782 0.226287
vn -0.660934 0.6478 0.378842
vn -0.713609 0.647836 0.266592
vn -0.7543 0.647847 0.106423
vn -0.761524 0.647857 -0.019041
vn -0.747817 0.647854 0.145104
vn -0.747817 0.647854 -0.145104
vn -0.761524 0.647857 0.019041
vn -0.7543 0.647847 -0.106423
vn -0.713609 0.647836 -0.266592
vn -0.660934 0.6478 -0.378842
vn -0.727408 0.64782 -0.226287
vn -0.72782 0.056119 -0.683468
vn -0.786903 0.206166 -0.581617
vn -0.595685 0.647812 -0.474868
vn -0.299473 0.923754 -0.238734
vn -0.67927 0.419855 -0.601925
vn -0.597901 0.655544 -0.461277
vn -0.286717 0.924825 -0.249986
vn -0.272067 0.927742 -0.255488
vn -0.539497 0.698343 -0.470383
vn -0.624349 0.2015 -0.754709
vn -0.547882 0.559375 -0.622033
vn -0.237857 0.92777 -0.287519
vn -0.418572 0.730103 -0.540137
vn -0.524841 0.201457 -0.827017
vn -0.465534 0.55941 -0.685812
vn -0.199953 0.927764 -0.315076
vn -0.347516 0.730128 -0.588342
vn -0.417054 0.201412 -0.886284
vn -0.375836 0.559449 -0.738759
vn -0.158894 0.927757 -0.337668
vn -0.27097 0.730154 -0.627256
vn -0.085169 0.05481 -0.994858
vn -0.041424 0.166111 -0.985237
vn -0.025371 0.278741 -0.960031
vn -0.062534 0.090348 -0.993945
vn -0.029013 0.306535 -0.951417
vn -0.028064 0.390226 -0.920291
vn -0.02549 0.955567 -0.293671
vn -0.097637 0.690054 -0.717142
vn -0.024544 0.77567 -0.630661
vn -0.004884 0.846182 -0.532871
vn -0.037185 0.902619 -0.428832
vn -0.003264 0.881374 -0.472407
vn 0.015976 0.889517 -0.456623
vn -0.008447 0.764855 0.644148
vn -0.033493 0.736017 0.676134
vn -0.054903 0.482937 0.873932
vn -0.015538 0.600084 0.799786
vn -0.04513 0.497844 0.866092
vn -0.133967 0.746974 0.651216
vn -0.089335 0.48954 0.867393
vn -0.108275 0.167648 0.979883
vn -0.078266 0.3066 0.948615
vn -0.071393 0.49611 0.86532
vn -0.086278 0.554694 0.827569
vn 0.052297 0.444601 0.894201
vn -0.237712 0.495207 0.835621
vn -0.105463 0.38765 0.915754
vn -0.235597 0.168684 0.9571
vn -0.112748 0.169745 0.979017
vn -0.075899 0.49925 0.863127
vn -0.070532 0.733022 0.676539
vn -0.051788 0.776738 0.627691
vn 0.086138 0.802413 0.59052
vn -0.0548 0.943037 0.328143
vn -0.037439 0.89033 0.453774
vn -0.060811 0.847042 0.528036
vn -0.037241 0.945538 0.323373
vn -0.068682 0.843776 0.532283
vn -0.086393 0.737737 0.669537
vn 0.002964 0.614188 0.789154
vn -0.23955 0.670888 0.701802
vn -0.134357 0.232771 0.963206
vn -0.18559 0.13796 0.972894
vn -0.208334 0.51909 0.828941
vn -0.059488 0.948269 0.311845
vn -0.122427 0.915946 0.38217
vn -0.045668 0.945532 0.322309
vn -0.074397 0.847802 0.525068
vn -0.194919 0.806136 0.558706
vn -0.06904 0.758247 0.648302
vn -0.053879 0.615013 0.786674
vn -0.094241 0.450039 0.888022
vn -0.276118 0.671274 0.687859
vn -0.29555 0.497777 0.815394
vn -0.229474 0.169738 0.9584
vn -0.214967 0.384345 0.897813
vn -0.183764 0.499256 0.846744
vn -0.353464 0.168634 0.920123
vn 0.015223 0.940903 0.338333
vn -0.191403 0.774566 0.602837
vn -0.325145 0.670886 0.666478
vn -0.096322 0.614172 0.783272
vn -0.06054 0.77125 0.633647
vn -0.254143 0.232768 0.938739
vn -0.310744 0.519062 0.79625
vn -0.306058 0.138056 0.94195
vn -0.098094 0.948279 0.301902
vn -0.085733 0.945533 0.314034
vn -0.169406 0.915971 0.36373
vn -0.13966 0.847817 0.511568
vn -0.149871 0.758223 0.634536
vn -0.263269 0.806112 0.529975
vn -0.360496 0.671221 0.647691
vn -0.151526 0.614893 0.773916
vn -0.204673 0.44994 0.869289
vn -0.288687 0.499259 0.816945
vn -0.395914 0.497753 0.771683
vn -0.347848 0.169736 0.922058
vn -0.465715 0.16867 0.868712
vn -0.32585 0.384401 0.863747
vn -0.02693 0.940875 0.337683
vn -0.265699 0.774559 0.573989
vn -0.177058 0.943736 0.279308
vn -0.250664 0.774907 0.580247
vn -0.236391 0.755676 0.610798
vn -0.397045 0.169125 0.902082
vn -0.404788 0.520872 0.751558
vn -0.392861 0.499327 0.772226
vn -0.389018 0.499263 0.77421
vn -0.570719 0.168664 0.803637
vn -0.068773 0.940843 0.331791
vn -0.335745 0.774552 0.536045
vn -0.210615 0.943741 0.254939
vn -0.321459 0.774906 0.544228
vn -0.311179 0.755659 0.576321
vn -0.506968 0.16912 0.845211
vn -0.495886 0.520858 0.694841
vn -0.486608 0.499329 0.716856
vn -0.666759 0.168673 0.725935
vn -0.483171 0.499267 0.71922
vn -0.24086 0.943744 0.22657
vn -0.109559 0.940815 0.320723
vn -0.400461 0.774546 0.489602
vn -0.387173 0.774905 0.499619
vn -0.381046 0.755645 0.532733
vn -0.608899 0.16912 0.77501
vn -0.579143 0.520844 0.627149
vn -0.572667 0.499329 0.650171
vn -0.679396 0.41997 0.601703
vn -0.663283 0.169738 0.728865
vn -0.701465 0.137745 0.699266
vn -0.528587 0.497694 0.687675
vn -0.654679 0.359887 0.664738
vn -0.580168 0.537653 0.611829
vn -0.704913 0.401769 0.584534
vn -0.458813 0.77454 0.435405
vn -0.266708 0.943796 0.195231
vn -0.47761 0.773516 0.416608
vn -0.148683 0.940789 0.304647
vn -0.460061 0.731072 0.503863
vn -0.799225 0.495947 0.339524
vn -0.91706 0.222559 0.33086
vn -0.918859 0.152794 0.363802
vn -0.855608 0.19273 0.480406
vn -0.790335 0.500137 0.353884
vn -0.578138 0.775586 0.253421
vn -0.298653 0.947008 0.118245
vn -0.367097 0.92342 0.111963
vn -0.283123 0.93735 0.203018
vn -0.579042 0.776328 0.249048
vn -0.839051 0.496534 0.222367
vn -0.910411 0.216803 0.352348
vn -0.967466 0.048008 0.248403
vn -0.933661 0.183434 0.307619
vn -0.966758 0.182151 0.179444
vn -0.922282 0.30643 0.235577
vn -0.843452 0.492112 0.215442
vn -0.968484 0.213153 0.128856
vn -0.842925 0.498096 0.203415
vn -0.32949 0.927985 0.174011
vn -0.606744 0.780743 0.149339
vn -0.321731 0.936472 0.139673
vn -0.24758 0.96678 0.063568
vn -0.368057 0.929778 0.006916
vn -0.606432 0.779444 0.157185
vn -0.426682 0.897811 0.108987
vn -0.607907 0.778677 0.155277
vn -0.347318 0.937199 0.032052
vn -0.863462 0.500854 0.059832
vn -0.98244 0.186163 -0.012458
vn -0.979771 0.157253 0.123774
vn -0.964207 0.220002 0.148
vn -0.863883 0.496911 0.082373
vn -0.319951 0.946571 0.040419
vn -0.33999 0.939601 -0.039458
vn -0.629337 0.775386 0.052073
vn -0.376635 0.923128 0.077339
vn -0.62918 0.775468 0.052745
vn -0.863883 0.496911 -0.082373
vn -0.863462 0.500854 -0.059832
vn -0.98244 0.186163 0.012458
vn -0.964207 0.220002 -0.148
vn -0.979771 0.157253 -0.123774
vn -0.33999 0.939601 0.039458
vn -0.319951 0.946571 -0.040419
vn -0.376636 0.923128 -0.077339
vn -0.62918 0.775468 -0.052745
vn -0.629337 0.775386 -0.052073
vn -0.968484 0.213153 -0.128856
vn -0.842925 0.498096 -0.203415
vn -0.966758 0.182152 -0.179444
vn -0.967466 0.048008 -0.248403
vn -0.843452 0.492112 -0.215442
vn -0.839051 0.496534 -0.222367
vn -0.922282 0.30643 -0.235577
vn -0.933661 0.183434 -0.307619
vn -0.910411 0.216803 -0.352348
vn -0.368057 0.929778 -0.006916
vn -0.606432 0.779444 -0.157185
vn -0.24758 0.96678 -0.063568
vn -0.347318 0.937199 -0.032052
vn -0.606745 0.780743 -0.149339
vn -0.607907 0.778677 -0.155277
vn -0.426682 0.897811 -0.108987
vn -0.321731 0.936472 -0.139673
vn -0.32949 0.927985 -0.174011
vn -0.799225 0.495947 -0.339524
vn -0.918859 0.152794 -0.363802
vn -0.91706 0.222559 -0.33086
vn -0.790335 0.500137 -0.353884
vn -0.855608 0.19273 -0.480406
vn -0.298653 0.947008 -0.118245
vn -0.579042 0.776328 -0.249048
vn -0.367097 0.92342 -0.111963
vn -0.578138 0.775586 -0.253421
vn -0.283123 0.93735 -0.203018
vn -0.701466 0.137745 -0.699266
vn -0.679396 0.41997 -0.601702
vn -0.580169 0.537652 -0.611829
vn -0.704911 0.401771 -0.584534
vn -0.590344 0.168729 -0.789319
vn -0.614074 0.499306 -0.611233
vn -0.663283 0.169738 -0.728865
vn -0.528589 0.497694 -0.687673
vn -0.654679 0.35989 -0.664737
vn -0.47761 0.773516 -0.416608
vn -0.266708 0.943796 -0.195231
vn -0.460061 0.731072 -0.503863
vn -0.177923 0.943782 -0.278602
vn -0.417787 0.774897 -0.47433
vn -0.451234 0.755461 -0.475044
vn -0.647251 0.169116 -0.74328
vn -0.506576 0.520693 -0.687211
vn -0.530709 0.49934 -0.684841
vn -0.532453 0.49931 -0.683509
vn -0.486952 0.168733 -0.856975
vn -0.141646 0.943785 -0.298674
vn -0.339643 0.774466 -0.533708
vn -0.355003 0.774896 -0.522981
vn -0.388075 0.755445 -0.527922
vn -0.274109 0.940456 -0.201014
vn -0.549001 0.169111 -0.818535
vn -0.416361 0.520682 -0.745341
vn -0.440633 0.499342 -0.745989
vn -0.375929 0.168743 -0.911155
vn -0.442386 0.499314 -0.74497
vn -0.247014 0.940428 -0.233624
vn -0.10315 0.943788 -0.314046
vn -0.286611 0.774895 -0.563375
vn -0.31877 0.755428 -0.572463
vn -0.269881 0.77446 -0.572168
vn -0.442084 0.169119 -0.880886
vn -0.319559 0.520668 -0.791699
vn -0.343591 0.499343 -0.795362
vn -0.258995 0.168736 -0.951026
vn -0.345302 0.499318 -0.794637
vn -0.216076 0.940394 -0.262624
vn -0.195821 0.774453 -0.601562
vn -0.136503 0.670798 -0.72897
vn -0.377932 0.613964 -0.692976
vn -0.316082 0.771852 -0.551668
vn -0.305997 0.139462 -0.941762
vn -0.344462 0.232639 -0.909519
vn -0.214573 0.518646 -0.827626
vn -0.097973 0.94841 -0.30153
vn -0.114903 0.945531 -0.30458
vn -0.075627 0.916346 -0.393181
vn -0.250252 0.757886 -0.602481
vn -0.18705 0.848039 -0.495824
vn -0.101285 0.805741 -0.583543
vn -0.084173 0.670481 -0.737136
vn -0.339911 0.613209 -0.713046
vn -0.347359 0.448588 -0.823475
vn -0.259544 0.169736 -0.950698
vn -0.138071 0.168771 -0.975937
vn -0.242714 0.499321 -0.831726
vn -0.24305 0.385128 -0.890283
vn -0.125377 0.497399 -0.858414
vn -0.181813 0.940364 -0.287506
vn -0.118633 0.774445 -0.621419
vn -0.044622 0.670788 -0.740306
vn -0.287745 0.613951 -0.735029
vn -0.243908 0.771892 -0.587104
vn -0.185547 0.13957 -0.972673
vn -0.227618 0.232622 -0.945556
vn -0.109005 0.518616 -0.84803
vn -0.059404 0.948419 -0.311405
vn -0.025682 0.916375 -0.399496
vn -0.075802 0.94553 -0.316586
vn -0.123391 0.848056 -0.515341
vn -0.172645 0.757864 -0.629155
vn -0.027551 0.805714 -0.591664
vn 0.009218 0.670431 -0.741915
vn -0.248383 0.613094 -0.749947
vn -0.241525 0.448499 -0.860531
vn -0.138252 0.169743 -0.975743
vn -0.129464 0.385175 -0.913717
vn -0.108276 0.167649 -0.979883
vn -0.112748 0.169745 -0.979017
vn -0.078267 0.306601 -0.948615
vn -0.071395 0.496109 -0.86532
vn -0.117411 0.3978 -0.909928
vn 0.052299 0.444598 -0.894202
vn -0.105463 0.387647 -0.915755
vn -0.086279 0.554694 -0.827569
vn -0.107093 0.54744 -0.829964
vn -0.144687 0.940315 -0.308016
vn -0.039537 0.774437 -0.631415
vn -0.216299 0.767533 -0.603413
vn -0.070533 0.733022 -0.676538
vn -0.060811 0.847042 -0.528036
vn 0.086137 0.802413 -0.59052
vn -0.037241 0.945538 -0.323374
vn -0.0548 0.943037 -0.328143
vn -0.051788 0.776739 -0.62769
vn -0.037439 0.890328 -0.453778
vn -0.045128 0.497847 -0.86609
vn -0.015537 0.600084 -0.799786
vn -0.054903 0.482937 -0.873932
vn -0.089335 0.48954 -0.867393
vn -0.008447 0.764855 -0.644147
vn -0.033492 0.736018 -0.676133
vn -0.133966 0.746975 -0.651216
vn 0.062791 0.0 -0.998027
vn 0.187381 0.0 -0.982287
vn 0.062791 0.0 -0.998027
vn 0.309017 0.0 -0.951056
vn 0.187381 0.0 -0.982287
vn 0.425779 0.0 -0.904827
vn 0.309017 0.0 -0.951056
vn 0.535827 0.0 -0.844328
vn 0.425779 0.0 -0.904827
vn 0.637424 0.0 -0.770513
vn 0.535827 0.0 -0.844328
vn 0.728969 0.0 -0.684547
vn 0.637424 0.0 -0.770513
vn 0.809017 0.0 -0.587785
vn 0.728969 0.0 -0.684547
vn 0.876307 0.0 -0.481754
vn 0.809017 0.0 -0.587785
vn 0.929776 0.0 -0.368125
vn 0.876307 0.0 -0.481754
vn 0.968583 0.0 -0.24869
vn 0.929776 0.0 -0.368125
vn 0.968583 0.0 -0.24869
vn 0.992115 0.0 -0.125333
vn 0.992115 -0.0 -0.125333
vn 1.0 -0.0 0.0
vn 1.0 -0.0 0.0
vn 0.992115 -0.0 0.125333
vn 0.968583 -0.0 0.24869
vn 0.992115 -0.0 0.125333
vn 0.929777 -0.0 0.368125
vn 0.968583 -0.0 0.24869
vn 0.876307 -0.0 0.481754
vn 0.929777 -0.0 0.368125
vn 0.809017 -0.0 0.587785
vn 0.876307 -0.0 0.481754
vn 0.728968 -0.0 0.684547
vn 0.809017 -0.0 0.587785
vn 0.637424 -0.0 0.770513
vn 0.728968 -0.0 0.684547
vn 0.535827 -0.0 0.844328
vn 0.637424 -0.0 0.770513
vn 0.425779 -0.0 0.904827
vn 0.535827 -0.0 0.844328
vn 0.309017 -0.0 0.951057
vn 0.425779 -0.0 0.904827
vn 0.187381 -0.0 0.982287
vn 0.309017 -0.0 0.951057
vn 0.062791 -0.0 0.998027
vn 0.187381 -0.0 0.982287
vn 0.062791 0.0 0.998027
vn -0.060161 -0.286348 0.956235
vn -0.062685 -0.057964 0.996349
vn -0.072902 -0.173189 0.982187
vn -0.072944 -0.173424 0.982142
vn -0.184546 -0.173315 0.967422
vn -0.184546 -0.173315 0.967422
vn -0.30434 -0.173315 0.936664
vn -0.30434 -0.173316 0.936664
vn -0.419336 -0.173316 0.891134
vn -0.419336 -0.173315 0.891134
vn -0.527718 -0.173315 0.83155
vn -0.527718 -0.173317 0.83155
vn -0.627777 -0.173317 0.758853
vn -0.627778 -0.173315 0.758852
vn -0.717937 -0.173315 0.674187
vn -0.717936 -0.173318 0.674188
vn -0.953925 -0.173316 0.244926
vn -0.953925 -0.173316 0.244926
vn -0.953925 -0.173316 -0.244926
vn -0.953925 -0.173316 -0.244926
vn -0.717936 -0.173317 -0.674187
vn -0.717936 -0.173317 -0.674187
vn -0.627777 -0.173317 -0.758852
vn -0.627777 -0.173316 -0.758853
vn -0.527718 -0.173315 -0.83155
vn -0.527718 -0.173315 -0.83155
vn -0.419336 -0.173315 -0.891134
vn -0.419336 -0.173316 -0.891134
vn -0.30434 -0.173316 -0.936664
vn -0.304341 -0.173317 -0.936663
vn -0.184546 -0.173317 -0.967421
vn -0.184545 -0.173315 -0.967422
vn -0.060161 -0.286348 -0.956235
vn -0.072945 -0.173424 -0.982142
vn -0.072901 -0.173184 -0.982188
vn -0.062685 -0.057964 -0.996349
vn -0.735034 -0.41777 0.534034
vn -0.755021 -0.173647 0.63229
vn -0.80526 0.096264 0.585055
vn -0.755133 -0.173408 0.632222
vn -0.820413 -0.173373 0.544852
vn -0.820337 -0.173612 0.54489
vn -0.795262 -0.420018 0.437199
vn -0.841352 -0.173618 0.511843
vn -0.89243 -0.173648 0.41643
vn -0.892518 -0.173406 0.416343
vn -0.841429 -0.173378 0.511798
vn -0.871992 0.09911 0.479382
vn -0.907844 -0.173502 0.381727
vn -0.957987 -0.173112 0.228679
vn -0.870467 -0.351438 0.344642
vn -0.929665 0.01552 0.36808
vn -0.907904 -0.173265 0.381694
vn -0.957942 -0.172881 0.229038
vn -0.956341 -0.173414 0.235245
vn -0.991414 0.037579 0.125245
vn -0.979825 -0.173526 0.099152
vn -0.953985 -0.274568 0.120517
vn -0.983371 -0.173642 0.053194
vn -0.905094 -0.425211 0.0
vn -0.994396 0.105719 0.0
vn -0.983374 -0.173641 -0.053148
vn -0.98341 -0.173405 -0.053241
vn -0.983418 -0.173407 0.053104
vn -0.979828 -0.173526 -0.099124
vn -0.921679 -0.370069 -0.116435
vn -0.95632 -0.173171 -0.235509
vn -0.991414 0.037579 -0.125245
vn -0.956341 -0.173414 -0.235245
vn -0.979864 -0.173287 -0.099185
vn -0.929665 0.01552 -0.36808
vn -0.957945 -0.173115 -0.228853
vn -0.907855 -0.173502 -0.381702
vn -0.896675 -0.264453 -0.355019
vn -0.892455 -0.173648 -0.416377
vn -0.795262 -0.420018 -0.437199
vn -0.871992 0.09911 -0.479382
vn -0.841372 -0.173618 -0.51181
vn -0.841369 -0.173377 -0.511898
vn -0.892444 -0.173408 -0.416502
vn -0.820358 -0.173612 -0.544859
vn -0.735034 -0.417771 -0.534034
vn -0.80526 0.096266 -0.585055
vn -0.75506 -0.173646 -0.632243
vn -0.820351 -0.173374 -0.544945
vn -0.755015 -0.173406 -0.632363
vn 0.060161 -0.286348 -0.956235
vn 0.072971 -0.173183 -0.982183
vn 0.062685 -0.057964 -0.996349
vn 0.072921 -0.173424 -0.982144
vn 0.184546 -0.173315 -0.967422
vn 0.184545 -0.173317 -0.967421
vn 0.30434 -0.173317 -0.936663
vn 0.304341 -0.173316 -0.936663
vn 0.419336 -0.173316 -0.891134
vn 0.419336 -0.173315 -0.891134
vn 0.527718 -0.173315 -0.83155
vn 0.527718 -0.173315 -0.83155
vn 0.627778 -0.173316 -0.758852
vn 0.627777 -0.173317 -0.758853
vn 0.717936 -0.173317 -0.674187
vn 0.717936 -0.173317 -0.674187
vn 0.953925 -0.173316 -0.244926
vn 0.953925 -0.173316 -0.244926
vn 0.953925 -0.173316 0.244926
vn 0.953925 -0.173316 0.244926
vn 0.717936 -0.173318 0.674187
vn 0.717936 -0.173315 0.674188
vn 0.627777 -0.173315 0.758853
vn 0.627778 -0.173317 0.758852
vn 0.527718 -0.173317 0.83155
vn 0.527718 -0.173315 0.83155
vn 0.419336 -0.173315 0.891134
vn 0.419336 -0.173316 0.891134
vn 0.30434 -0.173316 0.936664
vn 0.30434 -0.173315 0.936664
vn 0.184546 -0.173315 0.967422
vn 0.184546 -0.173315 0.967422
vn 0.060161 -0.286348 0.956235
vn 0.072921 -0.173424 0.982144
vn 0.07297 -0.173189 0.982182
vn 0.062685 -0.057964 0.996349
vn 0.735034 -0.417771 -0.534034
vn 0.755021 -0.173646 -0.63229
vn 0.80526 0.096266 -0.585055
vn 0.755132 -0.173408 -0.632222
vn 0.820413 -0.173373 -0.544852
vn 0.820337 -0.173612 -0.54489
vn 0.795262 -0.420018 -0.437199
vn 0.841352 -0.173618 -0.511843
vn 0.89243 -0.173648 -0.41643
vn 0.841429 -0.173378 -0.511798
vn 0.871992 0.09911 -0.479382
vn 0.892518 -0.173406 -0.416343
vn 0.907844 -0.173502 -0.381727
vn 0.957987 -0.173112 -0.228678
vn 0.870467 -0.351438 -0.344642
vn 0.929665 0.01552 -0.36808
vn 0.907904 -0.173265 -0.381694
vn 0.957943 -0.172881 -0.229038
vn 0.956341 -0.173414 -0.235245
vn 0.979825 -0.173526 -0.099152
vn 0.991414 0.037579 -0.125245
vn 0.953985 -0.274568 -0.120517
vn 0.983371 -0.173642 -0.053194
vn 0.905094 -0.425211 0.0
vn 0.994396 0.105719 0.0
vn 0.983374 -0.173641 0.053148
vn 0.98341 -0.173405 0.053241
vn 0.983418 -0.173406 -0.053104
vn 0.979828 -0.173526 0.099124
vn 0.921679 -0.370069 0.116435
vn 0.991414 0.037579 0.125245
vn 0.95632 -0.173171 0.235509
vn 0.956341 -0.173414 0.235245
vn 0.979864 -0.173287 0.099185
vn 0.929665 0.01552 0.36808
vn 0.957945 -0.173115 0.228853
vn 0.907855 -0.173502 0.381702
vn 0.896675 -0.264453 0.355019
vn 0.892455 -0.173648 0.416377
vn 0.795262 -0.420018 0.437199
vn 0.871992 0.09911 0.479382
vn 0.841372 -0.173618 0.51181
vn 0.841369 -0.173377 0.511898
vn 0.892444 -0.173408 0.416502
vn 0.820358 -0.173612 0.544859
vn 0.735034 -0.41777 0.534034
vn 0.80526 0.096264 0.585055
vn 0.755061 -0.173647 0.632242
vn 0.820351 -0.173374 0.544945
vn 0.755015 -0.173406 0.632363
vn 0.059018 -0.341423 0.938055
vn 0.059017 -0.341424 0.938055
vn 0.176121 -0.341424 0.923261
vn 0.176122 -0.341424 0.923261
vn 0.290448 -0.341424 0.893907
vn 0.290448 -0.341424 0.893907
vn 0.400194 -0.341424 0.850455
vn 0.400194 -0.341424 0.850455
vn 0.503629 -0.341424 0.793592
vn 0.503629 -0.341424 0.793592
vn 0.599121 -0.341424 0.724213
vn 0.599121 -0.341424 0.724213
vn 0.685164 -0.341424 0.643412
vn 0.685165 -0.341423 0.643412
vn 0.760403 -0.341423 0.552465
vn 0.760403 -0.341424 0.552465
vn 0.823649 -0.341424 0.452805
vn 0.823649 -0.341424 0.452805
vn 0.873906 -0.341424 0.346004
vn 0.873906 -0.341423 0.346004
vn 0.910381 -0.341423 0.233746
vn 0.91038 -0.341424 0.233746
vn 0.932498 -0.341424 0.117802
vn 0.932498 -0.341424 0.117802
vn 0.939909 -0.341424 0.0
vn 0.939909 -0.341424 0.0
vn 0.932498 -0.341424 -0.117802
vn 0.932498 -0.341424 -0.117802
vn 0.910381 -0.341423 -0.233746
vn 0.91038 -0.341424 -0.233746
vn 0.873906 -0.341423 -0.346004
vn 0.873906 -0.341424 -0.346004
vn 0.823649 -0.341424 -0.452805
vn 0.823649 -0.341424 -0.452805
vn 0.760403 -0.341424 -0.552465
vn 0.760403 -0.341424 -0.552465
vn 0.685164 -0.341424 -0.643413
vn 0.685164 -0.341424 -0.643412
vn 0.599121 -0.341424 -0.724213
vn 0.599121 -0.341424 -0.724212
vn 0.503629 -0.341424 -0.793592
vn 0.503629 -0.341424 -0.793592
vn 0.400194 -0.341424 -0.850455
vn 0.400194 -0.341424 -0.850455
vn 0.290448 -0.341424 -0.893907
vn 0.290448 -0.341424 -0.893907
vn 0.176122 -0.341424 -0.923261
vn 0.176122 -0.341424 -0.923261
vn 0.059017 -0.341424 -0.938055
vn 0.059017 -0.341424 -0.938055
vn 0.062791 0.0 0.998027
vn 0.062791 0.0 0.998027
vn 0.187381 0.0 0.982287
vn 0.187381 0.0 0.982287
vn 0.309017 0.0 0.951056
vn 0.309017 0.0 0.951056
vn 0.425779 0.0 0.904827
vn 0.425779 0.0 0.904827
vn 0.535827 0.0 0.844328
vn 0.535827 0.0 0.844328
vn 0.637424 0.0 0.770513
vn 0.637424 0.0 0.770513
vn 0.728968 0.0 0.684547
vn 0.728968 0.0 0.684547
vn 0.809017 0.0 0.587785
vn 0.809017 0.0 0.587785
vn 0.876307 0.0 0.481754
vn 0.876307 0.0 0.481754
vn 0.929776 0.0 0.368125
vn 0.929776 0.0 0.368125
vn 0.968583 0.0 0.24869
vn 0.968583 0.0 0.24869
vn 0.992115 0.0 0.125333
vn 0.992115 0.0 0.125333
vn 1.0 0.0 -0.0
vn 1.0 0.0 0.0
vn 0.992115 0.0 -0.125333
vn 0.992115 0.0 -0.125333
vn 0.968583 0.0 -0.24869
vn 0.968583 0.0 -0.24869
vn 0.929776 0.0 -0.368125
vn 0.929776 0.0 -0.368125
vn 0.876307 0.0 -0.481754
vn 0.876307 0.0 -0.481754
vn 0.809017 0.0 -0.587785
vn 0.809017 0.0 -0.587785
vn 0.728968 0.0 -0.684547
vn 0.728968 0.0 -0.684547
vn 0.637424 0.0 -0.770513
vn 0.637424 0.0 -0.770513
vn 0.535827 0.0 -0.844328
vn 0.535827 0.0 -0.844328
vn 0.42578 0.0 -0.904827
vn 0.42578 0.0 -0.904827
vn 0.309017 0.0 -0.951057
vn 0.309017 0.0 -0.951057
vn 0.187382 0.0 -0.982287
vn 0.187382 0.0 -0.982287
vn 0.06279 -0.0 -0.998027
vn 0.06279 0.0 -0.998027
vn 0.0 -1.0 0.0
vn 0.0 -1.0 0.0
vn -0.0 -1.0 -0.0
vn -0.0 -1.0 -0.0
vn -0.0 -1.0 -0.0
vn -0.0 -1.0 -0.0
vn 0.0 -1.0 0.0
vn 0.0 -1.0 0.0
vn 0.0 -1.0 0.0
vn 0.0 -1.0 -0.0
vn 0.0 -1.0 -0.0
vn 0.0 -1.0 -0.0
vn 0.0 -1.0 -0.0
vn 0.0 -1.0 0.0
vn 0.0 -1.0 0.0
vn 0.0 -1.0 0.0
vn 0.0 -1.0 0.0
vn 0.0 -1.0 0.0
vn 0.0 -1.0 -0.0
vn 0.0 -1.0 0.0
vn 0.0 -1.0 0.0
vn 0.0 -1.0 0.0
vn 0.0 -1.0 -0.0
vn 0.0 -1.0 -0.0
vn 0.0 -1.0 0.0
vn 0.0 -1.0 -0.0
vn 0.0 -1.0 -0.0
vn 0.0 -1.0 0.0
vn 0.0 -1.0 -0.0
vn 0.0 -1.0 -0.0
vn 0.0 -1.0 -0.0
vn 0.0 -1.0 0.0
vn 0.0 -1.0 0.0
vn 0.0 -1.0 0.0
vn -0.0 -1.0 0.0
vn 0.0 -1.0 -0.0
vn -0.0 -1.0 0.0
vn 0.0 -1.0 0.0
vn 0.0 -1.0 0.0
vn 0.0 -1.0 0.0
vn -0.0 -1.0 0.0
vn 0.0 -1.0 0.0
vn 0.0 -1.0 0.0
vn 0.0 -1.0 0.0
vn 0.0 -1.0 0.0
vn 0.0 -1.0 0.0
vn 0.0 -1.0 0.0
vn 0.0 -1.0 0.0
vn -0.783287 0.0 0.621661
vn -0.783287 0.0 0.621661
vn -0.70324 0.0 0.710953
vn -0.70324 0.0 0.710953
vn -0.613079 0.0 0.790021
vn -0.613079 0.0 0.790021
vn -0.514103 0.0 0.857729
vn -0.514103 0.0 0.857729
vn -0.407733 0.0 0.913101
vn -0.407733 0.0 0.913101
vn -0.295499 0.0 0.955343
vn -0.295499 0.0 0.955343
vn -0.05996 0.0 0.998201
vn -0.179017 0.0 0.983846
vn -0.179017 0.0 0.983846
vn -0.05996 0.0 0.998201
vn 0.573608 -3.1e-05 0.81913
vn 0.573577 5e-06 0.819152
vn 0.573574 -2.9e-05 0.819154
vn 0.573577 6e-06 0.819152
vn 0.573576 0.0 0.819152
vn 0.149893 0.988699 -0.002362
vn 0.102551 0.991691 -0.077667
vn 0.250563 0.958435 0.13646
vn 0.450436 0.070825 0.889995
vn 0.507493 0.161994 0.846291
vn 0.542842 0.247701 0.802475
vn 0.56077 0.32773 0.760348
vn 0.564167 0.409103 0.717182
vn 0.316372 0.941091 0.119405
vn 0.341906 0.937482 0.065014
vn 0.582749 0.252446 0.772447
vn 0.582549 0.251045 0.773055
vn 0.326315 0.879112 0.347392
vn 0.307976 0.922735 0.231756
vn 0.232983 0.9656 0.115477
vn 0.185057 0.98029 0.069182
vn 0.373529 0.906269 0.19787
vn 0.158731 0.9706 0.180945
vn 0.206783 0.970205 0.126267
vn 0.369205 0.897472 0.241311
vn 0.131864 0.962357 0.237656
vn 0.527412 0.596912 0.604593
vn 0.250634 0.958486 0.135968
vn 0.252908 0.958173 0.133949
vn 0.252768 0.958075 0.134911
vn 0.431406 0.869508 0.240509
vn 0.494609 0.601923 0.626938
vn 0.313905 0.875599 0.367139
vn 0.453454 0.785692 0.420794
vn 0.446884 0.836628 0.316778
vn 0.360259 0.809404 0.463766
vn 0.546643 0.65591 0.520541
vn 0.275735 0.630266 0.725765
vn 0.415066 0.653468 0.633008
vn 0.472963 0.694556 0.542124
vn 0.449661 0.768998 0.454365
vn 0.528641 0.615285 0.584777
vn 0.404076 0.83912 0.364143
vn 0.375517 0.84 0.391647
vn 0.423677 0.790778 0.441779
vn 0.432898 0.789297 0.435443
vn 0.522536 0.597713 0.608026
vn 0.432746 0.789363 0.435473
vn 0.522821 0.597832 0.607664
vn 0.523023 0.59893 0.606407
vn 0.433146 0.789371 0.43506
vn 0.523433 0.598194 0.60678
vn 0.433995 0.789464 0.434045
vn 0.524323 0.597417 0.606777
vn 0.435001 0.788846 0.434162
vn 0.435112 0.788971 0.433823
vn 0.650336 0.016402 0.759469
vn 0.631657 0.084567 0.770621
vn 0.611196 0.164631 0.774168
vn 0.591344 0.254238 0.765294
vn 0.57637 0.340407 0.742914
vn 0.568255 0.422155 0.706308
vn 0.571472 0.493019 0.656012
vn 0.591417 0.543793 0.595411
vn 0.614595 0.116425 0.780204
vn 0.514226 0.578171 0.633475
vn 0.352744 0.834083 0.424119
vn 0.433017 0.822884 0.367909
vn 0.310142 0.950628 0.010925
vn 0.16714 0.97923 0.114774
vn 0.518633 0.501298 0.692618
vn 0.589932 0.482023 0.647792
vn 0.508196 0.680846 0.527434
vn 0.54004 0.695719 0.473637
vn 0.601441 0.673441 0.42982
vn 0.424836 0.76807 0.479148
vn 0.063303 0.99595 -0.06385
vn 0.055636 0.997187 -0.05022
vn 0.06327 0.996694 -0.050973
vn 0.073502 0.996518 -0.03936
vn 0.090662 0.993632 -0.066901
vn 0.013259 0.998321 -0.056391
vn 0.041858 0.98774 -0.150393
vn -0.020494 0.946847 -0.321031
vn 0.053299 0.99665 -0.062033
vn 0.064133 0.997185 -0.038854
vn 0.019196 0.999768 -0.0098
vn 0.016145 0.999302 -0.033685
vn 0.115208 0.992314 -0.045159
vn 0.11485 0.990927 -0.069807
vn 0.112131 0.991307 -0.068834
vn 0.109397 0.992374 -0.056806
vn 0.10881 0.992577 -0.054326
vn 0.109831 0.991672 -0.067265
vn 0.106196 0.992449 -0.061387
vn 0.1072 0.99216 -0.064239
vn 0.104214 0.992658 -0.061399
vn 0.100493 0.992195 -0.073825
vn 0.100882 0.993048 -0.060656
vn 0.098081 0.993419 -0.059148
vn 0.098187 0.992459 -0.073382
vn 0.095266 0.99195 -0.083429
vn 0.088895 0.992648 -0.082147
vn 0.088312 0.991732 -0.093108
vn 0.079315 0.992707 -0.09079
vn 0.078878 0.991682 -0.101711
vn 0.068842 0.992736 -0.098675
vn 0.068294 0.991668 -0.109223
vn 0.056747 0.991695 -0.115418
vn 0.057569 0.992731 -0.105689
vn 0.044481 0.991761 -0.120129
vn 0.045602 0.992692 -0.111727
vn 0.031781 0.991865 -0.123262
vn 0.033065 0.992617 -0.116698
vn 0.018941 0.992 -0.124808
vn 0.020094 0.992507 -0.120525
vn 0.010203 0.992278 -0.123612
vn 0.006429 0.991685 -0.128527
vn 0.00472 0.991974 -0.126352
vn 0.003833 0.992189 -0.124687
vn 0.003368 0.992398 -0.123026
vn -0.004949 0.992391 -0.123025
vn -0.005104 0.99197 -0.126369
vn -0.0051 0.991972 -0.126351
vn -0.005033 0.992183 -0.124686
vn -0.014812 0.992403 -0.122134
vn -0.005033 0.992183 -0.124687
vn -0.00497 0.992379 -0.123122
vn -0.015274 0.991974 -0.125513
vn -0.025351 0.99197 -0.123904
vn -0.02529 0.992173 -0.122282
vn -0.015273 0.991975 -0.125511
vn -0.024565 0.992415 -0.120452
vn -0.014896 0.992367 -0.122415
vn -0.015074 0.992183 -0.123875
vn -0.015074 0.992183 -0.123875
vn -0.025252 0.992182 -0.122216
vn 0.17649 0.503414 0.845828
vn 0.235152 0.437509 0.867922
vn 0.253083 0.355548 0.899741
vn 0.263019 0.434774 0.861274
vn 0.196595 0.599008 0.776234
vn 0.085933 0.718602 0.690092
vn 0.175348 0.676651 0.71512
vn 0.215822 0.586453 0.780701
vn 0.223333 0.520801 0.823947
vn 0.244299 0.502418 0.829394
vn 0.222259 0.455732 0.861922
vn 0.219904 0.408428 0.885906
vn 0.255403 0.357182 0.898438
vn 0.242183 0.40846 0.880061
vn -0.12738 0.395719 0.909495
vn -0.000543 0.999993 0.003578
vn -0.038557 0.965232 0.258537
vn -0.000551 0.999993 0.003692
vn -0.175186 -0.205776 0.962791
vn -0.161866 0.040013 0.986001
vn -0.50349 -0.202142 0.840022
vn -0.527415 0.027533 0.849162
vn -0.012244 0.999885 0.008995
vn 0.134421 0.841118 0.523882
vn 0.18125 0.714532 0.675716
vn 0.079295 0.892407 0.44421
vn 0.161812 0.838805 0.519829
vn 0.258737 0.268208 0.927965
vn 0.224852 0.174961 0.958556
vn 0.108568 0.064216 0.992013
vn 0.234017 0.325433 0.916149
vn 0.196615 0.374779 0.906026
vn 0.272094 0.318527 0.908023
vn -0.058847 0.311569 0.9484
vn -0.047293 -0.013718 0.998787
vn 0.131571 0.379718 0.915698
vn 0.048136 0.359623 0.931855
vn 0.216353 0.028259 0.975906
vn 0.242436 0.150116 0.958483
vn 0.013799 0.997628 0.067437
vn 0.014354 0.997517 0.068954
vn 0.191737 0.439321 0.87763
vn 0.213048 0.060372 0.975175
vn 0.134553 0.282204 0.949872
vn 0.119336 0.315742 0.941311
vn 0.012934 0.997234 0.073195
vn 0.156659 0.195823 0.968045
vn 0.129847 0.101912 0.986283
vn 0.057495 0.88313 0.465592
vn 0.00857 0.997552 0.069397
vn 0.008344 0.997612 0.068566
vn 0.104867 0.568149 0.816217
vn 0.126399 0.12709 0.983805
vn 0.006886 0.997219 0.074204
vn 0.044176 0.878301 0.476063
vn 0.093653 0.202785 0.974735
vn 0.043374 0.105981 0.993422
vn 0.073241 0.198526 0.977355
vn 0.002809 0.997589 0.069337
vn 0.018987 0.883167 0.468674
vn 0.002798 0.997594 0.069275
vn 0.041821 0.118436 0.992081
vn 0.034668 0.567854 0.822399
vn 0.000758 0.997207 0.074688
vn 0.004862 0.87789 0.478837
vn 0.009947 0.200894 0.979562
vn -0.000928 0.997207 0.074688
vn -0.012166 0.200889 0.979538
vn -0.010058 0.586573 0.809834
vn -0.003336 0.997768 0.066696
vn -0.003331 0.997762 0.066779
vn -0.023113 0.885847 0.463401
vn -0.059958 0.00798 0.998169
vn -0.045715 0.55131 0.833047
vn -0.054676 0.065751 0.996337
vn 0.008799 0.996149 0.087237
vn -0.045976 0.957404 0.285068
vn -0.012465 0.865329 0.50105
vn -0.097909 0.18989 0.976911
vn -0.027181 0.934302 0.355445
vn -0.081282 0.945543 0.315185
vn -0.128215 0.123551 0.98402
vn -0.118658 0.395724 0.910672
vn -0.082314 0.179694 0.980273
vn -0.106364 0.641821 0.759442
vn -0.089116 0.83409 0.544383
vn -0.076807 0.840777 0.535905
vn -0.108547 0.643912 0.757361
vn -0.053508 0.681385 0.729967
vn -0.082238 0.840773 0.535106
vn -0.116221 0.643905 0.756227
vn -0.000749 0.999991 0.004109
vn -0.105393 0.879918 0.463289
vn -0.016235 0.997883 0.062968
vn -0.01622 0.997323 0.071302
vn -0.120567 0.885036 0.449639
vn -0.018133 0.997546 0.067624
vn -0.093409 0.979107 0.180624
vn -0.233854 0.558562 0.795815
vn -0.279733 0.124713 0.951943
vn -0.295461 -0.016099 0.955219
vn -0.179489 0.841036 0.510335
vn -0.253999 0.643377 0.722185
vn -0.330907 0.396849 0.856161
vn -0.306104 0.460037 0.833466
vn -0.32054 0.161622 0.933345
vn -0.265097 0.577827 0.771907
vn -0.203807 0.444632 0.872219
vn -0.302877 0.124182 0.944904
vn -0.001341 0.999992 0.003758
vn -0.001218 0.999994 0.00329
vn -0.08873 0.964524 0.248635
vn -0.199235 0.840557 0.503755
vn -0.327517 0.3964 0.857671
vn -0.281254 0.644347 0.711135
vn -0.289419 0.454855 0.842225
vn -0.416127 0.469184 0.778912
vn -0.393628 0.13841 0.90879
vn -0.101158 0.962325 0.252384
vn -0.001546 0.999991 0.003858
vn -0.049756 0.97726 0.206122
vn -0.248509 0.843263 0.476604
vn -0.407713 -0.010041 0.913055
vn -0.371354 0.171061 0.912597
vn -0.307494 0.578292 0.755662
vn -0.028832 0.997863 0.058641
vn -0.202008 0.885594 0.41823
vn -0.030043 0.997611 0.062199
vn -0.347679 0.555722 0.755177
vn -0.415737 0.108405 0.903001
vn -0.223154 0.879611 0.420102
vn -0.034542 0.997285 0.065027
vn -0.137401 0.964755 0.224431
vn -0.001877 0.999994 0.003002
vn -0.002053 0.999992 0.003354
vn -0.150855 0.962239 0.226579
vn -0.002328 0.999991 0.003496
vn -0.384416 0.787842 0.481175
vn -0.087617 0.995063 0.046618
vn -0.446996 0.474504 0.758314
vn -0.504407 0.574565 0.644553
vn -0.565646 0.196768 0.800829
vn -0.283546 0.885823 0.367315
vn -0.041314 0.997712 0.05352
vn -0.040674 0.997795 0.052447
vn -0.610577 0.045191 0.790666
vn -0.510283 0.550424 0.660791
vn -0.612982 0.017771 0.789897
vn -0.633625 0.195744 0.748467
vn -0.049297 0.997231 0.055679
vn -0.045787 0.997784 0.048272
vn -0.320625 0.885532 0.336203
vn -0.046936 0.997685 0.049217
vn -0.70324 0.000255 0.710953
vn -0.581465 0.552707 0.597003
vn -0.69526 0.083952 0.713839
vn -0.350432 0.879356 0.322382
vn -0.054156 0.997289 0.049821
vn -0.050761 0.997721 0.044454
vn -0.716983 0.182269 0.67284
vn -0.594094 0.579852 0.557517
vn -0.355397 0.883132 0.306221
vn -0.053942 0.997462 0.046478
vn -0.783188 -0.01587 0.621582
vn -0.753431 0.162681 0.637085
vn -0.623272 0.577733 0.527026
vn -0.003465 0.999994 -0.000226
vn -0.151452 0.98168 0.115618
vn -0.194252 0.968794 0.153961
vn -0.23087 0.953861 0.19196
vn -0.28975 0.918939 0.267573
vn -0.261933 0.937502 0.229087
vn -0.316385 0.947902 -0.037189
vn -0.324202 0.944922 -0.044899
vn -0.329288 0.94297 -0.048749
vn -0.187605 0.976317 0.107748
vn -0.34298 0.894803 0.285818
vn -0.394853 0.91151 -0.115069
vn -0.36886 0.872526 0.320374
vn -0.394463 0.845449 0.360021
vn -0.418342 0.813327 0.404337
vn -0.442013 0.771341 0.457883
vn -0.336764 0.93008 0.146768
vn -0.324379 0.9134 0.245924
vn -0.314702 0.927504 0.20174
vn -0.365683 0.891144 0.268585
vn -0.425237 0.864151 0.269101
vn -0.494748 0.832293 0.250025
vn -0.561461 0.798852 0.215864
vn -0.55165 0.653559 0.518211
vn -0.486513 0.848846 0.206801
vn -0.498942 0.832841 0.239653
vn -0.513282 0.813954 0.272065
vn -0.649711 0.470988 0.596696
vn -0.641832 0.548615 0.535792
vn -0.529002 0.792664 0.303053
vn -0.633652 0.664911 0.395446
vn -0.700671 0.523382 0.484904
vn -0.75696 0.359962 0.545379
vn -0.71706 0.480896 0.504543
vn -0.773091 0.064791 0.630977
vn -0.784447 0.177513 0.594249
vn -0.77931 0.270908 0.565053
vn -0.657002 0.558261 0.50665
vn -0.785866 0.123079 0.606024
vn -0.741373 0.426844 0.517851
vn -0.040366 0.999156 0.007552
vn 0.079714 0.959588 0.269882
vn 0.096872 0.991772 0.083688
vn 0.09892 0.949183 0.298774
vn -0.077054 0.995952 -0.046276
vn 0.133396 0.93144 0.338563
vn 0.187696 0.908769 0.372706
vn 0.217562 0.461322 0.860145
vn 0.173538 0.712494 0.67988
vn 0.218958 0.464964 0.857826
vn 0.195848 0.462767 0.864575
vn 0.209133 0.469128 0.858011
vn -0.003658 0.923899 0.382618
vn 0.166744 0.746739 0.643876
vn 0.155809 0.70896 0.687822
vn 0.024643 0.915432 0.401717
vn 0.06131 0.899236 0.433147
vn 0.100765 0.866233 0.489374
vn 0.060828 0.781041 0.62151
vn 0.192303 0.860899 0.471034
vn 0.204996 0.854567 0.477171
vn 0.075218 0.77209 0.631046
vn 0.225726 0.699667 0.677874
vn 0.079721 0.920317 0.382963
vn 0.083103 0.849737 0.520617
vn 0.178358 0.741008 0.647376
vn 0.04187 0.790992 0.610392
vn 0.170128 0.872511 0.458018
vn 0.147501 0.637667 0.756059
vn 0.222942 0.372182 0.900987
vn 0.111629 0.692145 0.713074
vn 0.222762 0.372418 0.900934
vn 0.206242 0.399913 0.893048
vn 0.09403 0.878903 0.467641
vn 0.148205 0.659364 0.737071
vn 0.117037 0.574363 0.810191
vn 0.082932 0.879129 0.469313
vn 0.082286 0.878485 0.47063
vn 0.139376 0.587466 0.797156
vn 0.08736 0.877601 0.471365
vn 0.129856 0.582456 0.802423
vn 0.077611 0.877571 0.473123
vn 0.131309 0.584814 0.800469
vn 0.064857 0.877076 0.475953
vn 0.122325 0.58755 0.799889
vn 0.109663 0.583379 0.804763
vn 0.045092 0.877485 0.477479
vn 0.077539 0.585412 0.807019
vn 0.092371 0.587747 0.803754
vn 0.054574 0.878364 0.474866
vn 0.076066 0.587755 0.805455
vn 0.060761 0.582139 0.810816
vn 0.063625 0.585805 0.80795
vn 0.024655 0.877449 0.479037
vn 0.032378 0.878173 0.477246
vn 0.041683 0.585093 0.809894
vn 0.054791 0.587181 0.807599
vn 0.004861 0.877892 0.478834
vn 0.024634 0.586578 0.809518
vn 0.008224 0.586577 0.809851
vn 0.008221 0.586583 0.809847
vn 0.014565 0.877892 0.478637
vn -0.005947 0.877885 0.478834
vn -0.017863 0.877885 0.478538
vn -0.010058 0.586574 0.809833
vn -0.005947 0.877885 0.478834
vn -0.030211 0.586574 0.809332
vn -0.031209 0.8762 0.480937
vn -0.052762 0.57975 0.813085
vn -0.010082 0.869616 0.493625
vn -0.083095 0.582682 0.808441
vn -0.081329 0.57869 0.811482
vn -0.049086 0.877222 0.477568
vn -0.038473 0.559354 0.828035
vn -0.101779 0.817364 0.56706
vn -0.123088 0.815395 0.565668
vn -0.032016 0.782094 0.622338
vn -0.061791 0.558088 0.827478
vn -0.145182 0.482378 0.863848
vn -0.05867 0.433745 0.899124
vn -0.143477 0.720727 0.678209
vn -0.082108 0.432099 0.89808
vn -0.122277 0.722821 0.680131
vn -0.083514 0.843201 0.531072
vn -0.042132 0.96252 0.267919
vn -0.046615 0.961237 0.271755
vn -0.085595 0.947409 0.308367
vn -0.070672 0.960972 0.267465
vn -0.055706 0.950545 0.30555
vn -0.149863 0.35192 0.923955
vn -0.124086 0.631926 0.765031
vn -0.196052 0.498057 0.844691
vn -0.152443 0.338332 0.928597
vn -0.047767 0.928083 0.369296
vn -0.031752 0.998643 0.041276
vn -0.022793 0.998931 0.040213
vn -0.163235 0.432396 0.886785
vn -0.145685 0.769007 0.622418
vn -0.143991 0.437563 0.887584
vn -0.103567 0.731261 0.67419
vn -0.163808 0.719214 0.675202
vn -0.12205 0.891111 0.437064
vn -0.139656 0.675017 0.724464
vn -0.103249 0.921862 0.373509
vn -0.065013 0.898554 0.43402
vn -0.122067 0.678551 0.72434
vn -0.107497 0.878541 0.465415
vn -0.191198 0.377635 0.906
vn -0.254346 0.236084 0.937855
vn -0.206189 0.053789 0.977033
vn -0.206244 0.592461 0.778752
vn -0.120491 0.882323 0.454959
vn -0.113874 0.8775 0.465862
vn -0.233939 0.561681 0.793591
vn -0.136972 0.874837 0.464648
vn 0.018099 0.972183 0.233522
vn -0.209393 0.87321 0.440066
vn -0.12241 0.878905 0.461024
vn -0.258094 0.586055 0.768067
vn -0.172578 0.840508 0.513579
vn -0.180313 0.844835 0.503727
vn -0.089507 0.964087 0.250048
vn -0.176138 0.927294 0.330304
vn -0.255307 0.698445 0.668576
vn -0.183484 0.630377 0.754293
vn -0.101073 0.961326 0.256196
vn -0.223889 0.843245 0.488683
vn -0.198513 0.841069 0.503184
vn -0.014064 0.95188 0.306149
vn -0.182617 0.877354 0.443735
vn -0.308923 0.584044 0.750639
vn -0.13613 0.863734 0.485213
vn -0.341621 0.567752 0.748968
vn -0.200907 0.875 0.440467
vn -0.354834 0.591577 0.723968
vn -0.208312 0.880888 0.425019
vn -0.37894 0.588149 0.714483
vn -0.223154 0.879301 0.420752
vn -0.219395 0.877358 0.426742
vn -0.006935 0.998249 0.058752
vn -0.011529 0.998706 0.049532
vn -0.201119 0.931018 0.304559
vn -0.198027 0.887205 0.416716
vn -0.170648 0.918547 0.356582
vn -0.230536 0.902103 0.36478
vn -0.378989 0.684979 0.622231
vn -0.487523 0.063888 0.870769
vn -0.427289 0.226222 0.875356
vn -0.452433 0.377213 0.808094
vn -0.148205 0.947411 0.283632
vn -0.337196 0.785335 0.519179
vn -0.141369 0.944696 0.295912
vn -0.302168 0.763492 0.570766
vn -0.35967 0.737171 0.572028
vn -0.458691 0.435141 0.774761
vn -0.32307 0.713247 0.622017
vn -0.471749 0.445516 0.7609
vn -0.409275 0.631636 0.65843
vn -0.49553 0.344864 0.797194
vn -0.495753 0.342244 0.798184
vn -0.410551 0.488165 0.770158
vn -0.28105 0.844539 0.455812
vn -0.140689 0.963403 0.228171
vn -0.232024 0.933884 0.272077
vn -0.34268 0.705166 0.620735
vn -0.15143 0.961571 0.229019
vn -0.096366 0.939961 0.327395
vn -0.31539 0.849814 0.422309
vn -0.297949 0.841533 0.450609
vn -0.396823 0.632772 0.664929
vn -0.580664 0.434179 0.688708
vn -0.501939 0.393148 0.770384
vn -0.418191 0.642766 0.641847
vn -0.43073 0.645033 0.631193
vn -0.229917 0.810781 0.538305
vn -0.451249 0.654145 0.607016
vn -0.136366 0.956812 0.25674
vn -0.372119 0.858612 0.352579
vn -0.305652 0.840215 0.447902
vn -0.303615 0.841344 0.447168
vn -0.155183 0.961083 0.228555
vn -0.493046 0.383432 0.780952
vn -0.628322 0.172968 0.758481
vn -0.553154 0.128224 0.823152
vn -0.512639 0.394012 0.762861
vn -0.46523 0.585205 0.66415
vn -0.469708 0.580643 0.665002
vn -0.287737 0.87716 0.384446
vn -0.486392 0.584032 0.649869
vn -0.472575 0.587536 0.656867
vn -0.279141 0.878372 0.387998
vn -0.50442 0.583322 0.636628
vn -0.298466 0.876938 0.376694
vn -0.52712 0.584867 0.616502
vn -0.527178 0.578183 0.622726
vn -0.305025 0.878494 0.367707
vn -0.516509 0.587815 0.62265
vn -0.315504 0.878407 0.358967
vn -0.315056 0.879839 0.355841
vn -0.325946 0.878804 0.348515
vn -0.552136 0.588737 0.590368
vn -0.542862 0.585128 0.602434
vn -0.320961 0.877564 0.356182
vn -0.575137 0.574669 0.582215
vn -0.33959 0.875501 0.343769
vn -0.350002 0.877158 0.328774
vn -0.593388 0.580687 0.557399
vn -0.421428 0.850973 0.313439
vn -0.352468 0.878446 0.322642
vn -0.596904 0.587504 0.546393
vn -0.357134 0.877587 0.319839
vn -0.357598 0.880946 0.309933
vn -0.60972 0.590747 0.52845
vn -0.367915 0.877641 0.30722
vn -0.622144 0.585703 0.519509
vn -0.336632 0.871404 0.356838
vn -0.653869 0.562889 0.50558
vn -0.383171 0.874873 0.296273
vn -0.599974 0.480767 0.639448
vn -0.651673 0.587999 0.479145
vn -0.576287 0.415268 0.703879
vn -0.429106 0.83905 0.334459
vn -0.506756 0.775327 0.376918
vn -0.472849 0.807743 0.352087
vn -0.60574 0.675446 0.420538
vn -0.611015 0.53478 0.58367
vn -0.251134 0.937331 0.241543
vn -0.195652 0.970881 0.13824
vn -0.083403 0.99495 0.055837
vn 0.085493 0.996231 -0.014636
vn 0.214499 0.975134 -0.055715
vn -0.003797 0.999983 0.004412
vn -0.236202 0.957049 0.168123
vn -0.028943 0.993127 0.113405
vn -0.109551 0.931354 0.347245
vn 0.016922 0.93323 0.358881
vn 0.134882 0.747707 0.650186
vn 0.110428 0.894296 0.433637
vn 0.139466 0.82499 0.547669
vn 0.144899 0.943005 0.299575
vn 0.075875 0.955578 0.284805
vn 0.157885 0.743297 0.650063
vn 0.158359 0.743514 0.6497
vn -0.08366 0.929051 0.36037
vn 0.074452 0.938407 0.337415
vn 0.158724 0.743932 0.649132
vn 0.086192 0.930594 0.355761
vn 0.157301 0.744114 0.64927
vn 0.179272 0.198958 0.963471
vn 0.1694 0.201262 0.964778
vn 0.139998 0.587084 0.797329
vn 0.148349 0.585095 0.79728
vn 0.147695 0.585754 0.796918
vn 0.077315 0.877684 0.472963
vn 0.011221 0.997221 0.073655
vn 0.071958 0.878468 0.472352
vn 0.072285 0.878269 0.472671
vn 0.012055 0.997204 0.073742
vn 0.005111 0.997233 0.074159
vn 0.005945 0.997205 0.07448
vn 0.038121 0.877746 0.477608
vn 0.032845 0.878529 0.476558
vn 0.037643 0.877545 0.478015
vn -0.039412 0.94318 0.329937
vn -0.04571 0.997977 0.044193
vn 0.019965 0.999749 0.010113
vn -0.077556 0.778806 0.622451
vn -0.021911 0.563919 0.825539
vn -0.175576 0.48582 0.856243
vn -0.006152 0.802527 0.596583
vn -0.08932 0.839928 0.535297
vn -0.091459 0.841042 0.533183
vn -0.126491 0.639798 0.758062
vn -0.093185 0.840709 0.533409
vn -0.131716 0.64357 0.753968
vn -0.149061 0.7683 0.622491
vn -0.083114 0.839328 0.537234
vn -0.109166 0.639178 0.761272
vn -0.16288 0.642935 0.748401
vn -0.195457 0.394005 0.898085
vn -0.172039 0.644673 0.744849
vn -0.227313 0.574239 0.786497
vn -0.181516 0.390644 0.902469
vn -0.192107 0.58774 0.785912
vn -0.229604 0.202739 0.951934
vn -0.241973 0.197876 0.949892
vn -0.190089 0.585455 0.788105
vn -0.200127 0.585447 0.785621
vn -0.139149 0.878061 0.457871
vn -0.021699 0.997212 0.071401
vn -0.081498 0.87921 0.469412
vn -0.109253 0.94671 0.302992
vn -0.000219 0.999633 0.027088
vn -0.135408 0.950829 0.278547
vn 0.058702 0.994489 0.08687
vn -0.212064 0.516554 0.829578
vn -0.207278 0.792758 0.573211
vn -0.342066 0.576161 0.742314
vn -0.149245 0.771634 0.61831
vn -0.263943 0.64331 0.71867
vn -0.160642 0.837434 0.522397
vn -0.186363 0.840487 0.508773
vn -0.358936 0.653608 0.666305
vn -0.263028 0.644356 0.718068
vn -0.076778 0.978666 0.190575
vn -0.016572 0.999698 0.018142
vn -0.14949 0.943421 0.295988
vn -0.084946 0.94639 0.311658
vn -0.238838 0.888212 0.392473
vn -0.193494 0.87844 0.436925
vn -0.030119 0.99723 0.068011
vn -0.090548 0.995891 0.001542
vn -0.379641 0.531519 0.757205
vn -0.287934 0.780769 0.554521
vn -0.221231 0.788626 0.573694
vn -0.234848 0.551386 0.800512
vn -0.369783 0.588153 0.719261
vn -0.442371 0.194288 0.875534
vn -0.365732 0.585046 0.723851
vn -0.372074 0.586777 0.719204
vn -0.455696 0.200612 0.867235
vn -0.376763 0.586459 0.717019
vn -0.450103 0.201126 0.870032
vn -0.291273 0.63659 0.714082
vn -0.454873 0.397356 0.796994
vn -0.367205 0.67717 0.637653
vn -0.431178 0.415281 0.801016
vn -0.351165 0.642994 0.680619
vn -0.368923 0.676251 0.637636
vn -0.455073 0.397373 0.796871
vn -0.206905 0.833942 0.511597
vn -0.41441 0.64525 0.641808
vn -0.398457 0.644244 0.652826
vn -0.281899 0.840964 0.461859
vn -0.408872 0.641353 0.649223
vn -0.289136 0.840015 0.459102
vn -0.271063 0.830628 0.486396
vn -0.476884 0.682396 0.554002
vn -0.275207 0.877443 0.392879
vn -0.04283 0.997204 0.061242
vn -0.274721 0.877622 0.392821
vn -0.04333 0.997238 0.060324
vn -0.278517 0.878676 0.387757
vn -0.048642 0.997203 0.056755
vn -0.047356 0.997253 0.056953
vn -0.311963 0.877243 0.364862
vn -0.312014 0.877559 0.364058
vn -0.304819 0.879032 0.36659
vn -0.64623 0.201477 0.736066
vn -0.533914 0.587458 0.608136
vn -0.53407 0.587826 0.607642
vn -0.656056 0.195851 0.728857
vn -0.542837 0.584491 0.603074
vn -0.052278 0.998601 -0.007888
vn -0.218244 0.946236 0.238761
vn -0.564324 0.549321 0.616267
vn -0.680613 0.517579 0.518535
vn -0.404927 0.792374 0.456265
vn -0.602185 0.585694 0.542527
vn -0.608035 0.585701 0.535954
vn -0.735267 0.198357 0.648103
vn -0.727581 0.202352 0.6555
vn -0.602818 0.5875 0.539865
vn -0.274499 0.94162 0.194943
vn 0.024225 0.999135 0.033812
vn -0.405121 0.880978 0.244446
vn -0.375848 0.878149 0.295959
vn -0.098049 0.994829 -0.02648
vn -0.115239 0.988007 0.102776
vn -0.13593 0.98404 0.114837
vn -0.156947 0.979294 0.127872
vn -0.047851 0.99669 0.065724
vn -0.201234 0.966641 0.15846
vn -0.17737 0.973923 0.141471
vn -0.212391 0.949985 0.228951
vn -0.570346 0.571453 0.590039
vn -0.520116 0.773444 0.362304
vn -0.459714 0.79196 0.401824
vn -0.694546 0.519497 0.497723
vn -0.440409 0.843704 0.306925
vn -0.401901 0.865009 0.300392
vn -0.367655 0.890317 0.268637
vn -0.25229 0.963466 0.08991
vn -0.255609 0.957458 0.133935
vn -0.283376 0.935291 0.211964
vn -0.415781 0.856229 0.30659
vn -0.236789 0.956753 0.168978
vn -0.432727 0.836759 0.335532
vn -0.252575 0.951236 0.177076
vn -0.304624 0.778975 0.54809
vn -0.410025 0.816849 0.405756
vn -0.417002 0.858767 0.297706
vn -0.254498 0.955129 0.151522
vn -0.32236 0.945461 0.046764
vn -0.496495 0.793289 0.352399
vn -0.011363 0.954069 0.299372
vn 0.030191 0.954083 0.298018
vn -0.132711 0.827766 0.545153
vn -0.091817 0.832513 0.546344
vn -0.44281 0.811495 0.381308
vn -0.335238 0.859996 0.384738
vn -0.408724 0.791911 0.453676
vn -0.03992 0.999203 -0.00016
vn -0.205443 0.946958 0.247112
vn 0.032198 0.999397 0.012993
vn -0.219818 0.955291 0.197733
vn -0.247675 0.949842 0.190937
vn 0.965926 -3e-06 -0.258819
vn 0.965926 2e-06 -0.258819
vn 0.965926 2e-06 -0.258819
vn -0.043595 -0.0 -0.999049
vn -0.216317 0.002594 -0.97632
vn -0.130452 -0.000168 -0.991455
vn -0.04362 0.000172 -0.999048
vn -0.130525 0.000336 -0.991445
vn -0.2164 -0.000345 -0.976305
vn -0.21644 -1e-06 -0.976296
vn 0.481408 0.351273 -0.803028
vn -0.557109 0.009667 -0.830383
vn -0.428792 0.096124 -0.898275
vn -0.259472 0.235313 -0.936644
vn -0.22577 0.345388 -0.910898
vn -0.218122 0.344992 -0.912909
vn -0.241433 0.384669 -0.890921
vn -0.211458 0.451416 -0.866896
vn -0.301349 0.495 -0.814962
vn -0.205561 0.311413 -0.927775
vn 0.10429 0.662491 -0.741774
vn 0.134776 0.250818 -0.958606
vn 0.066127 0.915119 -0.397724
vn 0.122865 0.662435 -0.738975
vn 0.066537 0.91449 -0.399101
vn 0.213118 0.661558 -0.718973
vn 0.123568 0.933736 -0.335959
vn 0.22797 0.75091 -0.619809
vn 0.143821 0.921907 -0.359727
vn 0.154526 0.912573 -0.378593
vn 0.402901 0.662493 -0.631485
vn 0.190506 0.935175 -0.298589
vn 0.410108 0.662488 -0.626834
vn 0.529737 0.252567 -0.809684
vn 0.267703 0.9425 -0.200073
vn -0.231953 0.596739 -0.76818
vn -0.203121 0.513308 -0.833821
vn -0.193986 0.452037 -0.87065
vn -0.217792 0.563706 -0.796744
vn -0.164742 0.096415 -0.981613
vn -0.218544 0.27314 -0.936821
vn -0.110449 0.36445 -0.92465
vn -0.117793 0.381057 -0.917017
vn -0.225483 0.293396 -0.929019
vn -0.064333 0.946757 -0.315455
vn -0.063589 0.949804 -0.306315
vn -0.127091 0.780417 -0.612207
vn -0.051142 0.955613 -0.290154
vn -0.125436 0.274619 -0.953336
vn -0.15697 0.179619 -0.971132
vn -0.123237 0.249394 -0.960529
vn -0.107659 0.533198 -0.839112
vn -0.038608 0.94719 -0.318339
vn -0.03859 0.948845 -0.313375
vn -0.076459 0.780152 -0.620901
vn -0.027065 0.955871 -0.292537
vn -0.041968 0.270631 -0.961768
vn -0.07344 0.176662 -0.981528
vn -0.035545 0.533572 -0.845008
vn -0.040604 0.25804 -0.965281
vn -0.025226 0.780097 -0.62515
vn -0.012825 0.947735 -0.318802
vn -0.012851 0.94785 -0.318458
vn -0.009961 0.17401 -0.984694
vn 0.005863 0.511528 -0.859247
vn 0.006719 0.174014 -0.98472
vn -0.002963 0.956097 -0.293037
vn -0.006196 0.790296 -0.612694
vn 0.001996 0.956099 -0.293038
vn 0.024364 0.521971 -0.852615
vn 0.055493 0.379105 -0.923688
vn 0.027908 0.213211 -0.976607
vn 0.016905 0.785663 -0.618424
vn 0.00832 0.952518 -0.304369
vn 0.008335 0.952494 -0.304444
vn 0.025175 0.952018 -0.305004
vn 0.061657 0.544419 -0.836545
vn 0.071064 0.255542 -0.964182
vn 0.052403 0.785729 -0.616347
vn 0.025584 0.953308 -0.300913
vn 0.108606 0.176764 -0.978243
vn 0.086355 0.184265 -0.979076
vn 0.030812 0.95627 -0.290857
vn 0.111242 0.781405 -0.614029
vn 0.047878 0.933459 -0.355473
vn 0.10048 0.658309 -0.746011
vn -0.040558 0.960699 -0.274615
vn 0.167484 0.3535 -0.920319
vn 0.167057 0.344862 -0.923668
vn 0.128888 0.689599 -0.712629
vn 0.2441 0.165757 -0.955479
vn 0.096371 0.935429 -0.340126
vn 0.070194 0.955112 -0.287807
vn 0.275159 0.364959 -0.889434
vn 0.241089 0.550371 -0.799355
vn 0.275841 0.295727 -0.91458
vn 0.176648 0.7708 -0.612097
vn 0.092417 0.942822 -0.320229
vn 0.27435 0.238544 -0.931573
vn 0.325418 0.191448 -0.925986
vn 0.338901 0.478471 -0.810069
vn -0.074872 0.97783 -0.195556
vn 0.289602 0.746269 -0.599344
vn 0.112707 0.981129 -0.15711
vn 0.243561 0.751687 -0.612898
vn 0.378848 0.370026 -0.848266
vn 0.383137 0.282511 -0.879428
vn 0.333863 0.548886 -0.766329
vn 0.431538 0.197886 -0.880123
vn 0.375893 0.520552 -0.766636
vn 0.171354 0.933635 -0.314585
vn 0.134856 0.953967 -0.267884
vn 0.277949 0.786065 -0.552129
vn 0.486856 0.273524 -0.829552
vn 0.424811 0.570807 -0.702648
vn 0.308831 0.772614 -0.554699
vn 0.156961 0.946511 -0.281922
vn 0.186423 0.945433 -0.267211
vn 0.228169 0.920022 -0.318589
vn 0.567248 0.379674 -0.730806
vn 0.582439 0.253679 -0.772277
vn 0.505232 0.54403 -0.669905
vn 0.622625 0.214386 -0.75258
vn 0.543703 0.52201 -0.657186
vn 0.203015 0.949681 -0.238517
vn 0.408893 0.775903 -0.480397
vn 0.235206 0.933912 -0.269235
vn 0.580243 0.52209 -0.625093
vn 0.664964 0.211302 -0.716362
vn 0.65096 0.378638 -0.657939
vn 0.419578 0.785839 -0.454326
vn 0.205941 0.952818 -0.222996
vn 0.68842 0.258423 -0.677713
vn 0.597506 0.544969 -0.588213
vn 0.460516 0.774594 -0.433509
vn 0.232028 0.947869 -0.218421
vn 0.257966 0.936283 -0.238386
vn 0.727363 0.371333 -0.577109
vn 0.745669 0.198844 -0.635955
vn 0.649529 0.520808 -0.55396
vn 0.226215 0.954017 -0.196666
vn 0.466177 0.7864 -0.405282
vn 0.607908 0.6852 -0.401184
vn 0.571366 0.720755 -0.392495
vn 0.207205 0.848992 -0.486085
vn 0.542391 0.757444 -0.363443
vn 0.502728 0.789973 -0.35101
vn 0.312806 0.901259 -0.299807
vn 0.462111 0.821245 -0.334679
vn 0.210929 0.851123 -0.480727
vn 0.422644 0.849732 -0.315164
vn 0.381841 0.877057 -0.291493
vn 0.339275 0.903256 -0.262719
vn 0.219184 0.960544 -0.17121
vn 0.659993 0.548515 -0.513362
vn 0.7578 0.279824 -0.589439
vn -0.328764 0.015038 -0.944292
vn -0.229944 0.392932 -0.890354
vn -0.18185 0.551314 -0.814238
vn -0.231211 0.209181 -0.95015
vn -0.26076 0.172227 -0.949917
vn -0.235019 0.333587 -0.912954
vn -0.133322 0.969727 -0.204587
vn -0.032797 0.909479 -0.414454
vn -0.065263 0.760797 -0.645701
vn -0.22202 0.834501 -0.504296
vn -0.183899 0.872418 -0.452844
vn 0.004942 0.932662 -0.360716
vn -0.085309 0.978044 -0.19014
vn -0.050079 0.810238 -0.583958
vn -0.071021 0.829866 -0.553424
vn -0.095985 0.888014 -0.449687
vn -0.083168 0.84583 -0.526929
vn -0.091522 0.862044 -0.498502
vn -0.09529 0.877125 -0.470714
vn -0.011522 0.9416 -0.336537
vn -0.198918 0.879495 -0.432342
vn -0.179151 0.541585 -0.821335
vn -0.160627 0.712211 -0.683341
vn -0.167091 0.755777 -0.633152
vn -0.179275 0.781151 -0.59805
vn -0.192006 0.796856 -0.572847
vn -0.206735 0.808994 -0.550263
vn -0.242912 0.61185 -0.752751
vn -0.209455 0.826225 -0.522954
vn -0.067942 0.716872 -0.693887
vn -0.25204 0.619901 -0.743101
vn -0.055458 0.734856 -0.675952
vn -0.204415 0.842213 -0.49889
vn -0.061144 0.739413 -0.670469
vn -0.110194 0.511281 -0.85232
vn -0.259746 0.625775 -0.735485
vn -0.151065 0.648833 -0.745785
vn -0.123854 0.568578 -0.813252
vn -0.223527 0.666907 -0.710823
vn -0.152727 0.83477 -0.528994
vn -0.144275 0.613195 -0.776645
vn -0.059248 0.755913 -0.651985
vn -0.16935 0.508839 -0.84404
vn -0.121025 0.788363 -0.603189
vn -0.111304 0.790865 -0.601783
vn -0.147834 0.510446 -0.847107
vn -0.105583 0.789192 -0.605003
vn -0.106856 0.788065 -0.606247
vn -0.13863 0.513803 -0.846634
vn -0.09888 0.790922 -0.603875
vn -0.136628 0.516559 -0.845281
vn -0.12976 0.510332 -0.850132
vn -0.115449 0.515566 -0.849037
vn -0.082293 0.791812 -0.605196
vn -0.097996 0.510024 -0.85456
vn -0.06994 0.789388 -0.609898
vn -0.060527 0.790657 -0.60926
vn -0.084889 0.512485 -0.85449
vn -0.054453 0.789813 -0.610926
vn -0.056736 0.78785 -0.613249
vn -0.067253 0.512548 -0.856021
vn -0.06387 0.516966 -0.85362
vn -0.03134 0.791134 -0.61084
vn -0.058044 0.510789 -0.857744
vn -0.04397 0.513425 -0.857007
vn -0.041413 0.789784 -0.611985
vn -0.026028 0.511519 -0.858878
vn -0.01856 0.790299 -0.61244
vn -0.006197 0.790299 -0.61269
vn -0.008692 0.511519 -0.859228
vn -0.008691 0.511517 -0.859229
vn 0.017596 0.511534 -0.859083
vn 0.004178 0.790304 -0.6127
vn 0.012547 0.790308 -0.612581
vn 0.004174 0.790308 -0.612696
vn 0.005859 0.511534 -0.859243
vn 0.021287 0.79072 -0.611807
vn 0.029858 0.512488 -0.858175
vn 0.076092 0.784287 -0.615714
vn 0.060807 0.539339 -0.839891
vn 0.043739 0.79568 -0.604135
vn 0.05756 0.790997 -0.609106
vn 0.08073 0.513479 -0.854296
vn 0.068146 0.790583 -0.608552
vn 0.064046 0.789729 -0.610104
vn 0.094684 0.51352 -0.852838
vn 0.095548 0.512669 -0.853253
vn 0.089741 0.511008 -0.854879
vn 0.064685 0.789289 -0.610606
vn 0.1504 0.496781 -0.854744
vn 0.125307 0.49019 -0.862561
vn 0.048092 0.721909 -0.690315
vn 0.022355 0.71523 -0.698532
vn 0.217116 0.501526 -0.837456
vn 0.115753 0.798164 -0.591215
vn 0.159595 0.57618 -0.801589
vn 0.149166 0.659033 -0.737174
vn 0.070246 0.935173 -0.347156
vn 0.124435 0.94338 -0.307489
vn 0.099942 0.784662 -0.611814
vn 0.293052 0.701412 -0.649724
vn 0.202178 0.509424 -0.836428
vn 0.144641 0.788039 -0.598392
vn 0.146454 0.786112 -0.600482
vn 0.165952 0.786304 -0.595135
vn 0.187807 0.52849 -0.827905
vn 0.231658 0.506113 -0.830773
vn 0.252433 0.523822 -0.813565
vn 0.180074 0.794201 -0.580361
vn 0.283234 0.519828 -0.805951
vn 0.202813 0.791676 -0.576295
vn 0.283775 0.518912 -0.806351
vn 0.221527 0.773727 -0.593526
vn 0.258626 0.717398 -0.646879
vn 0.31967 0.661282 -0.678614
vn 0.32637 0.477578 -0.815721
vn 0.258558 0.718005 -0.646233
vn 0.31838 0.46023 -0.828747
vn 0.272863 0.750322 -0.602132
vn 0.24556 0.794904 -0.554823
vn 0.343609 0.528398 -0.776356
vn 0.268071 0.791605 -0.54909
vn 0.375474 0.517235 -0.769082
vn 0.233738 0.765759 -0.599149
vn 0.388647 0.509459 -0.767727
vn 0.277987 0.788148 -0.549132
vn 0.431614 0.539079 -0.723259
vn 0.300778 0.781765 -0.546238
vn 0.416798 0.503312 -0.756939
vn 0.389944 0.640982 -0.661124
vn 0.306628 0.807511 -0.50389
vn 0.340645 0.695837 -0.632275
vn 0.399596 0.70483 -0.586121
vn 0.476374 0.608598 -0.634567
vn 0.367682 0.777184 -0.51068
vn 0.498716 0.482613 -0.719977
vn 0.507396 0.540158 -0.671401
vn 0.365185 0.795699 -0.483223
vn 0.347393 0.785566 -0.51206
vn 0.543136 0.512228 -0.665301
vn 0.387219 0.790625 -0.474314
vn 0.560627 0.502709 -0.658013
vn 0.408295 0.776945 -0.47922
vn 0.412998 0.790156 -0.452864
vn 0.579111 0.511263 -0.635013
vn 0.530737 0.513475 -0.674286
vn 0.418695 0.790974 -0.446156
vn 0.587299 0.513256 -0.625818
vn 0.465389 0.780816 -0.41682
vn 0.599867 0.537207 -0.592932
vn 0.430891 0.795571 -0.42591
vn 0.631231 0.503787 -0.5897
vn 0.455659 0.781775 -0.425679
vn 0.462751 0.788767 -0.404608
vn 0.647616 0.509863 -0.566245
vn 0.594201 0.534262 -0.60124
vn 0.652192 0.517231 -0.554182
vn 0.465614 0.791625 -0.395643
vn 0.522198 0.766049 -0.374804
vn 0.476799 0.794921 -0.375184
vn 0.667077 0.528657 -0.52491
vn 0.584395 0.681051 -0.441195
vn 0.554599 0.71531 -0.425149
vn 0.521651 0.747072 -0.412024
vn 0.485206 0.776476 -0.40207
vn 0.446434 0.802392 -0.39606
vn 0.408829 0.82289 -0.394602
vn 0.686856 0.513723 -0.514119
vn 0.774309 0.424194 -0.469579
vn 0.807639 0.37833 -0.452312
vn 0.580347 0.635981 -0.508651
vn 0.373379 0.845667 -0.381359
vn 0.615605 0.697571 -0.36664
vn 0.596587 0.729086 -0.335437
vn 0.336781 0.86737 -0.366399
vn 0.565141 0.647867 -0.510767
vn 0.549259 0.658918 -0.513947
vn 0.574596 0.759525 -0.304896
vn 0.701788 0.54333 -0.460745
vn 0.626825 0.638797 -0.446126
vn 0.595064 0.676768 -0.433455
vn 0.562312 0.71604 -0.413633
vn 0.471812 0.81862 -0.327498
vn 0.529602 0.755037 -0.386576
vn 0.733244 0.407239 -0.544526
vn 0.741358 0.362258 -0.56494
vn 0.692806 0.533242 -0.485461
vn 0.617358 0.633261 -0.466743
vn 0.584076 0.667302 -0.46213
vn 0.547953 0.697742 -0.461414
vn 0.512327 0.722146 -0.464786
vn 0.748136 0.42726 -0.507683
vn 0.712382 0.573543 -0.404425
vn 0.168997 0.981488 -0.09012
vn 0.301984 0.929462 -0.211911
vn 0.410498 0.870161 -0.272602
vn 0.225079 0.960755 -0.16214
vn 0.429974 0.846627 -0.313602
vn -0.192132 0.640358 -0.743658
vn -0.225391 0.707965 -0.669316
vn -0.214223 0.508091 -0.834238
vn -0.233242 0.48202 -0.844544
vn -0.116729 0.663234 -0.739253
vn -0.238035 0.779703 -0.57914
vn -0.329626 0.524817 -0.784802
vn -0.135383 0.780727 -0.61003
vn -0.215044 0.506942 -0.834725
vn -0.210205 0.509505 -0.834397
vn -0.156174 0.512486 -0.844375
vn -0.148474 0.510978 -0.846674
vn -0.179839 0.175938 -0.967834
vn -0.170102 0.173636 -0.970008
vn -0.156772 0.513418 -0.843697
vn -0.092576 0.789664 -0.606515
vn -0.092247 0.789235 -0.607123
vn -0.047139 0.956142 -0.289086
vn -0.098529 0.790682 -0.604247
vn -0.044132 0.955872 -0.29045
vn -0.076343 0.510445 -0.856515
vn -0.096453 0.178189 -0.979258
vn -0.084116 0.513429 -0.853999
vn -0.086615 0.173633 -0.980994
vn -0.075601 0.510986 -0.856258
vn -0.047924 0.790954 -0.609995
vn -0.020179 0.955648 -0.293819
vn -0.04858 0.790603 -0.610399
vn -0.023239 0.956139 -0.29199
vn -0.042082 0.789165 -0.612737
vn 0.111166 0.499822 -0.858964
vn -0.004172 0.682936 -0.730467
vn 0.055466 0.704285 -0.707747
vn 0.01013 0.457313 -0.889248
vn 0.043266 0.971881 -0.231464
vn 0.006028 0.862919 -0.505307
vn 0.01862 0.955976 -0.292852
vn -0.016054 0.794286 -0.607332
vn 0.038914 0.789885 -0.61202
vn -0.049022 0.957344 -0.284762
vn 0.060259 0.876092 -0.478364
vn 0.268641 0.149121 -0.951628
vn 0.168373 0.468136 -0.867467
vn 0.239456 0.395986 -0.886485
vn 0.392504 0.477852 -0.785874
vn 0.231911 0.125848 -0.964562
vn 0.110449 0.805198 -0.58263
vn 0.155042 0.60793 -0.778706
vn 0.206875 0.840009 -0.501585
vn 0.212457 0.636642 -0.741316
vn 0.310701 0.481326 -0.819628
vn 0.21914 0.445986 -0.867798
vn 0.210493 0.690797 -0.691731
vn 0.262696 0.706834 -0.656793
vn 0.091843 0.969672 -0.226497
vn 0.148956 0.865232 -0.478733
vn 0.055316 0.964556 -0.258016
vn 0.226813 0.813274 -0.535856
vn 0.009986 0.818271 -0.574746
vn 0.429597 0.226784 -0.874079
vn 0.35318 0.161599 -0.921493
vn 0.283407 0.444515 -0.849757
vn 0.326144 0.477851 -0.815652
vn 0.405341 0.473038 -0.782262
vn 0.287151 0.69524 -0.658928
vn 0.313932 0.462793 -0.829018
vn 0.340121 0.699333 -0.62869
vn 0.123153 0.955362 -0.268544
vn 0.256109 0.789003 -0.558465
vn 0.290351 0.811899 -0.506475
vn 0.161686 0.968166 -0.19108
vn 0.181626 0.865499 -0.466822
vn 0.080054 0.967028 -0.24176
vn 0.229716 0.868786 -0.438682
vn 0.485071 0.129533 -0.864828
vn 0.405357 0.38659 -0.828392
vn 0.460778 0.386994 -0.798698
vn 0.46442 0.17986 -0.867159
vn 0.405094 0.513594 -0.756387
vn 0.396358 0.128199 -0.909102
vn 0.360822 0.481711 -0.7986
vn 0.332828 0.81643 -0.471876
vn 0.322916 0.625616 -0.710162
vn 0.232863 0.817639 -0.526538
vn 0.380786 0.626505 -0.680069
vn 0.293696 0.817971 -0.494638
vn 0.332001 0.817782 -0.470115
vn 0.079305 0.957194 -0.27837
vn 0.149373 0.960446 -0.235013
vn 0.461875 0.483076 -0.743847
vn 0.508655 0.465519 -0.724267
vn 0.615262 0.128605 -0.777762
vn 0.558129 0.158147 -0.814544
vn 0.373788 0.789987 -0.486008
vn 0.413212 0.793034 -0.447608
vn 0.178833 0.956008 -0.232523
vn 0.578641 0.456335 -0.675969
vn 0.481516 0.502426 -0.71813
vn 0.424284 0.704898 -0.56842
vn 0.485142 0.681784 -0.547547
vn 0.119094 0.972198 -0.201614
vn 0.328742 0.862514 -0.384706
vn 0.268962 0.876814 -0.398568
vn 0.226103 0.956534 -0.184175
vn 0.561855 0.511803 -0.649905
vn 0.608952 0.507953 -0.609231
vn 0.643978 0.17442 -0.744896
vn 0.634024 0.112714 -0.765055
vn 0.625063 0.398022 -0.671473
vn 0.585298 0.366271 -0.723376
vn 0.703331 0.169148 -0.690445
vn 0.345081 0.790509 -0.505979
vn 0.399847 0.828781 -0.391464
vn 0.505724 0.616727 -0.603235
vn 0.54065 0.643177 -0.542237
vn 0.651951 0.492777 -0.576307
vn 0.47602 0.686064 -0.5502
vn 0.592353 0.460053 -0.661415
vn 0.508989 0.702641 -0.497218
vn 0.187265 0.971003 -0.148609
vn 0.335757 0.864017 -0.375156
vn 0.206936 0.95588 -0.208498
vn 0.432223 0.789642 -0.435486
vn 0.384717 0.797671 -0.46445
vn 0.145246 0.959511 -0.241336
vn 0.362548 0.87413 -0.323195
vn 0.725954 0.178217 -0.664251
vn 0.633194 0.513214 -0.579375
vn 0.684706 0.486549 -0.54263
vn 0.716702 0.126199 -0.685865
vn 0.784481 0.135567 -0.605154
vn 0.702267 0.388714 -0.596424
vn 0.659674 0.383221 -0.646507
vn 0.452066 0.819708 -0.351732
vn 0.376889 0.81157 -0.446439
vn 0.5656 0.624692 -0.538383
vn 0.608039 0.628789 -0.484679
vn 0.657885 0.47275 -0.586254
vn 0.724988 0.463429 -0.509535
vn 0.567218 0.695395 -0.441237
vn 0.525351 0.699067 -0.485089
vn 0.368433 0.868689 -0.331115
vn 0.214008 0.967125 -0.137368
vn 0.477774 0.789 -0.386278
vn 0.345973 0.895578 -0.279718
vn 0.313786 0.915787 -0.250746
vn 0.40702 0.865685 -0.291418
vn 0.419389 0.811607 -0.406704
vn 0.33006 0.90574 -0.265886
vn 0.145924 0.968022 -0.204057
vn 0.244724 0.952307 -0.182266
vn 0.776649 0.317887 -0.543842
vn 0.797113 0.220861 -0.561988
vn 0.828358 0.139971 -0.542431
vn 0.872161 0.0613 -0.485364
vn 0.816636 0.126355 -0.563152
vn 0.770901 0.390915 -0.502888
vn 0.735611 0.40565 -0.542516
vn 0.644795 0.46333 -0.607918
vn 0.725894 0.569858 -0.385149
vn 0.605447 0.650198 -0.458994
vn 0.609684 0.663743 -0.433279
vn 0.423488 0.85347 -0.303722
vn 0.503464 0.787838 -0.354733
vn 0.579015 0.71784 -0.386583
vn 0.661063 0.662503 -0.352257
vn 0.436936 0.856374 -0.275154
vn 0.596467 0.681071 -0.424698
vn 0.423882 0.858732 -0.287929
vn -0.136476 0.897854 -0.418607
vn -0.235618 0.905903 -0.351886
vn -0.197261 0.756609 -0.623403
vn -0.05304 0.920881 -0.386219
vn -0.159654 0.747867 -0.644365
vn -0.113688 0.766895 -0.631623
vn 0.21617 0.959113 -0.182681
vn 0.204096 0.973764 -0.100641
vn 0.161453 0.986414 -0.030348
vn 0.964521 0.142021 -0.222553
vn 0.952562 0.189196 -0.238391
vn 0.931396 0.257042 -0.257742
vn 0.895354 0.349641 -0.275848
vn 0.847898 0.447414 -0.284413
vn 0.979875 0.059393 -0.190569
vn 0.925896 0.252556 -0.280949
vn 0.21612 0.959124 -0.182684
vn 0.925897 0.252553 -0.280949
vn 0.818615 0.525039 -0.232814
vn 0.732969 0.628736 -0.259708
vn 0.637575 0.723341 -0.265096
vn 0.542053 0.804603 -0.242473
vn 0.456587 0.869711 -0.187433
vn 0.397373 0.912884 -0.093477
vn 0.731552 0.624424 -0.273728
vn 0.414418 0.86091 -0.295112
vn 0.563633 0.792371 -0.23338
vn 0.743819 0.594632 -0.305197
vn 0.751275 0.598299 -0.278612
vn 0.559911 0.789083 -0.252681
vn 0.558798 0.790144 -0.251827
vn 0.750391 0.599217 -0.279021
vn 0.751015 0.598175 -0.279579
vn 0.558452 0.789981 -0.253104
vn 0.505923 0.816562 -0.277974
vn 0.751214 0.598273 -0.278832
vn 0.55778 0.78965 -0.255607
vn 0.189557 0.908144 -0.373286
vn 0.249414 0.935483 -0.25033
vn 0.361742 0.908043 -0.211188
vn 0.533736 0.803436 -0.26385
vn 0.193542 0.959738 -0.20358
vn 0.543864 0.804514 -0.238681
vn 0.639911 0.631237 -0.43824
vn 0.703738 0.614295 -0.356924
vn 0.768376 0.562675 -0.304951
vn 0.823982 0.489638 -0.285145
vn 0.869324 0.400953 -0.288986
vn 0.900874 0.300567 -0.313187
vn 0.914912 0.199709 -0.350788
vn 0.912197 0.101827 -0.396897
vn 0.89438 0.011273 -0.447165
vn 0.727114 0.645587 -0.233502
vn 0.930288 0.226078 -0.288883
vn 0.75491 0.594916 -0.276019
vn 0.151289 0.988467 0.006719
vn 0.237128 0.960438 0.146046
vn 0.578591 0.253069 0.775364
vn 0.681407 0.058948 0.729526
vn 0.611787 0.253111 0.749434
vn 0.642516 0.165483 0.74819
vn 0.578929 0.251607 0.775587
vn 0.305745 0.86894 0.389183
vn 0.431662 0.690386 0.580548
vn 0.40645 0.793031 0.453762
vn 0.539785 0.595041 0.595448
vn 0.237126 0.960465 0.145871
vn 0.239613 0.96009 0.144267
vn 0.23961 0.960105 0.144172
vn 0.237797 0.961038 0.140916
vn 0.316335 0.915365 0.249078
vn 0.398147 0.865562 0.30378
vn 0.19849 0.978454 0.056831
vn 0.465647 0.808806 0.359174
vn 0.302679 0.948933 0.088947
vn 0.247361 0.931462 0.266815
vn 0.537119 0.739642 0.405503
vn 0.256526 0.901647 0.348177
vn 0.353909 0.93039 0.095512
vn 0.254087 0.9621 0.099007
vn 0.516122 0.618031 0.593006
vn 0.567852 0.536426 0.624333
vn 0.633044 0.451296 0.628958
vn 0.706585 0.364732 0.606389
vn 0.391486 0.812146 0.432618
vn 0.422641 0.790901 0.44255
vn 0.494776 0.541371 0.679789
vn 0.393551 0.813276 0.428602
vn 0.517703 0.598466 0.61141
vn 0.231939 0.955063 0.184549
vn 0.505707 0.789145 0.348584
vn 0.446258 0.80504 0.390851
vn 0.128598 0.985213 0.113213
vn 0.396939 0.855484 0.332544
vn 0.107627 0.986171 0.126028
vn 0.315186 0.934333 0.166371
vn 0.262754 0.871111 0.414881
vn 0.480714 0.611415 0.628559
vn 0.480496 0.449737 0.752901
vn 0.570428 0.460937 0.679815
vn 0.520163 0.528866 0.67062
vn 0.587283 0.431259 0.684919
vn 0.471839 0.425624 0.772148
vn 0.498968 0.052731 0.865015
vn 0.574977 0.388863 0.719852
vn 0.455405 0.387352 0.801601
vn 0.548825 0.443795 0.708405
vn 0.570046 0.357883 0.739572
vn 0.570942 0.268096 0.775983
vn 0.55649 0.193138 0.808095
vn 0.537291 0.134717 0.832568
vn 0.54091 0.561114 0.626551
vn 0.548932 0.1306 0.825601
vn 0.51396 0.599003 0.614036
vn 0.421628 0.790972 0.443389
vn 0.421419 0.791076 0.443402
vn 0.514242 0.599215 0.613594
vn 0.421844 0.791106 0.442943
vn 0.514371 0.600301 0.612422
vn 0.422729 0.791157 0.442007
vn 0.514928 0.599349 0.612886
vn 0.423783 0.790736 0.441752
vn 0.515746 0.598751 0.612783
vn 0.423676 0.790657 0.441995
vn 0.51536 0.58741 0.623982
vn 0.375024 0.786561 0.490591
vn 0.462703 0.725958 0.508812
vn 0.508183 0.588227 0.629078
vn 0.427557 0.781674 0.454071
vn 0.418457 0.829053 0.370898
vn 0.160559 0.977649 0.135731
vn 0.28233 0.959314 -0.002612
vn 0.346669 0.827108 0.442394
vn 0.282386 0.934714 -0.215797
vn 0.687187 0.284587 -0.668419
vn 0.687187 0.284586 -0.66842
vn 0.799731 -0.032138 -0.599497
vn 0.770544 0.04882 -0.635515
vn 0.733016 0.152342 -0.662933
vn 0.694024 0.263062 -0.670171
vn 0.682973 0.333521 -0.649855
vn 0.672988 0.414042 -0.612909
vn 0.678679 0.330688 -0.655775
vn 0.817329 -0.079202 -0.570702
vn 0.66166 0.485751 -0.571184
vn 0.705738 0.46117 -0.537826
vn 0.639363 0.433122 -0.635311
vn 0.823022 -0.098693 -0.559369
vn 0.54035 0.710036 -0.45152
vn 0.551266 0.666037 -0.502494
vn 0.523624 0.745746 -0.411923
vn 0.275383 0.937636 -0.212141
vn 0.549964 0.666126 -0.503801
vn 0.275799 0.934779 -0.223884
vn 0.541051 0.676013 -0.500271
vn 0.544852 0.666429 -0.508929
vn 0.545691 0.669749 -0.503644
vn 0.267776 0.940209 -0.210484
vn 0.266929 0.938719 -0.218072
vn 0.543548 0.666492 -0.510239
vn 0.264467 0.939136 -0.219271
vn 0.262226 0.939394 -0.220855
vn 0.542041 0.666803 -0.511435
vn 0.43039 0.783943 -0.447435
vn 0.482006 0.731746 -0.481889
vn 0.522484 0.601112 -0.604711
vn 0.605695 0.548906 -0.576052
vn 0.627647 0.470051 -0.620573
vn 0.627107 0.430082 -0.649436
vn 0.666897 0.428973 -0.609286
vn 0.680801 0.349551 -0.64368
vn 0.669997 0.350672 -0.654319
vn 0.603577 0.635632 -0.481318
vn 0.6959 0.221291 -0.683193
vn 0.595 0.580534 -0.555838
vn 0.708842 0.167196 -0.685266
vn 0.622773 0.537839 -0.568228
vn 0.427672 0.847684 -0.313892
vn 0.239452 0.943038 -0.230957
vn 0.235357 0.949984 -0.205275
vn 0.39476 0.844511 -0.361892
vn 0.36446 0.881161 -0.301205
vn 0.425846 0.856179 -0.292596
vn 0.184518 0.980009 -0.074396
vn 0.40512 0.822398 -0.399424
vn 0.490175 0.772968 -0.402801
vn 0.203571 0.964992 -0.165375
vn 0.296261 0.91385 -0.277682
vn 0.436245 0.818112 -0.374678
vn 0.296428 0.929283 -0.22037
vn 0.297838 0.895588 -0.330477
vn 0.697207 0.17155 -0.696041
vn 0.594018 0.574386 -0.563226
vn 0.366626 0.762334 -0.533321
vn 0.479978 0.770073 -0.420248
vn 0.537304 0.604913 -0.587695
vn 0.686863 0.277569 -0.671695
vn 0.654729 0.307252 -0.690599
vn 0.594313 0.290946 -0.749762
vn 0.69572 0.26082 -0.669288
vn 0.68312 0.157649 -0.713088
vn 0.632099 0.068247 -0.771877
vn 0.577625 0.005267 -0.816285
vn 0.692967 0.118106 -0.71123
vn 0.661694 0.394561 -0.63756
vn 0.502216 0.222661 -0.835584
vn 0.47132 0.801094 -0.368924
vn 0.581828 0.540352 -0.607862
vn 0.418858 0.868671 -0.264517
vn 0.421351 0.804173 -0.419249
vn 0.678471 0.531995 -0.506615
vn 0.45413 0.794553 -0.403052
vn 0.540408 0.618597 -0.570348
vn 0.636218 0.511411 -0.577656
vn 0.427198 0.815531 -0.390398
vn 0.602712 0.539277 -0.588148
vn 0.41853 0.800896 -0.428251
vn 0.5886 0.551275 -0.591309
vn 0.563679 0.637192 -0.525598
vn 0.347049 0.921643 -0.173584
vn 0.246492 0.951114 -0.186074
vn 0.213914 0.925424 -0.312779
vn 0.484178 0.773238 -0.40948
vn 0.503881 0.771665 -0.388119
vn 0.153728 0.974751 -0.161954
vn 0.170946 0.972975 -0.15523
vn 0.361342 0.875684 -0.320327
vn 0.44785 0.733094 -0.511863
vn 0.66831 0.475497 -0.572069
vn 0.585437 0.51337 -0.627467
vn 0.524691 0.708898 -0.471341
vn 0.503139 0.699608 -0.507347
vn 0.324435 0.911378 -0.253245
vn 0.270153 0.921683 -0.278421
vn 0.459784 0.790193 -0.405207
vn 0.446844 0.778373 -0.440983
vn 0.514952 0.756719 -0.402742
vn 0.324272 0.883816 -0.337218
vn 0.420911 0.830788 -0.364178
vn -0.943146 0.315005 0.106053
vn -0.94316 0.314964 0.106055
vn -0.922624 0.37594 0.086219
vn -0.921313 0.37348 0.108142
vn -0.889002 0.451489 0.076372
vn -0.920313 0.377858 0.101233
vn -0.970792 0.222568 0.089592
vn -0.944935 0.306067 0.115846
vn -0.944659 0.307459 0.114399
vn -0.947454 0.306931 0.09013
vn -0.852329 0.520364 0.052504
vn -0.893097 0.438635 0.099888
vn -0.810255 0.585703 0.020956
vn -0.85905 0.501481 0.102715
vn -0.813114 0.571878 0.108638
vn -0.728956 0.684256 0.020421
vn -0.801826 0.592291 0.07916
vn -0.664385 0.747296 -0.011839
vn -0.742378 0.664615 0.084633
vn -0.256726 0.966357 -0.015667
vn -0.270793 0.96261 -0.007286
vn -0.256594 0.966519 -0.000732
vn -0.26839 0.963298 0.004849
vn -0.263399 0.964681 0.003313
vn -0.680175 0.723281 0.119277
vn -0.765449 0.624496 0.155216
vn -0.758733 0.650224 0.039155
vn -0.818307 0.55276 0.157577
vn -0.811427 0.583296 0.036779
vn -0.85728 0.493826 0.145624
vn -0.871658 0.485621 0.066214
vn -0.886238 0.440257 0.144072
vn -0.89962 0.430239 0.074683
vn -0.934934 0.334345 0.118798
vn -0.916064 0.365986 0.163954
vn -0.928008 0.362973 0.083977
vn -0.971198 0.197974 0.13259
vn -0.973757 0.133086 0.184624
vn -0.964166 0.072328 0.255249
vn -0.957174 0.268299 0.108787
vn -0.954492 0.275475 0.114275
vn -0.522653 0.852368 0.017395
vn -0.460631 0.887363 -0.020141
vn -0.666721 0.745269 0.007642
vn -0.399228 0.914684 -0.063001
vn -0.444296 0.895134 0.036554
vn -0.984512 0.154432 0.082991
vn -0.99957 0.028484 -0.006997
vn -0.995092 0.088658 0.043948
vn -0.962983 0.245622 0.111059
vn -0.94549 0.311594 0.094645
vn -0.931276 0.354919 0.082206
vn -0.947718 0.300406 0.10764
vn -0.996877 -0.031142 -0.072575
vn -0.992197 -0.064947 -0.106428
vn -0.920526 0.390594 -0.008319
vn -0.932232 0.356222 -0.063636
vn -0.914801 0.402379 0.035084
vn -0.94612 0.29536 -0.13274
vn -0.932915 0.342515 0.111142
vn -0.915834 0.395713 0.06826
vn -0.165789 0.985564 -0.034316
vn -0.494122 0.868731 0.033915
vn -0.334262 0.942195 -0.023163
vn -0.966156 0.234705 0.107032
vn -0.984245 0.149953 0.093683
vn -0.542944 0.839752 0.005343
vn -0.697682 0.713636 0.062957
vn -0.791519 0.607405 0.067503
vn -0.603914 0.796204 0.036697
vn -0.794618 0.603015 0.070387
vn -0.603916 0.796205 0.036633
vn -0.595901 0.801999 0.041232
vn -0.784002 0.616465 0.072886
vn -0.778965 0.622867 0.072463
vn -0.792635 0.604662 0.078189
vn -0.602658 0.796504 0.048833
vn -0.793431 0.603406 0.079806
vn -0.602344 0.796725 0.049099
vn -0.601431 0.79754 0.047014
vn -0.79331 0.603437 0.08076
vn -0.602184 0.796767 0.050363
vn -0.604762 0.794724 0.051734
vn -0.56317 0.824178 0.059761
vn 0.074979 0.996021 0.048168
vn -0.499436 0.866152 0.018557
vn -0.969248 0.214774 0.120129
vn -0.792759 0.60414 0.080917
vn -0.723281 0.688035 0.058928
vn -0.493448 0.868993 0.036884
vn -0.684557 0.722951 0.093402
vn -0.431958 0.898399 0.07932
vn -0.981572 0.127311 0.14251
vn -0.917014 0.338454 0.211033
vn -0.915887 0.379572 0.130677
vn -0.911681 0.380325 0.155532
vn -0.870595 0.483673 0.090138
vn -0.980019 0.157594 0.121353
vn -0.970823 -0.018453 0.239087
vn -0.978563 0.026716 0.204209
vn -0.936394 0.319468 0.145279
vn -0.942928 0.309712 0.122331
vn -0.954822 0.27371 0.115749
vn -0.937835 0.334617 0.092176
vn -0.641611 0.76581 0.043243
vn -0.818882 0.567832 0.083658
vn -0.871501 0.486847 0.058878
vn -0.455599 0.89004 0.0161
vn -0.785949 0.616597 0.045735
vn -0.568394 0.82259 0.016564
vn -0.271315 0.960809 -0.056877
vn -0.161031 0.986864 -0.012964
vn -0.247035 0.968718 0.023632
vn -0.168345 0.984767 -0.043521
vn -0.562749 0.825433 0.04443
vn -0.221578 0.974358 -0.039118
vn -0.177755 0.984074 -0.001528
vn -0.53329 0.844217 0.05385
vn -0.557361 0.829791 0.028209
vn -0.471132 0.881645 0.027151
vn -0.797546 0.595078 0.099009
vn -0.443608 0.89592 -0.023237
vn -0.418927 0.905606 0.066169
vn -0.660783 0.74917 0.045929
vn -0.818664 0.5655 0.099992
vn -0.652941 0.755546 0.053089
vn -0.604942 0.796103 0.016306
vn -0.335146 0.936349 -0.104536
vn -0.377142 0.925803 -0.025538
vn -0.494463 0.869152 0.008965
vn -0.620657 0.78205 0.05642
vn -0.369194 0.926537 -0.072282
vn -0.123232 0.989232 -0.078956
vn -0.133229 0.98998 -0.046803
vn -0.421288 0.906247 -0.035117
vn -0.408256 0.908659 0.087555
vn -0.314505 0.948749 0.031029
vn -0.462705 0.886461 0.009477
vn -0.814674 0.574762 0.077175
vn -0.626201 0.778028 0.050451
vn -0.807178 0.59009 0.01607
vn -0.610506 0.791466 -0.029385
vn -0.645645 0.763134 0.027738
vn -0.53852 0.84074 0.056154
vn -0.788738 0.604546 0.111432
vn -0.606901 0.794694 0.011467
vn -0.528643 0.848049 0.036744
vn -0.769665 0.636075 0.055006
vn -0.599059 0.798552 0.058674
vn -0.548045 0.836448 0.001175
vn -0.534096 0.845321 0.013204
vn -0.800999 0.597678 0.034375
vn -0.76566 0.638798 0.075503
vn -0.484284 0.870601 0.086731
vn -0.174109 0.984676 -0.009959
vn -0.496697 0.866411 0.051222
vn -0.387202 0.921844 0.016687
vn -0.135527 0.990761 0.004945
vn -0.380851 0.924604 -0.007708
vn -0.149904 0.987307 0.052478
vn -0.827335 0.542731 0.144776
vn -0.626712 0.778271 0.039081
vn -0.637945 0.763165 0.102987
vn -0.677994 0.731937 0.067768
vn -0.823548 0.559357 0.094277
vn 0.708339 0.0 -0.705873
vn 0.708339 -1.3e-05 -0.705872
vn 0.708339 1e-06 -0.705873
vn 0.708402 -1.2e-05 -0.705809
vn 0.708081 5.3e-05 -0.706131
vn 0.70836 1.4e-05 -0.705851
vn 0.708339 2e-06 -0.705873
vn 0.708356 0.0 -0.705856
vn 0.573576 1e-06 0.819152
vn 0.573576 0.0 0.819152
vn -0.992109 0.0 0.125377
vn -0.992109 -4e-06 0.125377
vn -0.992109 1e-06 0.125377
vn 0.001637 0.998975 0.045229
vn 0.00497 0.998996 0.044523
vn 0.00293 0.99891 0.046576
vn 0.008644 0.998933 0.045372
vn 0.008652 0.998934 0.045353
vn 0.011826 0.998998 0.043173
vn 0.015436 0.998995 0.042089
vn 0.014427 0.998909 0.044402
vn 0.019588 0.998946 0.041507
vn 0.019579 0.998942 0.041607
vn 0.02288 0.998995 0.038544
vn 0.026351 0.999015 0.035699
vn 0.024954 0.998915 0.039321
vn 0.029926 0.999018 0.032687
vn 0.029765 0.998909 0.035979
vn 0.033442 0.999012 0.029264
vn 0.033923 0.998917 0.031856
vn 0.039554 0.999001 0.020785
vn 0.040374 0.998938 0.022196
vn 0.044482 0.998945 0.011421
vn 0.043407 0.999004 0.010367
vn 0.045615 0.998942 0.005762
vn 0.044273 0.999008 0.00473
vn 0.045802 0.998934 -0.005786
vn 0.043852 0.999016 -0.006678
vn 0.044784 0.998931 -0.011499
vn 0.040842 0.999013 -0.017451
vn 0.040498 0.998932 -0.022264
vn 0.038555 0.999006 -0.022379
vn 0.033353 0.998953 -0.03132
vn 0.032996 0.998967 -0.031231
vn 0.029044 0.998979 -0.034601
vn 0.029165 0.998953 -0.035254
vn 0.024508 0.998993 -0.037585
vn 0.024563 0.998949 -0.038706
vn 0.019579 0.998997 -0.040259
vn 0.019496 0.998951 -0.041431
vn 0.014278 0.998995 -0.04248
vn 0.014105 0.998958 -0.043411
vn 0.008682 0.998988 -0.044123
vn 0.008519 0.998966 -0.044658
vn 0.002914 0.99898 -0.045071
vn 0.002846 0.998973 -0.045229
vn 0.01193 0.999895 0.008223
vn 0.013624 0.99913 0.039429
vn 0.042604 0.998886 0.020302
vn 0.066895 0.996576 0.048602
vn 0.027608 0.998875 0.038561
vn 0.042082 0.998928 0.019266
vn 0.013232 0.9999 0.004989
vn 0.038453 0.999015 0.02213
vn 0.049763 0.998745 -0.005723
vn 0.059022 0.99818 -0.01234
vn 0.073216 0.996895 0.028988
vn 0.03975 0.998933 0.023508
vn 0.047097 0.998838 -0.010253
vn 0.013938 0.999903 -0.000313
vn 0.083179 0.996535 0.0
vn 0.04127 0.999068 0.012629
vn 0.045224 0.998911 -0.01144
vn 0.045221 0.998834 0.016897
vn 0.056731 0.99836 -0.007616
vn 0.016794 0.999614 -0.022122
vn 0.014099 0.999893 -0.004033
vn 0.073216 0.996895 -0.028988
vn 0.040111 0.998943 -0.022457
vn 0.055502 0.998204 0.022536
vn 0.029192 0.998834 -0.038462
vn 0.011212 0.999902 -0.00842
vn 0.066895 0.996576 -0.048602
vn 0.043973 0.998892 -0.016743
vn 0.027608 0.998875 -0.038561
vn 0.04006 0.999055 -0.016877
vn -0.001637 0.998975 -0.045229
vn -0.00497 0.998996 -0.044523
vn -0.00293 0.99891 -0.046576
vn -0.008644 0.998933 -0.045372
vn -0.008652 0.998934 -0.045353
vn -0.011826 0.998998 -0.043173
vn -0.015436 0.998995 -0.042089
vn -0.014427 0.998909 -0.044402
vn -0.019588 0.998946 -0.041507
vn -0.019579 0.998942 -0.041607
vn -0.02288 0.998995 -0.038544
vn -0.026351 0.999015 -0.035699
vn -0.024954 0.998915 -0.039321
vn -0.029926 0.999018 -0.032687
vn -0.029765 0.998909 -0.035979
vn -0.033442 0.999012 -0.029264
vn -0.033923 0.998917 -0.031856
vn -0.039554 0.999001 -0.020785
vn -0.040374 0.998938 -0.022196
vn -0.044482 0.998945 -0.011421
vn -0.043407 0.999004 -0.010367
vn -0.045615 0.998942 -0.005762
vn -0.044273 0.999008 -0.00473
vn -0.045802 0.998934 0.005786
vn -0.043852 0.999016 0.006678
vn -0.044784 0.998931 0.011499
vn -0.040842 0.999013 0.017451
vn -0.040498 0.998932 0.022264
vn -0.038555 0.999006 0.022379
vn -0.032996 0.998967 0.031231
vn -0.033353 0.998953 0.03132
vn -0.029044 0.998979 0.034601
vn -0.029165 0.998953 0.035254
vn -0.024508 0.998993 0.037585
vn -0.024563 0.998949 0.038705
vn -0.019579 0.998997 0.040259
vn -0.019496 0.998951 0.041431
vn -0.014278 0.998995 0.04248
vn -0.014105 0.998958 0.043411
vn -0.008682 0.998988 0.044123
vn -0.008519 0.998966 0.044658
vn -0.002914 0.99898 0.045071
vn -0.002846 0.998973 0.045229
vn -0.01193 0.999895 -0.008223
vn -0.013624 0.99913 -0.039429
vn -0.042604 0.998886 -0.020302
vn -0.066895 0.996576 -0.048602
vn -0.027608 0.998875 -0.038561
vn -0.042082 0.998928 -0.019266
vn -0.013232 0.9999 -0.004989
vn -0.038453 0.999015 -0.02213
vn -0.049763 0.998745 0.005723
vn -0.059022 0.99818 0.01234
vn -0.073216 0.996895 -0.028988
vn -0.03975 0.998933 -0.023508
vn -0.047097 0.998838 0.010253
vn -0.013938 0.999903 0.000313
vn -0.083179 0.996535 0.0
vn -0.04127 0.999068 -0.012629
vn -0.045224 0.998911 0.01144
vn -0.045221 0.998834 -0.016897
vn -0.056731 0.99836 0.007616
vn -0.016794 0.999614 0.022122
vn -0.014099 0.999893 0.004033
vn -0.073216 0.996895 0.028988
vn -0.040111 0.998943 0.022457
vn -0.055502 0.998204 -0.022537
vn -0.011212 0.999902 0.00842
vn -0.029192 0.998834 0.038462
vn -0.066895 0.996576 0.048602
vn -0.043973 0.998892 0.016743
vn -0.027608 0.998875 0.038561
vn -0.04006 0.999055 0.016877
vn -0.0 1.0 -0.0
vn 0.0 1.0 0.0
vn -0.0 1.0 -0.0
vn 0.0 1.0 0.0
vn 0.0 1.0 0.0
vn 0.0 1.0 0.0
vn 0.0 1.0 0.0
vn 0.0 1.0 0.0
vn 0.0 1.0 0.0
vn 0.0 1.0 0.0
vn 0.0 1.0 0.0
vn 0.0 1.0 0.0
vn 0.0 1.0 0.0
vn 0.0 1.0 0.0
vn -0.0 1.0 0.0
vn 0.0 1.0 0.0
vn 0.0 1.0 0.0
vn -0.0 1.0 0.0
vn 0.0 1.0 -0.0
vn 0.0 1.0 0.0
vn -0.0 1.0 0.0
vn 0.0 1.0 0.0
vn 0.0 1.0 0.0
vn -0.0 1.0 0.0
vn 0.0 1.0 -0.0
vn 0.0 1.0 0.0
vn -0.0 1.0 0.0
vn 0.0 1.0 0.0
vn 0.0 1.0 -0.0
vn 0.0 1.0 0.0
vn -0.0 1.0 0.0
vn 0.0 1.0 -0.0
vn 0.0 1.0 0.0
vn 0.0 1.0 -0.0
vn 0.0 1.0 0.0
vn 0.0 1.0 0.0
vn 0.0 1.0 0.0
vn 0.0 1.0 0.0
vn -0.0 1.0 0.0
vn 0.0 1.0 0.0
vn -0.0 1.0 0.0
vn 0.0 1.0 0.0
vn -0.0 1.0 0.0
vn 0.0 1.0 0.0
vn 0.0 1.0 -0.0
vn 0.0 1.0 0.0
vn 0.0 1.0 0.0
vn 0.0 1.0 0.0
vn 0.0 1.0 -0.0
vn 0.0 1.0 0.0
vn 0.0 1.0 0.0
vn 0.0 1.0 0.0
vn 0.0 1.0 -0.0
vn 0.0 1.0 0.0
vn -0.0 1.0 0.0
vn 0.0 1.0 0.0
vn -0.0 1.0 0.0
vn 0.0 1.0 -0.0
vn 0.0 1.0 0.0
vn 0.0 1.0 0.0
vn 0.0 1.0 0.0
vn 0.0 1.0 0.0
vn 0.0 1.0 -0.0
vn 0.0 1.0 0.0
vn 0.0 1.0 0.0
vn 0.0 1.0 0.0
vn 0.0 1.0 -0.0
vn 0.0 1.0 0.0
vn -0.0 1.0 0.0
vn 0.0 1.0 0.0
vn -0.0 1.0 0.0
vn 0.0 1.0 0.0
vn -0.0 1.0 0.0
vn 0.0 1.0 0.0
vn 0.0 1.0 0.0
vn 0.0 1.0 -0.0
vn 0.0 1.0 0.0
vn 0.0 1.0 0.0
vn 0.0 1.0 0.0
vn 0.0 1.0 0.0
vn 0.0 1.0 0.0
vn 0.0 1.0 -0.0
vn 0.0 1.0 0.0
vn 0.0 1.0 0.0
vn -0.0 1.0 0.0
vn 0.0 1.0 0.0
vn 0.0 1.0 0.0
vn -0.0 1.0 0.0
vn 0.0 1.0 -0.0
vn 0.0 1.0 0.0
vn -0.0 1.0 0.0
vn 0.0 1.0 0.0
vn 0.0 1.0 0.0
vn 0.0 1.0 -0.0
vn -0.0 1.0 0.0
vn 0.0 1.0 0.0
vn 0.0 1.0 0.0
vn -0.0 1.0 0.0
vn 0.0 1.0 0.0
vn 0.0 1.0 0.0
vn 0.0 1.0 0.0
vn 0.0 1.0 0.0
vn 0.0 1.0 0.0
vn 0.0 1.0 0.0
vn 0.0 1.0 0.0
vn 0.0 1.0 0.0
vn 0.0 1.0 0.0
vn -0.0 1.0 -0.0
vn 0.0 1.0 0.0
vn -0.0 1.0 -0.0
vn 0.0 1.0 0.0
vn -0.0 1.0 -0.0
vn 0.0 1.0 0.0
vn 0.0 1.0 0.0
vn -0.459217 0.823289 -0.33364
vn -0.109367 0.990299 -0.085712
vn -0.547946 0.807892 -0.216947
vn -0.134577 0.989886 -0.044886
vn -0.565136 0.824998 0.0
vn -0.137148 0.990535 0.005446
vn -0.459216 0.823289 0.33364
vn -0.11538 0.989718 0.08453
vn -0.03343 0.846486 -0.53136
vn -0.009908 0.917894 -0.396702
vn 0.004331 0.870221 -0.492642
vn 0.042936 0.812195 -0.581804
vn 0.090104 0.760182 -0.643432
vn 0.128326 0.720311 -0.681678
vn 0.122061 0.920726 -0.370626
vn -0.006972 0.929235 -0.369424
vn 0.103382 0.933104 -0.344425
vn -0.005892 0.939378 -0.342832
vn -0.006844 0.952678 -0.303904
vn 0.078422 0.948885 -0.305724
vn 0.04486 0.996915 -0.064405
vn 0.002405 0.982366 -0.186954
vn -0.007965 0.955114 -0.296133
vn -0.005236 0.989427 -0.144936
vn -0.012874 0.981393 -0.191576
vn -0.021738 0.979944 -0.198086
vn -0.036067 0.843003 -0.536699
vn -0.023009 0.980453 -0.195405
vn -0.065265 0.830033 -0.553883
vn -0.09914 0.848571 -0.51971
vn -0.036219 0.979961 -0.195869
vn -0.084569 0.833767 -0.545601
vn -0.029774 0.98095 -0.191964
vn -0.110446 0.837564 -0.535059
vn -0.038954 0.98126 -0.188711
vn -0.050582 0.980007 -0.192424
vn -0.140287 0.829709 -0.54028
vn -0.049707 0.980231 -0.191509
vn -0.163841 0.847873 -0.50425
vn -0.066165 0.979617 -0.189665
vn -0.057543 0.981331 -0.183514
vn -0.162337 0.840008 -0.517719
vn -0.068017 0.980788 -0.182835
vn -0.193678 0.831409 -0.520815
vn -0.225837 0.847742 -0.479929
vn -0.075519 0.980793 -0.179841
vn -0.21518 0.831444 -0.512249
vn -0.081772 0.979595 -0.183595
vn -0.235947 0.84 -0.488599
vn -0.083633 0.981332 -0.173188
vn -0.096658 0.979824 -0.174935
vn -0.270596 0.828705 -0.489924
vn -0.097509 0.979623 -0.175589
vn -0.101854 0.981393 -0.162771
vn -0.286177 0.841993 -0.457331
vn -0.284802 0.847046 -0.448776
vn -0.114066 0.979374 -0.16678
vn -0.321577 0.829688 -0.456297
vn -0.113339 0.980445 -0.160877
vn -0.341452 0.834506 -0.432447
vn -0.12 0.981072 -0.15198
vn -0.33629 0.849508 -0.406505
vn -0.131007 0.978963 -0.156426
vn -0.129101 0.980889 -0.145566
vn -0.367864 0.832154 -0.414964
vn -0.136975 0.980709 -0.139454
vn -0.390139 0.830758 -0.397029
vn -0.385382 0.848829 -0.361898
vn -0.146322 0.97897 -0.142156
vn -0.174787 0.977798 -0.115588
vn -0.142806 0.981219 -0.129677
vn -0.405252 0.83687 -0.367993
vn -0.30894 0.912969 -0.266539
vn -0.469901 0.817716 -0.332466
vn -0.303265 0.923939 -0.233169
vn -0.472635 0.802847 -0.363391
vn -0.105911 0.991308 -0.078051
vn -0.307992 0.923943 -0.22687
vn -0.423969 0.846291 -0.322555
vn -0.307039 0.930837 -0.198165
vn -0.110804 0.985606 -0.127686
vn -0.46729 0.845958 -0.256895
vn -0.169968 0.979675 -0.10653
vn -0.173582 0.978962 -0.107255
vn -0.475628 0.827654 -0.297938
vn -0.470263 0.844204 -0.25724
vn -0.168437 0.981397 -0.092138
vn -0.184528 0.978985 -0.086817
vn -0.508708 0.826984 -0.239404
vn -0.184438 0.97901 -0.086733
vn -0.492341 0.851876 -0.178627
vn -0.16309 0.986035 -0.033716
vn -0.329207 0.933742 -0.140533
vn -0.360264 0.923937 -0.128647
vn -0.126083 0.990998 -0.045023
vn -0.546466 0.808583 -0.218101
vn -0.229562 0.962067 -0.147408
vn -0.32975 0.94101 -0.075929
vn -0.363921 0.923929 -0.117971
vn -0.131015 0.990467 -0.042537
vn -0.514962 0.846955 -0.13222
vn -0.52156 0.842095 -0.137297
vn -0.185752 0.981379 -0.048898
vn -0.201655 0.978576 -0.041527
vn -0.197761 0.979465 -0.039235
vn -0.551488 0.826977 -0.109409
vn -0.526605 0.847503 -0.066526
vn -0.20577 0.978454 -0.016917
vn -0.536495 0.840785 -0.072481
vn -0.190478 0.981354 -0.025734
vn -0.560598 0.827088 -0.040689
vn -0.53264 0.846232 0.013618
vn -0.200393 0.979608 -0.014545
vn -0.130561 0.99144 -0.000546
vn -0.382518 0.923945 -0.002196
vn -0.158435 0.986116 0.049738
vn -0.370237 0.928547 -0.026937
vn -0.382512 0.923931 0.006011
vn -0.58659 0.809832 0.009218
vn -0.414855 0.909406 0.029595
vn -0.211825 0.977293 -0.005384
vn -0.577327 0.816512 0.001218
vn -0.525467 0.848221 0.066382
vn -0.540853 0.838868 0.061463
vn -0.204238 0.978359 0.033185
vn -0.191248 0.981301 0.021734
vn -0.552701 0.827642 0.097624
vn -0.196382 0.979914 0.034694
vn -0.512444 0.848581 0.131573
vn -0.198561 0.978415 0.057249
vn -0.530754 0.837812 0.127952
vn -0.187283 0.981268 0.045149
vn -0.098113 0.992972 0.066183
vn -0.362341 0.923947 0.122601
vn -0.575718 0.794105 0.194798
vn -0.377521 0.920187 0.103601
vn -0.565645 0.797844 0.208544
vn -0.358406 0.923897 0.134016
vn -0.52615 0.824482 0.208317
vn -0.558334 0.802918 0.208773
vn -0.4027 0.898522 0.174617
vn -0.190433 0.978412 0.08028
vn -0.449757 0.88406 0.127107
vn -0.143976 0.989351 0.021324
vn -0.180017 0.980385 0.080244
vn -0.510567 0.829141 0.227701
vn -0.462409 0.849443 0.254212
vn -0.179424 0.978542 0.101307
vn -0.488616 0.834534 0.254571
vn -0.171641 0.981092 0.089426
vn -0.477509 0.830708 0.286198
vn -0.167668 0.980705 0.10052
vn -0.112814 0.99027 0.08148
vn -0.310177 0.923926 0.223945
vn -0.141086 0.980752 0.13498
vn -0.303266 0.923938 0.233169
vn -0.472635 0.802847 0.36339
vn -0.467422 0.828482 0.30844
vn -0.309388 0.912019 0.26926
vn -0.17103 0.98004 0.101339
vn -0.145959 0.980828 0.12912
vn -0.384247 0.849797 0.360831
vn -0.152166 0.977809 0.143997
vn -0.415774 0.831776 0.367806
vn -0.392892 0.830566 0.394709
vn -0.137974 0.980684 0.138646
vn -0.128188 0.9809 0.146296
vn -0.336011 0.849779 0.406168
vn -0.132181 0.978012 0.161311
vn -0.365378 0.832236 0.416991
vn -0.339944 0.830768 0.440752
vn -0.119479 0.980686 0.154853
vn -0.282461 0.849772 0.445088
vn -0.109091 0.980845 0.161374
vn -0.111327 0.977861 0.177183
vn -0.310718 0.831981 0.459632
vn -0.282166 0.830568 0.480145
vn -0.099128 0.980669 0.168709
vn -0.22446 0.849757 0.477002
vn -0.250138 0.83222 0.494814
vn -0.087792 0.980883 0.173668
vn -0.08797 0.977675 0.19082
vn -0.077158 0.980538 0.18053
vn -0.219335 0.829777 0.513188
vn -0.162966 0.849636 0.501558
vn -0.184281 0.833167 0.521415
vn -0.064684 0.980979 0.18302
vn -0.06259 0.978147 0.19827
vn -0.05374 0.980643 0.188285
vn -0.15285 0.830481 0.535666
vn -0.098793 0.849721 0.517893
vn -0.118821 0.832383 0.541314
vn -0.041713 0.980891 0.190033
vn -0.038047 0.978056 0.20484
vn -0.029979 0.980697 0.193223
vn -0.085314 0.830838 0.549935
vn 0.107034 0.7469 0.656265
vn 0.050393 0.825783 0.561732
vn 0.002065 0.98075 0.195258
vn 0.014638 0.884704 0.465922
vn -0.004955 0.929595 0.36855
vn -0.009751 0.963651 0.266987
vn 0.000168 0.986615 0.163067
vn 0.01867 0.996387 0.082854
vn 0.035219 0.999 0.027556
vn -0.03025 0.876304 0.480807
vn -0.008957 0.989181 0.146425
vn -0.088773 0.830675 0.549634
vn -0.307229 0.926561 0.217014
vn -0.422975 0.83266 0.35745
vn -0.482396 0.806969 0.340729
vn -0.354364 0.912017 0.20652
vn 0.043205 0.725638 -0.686719
vn 0.0387 0.762715 -0.645576
vn 0.001717 0.982367 -0.186954
vn 0.003944 0.997912 -0.06447
vn 0.459216 0.823289 0.33364
vn 0.109367 0.990299 0.085712
vn 0.547945 0.807892 0.216947
vn 0.134576 0.989886 0.044886
vn 0.565136 0.824998 0.0
vn 0.137148 0.990535 -0.005446
vn 0.459217 0.823289 -0.33364
vn 0.11538 0.989718 -0.08453
vn 0.03343 0.846486 0.53136
vn -0.098604 0.747554 0.656841
vn -0.031311 0.826429 0.56217
vn 0.002232 0.884797 0.465971
vn 0.009411 0.929565 0.368538
vn -0.108637 0.92917 0.353328
vn 0.006446 0.936045 0.351823
vn 0.005034 0.956312 0.292305
vn -0.071581 0.953107 0.294048
vn 0.007795 0.963667 0.266991
vn -0.005454 0.9866 0.163065
vn -0.033771 0.995992 0.082821
vn -0.059577 0.997844 0.027525
vn 0.004965 0.9905 0.137423
vn 0.012874 0.981393 0.191576
vn 0.036067 0.843003 0.536698
vn 0.021738 0.979943 0.198086
vn 0.065265 0.830033 0.553882
vn 0.023009 0.980453 0.195405
vn 0.09914 0.848571 0.519711
vn 0.036219 0.979961 0.195869
vn 0.08457 0.833768 0.5456
vn 0.029775 0.98095 0.191964
vn 0.110446 0.837563 0.53506
vn 0.038954 0.98126 0.188711
vn 0.140287 0.829708 0.540281
vn 0.049707 0.980231 0.191508
vn 0.050581 0.980007 0.192424
vn 0.163841 0.847872 0.50425
vn 0.066165 0.979617 0.189665
vn 0.162337 0.840008 0.51772
vn 0.057543 0.981332 0.183513
vn 0.193678 0.831408 0.520815
vn 0.068017 0.980788 0.182835
vn 0.21518 0.831443 0.51225
vn 0.225837 0.847742 0.479929
vn 0.075519 0.980793 0.179841
vn 0.081772 0.979595 0.183595
vn 0.083633 0.981332 0.173188
vn 0.235947 0.840001 0.488598
vn 0.097509 0.979623 0.175589
vn 0.096658 0.979824 0.174935
vn 0.270596 0.828705 0.489924
vn 0.284802 0.847046 0.448777
vn 0.286176 0.841994 0.457329
vn 0.114066 0.979374 0.16678
vn 0.101855 0.981393 0.162771
vn 0.113339 0.980445 0.160877
vn 0.321577 0.829687 0.456298
vn 0.120001 0.981072 0.15198
vn 0.33629 0.849507 0.406505
vn 0.131007 0.978963 0.156426
vn 0.341453 0.834505 0.432447
vn 0.129101 0.980889 0.145566
vn 0.367863 0.832155 0.414964
vn 0.136975 0.980709 0.139454
vn 0.390139 0.830759 0.397028
vn 0.385382 0.848829 0.361897
vn 0.146322 0.97897 0.142156
vn 0.405252 0.83687 0.367993
vn 0.142807 0.981219 0.129677
vn 0.174787 0.977798 0.115588
vn 0.308941 0.912969 0.266539
vn 0.469901 0.817716 0.332466
vn 0.303266 0.923938 0.233169
vn 0.472635 0.802847 0.36339
vn 0.307991 0.923943 0.226871
vn 0.105911 0.991308 0.078051
vn 0.307038 0.930838 0.198164
vn 0.110805 0.985606 0.127685
vn 0.42397 0.84629 0.322556
vn 0.46729 0.845958 0.256895
vn 0.475628 0.827653 0.297939
vn 0.169968 0.979675 0.106529
vn 0.173582 0.978962 0.107254
vn 0.470263 0.844204 0.25724
vn 0.168437 0.981397 0.092137
vn 0.184527 0.978985 0.086817
vn 0.508709 0.826983 0.239404
vn 0.184437 0.97901 0.086733
vn 0.492341 0.851876 0.178627
vn 0.126082 0.990998 0.045023
vn 0.360264 0.923937 0.128647
vn 0.163089 0.986035 0.033716
vn 0.329207 0.933741 0.140533
vn 0.546465 0.808584 0.218101
vn 0.363921 0.923929 0.11797
vn 0.131014 0.990467 0.042536
vn 0.329751 0.941009 0.075931
vn 0.229563 0.962066 0.147409
vn 0.514962 0.846955 0.13222
vn 0.521559 0.842096 0.137297
vn 0.185752 0.981379 0.048898
vn 0.201655 0.978576 0.041527
vn 0.551488 0.826977 0.109409
vn 0.197761 0.979465 0.039235
vn 0.526606 0.847503 0.066526
vn 0.20577 0.978454 0.016917
vn 0.536495 0.840785 0.072481
vn 0.190478 0.981354 0.025734
vn 0.53264 0.846232 -0.013618
vn 0.560598 0.827088 0.040689
vn 0.200393 0.979608 0.014545
vn 0.130561 0.99144 0.000546
vn 0.382518 0.923945 0.002196
vn 0.158434 0.986116 -0.049738
vn 0.370237 0.928547 0.026937
vn 0.382512 0.923931 -0.006011
vn 0.58659 0.809832 -0.009218
vn 0.414855 0.909406 -0.029595
vn 0.577327 0.816512 -0.001218
vn 0.211825 0.977293 0.005384
vn 0.525466 0.848221 -0.066382
vn 0.204238 0.978359 -0.033185
vn 0.540853 0.838868 -0.061463
vn 0.191248 0.981301 -0.021734
vn 0.5527 0.827642 -0.097624
vn 0.196382 0.979914 -0.034694
vn 0.512444 0.848581 -0.131573
vn 0.198561 0.978415 -0.057249
vn 0.530754 0.837812 -0.127952
vn 0.187283 0.981268 -0.045149
vn 0.098112 0.992972 -0.066183
vn 0.565645 0.797844 -0.208544
vn 0.575718 0.794105 -0.194799
vn 0.377521 0.920187 -0.103601
vn 0.362341 0.923947 -0.122601
vn 0.52615 0.824482 -0.208317
vn 0.558334 0.802918 -0.208773
vn 0.358406 0.923897 -0.134016
vn 0.190433 0.978412 -0.08028
vn 0.143976 0.989351 -0.021324
vn 0.4027 0.898522 -0.174617
vn 0.449756 0.884061 -0.127107
vn 0.180017 0.980385 -0.080244
vn 0.510566 0.829141 -0.227701
vn 0.462409 0.849443 -0.254212
vn 0.179424 0.978542 -0.101307
vn 0.488616 0.834534 -0.254571
vn 0.171641 0.981093 -0.089426
vn 0.477509 0.830708 -0.286199
vn 0.167668 0.980705 -0.10052
vn 0.310177 0.923926 -0.223945
vn 0.112814 0.99027 -0.08148
vn 0.141086 0.980752 -0.13498
vn 0.303265 0.923939 -0.233169
vn 0.472635 0.802847 -0.363391
vn 0.309388 0.912019 -0.26926
vn 0.467422 0.828481 -0.308441
vn 0.17103 0.98004 -0.101339
vn 0.145959 0.980828 -0.129119
vn 0.384246 0.849797 -0.360831
vn 0.152166 0.977809 -0.143997
vn 0.415775 0.831775 -0.367806
vn 0.392892 0.830566 -0.394709
vn 0.137974 0.980684 -0.138646
vn 0.336011 0.849779 -0.406168
vn 0.128188 0.9809 -0.146296
vn 0.132181 0.978012 -0.161311
vn 0.365378 0.832236 -0.416991
vn 0.339944 0.830768 -0.440753
vn 0.119479 0.980686 -0.154853
vn 0.282461 0.849772 -0.445087
vn 0.109091 0.980845 -0.161373
vn 0.111327 0.977861 -0.177184
vn 0.310719 0.831981 -0.459632
vn 0.282166 0.830567 -0.480147
vn 0.099128 0.980669 -0.168709
vn 0.22446 0.849757 -0.477002
vn 0.250138 0.83222 -0.494815
vn 0.087792 0.980883 -0.173668
vn 0.08797 0.977675 -0.19082
vn 0.077158 0.980538 -0.18053
vn 0.219335 0.829778 -0.513187
vn 0.162966 0.849636 -0.501558
vn 0.18428 0.833168 -0.521414
vn 0.064684 0.980979 -0.18302
vn 0.06259 0.978147 -0.19827
vn 0.05374 0.980643 -0.188285
vn 0.15285 0.830481 -0.535666
vn 0.098793 0.849721 -0.517893
vn 0.118821 0.832383 -0.541314
vn 0.038047 0.978056 -0.20484
vn 0.041713 0.980891 -0.190033
vn 0.024989 0.832071 -0.554106
vn 0.00097 0.980788 -0.195074
vn 0.029979 0.980697 -0.193223
vn 0.016632 0.955012 -0.296101
vn 0.025425 0.917642 -0.396594
vn 0.026793 0.869917 -0.49247
vn 0.020799 0.812769 -0.582215
vn 0.085314 0.830839 -0.549934
vn 0.307228 0.926561 -0.217014
vn 0.482396 0.806969 -0.340729
vn 0.422975 0.832659 -0.357449
vn 0.354364 0.912017 -0.20652
vn 0.044444 0.706408 0.706408
vn 0.044444 0.706397 0.706419
vn 0.132629 0.706414 0.695262
vn 0.132631 0.706397 0.695278
vn 0.21872 0.706422 0.673149
vn 0.218722 0.706414 0.673157
vn 0.301373 0.706397 0.640451
vn 0.301363 0.706421 0.640429
vn 0.379255 0.706419 0.59761
vn 0.379266 0.706398 0.597628
vn 0.451182 0.706391 0.545386
vn 0.451166 0.706418 0.545365
vn 0.515979 0.706393 0.484536
vn 0.51598 0.706391 0.484538
vn 0.572623 0.706412 0.416035
vn 0.572639 0.706392 0.416047
vn 0.620243 0.706421 0.340981
vn 0.620251 0.706411 0.340986
vn 0.658113 0.706395 0.260566
vn 0.658089 0.70642 0.260556
vn 0.685567 0.706409 0.176024
vn 0.68558 0.706395 0.176027
vn 0.702224 0.706408 0.088712
vn 0.702214 0.706418 0.08871
vn 0.707795 0.706418 -0.0
vn 0.707795 0.706418 -0.0
vn 0.702214 0.706417 -0.08871
vn 0.702223 0.706408 -0.088711
vn 0.685568 0.706408 -0.176024
vn 0.68558 0.706396 -0.176027
vn 0.658112 0.706395 -0.260565
vn 0.658094 0.706415 -0.260558
vn 0.620249 0.706414 -0.340985
vn 0.620251 0.706411 -0.340986
vn 0.572624 0.706411 -0.416035
vn 0.572639 0.706393 -0.416046
vn 0.515979 0.706393 -0.484536
vn 0.51598 0.706391 -0.484537
vn 0.451178 0.706398 -0.545381
vn 0.451183 0.706391 -0.545386
vn 0.379256 0.706417 -0.597612
vn 0.379266 0.706398 -0.597628
vn 0.301373 0.706399 -0.640449
vn 0.301364 0.706419 -0.640431
vn 0.21873 0.706389 -0.67318
vn 0.218726 0.706399 -0.673171
vn 0.132631 0.706397 -0.695278
vn 0.132633 0.706389 -0.695286
vn 0.044443 0.706408 -0.706408
vn 0.044444 0.706397 -0.706419
vn -0.004168 0.997911 -0.06447
vn -0.052842 0.869021 -0.491945
vn -0.044126 0.812153 -0.581774
vn -0.042528 0.762572 -0.645504
vn -0.043203 0.725664 -0.686692
vn -0.101019 0.992111 0.07424
vn -0.530355 0.755148 0.385325
vn -0.658516 0.752566 0.0
vn -0.09569 0.992792 -0.072163
vn -0.530355 0.755148 -0.385325
vn -0.004105 0.991492 0.130106
vn -0.000419 0.963697 0.266997
vn -0.012796 0.986537 0.163037
vn -0.044499 0.995573 0.082788
vn -0.074026 0.996877 0.027497
vn -0.004749 0.956307 0.292327
vn -0.125307 0.949823 0.286592
vn -0.036329 0.815631 0.577431
vn -0.005237 0.936025 0.351895
vn -0.14209 0.743604 0.653348
vn -0.058344 0.825423 0.561492
vn -0.014513 0.884706 0.465923
vn -0.002295 0.929598 0.368569
vn -0.178817 0.922719 0.341488
vn -0.0182 0.98135 0.191367
vn -0.012387 0.980168 0.197779
vn -0.036191 0.815328 0.577867
vn -0.021403 0.980786 0.193909
vn -0.060987 0.831489 0.552184
vn -0.109106 0.813 0.57195
vn -0.031549 0.981685 0.187879
vn -0.080665 0.831356 0.549855
vn -0.02834 0.980769 0.193106
vn -0.038751 0.980213 0.194114
vn -0.046828 0.98152 0.18554
vn -0.111722 0.821168 0.559643
vn -0.136238 0.83346 0.535522
vn -0.047319 0.981399 0.186055
vn -0.180475 0.811732 0.555446
vn -0.058503 0.980287 0.18872
vn -0.061917 0.981943 0.178755
vn -0.167856 0.823792 0.541472
vn -0.192958 0.831636 0.520719
vn -0.06779 0.980794 0.182886
vn -0.248866 0.811397 0.528867
vn -0.078051 0.981992 0.172048
vn -0.076245 0.980735 0.179847
vn -0.217094 0.831131 0.511949
vn -0.086862 0.980333 0.177208
vn -0.248605 0.825206 0.507179
vn -0.094361 0.98134 0.167532
vn -0.311122 0.814161 0.490249
vn -0.270673 0.834059 0.480709
vn -0.094166 0.982092 0.163183
vn -0.106888 0.980169 0.166866
vn -0.110639 0.981761 0.154609
vn -0.309944 0.818419 0.483864
vn -0.111878 0.981519 0.155253
vn -0.32262 0.834022 0.447575
vn -0.371978 0.812066 0.449645
vn -0.124175 0.980262 0.153841
vn -0.12387 0.981559 0.145594
vn -0.356756 0.823027 0.441986
vn -0.371505 0.830153 0.415728
vn -0.130499 0.980646 0.145957
vn -0.421972 0.815426 0.396258
vn -0.134998 0.980892 0.140093
vn -0.384707 0.832298 0.399099
vn -0.134513 0.981552 0.135877
vn -0.144512 0.980164 0.135629
vn -0.421777 0.815725 0.39585
vn -0.144322 0.981608 0.124972
vn -0.412991 0.834332 0.365142
vn -0.422598 0.832716 0.357765
vn -0.148061 0.981002 0.125349
vn -0.102154 0.991714 0.077898
vn -0.304382 0.923877 0.231955
vn -0.097708 0.981894 0.162289
vn -0.305574 0.928351 0.211634
vn -0.102034 0.99199 0.074462
vn -0.309002 0.92387 0.225791
vn -0.467019 0.831357 0.301228
vn -0.170319 0.983072 0.067528
vn -0.302477 0.925851 0.226511
vn -0.46882 0.833234 0.293138
vn -0.163759 0.981165 0.102458
vn -0.162582 0.981603 0.100108
vn -0.508942 0.81406 0.279793
vn -0.50211 0.818569 0.278982
vn -0.17317 0.980181 0.096217
vn -0.169569 0.981769 0.085885
vn -0.497635 0.832628 0.243083
vn -0.174563 0.98095 0.085234
vn -0.115644 0.992197 0.046593
vn -0.122912 0.991374 0.045492
vn -0.359002 0.923842 0.132792
vn -0.119146 0.992211 0.036365
vn -0.122436 0.991695 0.039366
vn -0.364368 0.923856 0.11716
vn -0.274045 0.961715 -0.001917
vn -0.319872 0.938859 0.127383
vn -0.564665 0.813266 0.140544
vn -0.561017 0.815175 0.144045
vn -0.185769 0.981803 0.039394
vn -0.191857 0.980175 0.049475
vn -0.559369 0.816272 0.144246
vn -0.189545 0.981132 0.038107
vn -0.541872 0.833346 0.109127
vn -0.580771 0.810754 0.073368
vn -0.188392 0.981832 0.022659
vn -0.556836 0.826636 0.081282
vn -0.195147 0.98036 0.028486
vn -0.555773 0.829775 0.050884
vn -0.19523 0.980595 0.017872
vn -0.633275 0.773863 0.009951
vn -0.382673 0.923864 0.006013
vn -0.557095 0.827805 0.066221
vn -0.382646 0.923799 0.013288
vn -0.149184 0.987235 -0.055769
vn -0.633275 0.773862 -0.009951
vn -0.440411 0.89777 -0.00692
vn -0.471421 0.873213 -0.123541
vn -0.57445 0.815316 -0.07257
vn -0.187095 0.982262 -0.012547
vn -0.18794 0.982104 -0.012279
vn -0.548069 0.835673 -0.035644
vn -0.184404 0.982236 -0.034735
vn -0.573701 0.815827 -0.072757
vn -0.196778 0.98013 -0.024956
vn -0.184785 0.982156 -0.034972
vn -0.539596 0.835687 -0.10229
vn -0.36461 0.92385 -0.116447
vn -0.117782 0.992327 -0.037614
vn -0.115712 0.992624 -0.036161
vn -0.56184 0.814571 -0.144256
vn -0.558186 0.817545 -0.14159
vn -0.31994 0.939175 -0.124855
vn -0.192024 0.980181 -0.048709
vn -0.276058 0.961138 -0.00245
vn -0.565123 0.812653 -0.142238
vn -0.361082 0.923877 -0.126772
vn -0.121398 0.991682 -0.042783
vn -0.541311 0.813049 -0.21432
vn -0.170733 0.982385 -0.075961
vn -0.36126 0.92371 -0.12748
vn -0.593787 0.758996 -0.267099
vn -0.133318 0.987184 -0.087714
vn -0.173911 0.981543 -0.07955
vn -0.500488 0.834879 -0.229104
vn -0.174418 0.980278 -0.092915
vn -0.511603 0.811885 -0.281256
vn -0.161247 0.982368 -0.09462
vn -0.500418 0.823721 -0.26658
vn -0.471439 0.833582 -0.287899
vn -0.165072 0.981111 -0.100854
vn -0.467188 0.831183 -0.301446
vn -0.173682 0.982265 -0.070641
vn -0.303383 0.925799 -0.22551
vn -0.309421 0.923867 -0.22523
vn -0.101265 0.992131 -0.073633
vn -0.303395 0.923871 -0.233268
vn -0.493855 0.78226 -0.379705
vn -0.406717 0.825243 -0.391862
vn -0.140298 0.979762 -0.142766
vn -0.315592 0.92013 -0.231865
vn -0.146331 0.980513 -0.131078
vn -0.427138 0.810349 -0.401109
vn -0.132606 0.982841 -0.128216
vn -0.417009 0.828595 -0.373541
vn -0.387956 0.833261 -0.393911
vn -0.136035 0.981022 -0.138165
vn -0.373555 0.810283 -0.451551
vn -0.366923 0.828764 -0.422513
vn -0.128847 0.980502 -0.148368
vn -0.116193 0.982739 -0.143956
vn -0.118106 0.98095 -0.154235
vn -0.336589 0.832688 -0.439702
vn -0.314109 0.810156 -0.494957
vn -0.109324 0.980597 -0.162721
vn -0.097395 0.982853 -0.156572
vn -0.311339 0.829652 -0.463407
vn -0.098128 0.980916 -0.167851
vn -0.279612 0.832541 -0.478218
vn -0.249623 0.810114 -0.530475
vn -0.088143 0.980607 -0.175043
vn -0.076679 0.982956 -0.167088
vn -0.250934 0.82988 -0.498329
vn -0.07616 0.980968 -0.178607
vn -0.217085 0.832881 -0.5091
vn -0.181132 0.810199 -0.557466
vn -0.055921 0.982693 -0.1766
vn -0.065345 0.980569 -0.184972
vn -0.186071 0.829431 -0.526709
vn -0.05355 0.980841 -0.187306
vn -0.152488 0.831941 -0.533499
vn -0.109876 0.810038 -0.575992
vn -0.034675 0.982666 -0.182114
vn -0.042122 0.980689 -0.190985
vn -0.119923 0.830645 -0.543735
vn -0.08653 0.830855 -0.54972
vn -0.042242 0.831997 -0.553169
vn -0.023375 0.980801 -0.193608
vn -0.024088 0.982086 -0.186885
vn -0.020663 0.954934 -0.296098
vn -0.024449 0.917666 -0.3966
vn -0.030394 0.980712 -0.193079
vn -0.600027 0.763891 0.237568
vn -0.368785 0.918459 0.142937
vn -0.585712 0.778083 0.227
vn -0.476463 0.8361 0.271881
vn -0.126037 0.992016 0.004217
vn -0.203194 0.974841 0.091635
vn -0.377019 0.926151 0.010029
vn -0.361934 0.932177 -0.007088
vn -0.128362 0.991721 0.003454
vn -0.11869 0.991676 0.049908
vn -0.111882 0.979432 0.167916
vn -0.352523 0.928213 0.118943
vn -0.350906 0.924716 0.147527
vn 0.001783 0.999618 0.027573
vn 0.007335 0.996534 0.082867
vn 0.045326 0.825982 0.561872
vn 0.041491 0.750579 0.659477
vn 0.101019 0.992111 -0.07424
vn 0.530355 0.755148 -0.385325
vn 0.658516 0.752566 0.0
vn 0.09569 0.992792 0.072163
vn 0.530355 0.755148 0.385325
vn 0.004342 0.990474 -0.13763
vn 0.057261 0.996282 -0.064364
vn 0.00993 0.982323 -0.18693
vn 0.001301 0.955137 -0.296161
vn 0.002991 0.952645 -0.30407
vn 0.135332 0.945071 -0.297532
vn 0.005575 0.939384 -0.342821
vn 0.171157 0.927186 -0.333213
vn 0.197586 0.912942 -0.357067
vn 0.002729 0.917937 -0.396717
vn 0.023383 0.869999 -0.492498
vn 0.072997 0.810776 -0.580788
vn 0.131555 0.756629 -0.640473
vn 0.1781 0.714729 -0.676345
vn 0.036329 0.81563 -0.577432
vn 0.005249 0.929206 -0.369524
vn 0.036192 0.815329 -0.577866
vn 0.012387 0.980168 -0.197779
vn 0.0182 0.98135 -0.191367
vn 0.060987 0.831489 -0.552184
vn 0.021403 0.980786 -0.193909
vn 0.031549 0.981685 -0.187879
vn 0.109105 0.813 -0.57195
vn 0.02834 0.980769 -0.193106
vn 0.080665 0.831356 -0.549855
vn 0.111722 0.821169 -0.559642
vn 0.046828 0.98152 -0.18554
vn 0.038751 0.980213 -0.194115
vn 0.047319 0.981399 -0.186055
vn 0.136237 0.833461 -0.535521
vn 0.167856 0.823793 -0.541471
vn 0.061917 0.981943 -0.178755
vn 0.180475 0.811733 -0.555444
vn 0.058503 0.980287 -0.18872
vn 0.06779 0.980794 -0.182886
vn 0.192958 0.831637 -0.520718
vn 0.078051 0.981992 -0.172048
vn 0.248866 0.811398 -0.528867
vn 0.076245 0.980735 -0.179847
vn 0.217093 0.831132 -0.511948
vn 0.086862 0.980333 -0.177208
vn 0.248605 0.825205 -0.507181
vn 0.094167 0.982092 -0.163183
vn 0.311121 0.814162 -0.490249
vn 0.094361 0.98134 -0.167532
vn 0.270674 0.834059 -0.48071
vn 0.106888 0.980169 -0.166866
vn 0.110639 0.981761 -0.154609
vn 0.309944 0.81842 -0.483863
vn 0.32262 0.834023 -0.447574
vn 0.111878 0.981519 -0.155253
vn 0.124175 0.980262 -0.153841
vn 0.12387 0.981559 -0.145594
vn 0.371978 0.812067 -0.449644
vn 0.356755 0.823028 -0.441986
vn 0.371505 0.830153 -0.415728
vn 0.130499 0.980646 -0.145957
vn 0.384707 0.832298 -0.399099
vn 0.134998 0.980892 -0.140094
vn 0.134513 0.981552 -0.135877
vn 0.421972 0.815426 -0.396258
vn 0.421776 0.815725 -0.39585
vn 0.144512 0.980164 -0.135629
vn 0.144322 0.981608 -0.124972
vn 0.412991 0.834332 -0.365142
vn 0.422597 0.832716 -0.357765
vn 0.14806 0.981002 -0.125349
vn 0.305574 0.928351 -0.211634
vn 0.304383 0.923877 -0.231955
vn 0.102154 0.991714 -0.077898
vn 0.097708 0.981894 -0.162289
vn 0.309002 0.92387 -0.225791
vn 0.102034 0.99199 -0.074462
vn 0.302477 0.925851 -0.226511
vn 0.170319 0.983072 -0.067528
vn 0.467019 0.831357 -0.301228
vn 0.162582 0.981603 -0.100108
vn 0.163759 0.981165 -0.102458
vn 0.46882 0.833234 -0.293138
vn 0.169569 0.981769 -0.085885
vn 0.17317 0.980181 -0.096217
vn 0.50211 0.818569 -0.278982
vn 0.508942 0.81406 -0.279793
vn 0.174563 0.98095 -0.085234
vn 0.497635 0.832629 -0.243083
vn 0.115644 0.992197 -0.046593
vn 0.359002 0.923842 -0.132792
vn 0.122912 0.991374 -0.045492
vn 0.119146 0.992211 -0.036365
vn 0.364368 0.923856 -0.11716
vn 0.122436 0.991695 -0.039366
vn 0.319872 0.938859 -0.127383
vn 0.274045 0.961715 0.001917
vn 0.564664 0.813266 -0.140544
vn 0.185769 0.981803 -0.039394
vn 0.191857 0.980175 -0.049475
vn 0.561017 0.815175 -0.144045
vn 0.559369 0.816272 -0.144246
vn 0.189545 0.981132 -0.038107
vn 0.541872 0.833346 -0.109127
vn 0.188392 0.981832 -0.022659
vn 0.195147 0.98036 -0.028486
vn 0.580771 0.810754 -0.073368
vn 0.556836 0.826636 -0.081282
vn 0.19523 0.980595 -0.017872
vn 0.555773 0.829775 -0.050884
vn 0.633275 0.773863 -0.009951
vn 0.382673 0.923864 -0.006013
vn 0.557095 0.827805 -0.066221
vn 0.382646 0.923799 -0.013288
vn 0.149184 0.987235 0.055769
vn 0.633275 0.773863 0.009951
vn 0.44041 0.89777 0.00692
vn 0.471421 0.873213 0.123541
vn 0.187095 0.982262 0.012547
vn 0.18794 0.982104 0.012279
vn 0.57445 0.815316 0.07257
vn 0.548069 0.835673 0.035644
vn 0.184404 0.982236 0.034735
vn 0.196778 0.98013 0.024956
vn 0.573701 0.815827 0.072757
vn 0.184786 0.982156 0.034972
vn 0.539596 0.835687 0.10229
vn 0.36461 0.92385 0.116447
vn 0.115712 0.992624 0.036161
vn 0.117782 0.992327 0.037614
vn 0.565123 0.812653 0.142237
vn 0.31994 0.939175 0.124855
vn 0.192024 0.980181 0.048709
vn 0.56184 0.814571 0.144256
vn 0.558186 0.817545 0.14159
vn 0.276058 0.961138 0.00245
vn 0.361082 0.923877 0.126772
vn 0.121398 0.991681 0.042783
vn 0.593788 0.758996 0.267099
vn 0.170733 0.982385 0.075961
vn 0.541311 0.813049 0.214321
vn 0.36126 0.92371 0.12748
vn 0.133318 0.987184 0.087714
vn 0.500488 0.834879 0.229104
vn 0.173911 0.981543 0.07955
vn 0.500418 0.823721 0.26658
vn 0.174418 0.980278 0.092915
vn 0.161247 0.982368 0.09462
vn 0.511603 0.811885 0.281256
vn 0.165072 0.981111 0.100854
vn 0.471439 0.833582 0.287899
vn 0.467188 0.831184 0.301445
vn 0.303383 0.925799 0.22551
vn 0.173682 0.982265 0.070641
vn 0.309421 0.923867 0.225231
vn 0.101265 0.992131 0.073633
vn 0.493854 0.782261 0.379705
vn 0.303395 0.923871 0.233268
vn 0.140298 0.979762 0.142766
vn 0.315592 0.92013 0.231865
vn 0.406717 0.825243 0.391862
vn 0.132606 0.982841 0.128216
vn 0.417009 0.828595 0.373541
vn 0.427137 0.810349 0.401109
vn 0.146331 0.980513 0.131078
vn 0.136035 0.981022 0.138165
vn 0.387957 0.833261 0.393911
vn 0.116193 0.982739 0.143956
vn 0.366923 0.828764 0.422514
vn 0.373555 0.810283 0.451551
vn 0.128847 0.980502 0.148368
vn 0.118106 0.98095 0.154235
vn 0.336589 0.832688 0.439702
vn 0.097395 0.982853 0.156572
vn 0.311339 0.829652 0.463406
vn 0.31411 0.810156 0.494957
vn 0.109324 0.980597 0.162721
vn 0.098128 0.980916 0.167851
vn 0.279612 0.832541 0.478218
vn 0.076679 0.982956 0.167088
vn 0.250934 0.82988 0.498329
vn 0.249623 0.810114 0.530476
vn 0.088143 0.980607 0.175043
vn 0.07616 0.980968 0.178607
vn 0.217086 0.83288 0.509101
vn 0.055921 0.982693 0.1766
vn 0.186071 0.82943 0.52671
vn 0.181132 0.810198 0.557467
vn 0.065345 0.980569 0.184972
vn 0.152488 0.83194 0.5335
vn 0.05355 0.980841 0.187305
vn 0.042122 0.980689 0.190985
vn 0.034675 0.982666 0.182114
vn 0.119923 0.830644 0.543736
vn 0.109877 0.810037 0.575992
vn 0.031481 0.884361 0.465741
vn 0.022656 0.929361 0.368475
vn 0.020876 0.963487 0.266939
vn 0.0261 0.986282 0.162994
vn 0.022499 0.980808 0.193673
vn 0.046428 0.83196 0.55289
vn 0.030394 0.980712 0.193079
vn 0.08653 0.830855 0.54972
vn 0.476463 0.8361 -0.271881
vn 0.368785 0.918459 -0.142937
vn 0.600027 0.763891 -0.237568
vn 0.585712 0.778083 -0.226999
vn 0.126037 0.992016 -0.004217
vn 0.128362 0.991721 -0.003454
vn 0.203194 0.974841 -0.091635
vn 0.377019 0.926151 -0.010029
vn 0.361934 0.932177 0.007088
vn 0.11869 0.991676 -0.049908
vn 0.352523 0.928213 -0.118943
vn 0.350906 0.924716 -0.147527
vn 0.111882 0.979432 -0.167916
vn 0.0 1.0 -0.0
vn 0.0 1.0 -0.0
vn 0.0 1.0 0.0
vn 0.0 1.0 0.0
vn 0.0 1.0 -0.0
vn 0.0 1.0 -0.0
vn 0.0 1.0 0.0
vn 0.0 1.0 0.0
vn 0.0 1.0 0.0
vn 0.0 1.0 0.0
vn 0.0 1.0 -0.0
vn 0.0 1.0 -0.0
vn 0.0 1.0 -0.0
vn 0.0 1.0 0.0
vn 0.0 1.0 0.0
vn 0.0 1.0 0.0
vn 0.0 1.0 0.0
vn 0.0 1.0 0.0
vn 0.0 1.0 0.0
vn -0.0 1.0 -0.0
vn -0.0 1.0 -0.0
vn -0.0 1.0 -0.0
vn -0.0 1.0 -0.0
vn 0.0 1.0 0.0
vn 0.0 1.0 0.0
vn -0.0 1.0 -0.0
vn 0.0 1.0 0.0
vn 0.0 1.0 0.0
vn 0.0 1.0 0.0
vn -0.0 1.0 -0.0
vn 0.0 1.0 0.0
vn 0.0 1.0 0.0
vn -0.0 1.0 -0.0
vn -0.0 1.0 -0.0
vn -0.0 1.0 -0.0
vn 0.0 1.0 0.0
vn 0.0 1.0 -0.0
vn -0.0 1.0 -0.0
vn -0.0 1.0 -0.0
vn -0.0 1.0 -0.0
vn 0.0 1.0 0.0
vn 0.0 1.0 0.0
vn 0.0 1.0 0.0
vn -0.0 1.0 0.0
vn -0.0 1.0 0.0
vn 0.0 1.0 -0.0
vn -0.0 1.0 0.0
vn 0.0 1.0 0.0
vn 0.0 1.0 0.0
vn 0.0 1.0 0.0
vn -0.0 1.0 0.0
vn 0.0 1.0 0.0
vn 0.0 1.0 0.0
vn -0.0 1.0 0.0
vn -0.0 1.0 0.0
vn 0.0 1.0 0.0
vn 0.0 1.0 0.0
vn -0.0 1.0 0.0
vn -0.0 1.0 0.0
vn 0.0 1.0 0.0
vn 0.0 1.0 0.0
vn 0.0 1.0 0.0
vn 0.257135 0.0 0.966376
vn 0.257136 8e-06 0.966375
vn 0.257134 -3e-06 0.966376
vn 0.257134 -1e-06 0.966376
vn 0.257406 4.8e-05 0.966303
vn 0.256743 -5.1e-05 0.96648
vn 0.257034 -2.1e-05 0.966402
vn 0.257134 -2e-06 0.966376
vn 0.257162 0.0 0.966368
vn 0.045692 0.934714 0.352451
vn 0.235274 0.284593 0.929329
vn 0.235274 0.284597 0.929328
vn 0.119384 -0.032039 0.992331
vn 0.165062 0.04873 0.985079
vn 0.207628 0.152389 0.966265
vn 0.233387 0.263093 0.936116
vn 0.221324 0.333513 0.916398
vn 0.194291 0.414055 0.889275
vn 0.228573 0.330689 0.915641
vn 0.085566 -0.079217 0.993178
vn 0.163852 0.485754 0.858601
vn 0.1129 0.461161 0.880105
vn 0.230517 0.433141 0.87135
vn 0.072912 -0.098696 0.992443
vn 0.12085 0.71004 0.693714
vn 0.094932 0.745734 0.659446
vn 0.15954 0.666033 0.728661
vn 0.046027 0.937637 0.344556
vn 0.161325 0.666122 0.728187
vn 0.05599 0.934779 0.35079
vn 0.162722 0.676012 0.7187
vn 0.16832 0.666427 0.726322
vn 0.163324 0.669743 0.72441
vn 0.048396 0.940209 0.337142
vn 0.055391 0.93872 0.340201
vn 0.170091 0.666489 0.725852
vn 0.057654 0.939136 0.338673
vn 0.060152 0.939394 0.337521
vn 0.171896 0.666803 0.725139
vn 0.172295 0.783936 0.596454
vn 0.176324 0.731765 0.658354
vn 0.262442 0.601115 0.754841
vn 0.196019 0.548913 0.81257
vn 0.223593 0.470079 0.853833
vn 0.248857 0.430091 0.867809
vn 0.194179 0.428982 0.882196
vn 0.217027 0.349567 0.911428
vn 0.231597 0.350685 0.907404
vn 0.115043 0.635631 0.763373
vn 0.243712 0.221294 0.944263
vn 0.183869 0.58053 0.793206
vn 0.239036 0.167198 0.956508
vn 0.180715 0.537835 0.823454
vn 0.058011 0.847679 0.527329
vn 0.080294 0.943037 0.322854
vn 0.06009 0.949986 0.306457
vn -0.027829 0.980009 0.196999
vn 0.040462 0.856183 0.515086
vn 0.078619 0.881164 0.466229
vn 0.116035 0.844504 0.522827
vn 0.143349 0.822399 0.550555
vn 0.103751 0.772982 0.625886
vn 0.041433 0.964993 0.258984
vn 0.09235 0.91385 0.39541
vn 0.106359 0.818106 0.565146
vn 0.042631 0.929284 0.366898
vn 0.137282 0.895589 0.423171
vn 0.254186 0.171547 0.95182
vn 0.19076 0.574381 0.796051
vn 0.278531 0.76235 0.58416
vn 0.123936 0.770087 0.625785
vn 0.240294 0.604916 0.759167
vn 0.238222 0.277433 0.930742
vn 0.270766 0.307214 0.912308
vn 0.35217 0.290916 0.889575
vn 0.231765 0.260828 0.937152
vn 0.275989 0.157677 0.948139
vn 0.352448 0.068232 0.933341
vn 0.41815 0.005243 0.908363
vn 0.269457 0.118116 0.955741
vn 0.221297 0.394552 0.891828
vn 0.472596 0.222598 0.852703
vn 0.083835 0.801092 0.592641
vn 0.235502 0.540358 0.807807
vn 0.019649 0.868674 0.494995
vn 0.152415 0.804171 0.574525
vn 0.099523 0.532003 0.840873
vn 0.121989 0.794554 0.594813
vn 0.22373 0.618592 0.753186
vn 0.182156 0.511412 0.839808
vn 0.124494 0.815531 0.565164
vn 0.207993 0.539278 0.816038
vn 0.161612 0.800895 0.576584
vn 0.21779 0.551272 0.805398
vn 0.173343 0.637189 0.750961
vn -0.023192 0.921646 0.387338
vn 0.112529 0.773235 0.624055
vn 0.037898 0.951114 0.306506
vn 0.163918 0.925426 0.34164
vn 0.084179 0.771662 0.630438
vn 0.063394 0.974751 0.214109
vn 0.04896 0.972975 0.22566
vn 0.096738 0.875687 0.473091
vn 0.161274 0.475498 0.864808
vn 0.250684 0.51337 0.820737
vn 0.145849 0.708897 0.690068
vn 0.187808 0.69961 0.689401
vn 0.219359 0.733091 0.643785
vn 0.106043 0.921683 0.37317
vn 0.158481 0.778375 0.607466
vn 0.09131 0.756722 0.647329
vn 0.129902 0.883819 0.449432
vn 0.121025 0.790192 0.600791
vn 0.057101 0.911378 0.407589
vn 0.104931 0.830791 0.546604
vn 0.379728 0.315003 -0.869816
vn 0.379734 0.314956 -0.86983
vn 0.386603 0.375971 -0.842131
vn 0.367078 0.373526 -0.851899
vn 0.378371 0.451462 -0.808095
vn 0.372497 0.377853 -0.847628
vn 0.407772 0.222641 -0.885524
vn 0.372148 0.30604 -0.876268
vn 0.373181 0.307329 -0.875377
vn 0.395824 0.306797 -0.865563
vn 0.360023 0.438587 -0.823423
vn 0.380694 0.52038 -0.76438
vn 0.38697 0.585681 -0.712202
vn 0.340589 0.501507 -0.795292
vn 0.31245 0.571851 -0.758526
vn 0.34681 0.684246 -0.641506
vn 0.332384 0.592315 -0.733951
vn 0.342462 0.747305 -0.569434
vn 0.297897 0.664598 -0.68525
vn 0.14195 0.966356 -0.214493
vn 0.141707 0.96261 -0.230871
vn 0.128931 0.966519 -0.221851
vn 0.129996 0.963298 -0.234858
vn 0.12883 0.964682 -0.229764
vn 0.236789 0.723284 -0.648685
vn 0.248285 0.624496 -0.740512
vn 0.345453 0.650228 -0.676657
vn 0.2727 0.552752 -0.787464
vn 0.37387 0.583287 -0.721108
vn 0.302501 0.493826 -0.815248
vn 0.378489 0.485618 -0.787986
vn 0.318363 0.440255 -0.839536
vn 0.385101 0.430245 -0.816448
vn 0.364573 0.334404 -0.869057
vn 0.316091 0.366006 -0.875286
vn 0.391271 0.362995 -0.845661
vn 0.37079 0.198046 -0.907355
vn 0.326885 0.132978 -0.935662
vn 0.261082 0.072365 -0.9626
vn 0.384365 0.268235 -0.883354
vn 0.378307 0.275369 -0.883773
vn 0.24625 0.852373 -0.461326
vn 0.247748 0.887366 -0.388848
vn 0.326729 0.745274 -0.581218
vn 0.254166 0.914687 -0.314242
vn 0.19048 0.895136 -0.403049
vn 0.420383 0.154451 -0.894105
vn 0.459543 0.088579 -0.883727
vn 0.505858 0.028458 -0.862147
vn 0.385297 0.245671 -0.88949
vn 0.390764 0.311619 -0.866139
vn 0.561381 -0.031256 -0.826967
vn 0.394444 0.354926 -0.847609
vn 0.380652 0.300463 -0.874543
vn 0.4674 0.39062 -0.793065
vn 0.521328 0.35614 -0.775488
vn 0.427062 0.402373 -0.809762
vn 0.370177 0.342507 -0.863515
vn 0.587981 0.295399 -0.753006
vn 0.588218 -0.064887 -0.806095
vn 0.398763 0.395687 -0.827297
vn 0.112613 0.985564 -0.126419
vn 0.217688 0.868737 -0.444869
vn 0.187191 0.942196 -0.277898
vn 0.410992 0.149944 -0.899223
vn 0.390385 0.234702 -0.890233
vn 0.266844 0.839758 -0.472865
vn 0.337301 0.607402 -0.71923
vn 0.294321 0.71363 -0.635695
vn 0.270218 0.796204 -0.541333
vn 0.336324 0.603015 -0.723366
vn 0.270214 0.796204 -0.541336
vn 0.262242 0.802001 -0.536679
vn 0.328881 0.616461 -0.715411
vn 0.326727 0.622868 -0.710834
vn 0.260001 0.797538 -0.544364
vn 0.259039 0.796502 -0.546337
vn 0.327604 0.603413 -0.727027
vn 0.258657 0.796719 -0.5462
vn 0.328603 0.604666 -0.725534
vn 0.32671 0.603445 -0.727403
vn 0.257477 0.796762 -0.546696
vn 0.257579 0.794725 -0.549605
vn 0.229827 0.824181 -0.517595
vn -0.079203 0.996021 0.040849
vn 0.233644 0.866154 -0.441801
vn 0.326304 0.60414 -0.727008
vn 0.380589 0.214779 -0.899456
vn 0.310608 0.688035 -0.655843
vn 0.214782 0.868989 -0.445788
vn 0.261388 0.722953 -0.639542
vn 0.147288 0.898395 -0.413754
vn 0.367368 0.12731 -0.921321
vn 0.27574 0.338447 -0.899678
vn 0.344783 0.379588 -0.858509
vn 0.321164 0.38034 -0.867292
vn 0.357234 0.483676 -0.799025
vn 0.377182 0.273581 -0.884809
vn 0.389104 0.334628 -0.858267
vn 0.31245 0.02675 -0.949558
vn 0.342343 0.319462 -0.883598
vn 0.384916 0.157597 -0.909397
vn 0.278389 -0.018401 -0.960292
vn 0.365498 0.3097 -0.87778
vn 0.336991 0.567832 -0.751002
vn 0.283357 0.765809 -0.577274
vn 0.384762 0.486845 -0.784182
vn 0.213855 0.89004 -0.40261
vn 0.353366 0.616594 -0.703523
vn 0.269852 0.822591 -0.500523
vn 0.184912 0.960809 -0.206526
vn 0.091744 0.986864 -0.132977
vn 0.103052 0.968718 -0.225756
vn 0.121863 0.984767 -0.12403
vn 0.242897 0.825434 -0.509569
vn 0.220009 0.844217 -0.488768
vn 0.144666 0.974358 -0.172332
vn 0.0902 0.984074 -0.153176
vn 0.254251 0.82979 -0.496794
vn 0.212053 0.881645 -0.421588
vn 0.313029 0.595079 -0.740199
vn 0.241929 0.895918 -0.372561
vn 0.152163 0.905604 -0.39589
vn 0.290615 0.749172 -0.595217
vn 0.322734 0.565506 -0.758977
vn 0.280492 0.755549 -0.592006
vn 0.258106 0.936348 -0.237977
vn 0.21069 0.925803 -0.313846
vn 0.239472 0.869146 -0.43271
vn 0.288351 0.796101 -0.532051
vn 0.261468 0.782048 -0.565717
vn 0.130381 0.948748 -0.287885
vn 0.247195 0.926537 -0.283592
vn 0.129994 0.989232 -0.067244
vn 0.107147 0.98998 -0.091979
vn 0.241057 0.906246 -0.347289
vn 0.128305 0.908658 -0.397339
vn 0.223145 0.886462 -0.405453
vn 0.340497 0.574754 -0.744123
vn 0.269407 0.778029 -0.56753
vn 0.389674 0.590084 -0.707075
vn 0.330698 0.791467 -0.514022
vn 0.298796 0.763134 -0.573016
vn 0.337196 0.636073 -0.694053
vn 0.297866 0.604544 -0.738784
vn 0.29352 0.794692 -0.531329
vn 0.220624 0.840741 -0.494449
vn 0.232498 0.848052 -0.476186
vn 0.248716 0.798556 -0.548131
vn 0.273002 0.836449 -0.475209
vn 0.255613 0.84532 -0.469144
vn 0.370736 0.597673 -0.710874
vn 0.317442 0.638799 -0.700833
vn 0.09568 0.984676 -0.145805
vn 0.16703 0.870602 -0.462766
vn 0.20399 0.866413 -0.455761
vn 0.179149 0.921843 -0.343673
vn 0.063481 0.990761 -0.119844
vn 0.029504 0.987307 -0.156061
vn 0.197099 0.924603 -0.325977
vn 0.288288 0.542734 -0.788879
vn 0.279511 0.778271 -0.562287
vn 0.229785 0.763166 -0.603967
vn 0.280308 0.73194 -0.62104
vn 0.330128 0.55936 -0.76035
vn 0.387475 0.0 -0.92188
vn 0.387475 2e-06 -0.92188
vn 0.387475 -1e-06 -0.92188
vn 0.387475 -0.0 -0.92188
vn -0.996197 2e-06 0.087126
vn -0.996195 1e-06 0.087156
vn -0.996195 0.0 0.087156
vn -0.996195 -3e-06 0.087156
vn -0.996195 1e-06 0.087156
vn -0.122046 0.984148 0.128672
vn -0.037091 0.990794 0.130198
vn 0.022752 0.991636 0.127045
vn -0.243459 0.958435 0.148764
vn -0.996069 0.063432 -0.061838
vn -0.990452 0.137847 -0.001865
vn -0.976947 0.208476 0.045952
vn -0.957272 0.276949 0.083248
vn -0.261594 0.941091 0.214283
vn -0.227257 0.937483 0.263591
vn -0.960759 0.251047 0.117975
vn -0.960334 0.252444 0.118452
vn -0.474663 0.875511 0.090415
vn -0.424765 0.896788 0.123881
vn -0.366655 0.919293 0.143053
vn -0.314007 0.937776 0.148241
vn -0.278036 0.949146 0.147708
vn -0.215619 0.966234 0.141066
vn -0.150585 0.980596 0.125522
vn -0.34647 0.910183 0.226992
vn -0.225635 0.972525 0.057313
vn -0.54389 0.834745 0.085928
vn -0.247354 0.968419 0.031328
vn -0.366141 0.906222 0.211428
vn -0.627474 0.778635 0.001803
vn -0.595455 0.801195 0.059327
vn -0.41076 0.879837 0.239087
vn -0.267769 0.963483 0.000409
vn -0.207625 0.971947 0.110502
vn -0.906572 0.41652 -0.0681
vn -0.886021 0.463638 0.002622
vn -0.85854 0.509559 0.05708
vn -0.827827 0.552568 0.096805
vn -0.821346 0.537314 0.191533
vn -0.792623 0.596724 0.12518
vn -0.752297 0.642832 0.144277
vn -0.557867 0.811322 0.17476
vn -0.560883 0.808236 0.179348
vn -0.593723 0.789702 0.154479
vn -0.787686 0.597483 0.150217
vn -0.243072 0.958485 0.149069
vn -0.243221 0.958075 0.151448
vn -0.242457 0.958173 0.15205
vn -0.42399 0.869508 0.253352
vn -0.591143 0.785694 0.182303
vn -0.790249 0.601923 0.114871
vn -0.474904 0.875599 0.088279
vn -0.497775 0.83663 0.228627
vn -0.724117 0.655916 0.213141
vn -0.581759 0.809406 0.080115
vn -0.787836 0.59771 0.148513
vn -0.59355 0.7893 0.157173
vn -0.593502 0.789365 0.15703
vn -0.593341 0.789376 0.157584
vn -0.787664 0.59783 0.148943
vn -0.786675 0.59893 0.149748
vn -0.592894 0.789462 0.158827
vn -0.593499 0.788844 0.15964
vn -0.787199 0.5982 0.149915
vn -0.593255 0.788972 0.159911
vn -0.787646 0.597416 0.150695
vn -0.982889 0.01641 0.183468
vn -0.983209 0.084501 0.16174
vn -0.976044 0.164654 0.142225
vn -0.95844 0.254222 0.129476
vn -0.931555 0.340439 0.127696
vn -0.895822 0.422129 0.138963
vn -0.853848 0.493034 0.166914
vn -0.811349 0.543796 0.214475
vn -0.805718 0.578171 0.128594
vn -0.982974 0.116425 0.142151
vn -0.53513 0.822883 0.191049
vn -0.182967 0.97923 0.087359
vn -0.543672 0.834081 0.093433
vn -0.16453 0.950626 0.263135
vn -0.627374 0.768069 0.128343
vn -0.859141 0.501299 0.102838
vn -0.855969 0.482026 0.186997
vn -0.710882 0.680834 0.176386
vn -0.680207 0.69571 0.230879
vn -0.672961 0.673429 0.305967
vn 0.024896 0.995998 0.085839
vn -0.002663 0.996518 0.083333
vn 0.005087 0.995196 0.097773
vn 0.013256 0.993716 0.111142
vn 0.032489 0.998764 0.037625
vn 0.032985 0.998806 0.03604
vn 0.033158 0.998797 0.036113
vn 0.014399 0.998838 0.045994
vn 0.0187 0.999373 0.030078
vn 0.021002 0.999297 0.031041
vn -0.018269 0.992215 0.123186
vn 0.004233 0.990937 0.134263
vn 0.004598 0.991314 0.131435
vn -0.004042 0.9923 0.123795
vn -0.007466 0.992625 0.120996
vn 0.004084 0.991677 0.128684
vn 0.009215 0.992198 0.124334
vn 0.010733 0.992261 0.123706
vn 0.012195 0.992382 0.122596
vn -0.000133 0.992407 0.123001
vn 0.002138 0.992161 0.124948
vn 0.013581 0.992556 0.121031
vn 0.001066 0.992658 0.120952
vn 0.002089 0.993048 0.117695
vn 0.002183 0.993419 0.114515
vn 0.016489 0.992677 0.119665
vn 0.018241 0.992475 0.12108
vn 0.019961 0.992323 0.122049
vn 0.021632 0.992227 0.122549
vn 0.02323 0.992189 0.122565
vn 0.024738 0.99221 0.122093
vn 0.026137 0.992291 0.12114
vn 0.027415 0.992429 0.119725
vn 0.028558 0.992618 0.117876
vn 0.029574 0.992846 0.115685
vn 0.03153 0.992612 0.117165
vn 0.033419 0.992424 0.118228
vn 0.035215 0.992288 0.118844
vn 0.036897 0.992209 0.118996
vn 0.038443 0.992189 0.118674
vn 0.039832 0.992228 0.117882
vn 0.041053 0.992327 0.11663
vn 0.029547 0.992849 0.115659
vn 0.042094 0.99248 0.114942
vn 0.042947 0.992684 0.112849
vn 0.043405 0.992855 0.111154
vn 0.044099 0.992771 0.111628
vn 0.046189 0.99255 0.112741
vn 0.048151 0.992378 0.113437
vn 0.049962 0.992258 0.113698
vn 0.051593 0.992197 0.113508
vn 0.053026 0.992194 0.112864
vn 0.054243 0.992252 0.111776
vn 0.055233 0.992367 0.110258
vn 0.05599 0.992536 0.108338
vn 0.056512 0.992753 0.106052
vn 0.056626 0.992855 0.105031
vn 0.058055 0.9927 0.105717
vn 0.060214 0.992493 0.106449
vn 0.062188 0.992336 0.106779
vn 0.06395 0.992234 0.10669
vn 0.065472 0.99219 0.106175
vn 0.066737 0.992206 0.105235
vn 0.06773 0.992281 0.103884
vn 0.068443 0.992412 0.102144
vn 0.068876 0.992597 0.100041
vn 0.069034 0.992827 0.097615
vn 0.069024 0.992851 0.097376
vn 0.071198 0.992633 0.098032
vn 0.073364 0.992441 0.098384
vn 0.075288 0.992299 0.098355
vn 0.076941 0.992214 0.097933
vn 0.0783 0.992188 0.097118
vn 0.079345 0.992222 0.095918
vn 0.080068 0.992314 0.094348
vn 0.080467 0.992462 0.092432
vn 0.080545 0.992661 0.090202
vn 0.080364 0.992854 0.088224
vn 0.080927 0.992795 0.088363
vn 0.0833 0.99257 0.088686
vn 0.08541 0.992393 0.088668
vn 0.087225 0.992268 0.088298
vn 0.088714 0.9922 0.087571
vn 0.089857 0.992192 0.086492
vn 0.090639 0.992244 0.085072
vn 0.091056 0.992353 0.083332
vn 0.09111 0.992517 0.081297
vn 0.090812 0.99273 0.078998
vn 0.09184 0.992723 0.077883
vn 0.094149 0.992512 0.077823
vn 0.096143 0.992349 0.077455
vn 0.097792 0.992241 0.076772
vn 0.099067 0.992191 0.075776
vn 0.099951 0.992201 0.074475
vn 0.100434 0.99227 0.072887
vn 0.100516 0.992397 0.07103
vn 0.090502 0.992856 0.07776
vn 0.100205 0.992576 0.068935
vn 0.099519 0.992802 0.066632
vn 0.099323 0.992853 0.066163
vn 0.101366 0.992655 0.066035
vn 0.10355 0.992458 0.065615
vn 0.105373 0.992311 0.064925
vn 0.106806 0.99222 0.063966
vn 0.107824 0.992188 0.062744
vn 0.108413 0.992216 0.061272
vn 0.108569 0.992302 0.05957
vn 0.108297 0.992445 0.057656
vn 0.107612 0.992639 0.055564
vn 0.114111 0.992204 0.050093
vn 0.114837 0.99219 0.048696
vn 0.115105 0.992236 0.047108
vn 0.114916 0.99234 0.04535
vn 0.106656 0.992852 0.053571
vn 0.106966 0.99282 0.053535
vn 0.109332 0.992591 0.053008
vn 0.111335 0.992408 0.052257
vn 0.112937 0.992278 0.051284
vn 0.11428 0.992498 0.043444
vn 0.113219 0.992707 0.041415
vn 0.113416 0.992747 0.039876
vn 0.115589 0.992531 0.03901
vn 0.11736 0.992363 0.037969
vn 0.1187 0.99225 0.036757
vn 0.119578 0.992194 0.035389
vn 0.112359 0.992856 0.040163
vn 0.015226 0.992855 0.118355
vn 0.014878 0.992778 0.119043
vn -0.042378 0.997213 -0.061405
vn -0.271862 0.878017 -0.393926
vn -0.2713 0.877784 -0.394831
vn -0.042259 0.997219 -0.06138
vn -0.270081 0.877931 -0.39534
vn -0.042119 0.997209 -0.061653
vn -0.268812 0.877786 -0.396525
vn -0.268937 0.877837 -0.396327
vn -0.041944 0.997206 -0.061812
vn -0.266877 0.878018 -0.397318
vn -0.041601 0.997213 -0.061934
vn -0.266308 0.877787 -0.398209
vn -0.041483 0.997219 -0.061908
vn -0.265088 0.877933 -0.3987
vn -0.04134 0.997209 -0.062176
vn -0.263794 0.877786 -0.399881
vn -0.263922 0.877838 -0.399683
vn -0.041161 0.997206 -0.062335
vn -0.261852 0.878017 -0.400648
vn -0.040818 0.997213 -0.062453
vn -0.26127 0.877785 -0.401536
vn -0.0407 0.997219 -0.062425
vn -0.460578 0.581873 -0.670292
vn -0.454715 0.585942 -0.670751
vn -0.450084 0.58693 -0.673006
vn -0.576928 0.130852 -0.806245
vn -0.260041 0.877932 -0.402013
vn -0.040553 0.997209 -0.062694
vn -0.54536 0.190461 -0.816276
vn -0.449837 0.586781 -0.673301
vn -0.258742 0.877784 -0.403173
vn -0.258879 0.877838 -0.402968
vn -0.040375 0.997206 -0.062848
vn -0.445832 0.586933 -0.675828
vn -0.542303 0.194958 -0.81725
vn -0.447827 0.586511 -0.674874
vn -0.539367 0.19822 -0.818408
vn -0.44559 0.586787 -0.676115
vn -0.256783 0.878016 -0.403919
vn -0.03991 0.997219 -0.062933
vn -0.040027 0.997213 -0.062963
vn -0.256194 0.877785 -0.404793
vn -0.536557 0.200248 -0.819761
vn -0.441564 0.586935 -0.678622
vn -0.443562 0.586515 -0.677682
vn -0.254966 0.877932 -0.405251
vn -0.039761 0.997209 -0.063198
vn -0.441312 0.586785 -0.678916
vn -0.533876 0.201043 -0.821315
vn -0.253639 0.877785 -0.4064
vn -0.253771 0.877836 -0.406207
vn -0.039578 0.997206 -0.063352
vn -0.437289 0.586935 -0.681385
vn -0.439291 0.586514 -0.680459
vn -0.53135 0.200606 -0.823058
vn -0.437047 0.586791 -0.681664
vn -0.52895 0.19894 -0.825006
vn -0.039114 0.997219 -0.063431
vn -0.251676 0.878017 -0.407117
vn -0.251069 0.877784 -0.407994
vn -0.039231 0.997213 -0.063462
vn -0.432984 0.586939 -0.684125
vn -0.434991 0.586518 -0.683213
vn -0.526649 0.196011 -0.827176
vn -0.03896 0.997209 -0.063696
vn -0.249825 0.877932 -0.408438
vn -0.428918 0.586282 -0.687243
vn -0.519082 0.177787 -0.83603
vn -0.425943 0.582645 -0.692168
vn -0.432719 0.586783 -0.684427
vn -0.524465 0.191824 -0.829542
vn -0.038306 0.99722 -0.063907
vn -0.038685 0.997205 -0.063921
vn -0.474691 0.381711 -0.793074
vn -0.432004 0.605555 -0.668338
vn -0.002079 0.999991 -0.003785
vn -0.434668 0.448414 -0.781018
vn -0.002077 0.999991 -0.0038
vn -0.132183 0.961279 -0.241808
vn -0.131172 0.961199 -0.242672
vn -0.002061 0.999991 -0.003814
vn -0.131126 0.96118 -0.242774
vn -0.002036 0.999991 -0.003817
vn -0.1296 0.961319 -0.243042
vn -0.360664 0.637271 -0.681034
vn -0.29622 0.813655 -0.500219
vn -0.25836 0.839307 -0.478344
vn -0.254153 0.840938 -0.477734
vn -0.252654 0.840723 -0.478906
vn -0.358873 0.639124 -0.680243
vn -0.250915 0.841029 -0.479283
vn -0.35568 0.6418 -0.6794
vn -0.249882 0.841426 -0.479126
vn -0.352093 0.643905 -0.679277
vn -0.249134 0.840783 -0.480641
vn -0.001935 0.999991 -0.003862
vn -0.001936 0.999991 -0.003863
vn -0.123565 0.961237 -0.246486
vn -0.348875 0.643905 -0.680935
vn -0.246856 0.840783 -0.481815
vn -0.245455 0.84127 -0.48168
vn -0.137466 0.966224 -0.217977
vn 0.034764 0.995392 -0.08937
vn -0.174273 0.879572 -0.442698
vn -0.19228 0.8012 -0.566664
vn -0.307681 0.79415 -0.524079
vn -0.365004 0.466642 -0.805616
vn -0.365603 0.658403 -0.657905
vn -0.032844 0.997209 -0.067055
vn -0.210606 0.877933 -0.429976
vn -0.032536 0.997219 -0.067044
vn -0.209577 0.877784 -0.430781
vn -0.0325 0.997213 -0.067156
vn -0.208498 0.878019 -0.430827
vn -0.206858 0.877784 -0.432093
vn -0.320924 0.62874 -0.708304
vn -0.468102 0.452486 -0.759037
vn -0.206613 0.877838 -0.432102
vn -0.032223 0.997206 -0.067391
vn -0.031689 0.997219 -0.067448
vn -0.031995 0.997209 -0.067464
vn -0.205164 0.87793 -0.432604
vn -0.204134 0.877783 -0.433389
vn -0.426489 0.411993 -0.805214
vn -0.40273 0.204864 -0.892098
vn -0.281078 0.592882 -0.754643
vn -0.201396 0.877783 -0.434667
vn -0.031652 0.997213 -0.06756
vn -0.203057 0.878017 -0.433421
vn -0.354612 0.586775 -0.727973
vn -0.428987 0.201038 -0.880655
vn -0.354198 0.586937 -0.728044
vn -0.03137 0.997206 -0.067793
vn -0.201138 0.87784 -0.434673
vn -0.426285 0.200229 -0.88215
vn -0.352401 0.586516 -0.729255
vn -0.030836 0.997219 -0.067842
vn -0.198639 0.877784 -0.435933
vn -0.031142 0.997209 -0.067862
vn -0.199694 0.877933 -0.435151
vn -0.423671 0.198174 -0.883872
vn -0.350008 0.58678 -0.730194
vn -0.349602 0.586939 -0.730261
vn -0.421158 0.194874 -0.885805
vn -0.347779 0.586515 -0.731471
vn -0.197568 0.878018 -0.435949
vn -0.030797 0.997213 -0.067956
vn -0.418738 0.190324 -0.887939
vn -0.337239 0.58182 -0.740105
vn -0.340674 0.585938 -0.735267
vn -0.345384 0.586782 -0.732391
vn -0.344997 0.586934 -0.732452
vn -0.19508 0.877673 -0.437761
vn -0.02998 0.997219 -0.068225
vn -0.030418 0.997204 -0.068259
vn -0.029939 0.997213 -0.068339
vn -0.382563 -0.025069 -0.923589
vn -0.335701 0.577416 -0.744242
vn -0.405945 0.158932 -0.899972
vn -0.027389 0.997218 -0.069329
vn -0.17724 0.875827 -0.448902
vn -0.027381 0.997217 -0.06935
vn -0.026514 0.997218 -0.069668
vn -0.173338 0.877471 -0.447213
vn -0.027009 0.997203 -0.069683
vn -0.168835 0.87777 -0.448346
vn -0.026507 0.997217 -0.069687
vn -0.170151 0.878034 -0.447331
vn -0.168128 0.877894 -0.44837
vn -0.026224 0.997207 -0.069935
vn -0.025634 0.997218 -0.069998
vn -0.166023 0.87777 -0.449395
vn -0.166708 0.877908 -0.448873
vn -0.026002 0.997207 -0.070013
vn -0.163198 0.877771 -0.450427
vn -0.025628 0.997217 -0.070015
vn -0.16451 0.878035 -0.449435
vn -0.162476 0.877897 -0.450443
vn -0.025343 0.997207 -0.07026
vn -0.161057 0.877909 -0.450929
vn -0.025121 0.997207 -0.070335
vn -0.160363 0.87777 -0.451447
vn -0.024751 0.997218 -0.070315
vn -0.158849 0.878033 -0.451469
vn -0.024745 0.997217 -0.07033
vn -0.157524 0.877768 -0.452448
vn -0.156794 0.877895 -0.452455
vn -0.024456 0.997207 -0.070572
vn -0.306223 0.557891 -0.771352
vn -0.366143 0.123819 -0.922284
vn -0.286911 0.580684 -0.761898
vn -0.275789 0.586978 -0.761181
vn -0.280967 0.585368 -0.760527
vn -0.155364 0.877907 -0.452926
vn -0.024233 0.997207 -0.070645
vn -0.154673 0.877769 -0.453429
vn -0.023863 0.997218 -0.070621
vn -0.33293 0.188409 -0.923937
vn -0.274555 0.586579 -0.761935
vn -0.270998 0.586978 -0.7629
vn -0.329727 0.19335 -0.924065
vn -0.27217 0.586618 -0.76276
vn -0.153145 0.878035 -0.453433
vn -0.023857 0.997217 -0.070636
vn -0.151806 0.877769 -0.454396
vn -0.26979 0.586585 -0.76363
vn -0.326587 0.197077 -0.924393
vn -0.023565 0.997207 -0.070875
vn -0.151082 0.877896 -0.454393
vn -0.323514 0.199587 -0.924935
vn -0.267382 0.58662 -0.76445
vn -0.266197 0.586982 -0.764586
vn -0.022972 0.997218 -0.070916
vn -0.148936 0.877768 -0.455347
vn -0.149643 0.877908 -0.454846
vn -0.023341 0.997207 -0.070945
vn -0.264974 0.586584 -0.765316
vn -0.320505 0.200875 -0.925703
vn -0.261381 0.586979 -0.766248
vn -0.262563 0.586617 -0.766121
vn -0.317594 0.200927 -0.926694
vn -0.146057 0.877769 -0.456277
vn -0.022965 0.997217 -0.070933
vn -0.147415 0.878034 -0.45533
vn -0.260154 0.586579 -0.766971
vn -0.314747 0.199746 -0.92792
vn -0.145346 0.877894 -0.456263
vn -0.022671 0.997207 -0.071167
vn -0.256537 0.586977 -0.767884
vn -0.257717 0.586614 -0.767767
vn -0.311966 0.197317 -0.929378
vn -0.022077 0.997218 -0.071199
vn -0.143165 0.877768 -0.457196
vn -0.022443 0.997207 -0.071234
vn -0.143887 0.877909 -0.456698
vn -0.255309 0.586581 -0.768596
vn -0.309271 0.193658 -0.931047
vn -0.251685 0.586982 -0.769484
vn -0.247141 0.58553 -0.77206
vn -0.252848 0.586622 -0.769378
vn -0.24323 0.58094 -0.776755
vn -0.306604 0.188678 -0.93295
vn -0.022068 0.997217 -0.071219
vn -0.141655 0.878034 -0.457155
vn -0.021178 0.997218 -0.071471
vn -0.02167 0.997203 -0.071525
vn -0.139041 0.877531 -0.458919
vn -0.021169 0.997217 -0.071491
vn -0.136969 0.875941 -0.462566
vn -0.018459 0.997219 -0.072206
vn -0.018527 0.997214 -0.072251
vn -0.018108 0.997204 -0.072505
vn -0.116149 0.877624 -0.465065
vn -0.267157 -0.024689 -0.963337
vn -0.279252 0.124323 -0.952136
vn -0.233554 0.557962 -0.796323
vn -0.017548 0.997219 -0.072433
vn -0.112045 0.877777 -0.465782
vn -0.017619 0.997214 -0.07248
vn -0.113051 0.878028 -0.465067
vn -0.017294 0.997208 -0.072644
vn -0.110889 0.877926 -0.465779
vn -0.017074 0.997206 -0.072719
vn -0.109134 0.877778 -0.466472
vn -0.109469 0.877861 -0.466237
vn -0.016635 0.997219 -0.072648
vn -0.106197 0.877778 -0.467149
vn -0.016706 0.997214 -0.072697
vn -0.107193 0.878026 -0.466455
vn -0.105031 0.877926 -0.467133
vn -0.016381 0.997208 -0.072855
vn -0.016158 0.997206 -0.072929
vn -0.103598 0.877859 -0.46758
vn -0.103268 0.877777 -0.467807
vn -0.015791 0.997214 -0.072903
vn -0.10132 0.878025 -0.467768
vn -0.015718 0.997219 -0.072851
vn -0.100319 0.877777 -0.468449
vn -0.234186 0.158655 -0.959159
vn -0.190257 0.581597 -0.790915
vn -0.184625 0.585802 -0.789145
vn -0.17947 0.58696 -0.789474
vn -0.193622 0.577606 -0.793021
vn -0.015464 0.997208 -0.073054
vn -0.099152 0.877926 -0.468418
vn -0.178871 0.586717 -0.78979
vn -0.216859 0.190063 -0.957522
vn -0.015237 0.997206 -0.073126
vn -0.097373 0.877777 -0.469069
vn -0.097693 0.877856 -0.468854
vn -0.176447 0.586533 -0.790472
vn -0.21369 0.194613 -0.95732
vn -0.17452 0.586958 -0.790584
vn -0.210545 0.197973 -0.957328
vn -0.17394 0.586722 -0.790887
vn -0.0148 0.997219 -0.073044
vn -0.014871 0.997214 -0.073096
vn -0.095418 0.878027 -0.469004
vn -0.094403 0.877777 -0.469676
vn -0.207448 0.20011 -0.95756
vn -0.171487 0.586529 -0.791566
vn -0.169537 0.586957 -0.791668
vn -0.014542 0.997208 -0.073244
vn -0.093241 0.877927 -0.469629
vn -0.168971 0.586726 -0.791961
vn -0.204402 0.201022 -0.958024
vn -0.09177 0.877859 -0.470045
vn -0.014313 0.997206 -0.073313
vn -0.091436 0.877777 -0.470263
vn -0.166512 0.58653 -0.792626
vn -0.201406 0.200707 -0.958724
vn -0.164558 0.58696 -0.792716
vn -0.163971 0.586721 -0.793014
vn -0.19843 0.199145 -0.95967
vn -0.013879 0.997219 -0.073225
vn -0.013948 0.997214 -0.073277
vn -0.089496 0.878026 -0.47017
vn -0.088454 0.877774 -0.470839
vn -0.161485 0.586527 -0.793668
vn -0.195501 0.196336 -0.960849
vn -0.159539 0.58696 -0.793741
vn -0.013616 0.997208 -0.073422
vn -0.087302 0.877925 -0.470772
vn -0.192611 0.192265 -0.962255
vn -0.15894 0.586718 -0.79404
vn -0.013386 0.997206 -0.073488
vn -0.085821 0.877859 -0.471166
vn -0.085474 0.877775 -0.471386
vn -0.189736 0.18688 -0.963886
vn -0.156428 0.58653 -0.794678
vn -0.154525 0.586962 -0.794731
vn -0.149738 0.585046 -0.797057
vn -0.145341 0.57999 -0.801553
vn -0.176385 0.155647 -0.971937
vn -0.012955 0.997219 -0.073395
vn -0.013021 0.997214 -0.073445
vn -0.083547 0.878028 -0.471261
vn -0.082473 0.877773 -0.471924
vn -0.081339 0.877926 -0.471837
vn -0.012686 0.997208 -0.07359
vn -0.079464 0.877771 -0.472444
vn -0.079862 0.877866 -0.472201
vn -0.012456 0.997206 -0.073651
vn -0.01203 0.997219 -0.073553
vn -0.012088 0.997215 -0.0736
vn -0.076455 0.877769 -0.472945
vn -0.07757 0.878026 -0.472284
vn -0.075358 0.877922 -0.472837
vn -0.011753 0.997208 -0.073745
vn -0.073431 0.877769 -0.473424
vn -0.01152 0.997206 -0.073801
vn -0.073861 0.877868 -0.473172
vn -0.126538 0.646533 -0.752318
vn -0.155992 0.601671 -0.783363
vn -0.154294 0.376903 -0.913311
vn -0.121567 0.647846 -0.752009
vn -0.132144 0.64092 -0.756147
vn -0.011103 0.997219 -0.073701
vn -0.011152 0.997215 -0.073741
vn -0.071564 0.87803 -0.473226
vn -0.146311 0.394499 -0.907173
vn -0.121315 0.647679 -0.752194
vn -0.116761 0.647837 -0.752778
vn -0.118966 0.647268 -0.752922
vn -0.143019 0.400312 -0.905149
vn -0.01071 0.997203 -0.073963
vn -0.116532 0.647684 -0.752945
vn -0.139881 0.404442 -0.903803
vn -0.126774 0.649476 -0.749739
vn -0.073928 0.992936 -0.092806
vn -0.045989 0.997307 -0.057129
vn -0.146853 0.465692 -0.872677
vn -0.098822 0.526014 -0.844715
vn -0.234969 0.37649 -0.896128
vn -0.274208 0.357358 -0.892807
vn -0.157863 0.437937 -0.885037
vn -0.178592 0.415606 -0.891839
vn -0.203816 0.395728 -0.895465
vn -0.136834 0.406993 -0.903124
vn -0.126274 0.538009 -0.833428
vn -0.010174 0.997218 -0.073837
vn -0.010221 0.997215 -0.073876
vn -0.017056 0.999832 0.006682
vn 0.00279 0.996465 0.083957
vn -0.031501 0.950864 -0.308003
vn 0.113474 0.946812 -0.301116
vn -0.025958 0.949319 -0.313241
vn -0.061243 0.838987 -0.540693
vn -0.037881 0.873515 -0.485321
vn -0.01202 0.869272 -0.494187
vn -0.085815 0.802135 -0.590945
vn 0.010793 0.84403 -0.536187
vn -0.009953 0.832698 -0.553638
vn -0.028581 0.817813 -0.574774
vn -0.078611 0.748186 -0.658815
vn -0.387764 0.598709 -0.700847
vn -0.255185 0.64173 -0.723231
vn -0.163553 0.674768 -0.71968
vn -0.007652 0.79072 -0.61213
vn -0.103259 0.707213 -0.699419
vn -0.693588 0.691592 -0.201584
vn -0.622923 0.737394 -0.261182
vn -0.807796 0.521882 -0.274053
vn -0.791657 0.576597 -0.202026
vn -0.552122 0.768938 -0.322328
vn -0.825499 0.515546 -0.229702
vn -0.824179 0.516587 -0.23209
vn -0.767325 0.574143 -0.28561
vn -0.825791 0.515712 -0.228276
vn -0.624828 0.771359 -0.12081
vn -0.657816 0.730898 -0.181842
vn -0.458712 0.877474 -0.140079
vn -0.457011 0.878025 -0.142174
vn -0.776245 0.584168 -0.237047
vn -0.456933 0.877876 -0.14334
vn -0.772826 0.586485 -0.242435
vn -0.478816 0.873592 -0.087019
vn -0.781807 0.560514 -0.273133
vn -0.457554 0.874695 -0.159852
vn -0.440555 0.874734 -0.201872
vn -0.753896 0.558843 -0.345451
vn -0.402071 0.875867 -0.266825
vn -0.428106 0.878035 -0.213961
vn -0.427683 0.877508 -0.216951
vn -0.428699 0.877897 -0.213341
vn -0.723535 0.584625 -0.367029
vn -0.725067 0.586584 -0.360828
vn -0.412169 0.87474 -0.254847
vn -0.704037 0.561102 -0.435312
vn -0.370539 0.872745 -0.31783
vn -0.397622 0.877451 -0.268286
vn -0.398103 0.878021 -0.265694
vn -0.672952 0.583924 -0.454058
vn -0.674917 0.586434 -0.447865
vn -0.399031 0.877872 -0.264792
vn -0.566769 0.673799 -0.474097
vn -0.396733 0.891543 -0.218529
vn -0.550569 0.674219 -0.492242
vn -0.266542 0.92837 -0.259008
vn -0.584339 0.716488 -0.381041
vn -0.38225 0.893329 -0.236322
vn -0.460088 0.776121 -0.431225
vn -0.272531 0.948788 -0.159775
vn -0.475669 0.776018 -0.414167
vn -0.286899 0.947238 -0.142932
vn -0.505865 0.774317 -0.380178
vn -0.238686 0.950371 -0.19956
vn -0.209288 0.956268 -0.204327
vn -0.49531 0.774696 -0.393084
vn -0.018318 0.999081 -0.038739
vn -0.29917 0.925268 -0.233186
vn -0.011689 0.998855 -0.046383
vn -0.24954 0.950202 -0.186674
vn -0.275099 0.925306 -0.261016
vn -0.707588 0.429078 -0.561437
vn -0.510317 0.725471 -0.461811
vn -0.695025 0.429358 -0.576708
vn -0.322483 0.895179 -0.307668
vn -0.331697 0.883321 -0.331243
vn -0.568167 0.672105 -0.474827
vn -0.33401 0.895308 -0.294723
vn -0.54514 0.672199 -0.50097
vn -0.533641 0.725383 -0.434794
vn -0.33609 0.878033 -0.340736
vn -0.338744 0.877501 -0.339477
vn -0.573106 0.584531 -0.574346
vn -0.567673 0.586563 -0.57766
vn -0.33564 0.877891 -0.341545
vn -0.379041 0.875349 -0.300152
vn -0.561779 0.559224 -0.60965
vn -0.32842 0.874709 -0.356405
vn -0.363819 0.876441 -0.315414
vn -0.151025 0.961189 -0.230884
vn -0.178027 0.961247 -0.210499
vn -0.178018 0.961236 -0.210556
vn -0.349498 0.840815 -0.413378
vn -0.351791 0.840731 -0.411601
vn -0.346209 0.840861 -0.416042
vn -0.489224 0.644055 -0.588093
vn -0.493861 0.643818 -0.584464
vn -0.346226 0.840779 -0.416195
vn -0.349449 0.840747 -0.413558
vn -0.60448 0.053397 -0.794829
vn -0.585398 0.395838 -0.707546
vn -0.632282 0.127279 -0.764212
vn -0.580568 0.395537 -0.711682
vn -0.577363 0.382199 -0.721509
vn -0.506433 0.555374 -0.65961
vn -0.334682 0.829476 -0.447166
vn -0.354357 0.818524 -0.452161
vn -0.445807 0.696482 -0.562289
vn -0.413613 0.795797 -0.442302
vn -0.165417 0.925644 -0.340325
vn -0.363844 0.625069 -0.690584
vn -0.477247 0.61675 -0.625983
vn -0.231144 0.924475 -0.303181
vn -0.231049 0.924491 -0.303206
vn -0.481614 0.560187 -0.673972
vn -0.281766 0.874718 -0.394305
vn -0.488612 0.618931 -0.614965
vn -0.483007 0.557754 -0.674992
vn -0.048918 0.998443 -0.02679
vn -0.196835 0.89884 -0.391589
vn -0.225256 0.921268 -0.317057
vn -0.270829 0.879255 -0.39187
vn -0.230879 0.895075 -0.381491
vn -0.362056 0.67585 -0.641983
vn -0.345054 0.679116 -0.647872
vn -0.190953 0.925531 -0.327
vn -0.01968 0.999235 -0.033791
vn -0.019748 0.999233 -0.033818
vn -0.190514 0.925356 -0.32775
vn -0.189488 0.925466 -0.328034
vn -0.019605 0.999232 -0.03394
vn -0.188543 0.925392 -0.328787
vn -0.019509 0.999231 -0.03402
vn -0.188451 0.925356 -0.328942
vn -0.439214 0.433525 -0.786859
vn -0.380644 0.718428 -0.582212
vn -0.345692 0.725823 -0.594708
vn -0.019253 0.999235 -0.034036
vn -0.186817 0.925531 -0.329382
vn -0.01932 0.999233 -0.034063
vn -0.03073 0.999459 -0.01174
vn -0.453483 0.429595 -0.780898
vn -0.345505 0.725705 -0.594961
vn -0.356685 0.734887 -0.576816
vn -0.343759 0.725467 -0.596261
vn -0.419096 0.404404 -0.812906
vn -0.451128 0.429164 -0.782497
vn -0.341948 0.725822 -0.596871
vn -0.280635 0.75793 -0.588886
vn -0.20055 0.93055 -0.30636
vn -0.293077 0.765661 -0.572599
vn -0.137505 0.945798 -0.294209
vn -0.164427 0.954489 -0.248828
vn -0.194837 0.877472 -0.438271
vn -0.329693 0.584211 -0.74162
vn -0.192055 0.878029 -0.438383
vn -0.323333 0.586496 -0.742616
vn -0.19117 0.877879 -0.439069
vn -0.247417 0.873992 -0.418237
vn -0.179092 0.874731 -0.450302
vn -0.306125 0.560209 -0.76971
vn -0.233084 0.559137 -0.795636
vn -0.136262 0.87469 -0.465134
vn -0.061769 0.875468 -0.479312
vn -0.119785 0.877891 -0.463636
vn -0.196985 0.584576 -0.787063
vn -0.116433 0.877507 -0.465214
vn -0.118881 0.878032 -0.463602
vn -0.202594 0.586569 -0.78415
vn -0.058006 0.62575 -0.777864
vn -0.065877 0.888078 -0.454947
vn -0.089449 0.881825 -0.463016
vn -0.094865 0.658683 -0.746416
vn -0.064553 0.887934 -0.455418
vn -0.108324 0.635788 -0.764225
vn -0.063003 0.888061 -0.455389
vn -0.046295 0.997644 -0.050622
vn -0.001456 0.999931 -0.011654
vn -0.018488 0.872416 -0.488414
vn -0.001427 0.999931 -0.011699
vn -0.036088 0.954544 -0.295877
vn -0.073859 0.285892 -0.955411
vn -0.062987 0.252177 -0.965629
vn -0.108062 0.436009 -0.893431
vn -0.101576 0.397003 -0.912179
vn -0.135747 0.642378 -0.75427
vn -0.093271 0.357826 -0.929119
vn -0.130878 0.647392 -0.750836
vn -0.08399 0.321169 -0.94329
vn -0.145028 0.813039 -0.563857
vn -0.00131 0.999931 -0.011671
vn -0.001354 0.999931 -0.011711
vn -0.03423 0.954526 -0.296155
vn -0.079538 0.968768 -0.234867
vn 0.016958 0.884851 -0.465565
vn -0.00597 0.99818 -0.060012
vn -0.005601 0.99817 -0.060209
vn -0.034066 0.987108 -0.156387
vn -0.147754 0.883899 -0.443724
vn -0.232039 0.84814 -0.476252
vn -0.1174 0.897401 -0.42531
vn -0.184818 0.868231 -0.460453
vn -0.293255 0.821102 -0.489687
vn 0.005683 0.945797 -0.324708
vn -0.062022 0.994945 -0.078974
vn -0.098661 0.462274 -0.881231
vn -0.05504 0.578983 -0.813479
vn -0.065252 0.547371 -0.834342
vn -0.073553 0.513698 -0.854813
vn -0.093919 0.390767 -0.915686
vn -0.188525 0.064642 -0.979939
vn -0.142698 0.170387 -0.97499
vn -0.073582 0.46381 -0.882874
vn -0.818515 0.512542 -0.259488
vn -0.115739 0.247254 -0.962013
vn -0.097283 0.319208 -0.942678
vn -0.076405 0.995904 0.048341
vn -0.283889 0.949953 -0.130367
vn -0.311432 0.944914 -0.100734
vn -0.020588 0.999766 -0.006659
vn -0.020585 0.999766 -0.00666
vn -0.590002 0.771335 -0.238621
vn -0.80169 0.577103 -0.155709
vn -0.79826 0.515989 -0.310702
vn -0.586315 0.792883 -0.166046
vn -0.037718 0.994534 -0.097365
vn -0.304606 0.951006 -0.05294
vn -0.42982 0.878942 -0.206676
vn -0.070798 0.997209 -0.023708
vn -0.453958 0.87796 -0.152014
vn -0.070726 0.9972 -0.024287
vn -0.454751 0.876821 -0.156159
vn -0.070592 0.997221 -0.023824
vn -0.067807 0.997194 -0.031707
vn -0.456789 0.876718 -0.150696
vn -0.433726 0.877923 -0.202811
vn -0.901603 0.356726 -0.244659
vn -0.866304 0.442772 -0.231236
vn -0.873119 0.439652 -0.210642
vn -0.763213 0.589748 -0.264014
vn -0.835552 0.510451 -0.203206
vn -0.852021 0.467241 -0.236105
vn -0.911717 0.255972 -0.321325
vn -0.878635 0.417946 -0.230915
vn -0.067606 0.997207 -0.031732
vn -0.253426 0.952072 -0.171273
vn -0.100599 0.994083 0.040963
vn -0.019464 0.999766 -0.009437
vn -0.294452 0.944911 -0.142973
vn -0.016335 0.996291 -0.084488
vn -0.019475 0.999766 -0.009456
vn -0.297587 0.948983 -0.104278
vn -0.792922 0.51201 -0.330335
vn -0.536574 0.793911 -0.285994
vn -0.682388 0.582998 -0.440977
vn -0.592987 0.769135 -0.238323
vn -0.063388 0.9972 -0.039676
vn -0.407458 0.876888 -0.25504
vn -0.062936 0.997221 -0.039879
vn -0.429756 0.879791 -0.203166
vn -0.403822 0.877974 -0.257079
vn -0.062974 0.99721 -0.04009
vn -0.233961 0.950614 -0.203949
vn -0.09717 0.994712 0.033252
vn -0.012376 0.99585 -0.090166
vn -0.274272 0.944915 -0.178636
vn -0.018132 0.999766 -0.01181
vn -0.873261 0.417914 -0.250524
vn -0.901757 0.366918 -0.228485
vn -0.8755 0.160645 -0.455733
vn -0.098534 0.994729 -0.028389
vn -0.009898 0.997802 -0.06552
vn 0.029999 0.992521 -0.118332
vn -0.016958 0.999844 -0.005014
vn -0.2791 0.950232 -0.138425
vn -0.018128 0.999766 -0.01181
vn -0.743199 0.51733 -0.424293
vn -0.555767 0.772224 -0.307886
vn -0.627417 0.574879 -0.525226
vn -0.4986 0.792502 -0.351195
vn -0.190731 0.949214 -0.250229
vn -0.086634 0.996192 0.009795
vn -0.015007 0.999766 -0.015579
vn -0.22719 0.944913 -0.235637
vn -0.015025 0.999766 -0.015584
vn -0.409758 0.769618 -0.48968
vn -0.43837 0.793672 -0.421801
vn -0.559275 0.512956 -0.651221
vn -0.631524 0.58166 -0.512688
vn -0.284112 0.877218 -0.387
vn -0.241924 0.951829 -0.188401
vn -0.3272 0.877951 -0.349488
vn -0.051165 0.997194 -0.05465
vn -0.051123 0.997208 -0.054429
vn 0.008872 0.994188 -0.107292
vn -0.288473 0.92697 -0.239814
vn -0.308605 0.846767 -0.4333
vn -0.281271 0.877758 -0.38785
vn -0.043924 0.997197 -0.060567
vn -0.235802 0.873942 -0.424997
vn -0.043914 0.997204 -0.060465
vn -0.044626 0.99721 -0.059846
vn -0.192759 0.955125 -0.224903
vn 0.025511 0.999082 -0.034405
vn -0.088129 0.949741 -0.300376
vn -0.085454 0.996028 -0.02502
vn -0.008453 0.999766 -0.019915
vn -0.008459 0.999766 -0.019919
vn -0.127944 0.944915 -0.301275
vn -0.206826 0.770992 -0.602324
vn -0.288678 0.515233 -0.80697
vn -0.258623 0.793063 -0.551513
vn -0.406939 0.57812 -0.707233
vn -0.028301 0.99721 -0.069078
vn 0.048239 0.994471 -0.093275
vn -0.125932 0.878571 -0.46071
vn -0.180554 0.87803 -0.443243
vn -0.028248 0.997193 -0.069346
vn -0.159272 0.951197 -0.264305
vn -0.020312 0.997208 -0.07186
vn -0.020477 0.997194 -0.072006
vn -0.130957 0.877945 -0.460504
vn -0.185403 0.87709 -0.443101
vn -0.036752 0.951884 -0.304248
vn -0.005621 0.999766 -0.020888
vn -0.096658 0.994158 -0.048031
vn -0.005615 0.999766 -0.020907
vn 0.053296 0.996187 -0.069069
vn -0.084905 0.944913 -0.316118
vn -0.116335 0.949182 -0.292436
vn -0.270026 0.512792 -0.814942
vn -0.135589 0.793723 -0.592975
vn -0.208711 0.769473 -0.603615
vn -0.113735 0.581979 -0.805211
vn -0.080376 0.756272 -0.649301
vn -0.16863 0.84513 -0.507267
vn 0.284086 0.61903 -0.732186
vn -0.014707 0.949928 -0.312121
vn -0.036683 0.954379 -0.296337
vn -0.066612 0.9116 -0.405646
vn -0.099803 0.648898 -0.754301
vn -0.072667 0.728817 -0.680841
vn -0.027283 0.71585 -0.697721
vn -0.037515 0.914311 -0.403273
vn -0.018166 0.901624 -0.43214
vn -0.117149 0.404439 -0.907031
vn -0.063282 0.264626 -0.962273
vn -0.126662 0.029493 -0.991507
vn -0.054449 0.91694 -0.395293
vn -0.02394 0.980848 -0.1933
vn -0.035878 0.923572 -0.381742
vn 0.010709 0.999047 -0.042324
vn -0.022397 0.923363 -0.383273
vn 0.019963 0.998857 -0.043427
vn -0.109014 0.427417 -0.897458
vn -0.056963 0.704062 -0.70785
vn -0.087917 0.693879 -0.714704
vn -0.090387 0.549707 -0.830453
vn -0.079561 0.440486 -0.894227
vn -0.102095 0.514534 -0.85137
vn -0.125775 0.46356 -0.877093
vn -0.133264 0.452889 -0.881551
vn -0.07629 0.727159 -0.682217
vn -0.097668 0.730649 -0.675731
vn -0.083995 0.583485 -0.807768
vn -0.217641 0.961238 -0.169276
vn -0.003423 0.999991 -0.002663
vn -0.003397 0.999991 -0.002667
vn -0.21781 0.961022 -0.170278
vn -0.216448 0.961282 -0.170551
vn -0.003401 0.999991 -0.00268
vn -0.00339 0.999991 -0.002706
vn -0.003363 0.999991 -0.002709
vn -0.215771 0.961178 -0.17199
vn -0.215492 0.961237 -0.172009
vn -0.214406 0.961237 -0.173361
vn -0.734691 0.329197 -0.593176
vn -0.756896 -0.194455 -0.623936
vn -0.777636 -0.032972 -0.627849
vn -0.176786 0.961048 -0.212445
vn -0.002753 0.999991 -0.003328
vn -0.002782 0.999991 -0.003328
vn -0.176828 0.961236 -0.211557
vn -0.002754 0.999991 -0.003338
vn -0.175362 0.961295 -0.212511
vn -0.00274 0.999991 -0.003363
vn -0.002711 0.999991 -0.003362
vn -0.174149 0.961237 -0.213766
vn -0.174541 0.961153 -0.213823
vn -0.172796 0.961237 -0.214861
vn -0.480129 -0.222063 -0.848625
vn -0.002033 0.999991 -0.003816
vn -0.1295 0.961236 -0.243424
vn -0.001983 0.999991 -0.003838
vn -0.002013 0.999991 -0.003843
vn -0.127768 0.961072 -0.244983
vn -0.127969 0.961236 -0.244232
vn -0.001983 0.999991 -0.003844
vn -0.126322 0.961301 -0.244832
vn -0.001965 0.999991 -0.003868
vn -0.125357 0.961129 -0.246
vn -0.124882 0.961237 -0.245822
vn -0.474532 0.054014 -0.87858
vn -0.444748 0.352353 -0.823436
vn -0.144702 -0.203966 -0.968225
vn -0.001308 0.999885 -0.015079
vn -0.139728 0.940478 -0.309803
vn -0.075965 0.95453 -0.288274
vn -0.034736 0.968587 -0.246238
vn -0.017573 0.980125 -0.197599
vn -0.001255 0.999885 -0.015142
vn 0.007398 0.999865 -0.014703
vn -0.373132 0.922725 -0.096697
vn -0.263561 0.95648 -0.125226
vn -0.521528 0.837864 -0.161222
vn -0.526208 0.836755 -0.151478
vn -0.526219 0.836676 -0.151879
vn -0.286622 0.954625 -0.080861
vn -0.283842 0.955281 -0.082899
vn -0.852747 0.461702 -0.244239
vn -0.920203 0.064377 -0.386112
vn -0.931285 0.255712 -0.259461
vn -0.878907 0.412512 -0.239489
vn -0.525969 0.836793 -0.1521
vn -0.283777 0.955372 -0.082063
vn -0.944841 0.195328 -0.26291
vn -0.525254 0.836678 -0.155169
vn -0.525224 0.836972 -0.15368
vn -0.28335 0.955426 -0.082908
vn -0.779796 0.582109 -0.230364
vn -0.944839 0.191018 -0.266068
vn -0.778508 0.586036 -0.224695
vn -0.448251 0.866639 -0.219106
vn -0.303346 0.950467 -0.067781
vn -0.069432 0.996227 -0.052067
vn -0.458458 0.877703 -0.139478
vn -0.071491 0.997204 -0.02175
vn -0.071183 0.99722 -0.022043
vn -0.071249 0.997212 -0.022165
vn -0.945405 0.161022 -0.283341
vn -0.781904 0.577677 -0.23434
vn -0.948068 -0.02323 -0.317219
vn -0.070319 0.997218 -0.024723
vn -0.455401 0.875738 -0.160292
vn -0.070339 0.997216 -0.024758
vn -0.451473 0.877433 -0.162123
vn -0.070337 0.997203 -0.025258
vn -0.070001 0.997218 -0.025606
vn -0.070022 0.997216 -0.025644
vn -0.449276 0.877769 -0.166352
vn -0.449411 0.878032 -0.164589
vn -0.448882 0.877883 -0.166813
vn -0.070016 0.997207 -0.026019
vn -0.448295 0.877917 -0.168205
vn -0.069922 0.997207 -0.026235
vn -0.448212 0.877769 -0.169196
vn -0.069672 0.997218 -0.026486
vn -0.069695 0.997216 -0.026528
vn -0.447128 0.877771 -0.172032
vn -0.447294 0.878032 -0.170257
vn -0.44674 0.877882 -0.172472
vn -0.069681 0.997207 -0.026902
vn -0.446031 0.877771 -0.174854
vn -0.446132 0.877919 -0.173853
vn -0.069584 0.997207 -0.027116
vn -0.069332 0.997218 -0.027361
vn -0.069355 0.997215 -0.027406
vn -0.44511 0.878033 -0.175887
vn -0.444916 0.877772 -0.177666
vn -0.444539 0.877879 -0.178084
vn -0.069337 0.997207 -0.027776
vn -0.755607 0.586975 -0.290718
vn -0.783679 0.557189 -0.27457
vn -0.763696 0.580352 -0.282771
vn -0.75861 0.585239 -0.286369
vn -0.936875 0.120505 -0.328244
vn -0.44379 0.877772 -0.180464
vn -0.443905 0.877917 -0.17947
vn -0.069235 0.997208 -0.027992
vn -0.068982 0.997218 -0.028232
vn -0.916042 0.187567 -0.354523
vn -0.755317 0.586553 -0.29232
vn -0.753755 0.586976 -0.295488
vn -0.754319 0.586652 -0.294689
vn -0.913974 0.192768 -0.357061
vn -0.442647 0.877771 -0.183251
vn -0.442862 0.878031 -0.181478
vn -0.069005 0.997215 -0.028277
vn -0.753442 0.586551 -0.297125
vn -0.912097 0.196726 -0.359691
vn -0.068981 0.997207 -0.028648
vn -0.442259 0.877879 -0.183671
vn -0.751875 0.586974 -0.300243
vn -0.752431 0.586657 -0.299467
vn -0.910462 0.199377 -0.362363
vn -0.441486 0.877772 -0.186027
vn -0.068622 0.997218 -0.029099
vn -0.441613 0.877917 -0.18504
vn -0.068878 0.997208 -0.028861
vn -0.909043 0.200794 -0.365135
vn -0.751549 0.586554 -0.301874
vn -0.75052 0.586664 -0.304213
vn -0.74997 0.586974 -0.30497
vn -0.907853 0.200971 -0.367986
vn -0.440312 0.877772 -0.188789
vn -0.440544 0.878031 -0.187034
vn -0.068643 0.997216 -0.029143
vn -0.749634 0.586556 -0.306594
vn -0.906894 0.199921 -0.370911
vn -0.068616 0.997207 -0.029513
vn -0.439912 0.877881 -0.189213
vn -0.748594 0.586663 -0.308923
vn -0.748038 0.586972 -0.30968
vn -0.90615 0.197636 -0.373942
vn -0.068511 0.997207 -0.029724
vn -0.439253 0.877916 -0.190577
vn -0.439119 0.877774 -0.191541
vn -0.068251 0.997218 -0.029961
vn -0.747699 0.586558 -0.311282
vn -0.905622 0.194158 -0.377029
vn -0.905291 0.189455 -0.380204
vn -0.746659 0.586657 -0.313582
vn -0.745854 0.581254 -0.325338
vn -0.744976 0.585648 -0.319417
vn -0.746076 0.586976 -0.31437
vn -0.438161 0.878033 -0.192547
vn -0.06827 0.997216 -0.030001
vn -0.437719 0.877566 -0.195653
vn -0.068229 0.997203 -0.030497
vn -0.067868 0.997218 -0.030818
vn -0.439048 0.876018 -0.199571
vn -0.067886 0.997216 -0.030858
vn -0.066713 0.997215 -0.033342
vn -0.066652 0.997219 -0.033358
vn -0.427474 0.87759 -0.21703
vn -0.066638 0.997204 -0.033832
vn -0.902269 -0.026467 -0.43036
vn -0.901702 0.127503 -0.41313
vn -0.754013 0.558676 -0.345464
vn -0.066286 0.997215 -0.03418
vn -0.425382 0.878031 -0.219344
vn -0.425225 0.87777 -0.220688
vn -0.066226 0.997219 -0.034195
vn -0.066211 0.997208 -0.034541
vn -0.424512 0.87792 -0.221461
vn -0.066116 0.997207 -0.034755
vn -0.423889 0.877876 -0.222825
vn -0.423822 0.87777 -0.223371
vn -0.422399 0.877772 -0.226044
vn -0.065846 0.997215 -0.035014
vn -0.422576 0.87803 -0.224706
vn -0.065792 0.997218 -0.035027
vn -0.421692 0.877919 -0.226789
vn -0.065771 0.997208 -0.035372
vn -0.420966 0.87777 -0.228707
vn -0.065672 0.997206 -0.035587
vn -0.421042 0.877877 -0.228157
vn -0.419712 0.87803 -0.230013
vn -0.0654 0.997215 -0.035841
vn -0.419515 0.877771 -0.231355
vn -0.065345 0.997218 -0.035853
vn -0.713823 0.586971 -0.381998
vn -0.725936 0.577353 -0.373739
vn -0.722222 0.581293 -0.374826
vn -0.878136 0.156477 -0.452097
vn -0.717041 0.585693 -0.377909
vn -0.065319 0.997208 -0.0362
vn -0.418794 0.87792 -0.232096
vn -0.713615 0.586676 -0.382837
vn -0.865272 0.18928 -0.464196
vn -0.418131 0.877878 -0.233445
vn -0.418047 0.877773 -0.233991
vn -0.065218 0.997206 -0.036412
vn -0.711398 0.58697 -0.386496
vn -0.71247 0.586547 -0.385161
vn -0.862949 0.194131 -0.466511
vn -0.711179 0.586674 -0.387347
vn -0.860869 0.197634 -0.468877
vn -0.416566 0.877773 -0.236616
vn -0.416779 0.878031 -0.235279
vn -0.064888 0.997218 -0.036673
vn -0.064943 0.997215 -0.036661
vn -0.708946 0.586974 -0.39097
vn -0.858965 0.199933 -0.471387
vn -0.710022 0.586551 -0.38965
vn -0.415841 0.87792 -0.237344
vn -0.064858 0.997208 -0.037018
vn -0.708712 0.586667 -0.391854
vn -0.857282 0.200977 -0.473999
vn -0.415071 0.877773 -0.23923
vn -0.41516 0.877877 -0.23869
vn -0.064755 0.997206 -0.03723
vn -0.706471 0.58697 -0.395429
vn -0.707556 0.586548 -0.394114
vn -0.855827 0.200785 -0.476702
vn -0.706236 0.586668 -0.396297
vn -0.854576 0.199361 -0.479537
vn -0.413785 0.878031 -0.240508
vn -0.064477 0.997215 -0.037476
vn -0.064421 0.997218 -0.037488
vn -0.413559 0.877774 -0.241829
vn -0.853528 0.196705 -0.48249
vn -0.703974 0.586965 -0.399867
vn -0.705061 0.586547 -0.398563
vn -0.41283 0.877919 -0.242547
vn -0.064388 0.997208 -0.03783
vn -0.703739 0.586669 -0.400714
vn -0.852685 0.192855 -0.485525
vn -0.064281 0.997206 -0.038041
vn -0.412038 0.877774 -0.244413
vn -0.41213 0.877874 -0.243897
vn -0.701446 0.586964 -0.404285
vn -0.85202 0.187753 -0.488683
vn -0.70256 0.586543 -0.402959
vn -0.700431 0.58032 -0.415483
vn -0.70001 0.585179 -0.40933
vn -0.064003 0.997215 -0.038284
vn -0.410734 0.87803 -0.245683
vn -0.063943 0.997219 -0.038295
vn -0.410157 0.877404 -0.248863
vn -0.063893 0.997204 -0.038767
vn -0.411238 0.875694 -0.253068
vn -0.063517 0.997215 -0.039087
vn -0.063456 0.997218 -0.039098
vn -0.062071 0.997212 -0.041426
vn -0.061918 0.99722 -0.041456
vn -0.396876 0.87772 -0.268508
vn -0.061891 0.997204 -0.041873
vn -0.844733 0.12173 -0.52116
vn -0.843141 -0.024361 -0.53714
vn -0.706548 0.557473 -0.435906
vn -0.394746 0.878005 -0.270708
vn -0.061544 0.997212 -0.042205
vn -0.061391 0.99722 -0.042233
vn -0.394604 0.877796 -0.271591
vn -0.061369 0.997209 -0.042515
vn -0.393561 0.877936 -0.272649
vn -0.392877 0.877797 -0.27408
vn -0.392888 0.877814 -0.274012
vn -0.061271 0.997206 -0.042732
vn -0.391297 0.878007 -0.275664
vn -0.39114 0.877797 -0.276555
vn -0.061006 0.997212 -0.042978
vn -0.060855 0.99722 -0.043003
vn -0.3901 0.877935 -0.277582
vn -0.060829 0.997209 -0.043284
vn -0.389388 0.877797 -0.279016
vn -0.3894 0.877812 -0.27895
vn -0.060726 0.997206 -0.043502
vn -0.387791 0.878007 -0.280575
vn -0.387622 0.877797 -0.281464
vn -0.060459 0.997212 -0.043743
vn -0.060308 0.99722 -0.043767
vn -0.661105 0.586896 -0.467433
vn -0.66453 0.586075 -0.463591
vn -0.674472 0.577431 -0.460066
vn -0.815436 0.160264 -0.556219
vn -0.669779 0.582142 -0.460984
vn -0.386567 0.877936 -0.28248
vn -0.060278 0.997209 -0.044048
vn -0.661074 0.586854 -0.467529
vn -0.801433 0.190917 -0.566794
vn -0.385843 0.877797 -0.283898
vn -0.060174 0.997206 -0.044262
vn -0.385857 0.877814 -0.283827
vn -0.658142 0.586898 -0.471592
vn -0.659806 0.586501 -0.469759
vn -0.798937 0.195315 -0.568816
vn -0.65811 0.586854 -0.471692
vn -0.796621 0.198471 -0.570968
vn -0.059752 0.99722 -0.044522
vn -0.384231 0.878006 -0.285432
vn -0.059904 0.997212 -0.0445
vn -0.655155 0.586903 -0.475728
vn -0.656826 0.586505 -0.47391
vn -0.794504 0.200375 -0.573247
vn -0.655116 0.586853 -0.475843
vn -0.792571 0.201049 -0.575683
vn -0.218643 0.961238 -0.16798
vn -0.003434 0.999991 -0.002638
vn -0.065297 0.997861 0.003178
vn -0.00343 0.999991 -0.002623
vn -0.652148 0.586903 -0.479842
vn -0.796762 0.2075 -0.567551
vn -0.653826 0.586507 -0.478038
vn -0.790858 0.20049 -0.578228
vn -0.666411 0.605593 -0.434917
vn -0.72456 0.404566 -0.557977
vn -0.711173 0.470276 -0.522565
vn -0.686387 0.440594 -0.578576
vn -0.42557 0.840783 -0.334626
vn -0.490374 0.811912 -0.316752
vn -0.601446 0.643904 -0.472917
vn -0.588208 0.652653 -0.477551
vn -0.425531 0.841578 -0.332669
vn -0.003368 0.999991 -0.002725
vn -0.214267 0.961266 -0.17337
vn -0.423985 0.840784 -0.33663
vn -0.599206 0.643905 -0.47575
vn -0.42289 0.841154 -0.337082
vn -0.213516 0.961219 -0.174553
vn -0.003356 0.999991 -0.002744
vn -0.213486 0.961172 -0.174849
vn -0.422727 0.840847 -0.338051
vn -0.598434 0.642538 -0.478562
vn -0.4218 0.840739 -0.339474
vn -0.598392 0.640305 -0.481598
vn -0.420016 0.839791 -0.344001
vn -0.42069 0.84102 -0.340154
vn -0.003336 0.999991 -0.002753
vn -0.212467 0.961301 -0.175381
vn -0.00333 0.999991 -0.002752
vn -0.003328 0.999991 -0.002783
vn -0.003298 0.999991 -0.002797
vn -0.59792 0.642801 -0.478851
vn -0.43303 0.812941 -0.389373
vn -0.679756 0.458376 -0.572558
vn -0.056264 0.997216 -0.048945
vn -0.056037 0.997204 -0.049445
vn -0.055609 0.997219 -0.04962
vn -0.055618 0.997214 -0.049703
vn -0.356875 0.878026 -0.31892
vn -0.355965 0.877776 -0.320622
vn -0.055461 0.997206 -0.050036
vn -0.355587 0.877862 -0.320807
vn -0.055287 0.997208 -0.050196
vn -0.354488 0.877926 -0.321845
vn -0.353938 0.877776 -0.322858
vn -0.05498 0.997219 -0.050316
vn -0.352826 0.878027 -0.323393
vn -0.054988 0.997214 -0.050401
vn -0.351895 0.877777 -0.325081
vn -0.351521 0.877861 -0.325258
vn -0.054827 0.997206 -0.050731
vn -0.350407 0.877926 -0.326283
vn -0.05465 0.997208 -0.050888
vn -0.349843 0.877776 -0.327291
vn -0.054342 0.997219 -0.051004
vn -0.576984 0.605416 -0.548235
vn -0.69318 0.389785 -0.606276
vn -0.598144 0.58696 -0.54562
vn -0.602594 0.585055 -0.542763
vn -0.726312 0.191219 -0.660232
vn -0.348724 0.878027 -0.327812
vn -0.054348 0.997214 -0.051089
vn -0.347771 0.877777 -0.329488
vn -0.597098 0.58653 -0.547225
vn -0.722866 0.196406 -0.662488
vn -0.054183 0.997206 -0.051418
vn -0.347393 0.877862 -0.329662
vn -0.594694 0.586959 -0.54938
vn -0.595268 0.586716 -0.549019
vn -0.720356 0.199185 -0.664389
vn -0.053695 0.997219 -0.051685
vn -0.054006 0.997208 -0.051572
vn -0.345695 0.877776 -0.331669
vn -0.346273 0.877926 -0.330667
vn -0.593635 0.58653 -0.550981
vn -0.718033 0.200717 -0.66644
vn -0.591796 0.586716 -0.552759
vn -0.591226 0.586957 -0.553113
vn -0.715882 0.201017 -0.668659
vn -0.343598 0.877777 -0.333838
vn -0.053701 0.997214 -0.051769
vn -0.344569 0.878027 -0.332177
vn -0.590157 0.586528 -0.554707
vn -0.713918 0.200088 -0.671034
vn -0.053532 0.997206 -0.052095
vn -0.343218 0.877862 -0.334007
vn -0.712123 0.197925 -0.673577
vn -0.587725 0.586959 -0.556828
vn -0.588312 0.586713 -0.556468
vn -0.05304 0.997219 -0.052357
vn -0.341492 0.877776 -0.335994
vn -0.053351 0.997208 -0.052248
vn -0.342079 0.877926 -0.335005
vn -0.586651 0.586532 -0.558409
vn -0.710491 0.194522 -0.676287
vn -0.709018 0.189885 -0.679145
vn -0.584215 0.586958 -0.560511
vn -0.581278 0.585794 -0.564767
vn -0.579892 0.581542 -0.570556
vn -0.584797 0.586715 -0.560159
vn -0.053045 0.997214 -0.05244
vn -0.340363 0.878026 -0.336487
vn -0.052814 0.997204 -0.052874
vn -0.338763 0.87762 -0.339149
vn -0.052376 0.997219 -0.053021
vn -0.05238 0.997214 -0.053104
vn -0.579972 0.57751 -0.574556
vn -0.688135 -0.025235 -0.725144
vn -0.701479 0.158118 -0.694928
vn -0.050368 0.997217 -0.054975
vn -0.050346 0.997218 -0.054972
vn -0.32589 0.875941 -0.3557
vn -0.050138 0.997203 -0.055422
vn -0.321696 0.877532 -0.355598
vn -0.318839 0.878033 -0.35693
vn -0.049649 0.997218 -0.055602
vn -0.049671 0.997217 -0.055605
vn -0.3181 0.877769 -0.358238
vn -0.3173 0.877909 -0.358604
vn -0.049491 0.997207 -0.055933
vn -0.049317 0.997207 -0.056093
vn -0.316185 0.877893 -0.359625
vn -0.315836 0.87777 -0.360234
vn -0.048966 0.997217 -0.056226
vn -0.314317 0.878034 -0.360917
vn -0.048945 0.997218 -0.056223
vn -0.31356 0.877769 -0.362218
vn -0.312754 0.877909 -0.362575
vn -0.048782 0.997207 -0.056553
vn -0.097757 0.995135 -0.012251
vn -0.002794 0.999991 -0.003292
vn -0.002795 0.999991 -0.003305
vn -0.672111 0.125118 -0.729803
vn -0.562098 0.558142 -0.610346
vn -0.54042 0.580984 -0.608609
vn -0.534421 0.585533 -0.609545
vn -0.529885 0.586977 -0.612111
vn -0.529201 0.58662 -0.613044
vn -0.641688 0.188847 -0.743353
vn -0.638738 0.193711 -0.744641
vn -0.527297 0.586577 -0.614724
vn -0.526009 0.586984 -0.615439
vn -0.635885 0.197392 -0.746115
vn -0.525313 0.586624 -0.616375
vn -0.489218 0.643898 -0.588269
vn -0.586678 0.397657 -0.705463
vn -0.578901 0.586248 -0.566734
vn -0.550356 0.428328 -0.716689
vn -0.671257 0.181487 -0.718663
vn -0.573432 0.461202 -0.677103
vn -0.633243 0.199766 -0.747728
vn -0.485039 0.643902 -0.591716
vn -0.341922 0.84121 -0.418875
vn -0.343203 0.840782 -0.418686
vn -0.002713 0.999991 -0.003376
vn -0.172604 0.961278 -0.214833
vn -0.341581 0.84088 -0.419814
vn -0.171575 0.961175 -0.216111
vn -0.002698 0.999991 -0.003394
vn -0.171631 0.961209 -0.215919
vn -0.33906 0.841006 -0.421602
vn -0.340408 0.840725 -0.421075
vn -0.336793 0.840603 -0.424213
vn -0.338932 0.840885 -0.421945
vn -0.170211 0.961175 -0.21719
vn -0.002669 0.999991 -0.003397
vn -0.17042 0.961298 -0.21648
vn -0.002676 0.999991 -0.0034
vn -0.449768 0.698701 -0.55635
vn -0.447755 0.69914 -0.557421
vn -0.484166 0.642909 -0.593508
vn -0.483082 0.643525 -0.593723
vn -0.540118 0.62813 -0.560112
vn -0.16949 0.961251 -0.217416
vn -0.002664 0.999991 -0.003417
vn -0.1686 0.961188 -0.218383
vn -0.002625 0.999991 -0.003429
vn -0.00265 0.999991 -0.003432
vn -0.002625 0.999991 -0.003445
vn -0.594602 -0.027275 -0.803558
vn -0.497973 0.568816 -0.654577
vn -0.043147 0.997213 -0.060867
vn -0.278669 0.876247 -0.39311
vn -0.043029 0.997219 -0.060843
vn -0.274692 0.877673 -0.392727
vn -0.042832 0.997204 -0.061236
vn -0.147809 0.0 -0.989016
vn -0.267239 1e-06 -0.96363
vn -0.147809 0.0 -0.989016
vn -0.382683 1.3e-05 -0.92388
vn -0.267238 1.3e-05 -0.963631
vn -0.492424 1.1e-05 -0.870356
vn -0.382684 1.2e-05 -0.92388
vn -0.594823 1.5e-05 -0.803857
vn -0.492423 1.4e-05 -0.870356
vn -0.688354 1.4e-05 -0.725375
vn -0.594823 1.4e-05 -0.803857
vn -0.771625 9e-06 -0.636078
vn -0.688355 9e-06 -0.725374
vn -0.843391 1.5e-05 -0.5373
vn -0.771625 1.4e-05 -0.636078
vn -0.902585 1.5e-05 -0.430511
vn -0.843391 1.5e-05 -0.5373
vn -0.948324 1.5e-05 -0.317305
vn -0.902585 1.4e-05 -0.430511
vn -0.948324 0.0 -0.317304
vn -0.258819 0.0 0.965926
vn -0.258819 -2e-06 0.965926
vn -0.258819 -2e-06 0.965926
vn 0.14766 -0.003651 0.989031
vn 0.147809 0.0 0.989016
vn 0.267094 -0.000725 0.96367
vn 0.14775 0.000703 0.989024
vn 0.382545 -0.000721 0.923937
vn 0.267239 0.000706 0.96363
vn 0.492293 -0.000724 0.870429
vn 0.382683 0.000703 0.923879
vn 0.594702 -0.000718 0.803946
vn 0.492424 0.000709 0.870355
vn 0.688246 -0.000721 0.725477
vn 0.594823 0.000705 0.803857
vn 0.771529 -0.000721 0.636194
vn 0.688355 0.000707 0.725374
vn 0.843311 -0.000722 0.537426
vn 0.771624 0.000705 0.636078
vn 0.902521 -0.000719 0.430646
vn 0.843391 0.000709 0.537299
vn 0.94827 0.003628 0.317445
vn 0.902585 0.000706 0.430511
vn 0.948304 -0.000722 0.317362
vn 0.948324 -1e-06 0.317304
vn 0.05012 0.959113 0.278551
vn -0.01489 0.973764 0.227075
vn -0.054445 0.986414 0.154996
vn -0.289514 0.142042 0.946576
vn -0.269843 0.189159 0.944142
vn -0.242488 0.257039 0.935484
vn -0.208781 0.349653 0.91332
vn -0.17764 0.44741 0.876509
vn -0.324896 0.059404 0.943882
vn -0.219639 0.252556 0.942324
vn 0.21964 0.949965 0.222091
vn 0.05015 0.959124 0.278507
vn -0.176789 0.032525 0.983711
vn -0.190493 0.12672 0.973475
vn -0.196224 0.220892 0.955355
vn -0.19423 0.312413 0.929878
vn -0.219639 0.252554 0.942324
vn -0.207683 0.525041 0.825348
vn -0.141576 0.628729 0.764628
vn -0.089209 0.723339 0.684705
vn -0.061039 0.804605 0.590666
vn -0.065972 0.86971 0.489133
vn -0.117734 0.912884 0.390872
vn -0.12872 0.624425 0.770405
vn 0.048364 0.860911 0.506452
vn -0.107598 0.594631 0.796766
vn -0.079701 0.792373 0.604808
vn -0.133555 0.599222 0.789365
vn -0.061312 0.790147 0.609843
vn -0.061127 0.789081 0.61124
vn -0.134355 0.598299 0.789929
vn -0.060032 0.789979 0.610187
vn -0.133383 0.598176 0.790187
vn -0.093169 0.351721 0.931457
vn -0.112427 0.46995 0.875504
vn -0.116927 0.581581 0.805042
vn -0.10257 0.686756 0.719614
vn -0.063628 0.773808 0.630216
vn -0.000482 0.835031 0.550203
vn -0.154771 0.591953 0.790973
vn -0.049915 0.788607 0.612868
vn -0.143971 0.599533 0.787295
vn 0.018068 0.923557 0.383034
vn 0.101602 0.940152 0.325256
vn 0.212762 0.918317 0.333805
vn -0.064787 0.819177 0.56987
vn -0.040542 0.818254 0.573425
vn 0.085494 0.954075 0.287108
vn 0.198738 0.908085 0.368624
vn 0.940908 0.235279 0.243589
vn 0.901734 0.345427 0.259915
vn 0.899652 0.345032 0.267544
vn 0.856453 0.451444 0.250372
vn 0.892277 0.384641 0.236415
vn 0.810228 0.542738 0.221283
vn 0.857089 0.457722 0.236409
vn 0.748863 0.633396 0.194971
vn 0.809329 0.539128 0.233083
vn 0.712577 0.38338 0.587583
vn 0.738665 0.313186 0.596899
vn 0.567191 0.684269 0.458335
vn 0.618724 0.236766 0.749081
vn 0.477028 0.662496 0.577532
vn 0.474099 0.662496 0.579939
vn 0.222913 0.935925 0.272678
vn 0.355801 0.662423 0.659243
vn 0.198095 0.908868 0.367039
vn 0.338889 0.662494 0.668024
vn 0.438624 0.245026 0.864622
vn 0.318248 0.635094 0.703828
vn 0.047773 0.927262 0.371352
vn 0.999421 -0.007739 0.033145
vn 0.994176 0.043927 0.098414
vn 0.974604 0.126299 0.184922
vn 0.932254 0.250139 0.261404
vn 0.923903 0.336911 0.181371
vn 0.913936 0.325446 0.242498
vn 0.516325 0.83952 0.16916
vn 0.881329 0.369071 0.295035
vn 0.579359 0.801616 0.147495
vn 0.548704 0.82697 0.122661
vn 0.52896 0.842085 0.105327
vn 0.514058 0.852867 0.091445
vn 0.684659 0.672193 0.28178
vn 0.706303 0.63896 0.30474
vn 0.825619 0.48999 0.279757
vn 0.895712 0.324935 0.303508
vn 0.76007 0.61334 0.214729
vn 0.781541 0.576904 0.237436
vn 0.86275 0.344653 0.369969
vn 0.858466 0.363823 0.361483
vn 0.323384 0.93942 0.113636
vn 0.347435 0.929444 0.12419
vn 0.605889 0.766531 0.212906
vn 0.275111 0.95497 0.111117
vn 0.84044 0.364472 0.401024
vn 0.903348 0.185902 0.386527
vn 0.854365 0.315772 0.412732
vn 0.75023 0.552994 0.362426
vn 0.329598 0.929494 0.16555
vn 0.575432 0.766506 0.285213
vn 0.307284 0.93935 0.152305
vn 0.259503 0.954973 0.143823
vn 0.785226 0.364705 0.50041
vn 0.849483 0.185932 0.493769
vn 0.797784 0.315333 0.513912
vn 0.700456 0.55296 0.451217
vn 0.286586 0.939278 0.188749
vn 0.306861 0.929543 0.204414
vn 0.536374 0.76649 0.353264
vn 0.816348 0.152072 0.55718
vn 0.666657 0.527017 0.527088
vn 0.240023 0.954977 0.174379
vn 0.277741 0.936223 0.215281
vn 0.592131 0.662365 0.45897
vn 0.634717 0.66201 0.398594
vn 0.32904 0.933476 0.142671
vn 0.441283 0.808448 0.389462
vn 0.295418 0.921684 0.251449
vn 0.308082 0.913792 0.264706
vn 0.593225 0.626999 0.504932
vn 0.186174 0.960093 0.208713
vn 0.704732 0.185995 0.684659
vn 0.640718 0.365164 0.675378
vn 0.64986 0.314468 0.691948
vn 0.570432 0.552904 0.607375
vn 0.23263 0.93914 0.252783
vn 0.251858 0.927777 0.275311
vn 0.248131 0.929639 0.272399
vn 0.43495 0.766446 0.47263
vn 0.553581 0.365391 0.748356
vn 0.591324 0.265757 0.761386
vn 0.492126 0.55287 0.672418
vn 0.56072 0.314038 0.766142
vn 0.200181 0.93907 0.279418
vn 0.374084 0.766429 0.522157
vn 0.213013 0.929688 0.300508
vn 0.161544 0.954986 0.248809
vn 0.542515 0.167591 0.823159
vn 0.458988 0.361565 0.811542
vn 0.351607 0.693823 0.628476
vn 0.461852 0.324332 0.825531
vn 0.400561 0.194471 0.895395
vn 0.398374 0.496275 0.771369
vn 0.283268 0.782281 0.554794
vn 0.110574 0.958302 0.263498
vn 0.356026 0.365842 0.859887
vn 0.412448 0.186088 0.891773
vn 0.358702 0.313189 0.879344
vn 0.314743 0.552814 0.771579
vn 0.133898 0.929784 0.342888
vn 0.236585 0.766389 0.597223
vn 0.126736 0.938928 0.319925
vn 0.096524 0.954992 0.280489
vn 0.248553 0.366081 0.896776
vn 0.300654 0.186122 0.935396
vn 0.218311 0.552782 0.804221
vn 0.248836 0.312732 0.916668
vn 0.086828 0.938856 0.333183
vn 0.091082 0.929832 0.356533
vn 0.161999 0.766372 0.621635
vn 0.061608 0.954994 0.290157
vn 0.137397 0.366325 0.920287
vn 0.184376 0.186154 0.965066
vn 0.060727 0.676345 0.734078
vn 0.065494 0.697162 0.713916
vn 0.327098 0.847793 0.417436
vn 0.320718 0.849799 0.418307
vn 0.059761 0.761567 0.645325
vn 0.066893 0.882431 0.465661
vn 0.061247 0.909948 0.410174
vn 0.043151 0.95526 0.292604
vn 0.068711 0.826235 0.55912
vn 0.069106 0.85496 0.514069
vn 0.11109 0.901801 0.41763
vn 0.065529 0.794684 0.603477
vn 0.314181 0.851951 0.418891
vn 0.051688 0.727331 0.684337
vn 0.118618 0.552744 0.824866
vn 0.135219 0.312288 0.940315
vn 0.85188 0.443889 0.277963
vn 0.700726 0.685267 0.198473
vn 0.680765 0.698009 0.22213
vn 0.581357 0.785825 0.210958
vn 0.811168 0.505337 0.29435
vn 0.783548 0.527906 0.32767
vn 0.797258 0.509017 0.32447
vn 0.570574 0.787732 0.232213
vn 0.574399 0.785011 0.231999
vn 0.788156 0.516381 0.334905
vn 0.562441 0.791544 0.238994
vn 0.784662 0.521135 0.335743
vn 0.582603 0.778333 0.234032
vn 0.772841 0.520076 0.363646
vn 0.550751 0.793421 0.259146
vn 0.76922 0.505333 0.391075
vn 0.551298 0.785819 0.280283
vn 0.737702 0.52796 0.420778
vn 0.751757 0.509025 0.419232
vn 0.541795 0.785043 0.300276
vn 0.538002 0.787742 0.300027
vn 0.741457 0.516384 0.428473
vn 0.52911 0.79155 0.305762
vn 0.737846 0.521195 0.42888
vn 0.549663 0.778373 0.303324
vn 0.515039 0.793421 0.324375
vn 0.722733 0.520063 0.455182
vn 0.715794 0.505322 0.481962
vn 0.513014 0.78581 0.345425
vn 0.68085 0.528007 0.507594
vn 0.501116 0.785072 0.364065
vn 0.695043 0.509039 0.507735
vn 0.497415 0.787746 0.363365
vn 0.679828 0.206943 0.703568
vn 0.724 0.244147 0.645148
vn 0.556514 0.666612 0.495904
vn 0.423088 0.797503 0.430099
vn 0.642928 0.499738 0.580435
vn 0.503346 0.741074 0.444356
vn 0.484997 0.603871 0.632548
vn 0.647471 0.519835 0.557272
vn 0.439392 0.791561 0.424694
vn 0.615737 0.516407 0.59514
vn 0.612081 0.521298 0.594647
vn 0.591065 0.520037 0.616607
vn 0.421212 0.793408 0.439413
vn 0.459801 0.778441 0.427332
vn 0.577844 0.505303 0.640909
vn 0.414149 0.785798 0.459349
vn 0.537666 0.528097 0.657289
vn 0.38331 0.793253 0.4731
vn 0.525012 0.643132 0.557444
vn 0.547142 0.510246 0.66354
vn 0.424607 0.679802 0.597979
vn 0.404215 0.778479 0.480188
vn 0.364486 0.793407 0.4875
vn 0.511469 0.520019 0.68409
vn 0.495381 0.505297 0.706592
vn 0.355055 0.785785 0.506437
vn 0.453465 0.528149 0.717933
vn 0.466866 0.509062 0.723113
vn 0.33411 0.787765 0.517491
vn 0.337241 0.78516 0.519416
vn 0.478425 0.502574 0.720089
vn 0.304994 0.797998 0.519786
vn 0.415187 0.576663 0.703619
vn 0.298256 0.784015 0.544394
vn 0.479781 0.705438 0.521697
vn 0.214371 0.944125 0.250346
vn 0.382375 0.658233 0.648473
vn 0.180273 0.934897 0.305726
vn 0.358188 0.521461 0.774455
vn 0.257965 0.791575 0.553953
vn 0.361498 0.51644 0.776279
vn 0.275878 0.778551 0.563693
vn 0.330666 0.52 0.787566
vn 0.235642 0.793398 0.561242
vn 0.22191 0.78577 0.57734
vn 0.309608 0.505281 0.805502
vn 0.266137 0.528245 0.806305
vn 0.278018 0.509086 0.814578
vn 0.201493 0.785219 0.585519
vn 0.19896 0.787778 0.582942
vn 0.264179 0.516451 0.814547
vn 0.188517 0.791582 0.581257
vn 0.261092 0.521519 0.812311
vn 0.205047 0.778588 0.593091
vn 0.23216 0.51998 0.822023
vn 0.165443 0.793395 0.585792
vn 0.209069 0.505276 0.83725
vn 0.14985 0.785766 0.600097
vn 0.165805 0.528294 0.832715
vn 0.126415 0.787785 0.602838
vn 0.128602 0.785245 0.605683
vn 0.176647 0.509099 0.842386
vn 0.16011 0.521566 0.838053
vn 0.116256 0.791588 0.599894
vn 0.162916 0.516465 0.840668
vn 0.055038 0.894556 0.443555
vn 0.040884 0.910073 0.412426
vn 0.049337 0.901112 0.43077
vn 0.028159 0.92194 0.386308
vn 0.130184 0.519962 0.844211
vn 0.131158 0.778621 0.613634
vn 0.092773 0.793386 0.601608
vn 0.106349 0.751667 0.650912
vn 0.024546 0.364163 0.931012
vn 0.164231 0.843984 0.510607
vn 0.129409 0.8067 0.576618
vn 0.145413 0.8272 0.542765
vn 0.116061 0.781066 0.613568
vn 0.098352 0.673283 0.732814
vn 0.098625 0.693319 0.71385
vn 0.100474 0.719786 0.686886
vn 0.102792 0.495802 0.862331
vn -0.020264 0.692631 0.721007
vn 0.172189 0.864774 0.471718
vn 0.161635 0.610826 0.77509
vn -0.040723 0.727224 0.685191
vn 0.170438 0.623506 0.763014
vn 0.073975 0.583228 0.808933
vn 0.050417 0.492308 0.86896
vn -0.020566 0.746013 0.665613
vn 0.180834 0.636084 0.750131
vn 0.107644 0.740316 0.663585
vn 0.058742 0.859101 0.508424
vn 0.072655 0.769558 0.63443
vn 0.055697 0.658736 0.75031
vn 0.066657 0.696403 0.714548
vn 0.072439 0.733725 0.675574
vn 0.002712 0.76985 0.63822
vn 0.039896 0.620434 0.783244
vn 0.019174 0.034766 0.999212
vn 0.09954 0.355983 0.929176
vn 0.042411 0.082975 0.995649
vn 0.067802 0.149132 0.98649
vn 0.104646 0.468995 0.876979
vn 0.096351 0.167849 0.981093
vn 0.005217 0.264856 0.964274
vn 0.084749 0.431103 0.898314
vn 0.085749 0.581601 0.808942
vn 0.134667 0.742996 0.655607
vn 0.093097 0.649599 0.754556
vn 0.10312 0.685017 0.721192
vn 0.122718 0.419803 0.899281
vn 0.117323 0.716845 0.687291
vn 0.087303 0.61206 0.785977
vn 0.008622 0.586053 0.810227
vn 0.038612 0.357031 0.933294
vn 0.13738 0.520071 0.843002
vn 0.03084 0.958965 0.281843
vn 0.017066 0.840232 0.541958
vn 0.057525 0.853599 0.517745
vn 0.037107 0.908305 0.416661
vn 0.013571 0.965055 0.261696
vn -0.027821 0.992774 0.116731
vn 0.952949 0.149966 0.263436
vn 0.900515 0.356512 0.248941
vn 0.867048 0.471708 0.160374
vn 0.944464 0.177601 0.276487
vn 0.860298 0.443238 0.251848
vn 0.878664 0.430475 0.206498
vn 0.721731 0.676441 0.146739
vn 0.748405 0.629384 0.209201
vn 0.87079 0.424615 0.247843
vn 0.735353 0.634869 0.23706
vn 0.870402 0.404191 0.281121
vn 0.529462 0.836346 0.14211
vn 0.565248 0.776834 0.277533
vn 0.550092 0.722939 0.418042
vn 0.389222 0.913426 0.118992
vn 0.303416 0.951672 0.047521
vn 0.641191 0.756922 0.126268
vn 0.342494 0.924996 0.164561
vn 0.535139 0.825363 0.180008
vn 0.524126 0.833936 0.172753
vn 0.510066 0.858815 0.047631
vn 0.468323 0.871213 0.147179
vn 0.446542 0.883978 0.138503
vn 0.255358 0.964405 0.06867
vn 0.240803 0.970508 -0.011368
vn 0.497313 0.852662 0.160147
vn 0.858862 0.39773 0.322749
vn 0.859163 0.487249 0.156291
vn 0.886216 0.313566 0.341024
vn 0.805127 0.466221 0.366617
vn 0.878958 0.337971 0.336465
vn 0.92257 0.135713 0.361173
vn 0.927887 0.150542 0.34112
vn 0.724647 0.637923 0.260656
vn 0.725665 0.606462 0.324984
vn 0.540602 0.804315 0.246631
vn 0.523285 0.842043 0.130904
vn 0.655533 0.713723 0.24673
vn 0.795817 0.430827 0.425515
vn 0.656491 0.686509 0.312609
vn 0.810286 0.489506 0.322211
vn 0.467988 0.791574 0.392935
vn 0.457186 0.863443 0.213182
vn 0.236371 0.962119 0.135856
vn 0.226096 0.970537 0.083295
vn 0.540734 0.819571 0.1895
vn 0.867155 0.127477 0.481447
vn 0.87944 0.150476 0.451599
vn 0.834005 0.486886 0.259573
vn 0.754349 0.466303 0.462082
vn 0.813139 0.397664 0.42505
vn 0.506411 0.80436 0.310729
vn 0.687499 0.637884 0.347057
vn 0.680541 0.606532 0.411075
vn 0.503576 0.841971 0.193637
vn 0.738124 0.430742 0.519263
vn 0.620478 0.713773 0.32486
vn 0.61353 0.686462 0.390321
vn 0.764889 0.489576 0.418641
vn 0.214218 0.970544 0.110246
vn 0.513497 0.819622 0.254046
vn 0.417084 0.7914 0.446909
vn 0.427825 0.863422 0.267334
vn 0.21815 0.962102 0.163614
vn 0.755281 0.397611 0.521014
vn 0.692306 0.46638 0.550637
vn 0.796458 0.486529 0.359087
vn 0.801979 0.127449 0.583598
vn 0.817892 0.150416 0.555362
vn 0.46466 0.804404 0.37017
vn 0.640103 0.637834 0.428295
vn 0.625263 0.606586 0.491019
vn 0.476372 0.841902 0.253517
vn 0.590801 0.430577 0.682317
vn 0.523232 0.713884 0.465401
vn 0.640689 0.489707 0.591359
vn 0.500915 0.686378 0.527228
vn 0.172289 0.962071 0.211507
vn 0.43654 0.819729 0.370779
vn 0.181097 0.970558 0.158811
vn 0.29753 0.79107 0.534495
vn 0.35048 0.863381 0.362956
vn 0.606793 0.3975 0.688328
vn 0.694819 0.188302 0.694096
vn 0.636868 0.127382 0.760377
vn 0.499245 0.618808 0.606491
vn 0.380714 0.823629 0.420347
vn 0.361076 0.804492 0.47161
vn 0.5175 0.637739 0.570511
vn 0.451545 0.703876 0.54833
vn 0.432941 0.686334 0.584387
vn 0.536741 0.463152 0.705266
vn 0.563738 0.489768 0.665076
vn 0.303648 0.863362 0.402994
vn 0.160349 0.970565 0.179698
vn 0.126262 0.94773 0.293028
vn 0.564738 0.15023 0.811481
vn 0.615927 0.485485 0.620434
vn 0.44865 0.466616 0.762222
vn 0.518374 0.397446 0.757182
vn 0.539396 0.127334 0.832369
vn 0.300802 0.80453 0.512103
vn 0.444117 0.637698 0.629366
vn 0.407397 0.606763 0.682545
vn 0.354337 0.841696 0.407423
vn 0.321335 0.71405 0.621993
vn 0.278707 0.686253 0.671848
vn 0.307395 0.430349 0.84871
vn 0.385863 0.489908 0.781729
vn 0.274305 0.819884 0.50254
vn 0.087571 0.790578 0.606068
vn 0.197152 0.863316 0.464561
vn 0.085338 0.962026 0.259275
vn 0.112028 0.970579 0.213135
vn 0.319764 0.397339 0.860159
vn 0.448254 0.484779 0.751038
vn 0.250681 0.466772 0.848106
vn 0.321874 0.127284 0.938187
vn 0.351775 0.150115 0.92397
vn 0.278659 0.6376 0.718203
vn 0.229925 0.606875 0.760814
vn 0.167753 0.804618 0.569605
vn 0.245546 0.84156 0.481128
vn 0.201771 0.43024 0.879876
vn 0.243005 0.714098 0.656515
vn 0.287606 0.489965 0.822932
vn 0.194751 0.686209 0.700849
vn 0.053197 0.96201 0.267781
vn 0.085175 0.970586 0.225184
vn 0.139068 0.863297 0.485158
vn 0.013475 0.790402 0.61244
vn 0.210893 0.819935 0.532194
vn 0.212537 0.397282 0.892746
vn 0.145329 0.466857 0.87231
vn 0.205075 0.127263 0.970437
vn 0.353765 0.484422 0.800116
vn 0.236616 0.150055 0.959946
vn 0.096976 0.804666 0.585755
vn 0.18905 0.637551 0.746853
vn 0.185238 0.841495 0.507517
vn 0.13538 0.606941 0.783132
vn 0.185053 0.490028 0.851838
vn 0.107878 0.686167 0.719401
vn 0.093166 0.430158 0.897933
vn 0.161072 0.714162 0.681197
vn 0.144343 0.819993 0.553875
vn 0.02026 0.961993 0.272321
vn 0.08489 0.865712 0.493291
vn 0.045128 0.96811 0.246429
vn -0.060836 0.790236 0.609775
vn 0.070232 0.678492 0.731243
vn 0.136669 0.640526 0.755678
vn 0.052869 0.860199 0.50721
vn -0.201704 0.552823 0.808519
vn -0.058117 0.602538 0.795972
vn 0.028638 0.657478 0.75293
vn 0.040321 0.586032 0.809284
vn 0.06462 0.855594 0.513598
vn -0.100826 0.821208 0.561651
vn 0.051241 0.737526 0.673372
vn 0.076451 0.763951 0.640729
vn 0.046583 0.868098 0.494202
vn 0.865306 0.435466 0.248225
vn 0.867253 0.435241 0.241738
vn 0.703911 0.692366 0.158551
vn 0.703732 0.69895 0.127395
vn 0.747017 0.631355 0.208224
vn 0.692088 0.693973 0.198535
vn 0.588367 0.378277 0.714654
vn 0.523157 0.609203 0.595968
vn 0.58632 0.377953 0.716506
vn 0.521744 0.609032 0.597381
vn 0.426441 0.712523 0.557188
vn 0.427499 0.712656 0.556206
vn 0.314963 0.872496 0.373562
vn 0.314913 0.872493 0.373612
vn -0.020715 0.992215 0.122803
vn -0.245044 0.960438 0.132336
vn -0.96078 0.253068 0.113393
vn -0.972492 0.058949 0.225354
vn -0.97081 0.145538 0.190647
vn -0.965034 0.197563 0.172275
vn -0.951961 0.265941 0.151809
vn -0.961142 0.25161 0.113573
vn -0.489917 0.868939 0.070192
vn -0.718602 0.690384 0.08356
vn -0.596195 0.793031 0.125114
vn -0.785563 0.595045 0.169741
vn -0.244891 0.960465 0.132422
vn -0.244746 0.96009 0.135378
vn -0.244662 0.960105 0.135422
vn -0.420752 0.890279 0.174272
vn -0.294821 0.945758 0.136465
vn -0.129689 0.981571 0.14035
vn -0.135835 0.980875 0.139403
vn -0.522653 0.8261 0.210696
vn -0.329544 0.939667 0.091792
vn -0.219206 0.953319 0.20768
vn -0.60489 0.75509 0.252878
vn -0.253044 0.934943 0.248697
vn -0.41326 0.908831 0.056938
vn -0.209978 0.962171 0.173595
vn -0.873155 0.381413 0.303519
vn -0.85288 0.469864 0.227649
vn -0.813208 0.554957 0.175261
vn -0.756877 0.636488 0.148396
vn -0.594251 0.790459 0.148462
vn -0.788676 0.598904 0.138938
vn -0.55413 0.821791 0.132664
vn -0.561951 0.818309 0.120756
vn -0.829753 0.550542 0.09172
vn -0.275792 0.955064 0.108591
vn -0.561618 0.805039 0.191046
vn -0.554737 0.789144 0.263664
vn -0.490677 0.87111 0.020116
vn -0.162343 0.985214 0.054764
vn -0.486464 0.855483 0.177486
vn -0.162956 0.986171 0.030192
vn -0.301674 0.934333 0.189778
vn -0.784702 0.611418 0.102033
vn -0.892295 0.449708 0.039648
vn -0.873968 0.460901 0.154113
vn -0.840855 0.528867 0.115164
vn -0.904625 0.425612 0.02254
vn -0.8868 0.431256 0.166144
vn -0.998609 0.052726 -0.000391
vn -0.910894 0.388875 0.138017
vn -0.921907 0.387357 -0.006406
vn -0.887907 0.443799 0.121094
vn -0.925511 0.357884 0.123888
vn -0.957489 0.268106 0.10646
vn -0.978078 0.193128 0.077881
vn -0.989672 0.134706 0.049018
vn -0.813062 0.561118 0.155167
vn -0.989458 0.130598 0.062589
vn -0.594801 0.790971 0.143447
vn -0.594707 0.791075 0.14326
vn -0.788748 0.599006 0.138087
vn -0.788506 0.599218 0.138552
vn -0.594523 0.791105 0.143858
vn -0.78756 0.6003 0.139247
vn -0.788239 0.59935 0.139497
vn -0.594456 0.790738 0.146136
vn -0.594153 0.791158 0.14509
vn -0.788561 0.598747 0.140264
vn -0.594617 0.790658 0.145917
vn -0.798062 0.587413 0.134322
vn -0.612374 0.786562 0.079489
vn -0.671993 0.725961 0.14631
vn -0.798887 0.588229 0.125564
vn -0.607014 0.781676 0.143238
vn -0.556458 0.827109 0.079026
vn -0.530434 0.829054 0.176944
vn -0.197826 0.977649 0.071183
vn -0.138902 0.959314 0.245812
vn -0.996195 1e-06 0.087156
vn -0.996195 0.0 0.087156
vn -0.062791 -0.0 -0.998027
vn -0.062791 0.0 -0.998027
vn -0.187381 -0.0 -0.982287
vn -0.309017 -0.0 -0.951057
vn -0.187381 0.0 -0.982287
vn -0.309017 -0.0 -0.951057
vn -0.425779 -0.0 -0.904827
vn -0.535827 -0.0 -0.844328
vn -0.425779 0.0 -0.904827
vn -0.535827 -0.0 -0.844328
vn -0.637424 -0.0 -0.770513
vn -0.728969 -0.0 -0.684547
vn -0.637424 0.0 -0.770513
vn -0.809017 -0.0 -0.587785
vn -0.728969 -0.0 -0.684547
vn -0.809017 -0.0 -0.587785
vn -0.876307 -0.0 -0.481754
vn -0.876307 0.0 -0.481754
vn -0.929776 -0.0 -0.368125
vn -0.968583 -0.0 -0.24869
vn -0.929776 0.0 -0.368125
vn -0.968583 -0.0 -0.24869
vn -0.992115 0.0 -0.125333
vn -0.992115 -0.0 -0.125333
vn -1.0 0.0 -0.0
vn -1.0 -0.0 0.0
vn -0.992115 0.0 0.125333
vn -0.992115 0.0 0.125333
vn -0.968583 0.0 0.24869
vn -0.968583 0.0 0.24869
vn -0.929776 0.0 0.368125
vn -0.929776 0.0 0.368125
vn -0.876307 0.0 0.481754
vn -0.809017 0.0 0.587785
vn -0.876307 0.0 0.481754
vn -0.728969 0.0 0.684547
vn -0.809017 0.0 0.587785
vn -0.728969 0.0 0.684547
vn -0.637424 0.0 0.770513
vn -0.535827 0.0 0.844328
vn -0.637424 0.0 0.770513
vn -0.535827 0.0 0.844328
vn -0.425779 0.0 0.904827
vn -0.309017 0.0 0.951056
vn -0.425779 0.0 0.904827
vn -0.187381 0.0 0.982287
vn -0.309017 0.0 0.951056
vn -0.187381 0.0 0.982287
vn -0.062791 0.0 0.998027
vn -0.062791 0.0 0.998027
vn -0.819204 -0.556258 0.139578
vn -0.822646 -0.551553 0.137998
vn -0.796279 -0.556055 0.238207
vn -0.799578 -0.551752 0.23716
vn -0.761523 -0.555852 0.333333
vn -0.764606 -0.551951 0.332757
vn -0.71545 -0.555648 0.42354
vn -0.718255 -0.552151 0.423367
vn -0.658739 -0.555444 0.507489
vn -0.661217 -0.552352 0.50764
vn -0.59223 -0.555238 0.58393
vn -0.594347 -0.552554 0.584325
vn -0.516905 -0.555032 0.651727
vn -0.518645 -0.552756 0.652279
vn -0.433881 -0.554825 0.709871
vn -0.43524 -0.552959 0.710494
vn -0.344388 -0.554617 0.757494
vn -0.345379 -0.553163 0.758106
vn -0.249751 -0.554407 0.793887
vn -0.2504 -0.553368 0.794408
vn -0.151375 -0.554196 0.818506
vn -0.151724 -0.553572 0.818864
vn -0.050717 -0.553986 0.83098
vn -0.050818 -0.553777 0.831113
vn 0.052276 -0.553941 0.830913
vn 0.052277 -0.553942 0.830912
vn 0.156005 -0.553942 0.817808
vn 0.156005 -0.553942 0.817808
vn 0.257274 -0.553941 0.791808
vn 0.257274 -0.553942 0.791807
vn 0.354485 -0.553942 0.753319
vn 0.354485 -0.553941 0.753319
vn 0.446105 -0.553942 0.70295
vn 0.446105 -0.553942 0.70295
vn 0.530691 -0.553942 0.641495
vn 0.530691 -0.553942 0.641495
vn 0.606907 -0.553941 0.569924
vn 0.606907 -0.553942 0.569923
vn 0.673552 -0.553941 0.489364
vn 0.673552 -0.553941 0.489364
vn 0.729574 -0.553941 0.401087
vn 0.729574 -0.553941 0.401087
vn 0.774091 -0.553941 0.306484
vn 0.774091 -0.553941 0.306484
vn 0.806399 -0.553941 0.207048
vn 0.806399 -0.553941 0.207048
vn 0.825991 -0.553941 0.104347
vn 0.82599 -0.553942 0.104347
vn 0.832555 -0.553942 0.0
vn 0.832556 -0.553942 0.0
vn 0.82599 -0.553942 -0.104347
vn 0.825991 -0.553941 -0.104347
vn 0.806399 -0.553941 -0.207048
vn 0.806399 -0.553941 -0.207048
vn 0.774091 -0.553942 -0.306484
vn 0.774091 -0.553941 -0.306484
vn 0.729575 -0.553941 -0.401087
vn 0.729574 -0.553942 -0.401087
vn 0.673552 -0.553941 -0.489364
vn 0.673552 -0.553941 -0.489364
vn 0.606907 -0.553941 -0.569924
vn 0.606907 -0.553941 -0.569924
vn 0.530691 -0.553941 -0.641495
vn 0.530691 -0.553941 -0.641495
vn 0.446106 -0.553942 -0.70295
vn 0.446106 -0.553941 -0.70295
vn 0.354485 -0.553942 -0.753319
vn 0.354485 -0.553942 -0.753319
vn 0.257274 -0.553941 -0.791808
vn 0.257274 -0.553942 -0.791807
vn 0.156005 -0.553941 -0.817809
vn 0.156006 -0.553941 -0.817809
vn 0.052276 -0.553942 -0.830912
vn 0.052277 -0.553941 -0.830913
vn -0.06279 -0.000234 -0.998027
vn -0.06092 0.0 -0.998143
vn -0.187381 -0.000454 -0.982287
vn -0.181856 0.000227 -0.983325
vn -0.309017 -0.00066 -0.951056
vn -0.300093 0.00044 -0.95391
vn -0.425779 -0.000851 -0.904827
vn -0.413875 0.000638 -0.910334
vn -0.535827 -0.001027 -0.844328
vn -0.521512 0.000822 -0.853244
vn -0.637423 -0.00119 -0.770513
vn -0.621408 0.000991 -0.783487
vn -0.728968 -0.001337 -0.684546
vn -0.712078 0.001146 -0.702099
vn -0.809016 -0.001471 -0.587785
vn -0.792178 0.001287 -0.610289
vn -0.876306 -0.00159 -0.481753
vn -0.860518 0.001413 -0.509418
vn -0.929775 -0.001695 -0.368124
vn -0.916083 0.001525 -0.400987
vn -0.958049 0.001623 -0.286601
vn -0.968582 -0.001785 -0.248689
vn -0.986507 0.001888 -0.163705
vn -0.992111 -0.002605 -0.125333
vn -0.999998 -0.001907 0.0
vn -0.997418 0.000869 -0.071807
vn -0.985794 -0.0 -0.167961
vn -0.999998 -0.001907 -0.0
vn -0.997418 0.000869 0.071807
vn -0.992111 -0.002605 0.125333
vn -0.968582 -0.001785 0.248689
vn -0.986507 0.001888 0.163705
vn -0.985794 0.0 0.167961
vn -0.929775 -0.001695 0.368124
vn -0.958049 0.001623 0.286601
vn -0.876306 -0.00159 0.481753
vn -0.916083 0.001525 0.400987
vn -0.809016 -0.001471 0.587785
vn -0.860518 0.001413 0.509419
vn -0.728968 -0.001337 0.684546
vn -0.792178 0.001287 0.610289
vn -0.637423 -0.00119 0.770513
vn -0.712078 0.001146 0.702099
vn -0.535827 -0.001027 0.844328
vn -0.621408 0.000991 0.783487
vn -0.425779 -0.000851 0.904827
vn -0.521512 0.000822 0.853244
vn -0.309017 -0.00066 0.951056
vn -0.413875 0.000638 0.910334
vn -0.187381 -0.000454 0.982287
vn -0.300093 0.00044 0.95391
vn -0.062791 -0.000234 0.998027
vn -0.181857 0.000227 0.983325
vn -0.06092 0.0 0.998143
vn -0.157949 -0.0 -0.987447
vn -0.031718 0.0 -0.999497
vn -0.095025 -3.3e-05 -0.995475
vn -0.06279 0.001718 -0.998025
vn -0.157876 3.4e-05 -0.987459
vn -0.239633 -0.001273 -0.970863
vn -0.187381 0.001945 -0.982285
vn -0.33847 -0.00082 -0.940977
vn -0.309017 0.001739 -0.951055
vn -0.619442 0.0 -0.785043
vn -0.433699 0.000126 -0.901058
vn -0.524304 -0.00012 -0.851531
vn -0.425779 0.00104 -0.904827
vn -0.535827 0.001232 -0.844327
vn -0.715261 -0.001004 -0.698857
vn -0.620574 0.001377 -0.784146
vn -0.637423 -0.001837 -0.770512
vn -0.728969 0.00085 -0.684547
vn -0.7992 -0.000876 -0.601064
vn -0.809017 0.000716 -0.587785
vn -0.869866 -0.000738 -0.493288
vn -0.876307 0.000574 -0.481753
vn -0.926083 -0.00059 -0.377319
vn -0.929776 0.000422 -0.368125
vn -0.966919 -0.000434 -0.255082
vn -0.968583 0.00026 -0.24869
vn -0.991695 -0.000267 -0.128609
vn -0.992115 8.9e-05 -0.125333
vn -1.0 -9.1e-05 0.0
vn -1.0 -9.1e-05 -0.0
vn -0.992115 8.9e-05 0.125333
vn -0.991695 -0.000267 0.128609
vn -0.968583 0.00026 0.24869
vn -0.966919 -0.000434 0.255082
vn -0.929776 0.000422 0.368125
vn -0.926083 -0.00059 0.377319
vn -0.876307 0.000574 0.481754
vn -0.869866 -0.000738 0.493288
vn -0.809017 0.000716 0.587785
vn -0.7992 -0.000876 0.601064
vn -0.619442 0.0 0.785042
vn -0.620575 0.001377 0.784146
vn -0.728968 0.00085 0.684547
vn -0.715261 -0.001004 0.698857
vn -0.637423 -0.001836 0.770512
vn -0.524303 -0.00012 0.851532
vn -0.535827 0.001232 0.844327
vn -0.433699 0.000126 0.901058
vn -0.15795 0.0 0.987447
vn -0.33847 -0.00082 0.940977
vn -0.425779 0.00104 0.904827
vn -0.239633 -0.001273 0.970863
vn -0.309017 0.001739 0.951055
vn -0.095025 -3.3e-05 0.995475
vn -0.157877 3.4e-05 0.987459
vn -0.187381 0.001945 0.982285
vn -0.031717 0.0 0.999497
vn -0.06279 0.001718 0.998025
vn 0.590997 -0.806674 0.0
vn 0.494564 -0.869141 0.0
vn 0.590997 -0.806674 0.0
vn 0.391598 -0.920136 0.0
vn 0.494564 -0.869141 0.0
vn 0.283463 -0.958983 0.0
vn 0.391598 -0.920136 0.0
vn 0.283463 -0.958983 0.0
vn 0.171593 -0.985168 0.0
vn 0.171593 -0.985168 0.0
vn 0.057444 -0.998349 0.0
vn 0.057444 -0.998349 0.0
vn 0.494564 -0.869141 0.0
vn 0.590997 -0.806674 0.0
vn 0.590997 -0.806674 0.0
vn 0.391599 -0.920136 0.0
vn 0.494564 -0.869141 0.0
vn 0.283463 -0.958983 0.0
vn 0.391599 -0.920136 0.0
vn 0.171593 -0.985168 0.0
vn 0.283463 -0.958983 0.0
vn 0.171593 -0.985168 0.0
vn 0.057444 -0.998349 0.0
vn 0.057444 -0.998349 0.0
vn -1.0 0.0 0.0
vn -1.0 0.0 0.0
vn 0.998027 0.06279 -0.0
vn 0.998027 0.06279 0.0
vn 0.982287 0.187384 0.0
vn 0.982287 0.187384 0.0
vn 0.951057 0.309016 0.0
vn 0.951057 0.309016 0.0
vn 0.904829 0.425775 0.0
vn 0.904829 0.425775 0.0
vn 0.844323 0.535834 0.0
vn 0.844323 0.535834 0.0
vn 0.770516 0.637421 0.0
vn 0.770516 0.637421 0.0
vn 0.684553 0.728963 0.0
vn 0.684553 0.728963 0.0
vn 0.587783 0.809018 0.0
vn 0.587783 0.809018 0.0
vn 0.481746 0.876311 0.0
vn 0.481746 0.876311 0.0
vn 0.368136 0.929772 0.0
vn 0.368136 0.929772 0.0
vn 0.248681 0.968585 0.0
vn 0.248681 0.968585 0.0
vn 0.125328 0.992115 0.0
vn 0.125328 0.992115 0.0
vn -0.0 1.0 0.0
vn 0.0 1.0 0.0
vn -0.125328 0.992115 0.0
vn -0.125328 0.992115 0.0
vn -0.248682 0.968585 0.0
vn -0.248682 0.968585 0.0
vn -0.368135 0.929772 0.0
vn -0.368135 0.929772 0.0
vn -0.481747 0.87631 0.0
vn -0.481747 0.87631 0.0
vn -0.587783 0.809018 0.0
vn -0.587783 0.809018 0.0
vn -0.684552 0.728964 0.0
vn -0.684552 0.728964 0.0
vn -0.770517 0.637419 0.0
vn -0.770517 0.637419 0.0
vn -0.844323 0.535834 0.0
vn -0.844323 0.535834 0.0
vn -0.904829 0.425775 0.0
vn -0.904829 0.425775 0.0
vn -0.951056 0.309019 0.0
vn -0.951056 0.309019 0.0
vn -0.982287 0.187384 0.0
vn -0.982287 0.187384 0.0
vn -0.998027 0.06279 0.0
vn -0.998027 0.06279 0.0
vn 1.0 -0.0 0.0
vn 1.0 0.0 0.0
vn -0.998027 -0.062791 -0.0
vn -0.998027 -0.062791 0.0
vn -0.982288 -0.187379 0.0
vn -0.982288 -0.187379 -0.0
vn -0.951056 -0.309019 0.0
vn -0.951056 -0.309019 -0.0
vn -0.904829 -0.425775 0.0
vn -0.904829 -0.425775 -0.0
vn -0.844323 -0.535834 0.0
vn -0.844323 -0.535834 -0.0
vn -0.770517 -0.637419 0.0
vn -0.770517 -0.637419 -0.0
vn -0.684552 -0.728964 0.0
vn -0.684552 -0.728964 -0.0
vn -0.587783 -0.809018 0.0
vn -0.587783 -0.809018 -0.0
vn -0.481747 -0.87631 0.0
vn -0.481747 -0.87631 -0.0
vn -0.368135 -0.929772 0.0
vn -0.368135 -0.929772 -0.0
vn -0.248682 -0.968585 -0.0
vn -0.248682 -0.968585 0.0
vn -0.125328 -0.992115 -0.0
vn -0.125328 -0.992115 0.0
vn -0.0 -1.0 -0.0
vn 0.0 -1.0 0.0
vn 0.125328 -0.992115 0.0
vn 0.125328 -0.992115 0.0
vn 0.248681 -0.968585 0.0
vn 0.248681 -0.968585 0.0
vn 0.368136 -0.929772 0.0
vn 0.368136 -0.929772 0.0
vn 0.481746 -0.876311 0.0
vn 0.481746 -0.876311 0.0
vn 0.684553 -0.728963 0.0
vn 0.587783 -0.809018 0.0
vn 0.587783 -0.809018 0.0
vn 0.770516 -0.637421 0.0
vn 0.684553 -0.728963 0.0
vn 0.844323 -0.535834 0.0
vn 0.770516 -0.637421 0.0
vn 0.844323 -0.535834 0.0
vn 0.904829 -0.425775 0.0
vn 0.904829 -0.425775 0.0
vn 0.951057 -0.309016 0.0
vn 0.951057 -0.309016 0.0
vn 0.982288 -0.187379 0.0
vn 0.982288 -0.187379 0.0
vn 0.998027 -0.062791 0.0
vn 0.998027 -0.062791 0.0
vn -0.057444 -0.998349 0.0
vn -0.171593 -0.985168 0.0
vn -0.057444 -0.998349 0.0
vn -0.283463 -0.958983 0.0
vn -0.171593 -0.985168 0.0
vn -0.391598 -0.920136 0.0
vn -0.283463 -0.958983 0.0
vn -0.494564 -0.869141 0.0
vn -0.391598 -0.920136 0.0
vn -0.494564 -0.869141 0.0
vn -0.590997 -0.806674 0.0
vn -0.590997 -0.806674 0.0
vn 1.0 -0.0 0.0
vn 1.0 0.0 0.0
vn 0.0 0.0 -1.0
vn 0.0 0.0 -1.0
vn 0.0 0.0 -1.0
vn 0.0 0.0 -1.0
vn 0.0 0.0 -1.0
vn 0.0 0.0 -1.0
vn 0.0 0.0 -1.0
vn 0.0 0.0 -1.0
vn 0.0 0.0 -1.0
vn 0.0 0.0 -1.0
vn 0.0 0.0 -1.0
vn 0.0 0.0 -1.0
vn 0.0 0.0 -1.0
vn 0.0 0.0 -1.0
vn 0.0 0.0 -1.0
vn 0.0 0.0 -1.0
vn 0.0 0.0 -1.0
vn 0.0 0.0 -1.0
vn 0.0 0.0 -1.0
vn 0.0 0.0 -1.0
vn 0.0 0.0 -1.0
vn 0.0 0.0 -1.0
vn 0.0 0.0 -1.0
vn 0.0 0.0 -1.0
vn 0.0 0.0 -1.0
vn 0.0 0.0 -1.0
vn 0.0 0.0 -1.0
vn 0.0 0.0 -1.0
vn 0.0 0.0 -1.0
vn 0.0 0.0 -1.0
vn 0.0 0.0 -1.0
vn 0.0 0.0 -1.0
vn -0.0 0.0 -1.0
vn 0.0 0.0 -1.0
vn -0.0 0.0 -1.0
vn 0.0 0.0 -1.0
vn 0.0 0.0 -1.0
vn 0.0 0.0 -1.0
vn 0.0 0.0 -1.0
vn 0.0 0.0 -1.0
vn 0.0 0.0 -1.0
vn 0.0 0.0 -1.0
vn 0.0 0.0 -1.0
vn 0.0 0.0 -1.0
vn 0.0 0.0 -1.0
vn 0.0 0.0 -1.0
vn 0.0 0.0 -1.0
vn 0.0 0.0 -1.0
vn 0.0 0.0 -1.0
vn 0.0 0.0 -1.0
vn 0.0 0.0 -1.0
vn 0.0 0.0 -1.0
vn 0.0 0.0 -1.0
vn 0.0 0.0 -1.0
vn 0.0 0.0 -1.0
vn 0.0 0.0 -1.0
vn 0.0 0.0 -1.0
vn 0.0 0.0 -1.0
vn 0.0 0.0 -1.0
vn 0.0 0.0 -1.0
vn 0.0 0.0 -1.0
vn 0.0 0.0 -1.0
vn 0.0 0.0 -1.0
vn 0.0 0.0 -1.0
vn 0.0 0.0 -1.0
vn 0.0 0.0 -1.0
vn 0.0 0.0 -1.0
vn -1.0 -0.0 0.0
vn -1.0 0.0 0.0
vn 0.0 0.0 1.0
vn -0.0 0.0 1.0
vn 0.0 0.0 1.0
vn 0.0 0.0 1.0
vn 0.0 0.0 1.0
vn -0.0 0.0 1.0
vn 0.0 0.0 1.0
vn 0.0 0.0 1.0
vn -0.0 0.0 1.0
vn 0.0 0.0 1.0
vn -0.0 0.0 1.0
vn 0.0 0.0 1.0
vn 0.0 0.0 1.0
vn -0.0 0.0 1.0
vn 0.0 0.0 1.0
vn 0.0 0.0 1.0
vn -0.0 0.0 1.0
vn 0.0 0.0 1.0
vn 0.0 0.0 1.0
vn -0.0 0.0 1.0
vn 0.0 0.0 1.0
vn 0.0 0.0 1.0
vn 0.0 0.0 1.0
vn 0.0 0.0 1.0
vn 0.0 0.0 1.0
vn 0.0 0.0 1.0
vn 0.0 0.0 1.0
vn 0.0 0.0 1.0
vn 0.0 0.0 1.0
vn 0.0 0.0 1.0
vn -0.0 0.0 1.0
vn 0.0 0.0 1.0
vn 0.0 0.0 1.0
vn -0.0 0.0 1.0
vn 0.0 0.0 1.0
vn 0.0 0.0 1.0
vn 0.0 0.0 1.0
vn 0.0 0.0 1.0
vn -0.0 0.0 1.0
vn -0.0 0.0 1.0
vn -0.0 0.0 1.0
vn -0.0 0.0 1.0
vn -0.0 0.0 1.0
vn -0.0 0.0 1.0
vn -0.0 0.0 1.0
vn -0.0 0.0 1.0
vn -0.0 0.0 1.0
vn -0.0 0.0 1.0
vn 0.0 0.0 1.0
vn 0.0 0.0 1.0
vn -0.0 0.0 1.0
vn -0.0 0.0 1.0
vn 0.0 0.0 1.0
vn 0.0 0.0 1.0
vn 0.0 0.0 1.0
vn 0.0 0.0 1.0
vn 0.0 0.0 1.0
vn 0.0 0.0 1.0
vn 0.0 0.0 1.0
vn 0.0 0.0 1.0
vn 0.0 0.0 1.0
vn 0.0 0.0 1.0
vn 0.0 0.0 1.0
vn 0.0 0.0 1.0
vn 0.0 0.0 1.0
vn 0.0 0.0 1.0
vn 0.0 0.0 1.0
vn 0.0 0.0 1.0
vn -0.0 0.0 1.0
vn 1.0 0.0 -0.0
vn 1.0 0.0 0.0
vn 0.0 -1.0 0.0
vn 0.0 -1.0 0.0
vn 0.0 -1.0 0.0
vn 0.0 -1.0 -0.0
vn 0.0 -1.0 0.0
vn -1.0 0.0 0.0
vn -1.0 0.0 0.0
vn -0.998027 0.06279 0.0
vn -0.998027 0.06279 0.0
vn -0.982287 0.187384 0.0
vn -0.982287 0.187384 0.0
vn -0.951056 0.309019 0.0
vn -0.951056 0.309019 0.0
vn -0.904829 0.425775 0.0
vn -0.904829 0.425775 0.0
vn -0.844323 0.535834 0.0
vn -0.844323 0.535834 0.0
vn -0.770517 0.637419 0.0
vn -0.770517 0.637419 0.0
vn -0.684552 0.728964 0.0
vn -0.684552 0.728964 0.0
vn -0.587783 0.809018 0.0
vn -0.587783 0.809018 0.0
vn -0.481747 0.87631 0.0
vn -0.481747 0.87631 0.0
vn -0.368135 0.929772 0.0
vn -0.368135 0.929772 0.0
vn -0.248682 0.968585 0.0
vn -0.248682 0.968585 0.0
vn -0.125328 0.992115 0.0
vn -0.125328 0.992115 0.0
vn 0.0 1.0 -0.0
vn 0.0 1.0 0.0
vn 0.125328 0.992115 0.0
vn 0.125328 0.992115 -0.0
vn 0.248681 0.968585 0.0
vn 0.248681 0.968585 -0.0
vn 0.368136 0.929772 0.0
vn 0.368136 0.929772 -0.0
vn 0.481746 0.876311 0.0
vn 0.481746 0.876311 -0.0
vn 0.587783 0.809018 0.0
vn 0.587783 0.809018 -0.0
vn 0.684553 0.728963 0.0
vn 0.684553 0.728963 -0.0
vn 0.844323 0.535834 0.0
vn 0.770516 0.637421 0.0
vn 0.770516 0.637421 -0.0
vn 0.844323 0.535834 0.0
vn 0.904829 0.425775 0.0
vn 0.904829 0.425775 -0.0
vn 0.982287 0.187384 0.0
vn 0.951057 0.309016 0.0
vn 0.951057 0.309016 -0.0
vn 0.982287 0.187384 0.0
vn 0.998027 0.06279 0.0
vn 0.998027 0.06279 -0.0
vn -1.0 0.0 0.0
vn -1.0 -0.0 0.0
vn 0.998027 -0.062791 0.0
vn 0.998027 -0.062791 0.0
vn 0.982288 -0.187379 0.0
vn 0.982288 -0.187379 0.0
vn 0.951057 -0.309016 0.0
vn 0.951057 -0.309016 0.0
vn 0.904829 -0.425775 0.0
vn 0.904829 -0.425775 0.0
vn 0.844323 -0.535834 0.0
vn 0.844323 -0.535834 0.0
vn 0.770516 -0.637421 0.0
vn 0.770516 -0.637421 0.0
vn 0.587783 -0.809018 0.0
vn 0.684553 -0.728963 0.0
vn 0.684553 -0.728963 0.0
vn 0.587783 -0.809018 0.0
vn 0.368136 -0.929772 0.0
vn 0.481746 -0.876311 0.0
vn 0.481746 -0.876311 0.0
vn 0.368136 -0.929772 0.0
vn 0.248681 -0.968585 0.0
vn 0.248681 -0.968585 0.0
vn 0.125328 -0.992115 0.0
vn 0.0 -1.0 0.0
vn 0.125328 -0.992115 0.0
vn 0.0 -1.0 0.0
vn -0.125328 -0.992115 0.0
vn -0.125328 -0.992115 0.0
vn -0.248682 -0.968585 0.0
vn -0.248682 -0.968585 0.0
vn -0.368135 -0.929772 0.0
vn -0.481747 -0.87631 -0.0
vn -0.368135 -0.929772 0.0
vn -0.481747 -0.87631 0.0
vn -0.587783 -0.809018 0.0
vn -0.684552 -0.728964 -0.0
vn -0.587783 -0.809018 0.0
vn -0.684552 -0.728964 0.0
vn -0.770517 -0.637419 -0.0
vn -0.770517 -0.637419 0.0
vn -0.844323 -0.535834 0.0
vn -0.904829 -0.425775 -0.0
vn -0.844323 -0.535834 0.0
vn -0.904829 -0.425775 0.0
vn -0.951056 -0.309019 0.0
vn -0.951056 -0.309019 0.0
vn -0.998027 -0.062791 -0.0
vn -0.982288 -0.187379 0.0
vn -0.982288 -0.187379 0.0
vn -0.998027 -0.062791 0.0
vn 1.0 0.0 0.0
vn 1.0 -0.0 0.0
vn -0.586774 -0.809751 0.0
vn -0.586774 -0.809751 -0.0
vn -0.480875 -0.876789 -0.0
vn -0.480875 -0.876789 0.0
vn -0.367428 -0.930052 -0.0
vn -0.367428 -0.930052 0.0
vn -0.248206 -0.968707 -0.0
vn -0.248206 -0.968707 0.0
vn -0.125082 -0.992146 -0.0
vn -0.125082 -0.992146 0.0
vn 0.0 -1.0 -0.0
vn -0.0 -1.0 0.0
vn 0.125082 -0.992146 0.0
vn 0.125082 -0.992146 0.0
vn 0.248206 -0.968707 0.0
vn 0.248206 -0.968707 0.0
vn 0.367428 -0.930052 0.0
vn 0.367428 -0.930052 0.0
vn 0.480875 -0.876789 0.0
vn 0.480875 -0.876789 0.0
vn 0.586774 -0.80975 0.0
vn 0.586774 -0.80975 0.0
vn -1.0 0.0 0.0
vn -1.0 0.0 0.0
vn 0.0 0.0 1.0
vn -0.0 0.0 1.0
vn 0.0 0.0 1.0
vn -0.0 0.0 1.0
vn 0.0 0.0 1.0
vn -0.0 0.0 1.0
vn 0.0 0.0 1.0
vn -0.0 0.0 1.0
vn 0.0 0.0 1.0
vn -0.0 0.0 1.0
vn 0.0 0.0 1.0
vn -0.0 0.0 1.0
vn 0.0 0.0 1.0
vn 0.0 0.0 1.0
vn 0.0 0.0 1.0
vn 0.0 0.0 1.0
vn 0.0 0.0 1.0
vn 0.0 0.0 1.0
vn 0.0 0.0 1.0
vn 0.0 0.0 1.0
vn 0.0 0.0 1.0
vn 0.0 0.0 1.0
vn 0.0 0.0 1.0
vn 0.0 0.0 1.0
vn -0.0 0.0 1.0
vn -0.0 0.0 1.0
vn -0.0 0.0 1.0
vn 0.0 0.0 1.0
vn 0.0 0.0 1.0
vn 0.0 0.0 1.0
vn -0.0 0.0 1.0
vn 0.0 0.0 1.0
vn 0.0 0.0 1.0
vn -0.0 0.0 1.0
vn 0.0 0.0 1.0
vn 0.0 0.0 1.0
vn -0.0 0.0 1.0
vn -0.0 0.0 1.0
vn 0.0 0.0 1.0
vn -0.0 0.0 1.0
vn -0.0 0.0 1.0
vn 0.0 0.0 1.0
vn -0.0 0.0 1.0
vn 0.0 0.0 1.0
vn 0.0 0.0 1.0
vn -0.0 0.0 1.0
vn 0.0 0.0 1.0
vn 0.0 0.0 1.0
vn 0.0 0.0 1.0
vn 0.0 0.0 1.0
vn 0.0 0.0 1.0
vn 0.0 0.0 1.0
vn 0.0 0.0 1.0
vn 0.0 0.0 1.0
vn 0.0 0.0 1.0
vn 0.0 0.0 1.0
vn 0.0 0.0 1.0
vn 0.0 0.0 1.0
vn 0.0 0.0 1.0
vn 0.0 0.0 1.0
vn 0.0 0.0 1.0
vn 0.0 0.0 1.0
vn 0.0 0.0 1.0
vn 0.0 0.0 1.0
vn 0.0 0.0 1.0
vn 0.0 0.0 1.0
vn 1.0 0.0 0.0
vn 1.0 0.0 0.0
vn 0.0 0.0 -1.0
vn 0.0 0.0 -1.0
vn 0.0 0.0 -1.0
vn 0.0 0.0 -1.0
vn 0.0 0.0 -1.0
vn 0.0 0.0 -1.0
vn 0.0 0.0 -1.0
vn 0.0 0.0 -1.0
vn 0.0 0.0 -1.0
vn 0.0 0.0 -1.0
vn 0.0 0.0 -1.0
vn 0.0 0.0 -1.0
vn 0.0 0.0 -1.0
vn 0.0 0.0 -1.0
vn 0.0 0.0 -1.0
vn 0.0 0.0 -1.0
vn 0.0 0.0 -1.0
vn 0.0 0.0 -1.0
vn 0.0 0.0 -1.0
vn 0.0 0.0 -1.0
vn 0.0 0.0 -1.0
vn 0.0 0.0 -1.0
vn 0.0 0.0 -1.0
vn 0.0 0.0 -1.0
vn 0.0 0.0 -1.0
vn 0.0 0.0 -1.0
vn 0.0 0.0 -1.0
vn 0.0 0.0 -1.0
vn 0.0 0.0 -1.0
vn 0.0 0.0 -1.0
vn 0.0 0.0 -1.0
vn 0.0 0.0 -1.0
vn 0.0 0.0 -1.0
vn 0.0 0.0 -1.0
vn 0.0 0.0 -1.0
vn 0.0 0.0 -1.0
vn 0.0 0.0 -1.0
vn 0.0 0.0 -1.0
vn 0.0 0.0 -1.0
vn 0.0 0.0 -1.0
vn 0.0 0.0 -1.0
vn 0.0 0.0 -1.0
vn 0.0 0.0 -1.0
vn 0.0 0.0 -1.0
vn 0.0 0.0 -1.0
vn 0.0 0.0 -1.0
vn 0.0 0.0 -1.0
vn 0.0 0.0 -1.0
vn 0.0 0.0 -1.0
vn 0.0 0.0 -1.0
vn 0.0 0.0 -1.0
vn 0.0 0.0 -1.0
vn 0.0 0.0 -1.0
vn 0.0 0.0 -1.0
vn 0.0 0.0 -1.0
vn 0.0 0.0 -1.0
vn 0.0 0.0 -1.0
vn 0.0 0.0 -1.0
vn 0.0 0.0 -1.0
vn 0.0 0.0 -1.0
vn 0.0 0.0 -1.0
vn 0.0 0.0 -1.0
vn 0.0 0.0 -1.0
vn 0.0 0.0 -1.0
vn 0.0 0.0 -1.0
vn 0.0 0.0 -1.0
vn 0.0 0.0 -1.0
vn 0.0 0.0 -1.0
vn -1.0 -0.0 0.0
vn -1.0 0.0 0.0
vn 0.0 -1.0 -0.0
vn 0.0 -1.0 0.0
vn 0.0 -1.0 0.0
vn 0.0 -1.0 0.0
vn 0.0 -1.0 0.0
vn 1.0 -0.0 0.0
vn 1.0 0.0 0.0
vn 1.0 -0.0 0.0
vn 1.0 0.0 0.0
vn -0.998027 0.06279 0.0
vn -0.998027 0.06279 0.0
vn -0.982287 0.187384 0.0
vn -0.982287 0.187384 0.0
vn -0.951057 0.309016 0.0
vn -0.951057 0.309016 0.0
vn -0.904829 0.425775 0.0
vn -0.904829 0.425775 0.0
vn -0.844323 0.535834 0.0
vn -0.844323 0.535834 0.0
vn -0.770516 0.637421 0.0
vn -0.770516 0.637421 0.0
vn -0.684553 0.728963 0.0
vn -0.684553 0.728963 0.0
vn -0.587783 0.809018 0.0
vn -0.587783 0.809018 0.0
vn -0.481746 0.876311 0.0
vn -0.481746 0.876311 0.0
vn -0.368136 0.929772 0.0
vn -0.368136 0.929772 0.0
vn -0.248681 0.968585 0.0
vn -0.248681 0.968585 0.0
vn -0.125328 0.992115 0.0
vn -0.125328 0.992115 0.0
vn 0.0 1.0 -0.0
vn 0.0 1.0 0.0
vn 0.125328 0.992115 -0.0
vn 0.248682 0.968585 0.0
vn 0.125328 0.992115 0.0
vn 0.248682 0.968585 0.0
vn 0.368135 0.929772 -0.0
vn 0.368135 0.929772 0.0
vn 0.481747 0.87631 -0.0
vn 0.481747 0.87631 0.0
vn 0.587783 0.809018 -0.0
vn 0.587783 0.809018 0.0
vn 0.684552 0.728964 0.0
vn 0.684552 0.728964 -0.0
vn 0.770517 0.637419 -0.0
vn 0.770517 0.637419 0.0
vn 0.844323 0.535834 0.0
vn 0.844323 0.535834 -0.0
vn 0.904829 0.425775 0.0
vn 0.904829 0.425775 -0.0
vn 0.951056 0.309019 0.0
vn 0.951056 0.309019 -0.0
vn 0.998027 0.06279 0.0
vn 0.982287 0.187384 0.0
vn 0.982287 0.187384 -0.0
vn 0.998027 0.06279 0.0
vn -1.0 0.0 0.0
vn -1.0 0.0 0.0
vn 0.998027 -0.062791 0.0
vn 0.998027 -0.062791 0.0
vn 0.982288 -0.187379 0.0
vn 0.982288 -0.187379 0.0
vn 0.951056 -0.309019 0.0
vn 0.951056 -0.309019 0.0
vn 0.904829 -0.425775 0.0
vn 0.904829 -0.425775 0.0
vn 0.844323 -0.535834 0.0
vn 0.844323 -0.535834 0.0
vn 0.770517 -0.637419 0.0
vn 0.770517 -0.637419 0.0
vn 0.684552 -0.728964 0.0
vn 0.684552 -0.728964 0.0
vn 0.587783 -0.809018 0.0
vn 0.587783 -0.809018 0.0
vn 0.481747 -0.87631 0.0
vn 0.481747 -0.87631 0.0
vn 0.368135 -0.929772 0.0
vn 0.368135 -0.929772 0.0
vn 0.248682 -0.968585 0.0
vn 0.248682 -0.968585 0.0
vn 0.125328 -0.992115 0.0
vn 0.125328 -0.992115 0.0
vn 0.0 -1.0 0.0
vn 0.0 -1.0 0.0
vn -0.125328 -0.992115 0.0
vn -0.125328 -0.992115 0.0
vn -0.248681 -0.968585 0.0
vn -0.248681 -0.968585 0.0
vn -0.368136 -0.929772 0.0
vn -0.368136 -0.929772 0.0
vn -0.481746 -0.876311 0.0
vn -0.481746 -0.876311 0.0
vn -0.587783 -0.809018 0.0
vn -0.587783 -0.809018 0.0
vn -0.684553 -0.728963 0.0
vn -0.684553 -0.728963 0.0
vn -0.770516 -0.637421 0.0
vn -0.844323 -0.535834 -0.0
vn -0.770516 -0.637421 0.0
vn -0.844323 -0.535834 0.0
vn -0.904829 -0.425775 0.0
vn -0.904829 -0.425775 0.0
vn -0.951057 -0.309016 0.0
vn -0.951057 -0.309016 0.0
vn -0.982288 -0.187379 0.0
vn -0.982288 -0.187379 0.0
vn -0.998027 -0.062791 0.0
vn -0.998027 -0.062791 0.0
vn -0.586774 -0.80975 -0.0
vn -0.480875 -0.876789 -0.0
vn -0.586774 -0.80975 -0.0
vn -0.367428 -0.930052 -0.0
vn -0.480875 -0.876789 -0.0
vn -0.248206 -0.968707 -0.0
vn -0.367428 -0.930052 -0.0
vn -0.125082 -0.992146 -0.0
vn -0.248206 -0.968707 -0.0
vn 0.0 -1.0 0.0
vn -0.125082 -0.992146 -0.0
vn 0.125082 -0.992146 0.0
vn -0.0 -1.0 -0.0
vn 0.248206 -0.968707 0.0
vn 0.125082 -0.992146 0.0
vn 0.367428 -0.930052 0.0
vn 0.248206 -0.968707 0.0
vn 0.480875 -0.876789 0.0
vn 0.367428 -0.930052 0.0
vn 0.586774 -0.809751 0.0
vn 0.480875 -0.876789 0.0
vn 0.586774 -0.809751 0.0
vn -1.0 -0.0 0.0
vn -1.0 0.0 0.0
vn 0.0 0.0 1.0
vn -0.0 0.0 1.0
vn 0.0 0.0 1.0
vn -0.0 0.0 1.0
vn 0.0 0.0 1.0
vn -0.0 0.0 1.0
vn 0.0 0.0 1.0
vn -0.0 0.0 1.0
vn 0.0 0.0 1.0
vn -0.0 0.0 1.0
vn 0.0 0.0 1.0
vn -0.0 0.0 1.0
vn 0.0 0.0 1.0
vn 0.0 0.0 1.0
vn 0.0 0.0 1.0
vn 0.0 0.0 1.0
vn 0.0 0.0 1.0
vn 0.0 0.0 1.0
vn 0.0 0.0 1.0
vn 0.0 0.0 1.0
vn 0.0 0.0 1.0
vn 0.0 0.0 1.0
vn 0.0 0.0 1.0
vn 0.0 0.0 1.0
vn -0.0 0.0 1.0
vn -0.0 0.0 1.0
vn -0.0 0.0 1.0
vn 0.0 0.0 1.0
vn 0.0 0.0 1.0
vn 0.0 0.0 1.0
vn -0.0 0.0 1.0
vn 0.0 0.0 1.0
vn 0.0 0.0 1.0
vn -0.0 0.0 1.0
vn 0.0 0.0 1.0
vn 0.0 0.0 1.0
vn -0.0 0.0 1.0
vn -0.0 0.0 1.0
vn 0.0 0.0 1.0
vn -0.0 0.0 1.0
vn -0.0 0.0 1.0
vn 0.0 0.0 1.0
vn -0.0 0.0 1.0
vn -0.0 0.0 1.0
vn 0.0 0.0 1.0
vn 0.0 0.0 1.0
vn 0.0 0.0 1.0
vn 0.0 0.0 1.0
vn 0.0 0.0 1.0
vn 0.0 0.0 1.0
vn 0.0 0.0 1.0
vn 0.0 0.0 1.0
vn 0.0 0.0 1.0
vn 0.0 0.0 1.0
vn 0.0 0.0 1.0
vn 0.0 0.0 1.0
vn 0.0 0.0 1.0
vn 0.0 0.0 1.0
vn 0.0 0.0 1.0
vn 0.0 0.0 1.0
vn 0.0 0.0 1.0
vn 0.0 0.0 1.0
vn 0.0 0.0 1.0
vn 0.0 0.0 1.0
vn 0.0 0.0 1.0
vn 0.0 0.0 1.0
vn 1.0 -0.0 0.0
vn 1.0 0.0 0.0
vn 0.0 0.0 -1.0
vn 0.0 0.0 -1.0
vn 0.0 0.0 -1.0
vn 0.0 0.0 -1.0
vn 0.0 0.0 -1.0
vn 0.0 0.0 -1.0
vn 0.0 0.0 -1.0
vn 0.0 0.0 -1.0
vn 0.0 0.0 -1.0
vn 0.0 0.0 -1.0
vn 0.0 0.0 -1.0
vn 0.0 0.0 -1.0
vn 0.0 0.0 -1.0
vn 0.0 0.0 -1.0
vn 0.0 0.0 -1.0
vn 0.0 0.0 -1.0
vn 0.0 0.0 -1.0
vn 0.0 0.0 -1.0
vn 0.0 0.0 -1.0
vn 0.0 0.0 -1.0
vn 0.0 0.0 -1.0
vn 0.0 0.0 -1.0
vn 0.0 0.0 -1.0
vn 0.0 0.0 -1.0
vn 0.0 0.0 -1.0
vn 0.0 0.0 -1.0
vn 0.0 0.0 -1.0
vn 0.0 0.0 -1.0
vn 0.0 0.0 -1.0
vn 0.0 0.0 -1.0
vn 0.0 0.0 -1.0
vn 0.0 0.0 -1.0
vn 0.0 0.0 -1.0
vn 0.0 0.0 -1.0
vn 0.0 0.0 -1.0
vn 0.0 0.0 -1.0
vn 0.0 0.0 -1.0
vn 0.0 0.0 -1.0
vn 0.0 0.0 -1.0
vn 0.0 0.0 -1.0
vn 0.0 0.0 -1.0
vn 0.0 0.0 -1.0
vn 0.0 0.0 -1.0
vn 0.0 0.0 -1.0
vn 0.0 0.0 -1.0
vn 0.0 0.0 -1.0
vn 0.0 0.0 -1.0
vn 0.0 0.0 -1.0
vn 0.0 0.0 -1.0
vn 0.0 0.0 -1.0
vn 0.0 0.0 -1.0
vn 0.0 0.0 -1.0
vn 0.0 0.0 -1.0
vn 0.0 0.0 -1.0
vn 0.0 0.0 -1.0
vn 0.0 0.0 -1.0
vn 0.0 0.0 -1.0
vn 0.0 0.0 -1.0
vn 0.0 0.0 -1.0
vn 0.0 0.0 -1.0
vn 0.0 0.0 -1.0
vn 0.0 0.0 -1.0
vn 0.0 0.0 -1.0
vn 0.0 0.0 -1.0
vn 0.0 0.0 -1.0
vn 0.0 0.0 -1.0
vn 0.0 0.0 -1.0
vn 0.0 0.0 -1.0
vn -1.0 0.0 0.0
vn -1.0 0.0 0.0
vn 0.0 -1.0 -0.0
vn 0.0 -1.0 0.0
vn 0.0 -1.0 0.0
vn 0.0 -1.0 0.0
vn 0.0 -1.0 0.0
vn 1.0 0.0 0.0
vn 1.0 0.0 0.0
vn 0.998027 0.06279 0.0
vn 0.998027 0.06279 0.0
vn 0.982287 0.187384 0.0
vn 0.982287 0.187384 0.0
vn 0.951056 0.309019 0.0
vn 0.951056 0.309019 0.0
vn 0.904829 0.425775 0.0
vn 0.904829 0.425775 0.0
vn 0.844323 0.535834 0.0
vn 0.844323 0.535834 0.0
vn 0.770517 0.637419 0.0
vn 0.770517 0.637419 0.0
vn 0.684552 0.728964 0.0
vn 0.684552 0.728964 0.0
vn 0.587783 0.809018 0.0
vn 0.587783 0.809018 0.0
vn 0.481747 0.87631 0.0
vn 0.481747 0.87631 0.0
vn 0.368135 0.929772 0.0
vn 0.368135 0.929772 0.0
vn 0.248682 0.968585 0.0
vn 0.125328 0.992115 -0.0
vn 0.248682 0.968585 0.0
vn 0.125328 0.992115 0.0
vn -0.0 1.0 0.0
vn 0.0 1.0 0.0
vn -0.125328 0.992115 0.0
vn -0.248681 0.968585 0.0
vn -0.125328 0.992115 0.0
vn -0.248681 0.968585 0.0
vn -0.368136 0.929772 0.0
vn -0.368136 0.929772 0.0
vn -0.481746 0.876311 0.0
vn -0.481746 0.876311 0.0
vn -0.587783 0.809018 0.0
vn -0.684553 0.728963 0.0
vn -0.587783 0.809018 0.0
vn -0.684553 0.728963 0.0
vn -0.770516 0.637421 0.0
vn -0.770516 0.637421 0.0
vn -0.844323 0.535834 0.0
vn -0.844323 0.535834 0.0
vn -0.904829 0.425775 0.0
vn -0.904829 0.425775 0.0
vn -0.951057 0.309016 0.0
vn -0.951057 0.309016 0.0
vn -0.982287 0.187384 0.0
vn -0.982287 0.187384 0.0
vn -0.998027 0.06279 0.0
vn -0.998027 0.06279 0.0
vn 1.0 -0.0 0.0
vn 1.0 0.0 0.0
vn -0.998027 -0.062791 -0.0
vn -0.998027 -0.062791 0.0
vn -0.982288 -0.187379 0.0
vn -0.982288 -0.187379 -0.0
vn -0.951057 -0.309016 0.0
vn -0.951057 -0.309016 -0.0
vn -0.904829 -0.425775 0.0
vn -0.904829 -0.425775 -0.0
vn -0.844323 -0.535834 0.0
vn -0.844323 -0.535834 -0.0
vn -0.770516 -0.637421 0.0
vn -0.770516 -0.637421 -0.0
vn -0.684553 -0.728963 0.0
vn -0.684553 -0.728963 -0.0
vn -0.587783 -0.809018 0.0
vn -0.587783 -0.809018 -0.0
vn -0.481746 -0.876311 0.0
vn -0.481746 -0.876311 -0.0
vn -0.368136 -0.929772 0.0
vn -0.368136 -0.929772 -0.0
vn -0.248681 -0.968585 -0.0
vn -0.125328 -0.992115 0.0
vn -0.248681 -0.968585 0.0
vn -0.125328 -0.992115 0.0
vn -0.0 -1.0 -0.0
vn 0.0 -1.0 0.0
vn 0.125328 -0.992115 0.0
vn 0.125328 -0.992115 0.0
vn 0.248682 -0.968585 0.0
vn 0.248682 -0.968585 0.0
vn 0.368135 -0.929772 0.0
vn 0.368135 -0.929772 0.0
vn 0.481747 -0.87631 0.0
vn 0.481747 -0.87631 0.0
vn 0.684552 -0.728964 0.0
vn 0.587783 -0.809018 0.0
vn 0.587783 -0.809018 0.0
vn 0.684552 -0.728964 0.0
vn 0.770517 -0.637419 0.0
vn 0.770517 -0.637419 0.0
vn 0.904829 -0.425775 0.0
vn 0.844323 -0.535834 0.0
vn 0.844323 -0.535834 0.0
vn 0.904829 -0.425775 0.0
vn 0.951056 -0.309019 0.0
vn 0.951056 -0.309019 0.0
vn 0.982288 -0.187379 0.0
vn 0.982288 -0.187379 0.0
vn 0.998027 -0.062791 0.0
vn 0.998027 -0.062791 0.0
vn -1.0 -0.0 0.0
vn -1.0 0.0 0.0
vn -0.057444 -0.998349 0.0
vn -0.057444 -0.998349 0.0
vn -0.171593 -0.985168 0.0
vn -0.171593 -0.985168 0.0
vn -0.283463 -0.958983 0.0
vn -0.283463 -0.958983 0.0
vn -0.391599 -0.920136 0.0
vn -0.391599 -0.920136 0.0
vn -0.590997 -0.806674 0.0
vn -0.494564 -0.869141 0.0
vn -0.494564 -0.869141 0.0
vn -0.590997 -0.806674 0.0
vn 0.0 0.0 -1.0
vn 0.0 0.0 -1.0
vn 0.0 0.0 -1.0
vn 0.0 0.0 -1.0
vn 0.0 0.0 -1.0
vn 0.0 0.0 -1.0
vn 0.0 0.0 -1.0
vn 0.0 0.0 -1.0
vn 0.0 0.0 -1.0
vn 0.0 0.0 -1.0
vn 0.0 0.0 -1.0
vn 0.0 0.0 -1.0
vn 0.0 0.0 -1.0
vn 0.0 0.0 -1.0
vn 0.0 0.0 -1.0
vn 0.0 0.0 -1.0
vn 0.0 0.0 -1.0
vn 0.0 0.0 -1.0
vn 0.0 0.0 -1.0
vn 0.0 0.0 -1.0
vn 0.0 0.0 -1.0
vn 0.0 0.0 -1.0
vn 0.0 0.0 -1.0
vn 0.0 0.0 -1.0
vn 0.0 0.0 -1.0
vn 0.0 0.0 -1.0
vn 0.0 0.0 -1.0
vn 0.0 0.0 -1.0
vn 0.0 0.0 -1.0
vn 0.0 0.0 -1.0
vn 0.0 0.0 -1.0
vn 0.0 0.0 -1.0
vn -0.0 0.0 -1.0
vn 0.0 0.0 -1.0
vn -0.0 0.0 -1.0
vn 0.0 0.0 -1.0
vn 0.0 0.0 -1.0
vn 0.0 0.0 -1.0
vn 0.0 0.0 -1.0
vn 0.0 0.0 -1.0
vn 0.0 0.0 -1.0
vn 0.0 0.0 -1.0
vn 0.0 0.0 -1.0
vn 0.0 0.0 -1.0
vn 0.0 0.0 -1.0
vn 0.0 0.0 -1.0
vn 0.0 0.0 -1.0
vn 0.0 0.0 -1.0
vn 0.0 0.0 -1.0
vn 0.0 0.0 -1.0
vn 0.0 0.0 -1.0
vn 0.0 0.0 -1.0
vn 0.0 0.0 -1.0
vn 0.0 0.0 -1.0
vn 0.0 0.0 -1.0
vn 0.0 0.0 -1.0
vn 0.0 0.0 -1.0
vn 0.0 0.0 -1.0
vn 0.0 0.0 -1.0
vn 0.0 0.0 -1.0
vn 0.0 0.0 -1.0
vn 0.0 0.0 -1.0
vn 0.0 0.0 -1.0
vn 0.0 0.0 -1.0
vn 0.0 0.0 -1.0
vn 0.0 0.0 -1.0
vn 0.0 0.0 -1.0
vn -1.0 0.0 0.0
vn -1.0 0.0 0.0
vn -1.0 -0.0 0.0
vn -1.0 0.0 0.0
vn 0.0 0.0 1.0
vn -0.0 0.0 1.0
vn 0.0 0.0 1.0
vn 0.0 0.0 1.0
vn 0.0 0.0 1.0
vn -0.0 0.0 1.0
vn 0.0 0.0 1.0
vn 0.0 0.0 1.0
vn -0.0 0.0 1.0
vn 0.0 0.0 1.0
vn 0.0 0.0 1.0
vn -0.0 0.0 1.0
vn 0.0 0.0 1.0
vn -0.0 0.0 1.0
vn 0.0 0.0 1.0
vn 0.0 0.0 1.0
vn -0.0 0.0 1.0
vn 0.0 0.0 1.0
vn -0.0 0.0 1.0
vn 0.0 0.0 1.0
vn 0.0 0.0 1.0
vn 0.0 0.0 1.0
vn 0.0 0.0 1.0
vn 0.0 0.0 1.0
vn 0.0 0.0 1.0
vn 0.0 0.0 1.0
vn 0.0 0.0 1.0
vn 0.0 0.0 1.0
vn 0.0 0.0 1.0
vn 0.0 0.0 1.0
vn -0.0 0.0 1.0
vn 0.0 0.0 1.0
vn 0.0 0.0 1.0
vn -0.0 0.0 1.0
vn 0.0 0.0 1.0
vn 0.0 0.0 1.0
vn 0.0 0.0 1.0
vn 0.0 0.0 1.0
vn -0.0 0.0 1.0
vn -0.0 0.0 1.0
vn -0.0 0.0 1.0
vn -0.0 0.0 1.0
vn -0.0 0.0 1.0
vn -0.0 0.0 1.0
vn -0.0 0.0 1.0
vn -0.0 0.0 1.0
vn -0.0 0.0 1.0
vn -0.0 0.0 1.0
vn 0.0 0.0 1.0
vn 0.0 0.0 1.0
vn -0.0 0.0 1.0
vn -0.0 0.0 1.0
vn 0.0 0.0 1.0
vn 0.0 0.0 1.0
vn 0.0 0.0 1.0
vn 0.0 0.0 1.0
vn 0.0 0.0 1.0
vn 0.0 0.0 1.0
vn 0.0 0.0 1.0
vn 0.0 0.0 1.0
vn 0.0 0.0 1.0
vn 0.0 0.0 1.0
vn 0.0 0.0 1.0
vn 0.0 0.0 1.0
vn 0.0 0.0 1.0
vn 0.0 0.0 1.0
vn 0.0 0.0 1.0
vn 0.0 0.0 1.0
vn -0.0 0.0 1.0
vn 1.0 0.0 0.0
vn 1.0 -0.0 0.0
vn 0.0 -1.0 0.0
vn 0.0 -1.0 0.0
vn 0.0 -1.0 0.0
vn 0.0 -1.0 0.0
vn 0.0 -1.0 0.0
vn 0.0 -1.0 0.0
vn 0.0 -1.0 -0.0
vn 0.0 -1.0 0.0
vn 0.0 -1.0 0.0
vn 0.0 -1.0 0.0
vn 0.0 -1.0 0.0
vn 0.0 -1.0 0.0
vn 0.0 -1.0 0.0
vn 0.0 -1.0 0.0
vn 0.0 -1.0 0.0
vn 0.0 -1.0 0.0
vn 0.0 -1.0 0.0
vn 0.0 -1.0 0.0
vn 0.0 -1.0 0.0
vn 0.0 -1.0 0.0
vn 0.0 -1.0 0.0
vn 0.0 -1.0 0.0
vn 0.0 -1.0 0.0
vn 0.0 -1.0 0.0
vn 0.0 -1.0 0.0
vn 0.0 -1.0 0.0
vn 0.0 -1.0 0.0
vn 0.0 -1.0 0.0
vn 0.0 -1.0 0.0
vn 0.0 -1.0 0.0
vn 0.0 -1.0 -0.0
vn 0.0 -1.0 0.0
vn 0.0 -1.0 0.0
vn 0.0 -1.0 0.0
vn 0.0 -1.0 0.0
vn 0.0 -1.0 0.0
vn 0.0 -1.0 0.0
vn 0.0 -1.0 0.0
vn 0.0 -1.0 0.0
vn 0.0 -1.0 0.0
vn 0.0 -1.0 0.0
vn 0.0 -1.0 0.0
vn 0.0 -1.0 0.0
vn 0.0 -1.0 0.0
vn 0.0 -1.0 -0.0
vn 0.0 -1.0 0.0
vn 0.0 -1.0 -0.0
vn 0.0 -1.0 0.0
vn 0.0 -1.0 0.0
vn 0.0 -1.0 -0.0
vn 0.0 -1.0 0.0
vn 0.0 -1.0 -0.0
vn 0.0 -1.0 0.0
vn 0.0 -1.0 -0.0
vn 0.0 -1.0 -0.0
vn 0.0 -1.0 -0.0
vn 0.0 -1.0 -0.0
vn 0.0 -1.0 0.0
vn 0.0 -1.0 0.0
vn 0.0 -1.0 -0.0
vn 1.0 0.0 0.0
vn 1.0 -0.0 0.0
vn 0.0 -1.0 0.0
vn 0.0 -1.0 0.0
vn 0.0 -1.0 -0.0
vn 0.0 -1.0 0.0
vn 0.0 -1.0 0.0
vn 0.15795 0.0 0.987447
vn 0.031717 0.0 0.999497
vn 0.095025 -3.3e-05 0.995475
vn 0.06279 0.001718 0.998025
vn 0.157877 3.4e-05 0.987459
vn 0.239633 -0.001273 0.970863
vn 0.187381 0.001945 0.982285
vn 0.33847 -0.00082 0.940977
vn 0.309017 0.001739 0.951055
vn 0.619442 0.0 0.785042
vn 0.433699 0.000126 0.901058
vn 0.524303 -0.00012 0.851532
vn 0.425779 0.00104 0.904827
vn 0.535827 0.001232 0.844327
vn 0.715261 -0.001004 0.698857
vn 0.620575 0.001377 0.784146
vn 0.637423 -0.001836 0.770512
vn 0.728968 0.00085 0.684547
vn 0.7992 -0.000876 0.601064
vn 0.809017 0.000716 0.587785
vn 0.869866 -0.000738 0.493288
vn 0.876307 0.000574 0.481754
vn 0.926083 -0.00059 0.377319
vn 0.929776 0.000422 0.368125
vn 0.966919 -0.000434 0.255082
vn 0.991695 -0.000267 0.128609
vn 0.968583 0.00026 0.24869
vn 1.0 -9.1e-05 0.0
vn 0.992115 8.9e-05 0.125333
vn 1.0 -9.1e-05 0.0
vn 0.991695 -0.000267 -0.128609
vn 0.992115 8.9e-05 -0.125333
vn 0.966919 -0.000434 -0.255082
vn 0.968583 0.00026 -0.24869
vn 0.926083 -0.00059 -0.377319
vn 0.929776 0.000422 -0.368125
vn 0.869866 -0.000738 -0.493288
vn 0.876307 0.000574 -0.481753
vn 0.7992 -0.000876 -0.601064
vn 0.809017 0.000716 -0.587785
vn 0.619442 0.0 -0.785043
vn 0.715261 -0.001004 -0.698857
vn 0.728969 0.00085 -0.684547
vn 0.620574 0.001377 -0.784146
vn 0.637423 -0.001837 -0.770512
vn 0.524304 -0.00012 -0.851531
vn 0.433699 0.000126 -0.901058
vn 0.535827 0.001232 -0.844327
vn 0.157949 0.0 -0.987447
vn 0.33847 -0.00082 -0.940977
vn 0.425779 0.00104 -0.904827
vn 0.239633 -0.001273 -0.970863
vn 0.309017 0.001739 -0.951055
vn 0.095025 -3.3e-05 -0.995475
vn 0.157876 3.4e-05 -0.987459
vn 0.187381 0.001945 -0.982285
vn 0.031718 -0.0 -0.999497
vn 0.06279 0.001718 -0.998025
vn 0.0 -1.0 0.0
vn 0.0 -1.0 0.0
vn 0.0 -1.0 0.0
vn 0.0 -1.0 0.0
vn 0.0 -1.0 -0.0
vn 0.0 -1.0 0.0
vn 0.0 -1.0 0.0
vn 0.0 -1.0 0.0
vn 0.0 -1.0 -0.0
vn 0.0 -1.0 0.0
vn 0.0 -1.0 0.0
vn 0.0 -1.0 0.0
vn 0.0 -1.0 -0.0
vn 0.0 -1.0 -0.0
vn 0.0 -1.0 0.0
vn 0.0 -1.0 -0.0
vn -0.0 -1.0 0.0
vn 0.0 -1.0 -0.0
vn 0.0 -1.0 0.0
vn 0.0 -1.0 -0.0
vn -0.0 -1.0 0.0
vn 0.0 -1.0 -0.0
vn 0.0 -1.0 0.0
vn 0.0 -1.0 -0.0
vn 0.0 -1.0 -0.0
vn 0.0 -1.0 0.0
vn 0.0 -1.0 0.0
vn 0.0 -1.0 0.0
vn 0.0 -1.0 0.0
vn 0.0 -1.0 -0.0
vn 0.0 -1.0 -0.0
vn 0.0 -1.0 0.0
vn 0.0 -1.0 0.0
vn 0.0 -1.0 -0.0
vn 0.0 -1.0 0.0
vn 0.0 -1.0 -0.0
vn 0.0 -1.0 0.0
vn 0.0 -1.0 -0.0
vn 0.0 -1.0 0.0
vn 0.0 -1.0 -0.0
vn 0.0 -1.0 0.0
vn 0.0 -1.0 -0.0
vn 0.0 -1.0 -0.0
vn 0.0 -1.0 0.0
vn 0.0 -1.0 0.0
vn 0.0 -1.0 -0.0
vn 0.0 -1.0 -0.0
vn 0.0 -1.0 0.0
vn 0.0 -1.0 -0.0
vn 0.0 -1.0 0.0
vn 0.0 -1.0 -0.0
vn 0.0 -1.0 0.0
vn 0.0 -1.0 -0.0
vn 0.0 -1.0 0.0
vn 0.0 -1.0 -0.0
vn 0.0 -1.0 0.0
vn 0.0 -1.0 -0.0
vn 0.0 -1.0 0.0
vn 0.0 -1.0 -0.0
vn 0.0 -1.0 0.0
vn 0.0 -1.0 -0.0
vn 0.0 -1.0 0.0
vn 0.0 -1.0 -0.0
vn 0.0 -1.0 0.0
vn 0.0 -1.0 -0.0
vn 0.0 -1.0 0.0
vn 0.0 -1.0 -0.0
vn 0.0 -1.0 0.0
vn 0.0 -1.0 -0.0
vn 0.0 -1.0 0.0
vn 0.0 -1.0 -0.0
vn 0.0 -1.0 0.0
vn 0.0 -1.0 -0.0
vn 0.0 -1.0 0.0
vn 0.0 -1.0 0.0
vn 0.0 -1.0 -0.0
vn 0.0 -1.0 0.0
vn 0.0 -1.0 -0.0
vn 0.0 -1.0 -0.0
vn 0.0 -1.0 0.0
vn 0.0 -1.0 0.0
vn 0.0 -1.0 0.0
vn 0.0 -1.0 0.0
vn 0.0 -1.0 -0.0
vn 0.0 -1.0 0.0
vn 0.0 -1.0 -0.0
vn 0.0 -1.0 -0.0
vn 0.0 -1.0 0.0
vn 0.0 -1.0 -0.0
vn 0.0 -1.0 0.0
vn 0.0 -1.0 0.0
vn 0.0 -1.0 0.0
vn 0.0 -1.0 0.0
vn 0.0 -1.0 -0.0
vn -0.0 -1.0 0.0
vn 0.0 -1.0 0.0
vn 0.0 -1.0 0.0
vn 0.0 -1.0 -0.0
vn 0.0 -1.0 0.0
vn 0.0 -1.0 0.0
vn 0.062791 0.0 0.998027
vn 0.187381 0.0 0.982287
vn 0.062791 0.0 0.998027
vn 0.187381 0.0 0.982287
vn 0.309017 0.0 0.951056
vn 0.309017 0.0 0.951056
vn 0.425779 0.0 0.904827
vn 0.425779 0.0 0.904827
vn 0.535827 0.0 0.844328
vn 0.535827 0.0 0.844328
vn 0.637424 0.0 0.770513
vn 0.637424 0.0 0.770513
vn 0.728969 0.0 0.684547
vn 0.728969 0.0 0.684547
vn 0.809017 0.0 0.587785
vn 0.809017 0.0 0.587785
vn 0.876307 0.0 0.481754
vn 0.876307 0.0 0.481754
vn 0.929776 0.0 0.368125
vn 0.968583 0.0 0.24869
vn 0.929776 0.0 0.368125
vn 0.968583 0.0 0.24869
vn 0.992115 0.0 0.125333
vn 0.992115 0.0 0.125333
vn 1.0 0.0 -0.0
vn 1.0 0.0 0.0
vn 0.992115 0.0 -0.125333
vn 0.992115 0.0 -0.125333
vn 0.968583 0.0 -0.24869
vn 0.968583 0.0 -0.24869
vn 0.929776 0.0 -0.368125
vn 0.929776 0.0 -0.368125
vn 0.876307 0.0 -0.481753
vn 0.876307 0.0 -0.481753
vn 0.809017 0.0 -0.587785
vn 0.728969 0.0 -0.684547
vn 0.809017 0.0 -0.587785
vn 0.728969 0.0 -0.684547
vn 0.637424 0.0 -0.770513
vn 0.535827 0.0 -0.844328
vn 0.637424 0.0 -0.770513
vn 0.425779 0.0 -0.904827
vn 0.535827 0.0 -0.844328
vn 0.425779 0.0 -0.904827
vn 0.309017 0.0 -0.951056
vn 0.309017 0.0 -0.951056
vn 0.187381 0.0 -0.982287
vn 0.187381 0.0 -0.982287
vn 0.06279 -0.0 -0.998027
vn 0.06279 0.0 -0.998027
vn 0.0 0.0 1.0
vn 0.0 0.0 1.0
vn 0.0 0.0 1.0
vn -0.050718 -0.553987 -0.830979
vn -0.050819 -0.553777 -0.831112
vn -0.151375 -0.554197 -0.818506
vn -0.151724 -0.553571 -0.818864
vn -0.249751 -0.554406 -0.793888
vn -0.250401 -0.553367 -0.794408
vn -0.344388 -0.554616 -0.757495
vn -0.345379 -0.553163 -0.758106
vn -0.433881 -0.554825 -0.709871
vn -0.43524 -0.552959 -0.710494
vn -0.516905 -0.555032 -0.651727
vn -0.518645 -0.552756 -0.652279
vn -0.59223 -0.555238 -0.58393
vn -0.594348 -0.552554 -0.584324
vn -0.658739 -0.555444 -0.507489
vn -0.661217 -0.552352 -0.507641
vn -0.71545 -0.555648 -0.42354
vn -0.718254 -0.552152 -0.423367
vn -0.761523 -0.555853 -0.333333
vn -0.764606 -0.551951 -0.332757
vn -0.796279 -0.556055 -0.238207
vn -0.799578 -0.551752 -0.23716
vn -0.819204 -0.556258 -0.139578
vn -0.822645 -0.551553 -0.137998
vn 0.062791 0.0 0.998027
vn 0.062791 0.0 0.998027
vn 0.187381 0.0 0.982287
vn 0.187381 0.0 0.982287
vn 0.309017 0.0 0.951056
vn 0.425779 0.0 0.904827
vn 0.309017 0.0 0.951056
vn 0.425779 0.0 0.904827
vn 0.535827 0.0 0.844328
vn 0.535827 0.0 0.844328
vn 0.637424 0.0 0.770513
vn 0.728969 0.0 0.684547
vn 0.637424 0.0 0.770513
vn 0.728969 0.0 0.684547
vn 0.809017 0.0 0.587785
vn 0.809017 0.0 0.587785
vn 0.876307 0.0 0.481754
vn 0.876307 0.0 0.481754
vn 0.929776 0.0 0.368125
vn 0.929776 0.0 0.368125
vn 0.968583 0.0 0.24869
vn 0.968583 0.0 0.24869
vn 0.992115 0.0 0.125333
vn 0.992115 0.0 0.125333
vn 1.0 0.0 -0.0
vn 1.0 0.0 0.0
vn 0.992115 0.0 -0.125333
vn 0.992115 0.0 -0.125333
vn 0.968583 0.0 -0.24869
vn 0.968583 0.0 -0.24869
vn 0.929776 0.0 -0.368125
vn 0.929776 0.0 -0.368125
vn 0.876307 0.0 -0.481754
vn 0.876307 0.0 -0.481754
vn 0.809017 0.0 -0.587785
vn 0.809017 0.0 -0.587785
vn 0.728969 0.0 -0.684547
vn 0.728969 0.0 -0.684547
vn 0.637424 0.0 -0.770513
vn 0.535827 0.0 -0.844328
vn 0.637424 0.0 -0.770513
vn 0.535827 0.0 -0.844328
vn 0.425779 0.0 -0.904827
vn 0.309017 0.0 -0.951057
vn 0.425779 0.0 -0.904827
vn 0.309017 0.0 -0.951057
vn 0.187381 0.0 -0.982287
vn 0.187381 0.0 -0.982287
vn 0.062791 -0.0 -0.998027
vn 0.062791 0.0 -0.998027
vn 0.0 -1.0 -0.0
vn 0.0 -1.0 0.0
vn 0.0 -1.0 -0.0
vn 0.0 -1.0 -0.0
vn 0.0 -1.0 0.0
vn 0.0 -1.0 -0.0
vn 0.0 -1.0 0.0
vn 0.0 -1.0 0.0
vn 0.0 -1.0 -0.0
vn 0.0 -1.0 0.0
vn 0.0 -1.0 -0.0
vn 0.0 -1.0 -0.0
vn 0.0 -1.0 0.0
vn 0.0 -1.0 -0.0
vn 0.0 -1.0 0.0
vn 0.0 -1.0 0.0
vn 0.0 -1.0 0.0
vn 0.0 -1.0 -0.0
vn 0.0 -1.0 0.0
vn 0.0 -1.0 -0.0
vn 0.0 -1.0 -0.0
vn 0.0 -1.0 0.0
vn 0.0 -1.0 -0.0
vn 0.0 -1.0 0.0
vn 0.0 -1.0 -0.0
vn 0.0 -1.0 0.0
vn 0.0 -1.0 0.0
vn 0.0 -1.0 0.0
vn 0.0 -1.0 0.0
vn 0.0 -1.0 -0.0
vn 0.0 -1.0 0.0
vn 0.0 -1.0 -0.0
vn 0.0 -1.0 0.0
vn 0.0 -1.0 -0.0
vn 0.0 -1.0 0.0
vn 0.0 -1.0 0.0
vn -0.0 -1.0 0.0
vn 0.0 -1.0 -0.0
vn 0.0 -1.0 0.0
vn 0.0 -1.0 0.0
vn -0.0 -1.0 0.0
vn 0.0 -1.0 -0.0
vn 0.0 -1.0 0.0
vn 0.0 -1.0 0.0
vn 0.0 -1.0 -0.0
vn -0.0 -1.0 0.0
vn 0.0 -1.0 0.0
vn 0.0 -1.0 -0.0
vn 0.0 -1.0 -0.0
vn 0.0 -1.0 0.0
vn 0.0 -1.0 0.0
vn 0.0 -1.0 -0.0
vn 0.0 -1.0 0.0
vn 0.0 -1.0 0.0
vn 0.0 -1.0 0.0
vn 0.0 -1.0 -0.0
vn -0.0 -1.0 0.0
vn 0.0 -1.0 0.0
vn 0.0 -1.0 0.0
vn 0.0 -1.0 0.0
vn 0.0 -1.0 -0.0
vn -0.0 -1.0 0.0
vn 0.0 -1.0 0.0
vn 0.0 -1.0 0.0
vn 0.0 -1.0 -0.0
vn 0.0 -1.0 0.0
vn 0.0 -1.0 0.0
vn 0.0 -1.0 0.0
vn 0.0 -1.0 0.0
vn 0.0 -1.0 0.0
vn -0.0 -1.0 -0.0
vn 0.0 -1.0 -0.0
vn -0.0 -1.0 0.0
vn 0.0 -1.0 0.0
vn 0.0 -1.0 0.0
vn 0.0 -1.0 -0.0
vn -0.0 -1.0 0.0
vn -0.0 -1.0 0.0
vn -0.0 -1.0 0.0
vn -0.0 -1.0 0.0
vn 0.0 -1.0 0.0
vn 0.0 -1.0 0.0
vn 0.0 -1.0 -0.0
vn 0.0 -1.0 0.0
vn 0.0 -1.0 -0.0
vn 0.0 -1.0 -0.0
vn 0.0 -1.0 -0.0
vn 0.0 -1.0 -0.0
vn 0.0 -1.0 0.0
vn 0.0 -1.0 -0.0
vn 0.0 -1.0 0.0
vn 0.0 -1.0 -0.0
vn 0.0 -1.0 -0.0
vn 0.0 -1.0 -0.0
vn 0.0 -1.0 0.0
vn 0.0 -1.0 -0.0
vn 0.0 -1.0 -0.0
vn 0.0 -1.0 0.0
vn 0.0 -1.0 -0.0
vn 0.0 -1.0 0.0
vn 0.0 -1.0 -0.0
vn 0.0 -1.0 0.0
vn 0.0 -1.0 -0.0
vn 0.0 -1.0 0.0
vn 0.0 -1.0 -0.0
vn 0.0 -1.0 0.0
vn 0.0 -1.0 -0.0
vn 0.0 -1.0 0.0
vn 0.0 -1.0 -0.0
vn 0.0 -1.0 0.0
vn 0.0 -1.0 0.0
vn -0.856572 0.0 -0.516027
vn -0.856572 -0.0 -0.516027
vn -0.912386 -0.0 -0.409332
vn -0.912386 0.0 -0.409332
vn -0.954973 -0.0 -0.296693
vn -0.954973 0.0 -0.296693
vn -0.983712 -0.0 -0.179751
vn -0.983712 0.0 -0.179751
vn -0.998186 -0.0 -0.060211
vn -0.998186 0.0 -0.060211
vn -0.998186 0.0 0.060211
vn -0.998186 0.0 0.060211
vn -0.983712 0.0 0.179751
vn -0.983712 0.0 0.179751
vn -0.954973 0.0 0.296693
vn -0.954973 0.0 0.296693
vn -0.912386 0.0 0.409331
vn -0.912386 0.0 0.409331
vn -0.856572 0.0 0.516027
vn -0.856572 0.0 0.516027
vn 0.0 0.0 -1.0
vn 0.0 0.0 -1.0
vn 0.0 0.0 -1.0
f 1//1 2//1 3//1 
f 3//2 2//2 4//2 
f 4//3 5//3 6//3 
f 2//4 5//4 4//4 
f 6//5 7//5 8//5 
f 5//6 7//6 6//6 
f 8//7 9//7 10//7 
f 7//8 9//8 8//8 
f 10//9 11//9 12//9 
f 9//10 11//10 10//10 
f 12//11 13//11 14//11 
f 11//12 13//12 12//12 
f 14//13 15//13 16//13 
f 13//14 15//14 14//14 
f 16//15 17//15 18//15 
f 15//16 17//16 16//16 
f 18//17 19//17 20//17 
f 17//18 19//18 18//18 
f 20//19 21//19 22//19 
f 19//20 21//20 20//20 
f 22//21 23//21 24//21 
f 21//22 23//22 22//22 
f 23//23 25//23 24//23 
f 24//24 25//24 26//24 
f 25//25 27//25 26//25 
f 26//26 27//26 28//26 
f 27//27 29//27 28//27 
f 28//28 29//28 30//28 
f 29//29 31//29 30//29 
f 30//30 31//30 32//30 
f 31//31 33//31 32//31 
f 32//32 33//32 34//32 
f 33//33 35//33 34//33 
f 34//34 35//34 36//34 
f 35//35 37//35 36//35 
f 36//36 37//36 38//36 
f 37//37 39//37 38//37 
f 38//38 39//38 40//38 
f 40//39 41//39 42//39 
f 39//40 41//40 40//40 
f 42//41 43//41 44//41 
f 41//42 43//42 42//42 
f 44//43 45//43 46//43 
f 43//44 45//44 44//44 
f 46//45 47//45 48//45 
f 45//46 47//46 46//46 
f 48//47 49//47 50//47 
f 47//48 49//48 48//48 
f 50//49 51//49 52//49 
f 49//50 51//50 50//50 
f 53//51 54//51 55//51 
f 56//52 53//52 57//52 
f 56//53 58//53 54//53 
f 56//54 54//54 53//54 
f 59//55 57//55 60//55 
f 59//56 56//56 57//56 
f 61//57 60//57 62//57 
f 61//58 59//58 60//58 
f 63//59 62//59 64//59 
f 63//60 61//60 62//60 
f 65//61 64//61 66//61 
f 65//62 63//62 64//62 
f 67//63 66//63 68//63 
f 67//64 65//64 66//64 
f 69//65 68//65 70//65 
f 69//66 67//66 68//66 
f 71//67 69//67 70//67 
f 72//68 73//68 74//68 
f 74//69 73//69 75//69 
f 75//70 76//70 77//70 
f 73//71 76//71 75//71 
f 77//72 78//72 79//72 
f 76//73 78//73 77//73 
f 80//74 81//74 82//74 
f 83//75 82//75 84//75 
f 83//76 80//76 82//76 
f 85//77 84//77 86//77 
f 85//78 83//78 84//78 
f 87//79 86//79 88//79 
f 87//80 85//80 86//80 
f 89//81 88//81 90//81 
f 89//82 87//82 88//82 
f 91//83 90//83 92//83 
f 91//84 89//84 90//84 
f 93//85 92//85 94//85 
f 93//86 91//86 92//86 
f 95//87 94//87 96//87 
f 95//88 93//88 94//88 
f 97//89 96//89 98//89 
f 97//90 95//90 96//90 
f 99//91 98//91 100//91 
f 99//92 97//92 98//92 
f 101//93 100//93 102//93 
f 101//94 99//94 100//94 
f 103//95 102//95 104//95 
f 103//96 101//96 102//96 
f 105//97 103//97 104//97 
f 105//98 104//98 106//98 
f 107//99 105//99 106//99 
f 107//100 106//100 108//100 
f 109//101 107//101 108//101 
f 110//102 111//102 112//102 
f 110//103 108//103 111//103 
f 110//104 109//104 108//104 
f 113//105 110//105 112//105 
f 114//106 112//106 115//106 
f 114//107 113//107 112//107 
f 116//108 115//108 117//108 
f 116//109 114//109 115//109 
f 118//110 119//110 120//110 
f 118//111 117//111 119//111 
f 118//112 116//112 117//112 
f 121//113 118//113 120//113 
f 122//114 120//114 123//114 
f 122//115 121//115 120//115 
f 124//116 125//116 126//116 
f 124//117 123//117 125//117 
f 124//118 122//118 123//118 
f 127//119 124//119 126//119 
f 128//120 126//120 129//120 
f 128//121 127//121 126//121 
f 130//122 129//122 131//122 
f 130//123 128//123 129//123 
f 83//124 132//124 80//124 
f 133//125 132//125 83//125 
f 85//126 133//126 83//126 
f 134//127 133//127 85//127 
f 87//128 134//128 85//128 
f 135//129 134//129 87//129 
f 89//130 135//130 87//130 
f 136//131 135//131 89//131 
f 91//132 136//132 89//132 
f 137//133 136//133 91//133 
f 93//134 137//134 91//134 
f 138//135 137//135 93//135 
f 95//136 138//136 93//136 
f 139//137 138//137 95//137 
f 97//138 139//138 95//138 
f 140//139 139//139 97//139 
f 99//140 140//140 97//140 
f 141//141 140//141 99//141 
f 101//142 141//142 99//142 
f 142//143 141//143 101//143 
f 143//144 101//144 103//144 
f 143//145 142//145 101//145 
f 144//146 143//146 103//146 
f 144//147 103//147 105//147 
f 107//148 144//148 105//148 
f 145//149 144//149 107//149 
f 146//150 145//150 107//150 
f 146//151 107//151 109//151 
f 147//152 109//152 110//152 
f 147//153 146//153 109//153 
f 148//154 110//154 113//154 
f 148//155 147//155 110//155 
f 149//156 113//156 114//156 
f 149//157 148//157 113//157 
f 116//158 149//158 114//158 
f 150//159 149//159 116//159 
f 151//160 116//160 118//160 
f 151//161 150//161 116//161 
f 152//162 118//162 121//162 
f 152//163 151//163 118//163 
f 153//164 121//164 122//164 
f 153//165 152//165 121//165 
f 154//166 122//166 124//166 
f 154//167 153//167 122//167 
f 155//168 124//168 127//168 
f 155//169 154//169 124//169 
f 156//170 127//170 128//170 
f 156//171 155//171 127//171 
f 130//172 156//172 128//172 
f 157//173 156//173 130//173 
f 158//174 159//174 160//174 
f 161//175 160//175 162//175 
f 161//176 158//176 160//176 
f 163//177 162//177 164//177 
f 163//178 161//178 162//178 
f 165//179 164//179 166//179 
f 165//180 163//180 164//180 
f 167//181 166//181 168//181 
f 167//182 165//182 166//182 
f 169//183 168//183 170//183 
f 169//184 167//184 168//184 
f 171//185 170//185 172//185 
f 171//186 169//186 170//186 
f 173//187 172//187 174//187 
f 173//188 171//188 172//188 
f 175//189 174//189 176//189 
f 175//190 173//190 174//190 
f 177//191 176//191 178//191 
f 177//192 175//192 176//192 
f 179//193 178//193 180//193 
f 179//194 177//194 178//194 
f 181//195 179//195 180//195 
f 181//196 180//196 182//196 
f 183//197 181//197 182//197 
f 183//198 182//198 184//198 
f 185//199 183//199 184//199 
f 185//200 184//200 186//200 
f 187//201 186//201 188//201 
f 187//202 185//202 186//202 
f 189//203 188//203 190//203 
f 189//204 187//204 188//204 
f 191//205 190//205 192//205 
f 191//206 189//206 190//206 
f 193//207 192//207 194//207 
f 193//208 191//208 192//208 
f 195//209 194//209 196//209 
f 195//210 193//210 194//210 
f 197//211 196//211 198//211 
f 197//212 195//212 196//212 
f 199//213 198//213 200//213 
f 199//214 197//214 198//214 
f 201//215 200//215 202//215 
f 201//216 199//216 200//216 
f 203//217 202//217 204//217 
f 203//218 201//218 202//218 
f 205//219 204//219 206//219 
f 205//220 203//220 204//220 
f 207//221 206//221 208//221 
f 207//222 205//222 206//222 
f 209//223 207//223 208//223 
f 210//224 211//224 212//224 
f 212//225 211//225 213//225 
f 210//226 214//226 211//226 
f 215//227 216//227 217//227 
f 216//228 218//228 217//228 
f 219//229 218//229 220//229 
f 217//230 218//230 219//230 
f 221//231 222//231 215//231 
f 223//232 224//232 221//232 
f 225//233 224//233 223//233 
f 221//234 224//234 222//234 
f 215//235 226//235 216//235 
f 222//236 226//236 215//236 
f 226//237 227//237 216//237 
f 216//238 228//238 218//238 
f 218//239 228//239 220//239 
f 227//240 228//240 216//240 
f 229//241 230//241 231//241 
f 232//242 230//242 233//242 
f 233//243 230//243 229//243 
f 234//244 235//244 236//244 
f 237//245 238//245 239//245 
f 240//246 241//246 234//246 
f 242//247 243//247 244//247 
f 245//248 246//248 247//248 
f 246//249 248//249 247//249 
f 249//250 250//250 251//250 
f 252//251 253//251 225//251 
f 225//252 253//252 224//252 
f 254//253 255//253 213//253 
f 220//254 255//254 254//254 
f 228//255 255//255 220//255 
f 213//256 255//256 212//256 
f 228//257 256//257 255//257 
f 255//258 256//258 212//258 
f 226//259 256//259 227//259 
f 222//260 256//260 226//260 
f 227//261 256//261 228//261 
f 257//262 258//262 259//262 
f 259//263 260//263 261//263 
f 261//264 260//264 262//264 
f 262//265 260//265 263//265 
f 258//266 264//266 259//266 
f 259//267 264//267 260//267 
f 263//268 264//268 258//268 
f 260//269 264//269 263//269 
f 256//270 265//270 212//270 
f 266//271 267//271 257//271 
f 257//272 267//272 258//272 
f 258//273 267//273 263//273 
f 268//274 269//274 266//274 
f 263//275 270//275 265//275 
f 212//276 270//276 271//276 
f 265//277 270//277 212//277 
f 269//278 272//278 273//278 
f 268//279 272//279 269//279 
f 268//280 274//280 272//280 
f 270//281 275//281 271//281 
f 273//282 275//282 270//282 
f 275//283 276//283 271//283 
f 277//284 276//284 275//284 
f 278//285 279//285 268//285 
f 274//286 279//286 277//286 
f 268//287 279//287 274//287 
f 276//288 280//288 271//288 
f 279//289 281//289 282//289 
f 278//290 281//290 279//290 
f 282//291 283//291 280//291 
f 280//292 283//292 271//292 
f 271//293 283//293 284//293 
f 285//294 286//294 278//294 
f 287//295 286//295 288//295 
f 278//296 286//296 287//296 
f 283//297 289//297 284//297 
f 285//298 290//298 286//298 
f 286//299 290//299 291//299 
f 284//300 292//300 229//300 
f 293//301 292//301 284//301 
f 291//302 292//302 293//302 
f 292//303 294//303 229//303 
f 295//304 294//304 292//304 
f 296//305 297//305 285//305 
f 285//306 297//306 298//306 
f 298//307 297//307 295//307 
f 229//308 299//308 233//308 
f 233//309 299//309 300//309 
f 301//310 302//310 303//310 
f 301//311 304//311 302//311 
f 232//312 305//312 301//312 
f 301//313 305//313 304//313 
f 296//314 306//314 307//314 
f 307//315 306//315 308//315 
f 301//316 309//316 232//316 
f 308//317 309//317 303//317 
f 303//318 309//318 301//318 
f 232//319 310//319 230//319 
f 236//320 311//320 296//320 
f 296//321 311//321 312//321 
f 312//322 311//322 313//322 
f 230//323 314//323 231//323 
f 313//324 314//324 315//324 
f 315//325 314//325 230//325 
f 236//326 316//326 311//326 
f 311//327 316//327 317//327 
f 235//328 318//328 236//328 
f 231//329 319//329 320//329 
f 321//330 319//330 231//330 
f 235//331 322//331 318//331 
f 318//332 322//332 323//332 
f 319//333 324//333 320//333 
f 323//334 324//334 319//334 
f 239//335 325//335 237//335 
f 237//336 325//336 326//336 
f 326//337 325//337 327//337 
f 238//338 328//338 239//338 
f 320//339 328//339 238//339 
f 240//340 329//340 241//340 
f 330//341 331//341 240//341 
f 240//342 331//342 332//342 
f 330//343 333//343 331//343 
f 331//344 333//344 334//344 
f 243//345 335//345 244//345 
f 244//346 335//346 330//346 
f 244//347 336//347 242//347 
f 330//348 336//348 244//348 
f 242//349 337//349 245//349 
f 246//350 337//350 336//350 
f 245//351 337//351 246//351 
f 336//352 337//352 242//352 
f 242//353 338//353 243//353 
f 247//354 338//354 245//354 
f 245//355 338//355 242//355 
f 339//356 340//356 330//356 
f 330//357 340//357 336//357 
f 248//358 341//358 342//358 
f 342//359 343//359 344//359 
f 341//360 343//360 342//360 
f 339//361 345//361 340//361 
f 340//362 345//362 346//362 
f 344//363 347//363 348//363 
f 346//364 347//364 349//364 
f 349//365 347//365 344//365 
f 350//366 351//366 339//366 
f 339//367 351//367 352//367 
f 352//368 351//368 353//368 
f 347//369 354//369 348//369 
f 353//370 354//370 347//370 
f 351//371 355//371 356//371 
f 350//372 355//372 351//372 
f 348//373 357//373 358//373 
f 356//374 357//374 359//374 
f 359//375 357//375 348//375 
f 357//376 360//376 358//376 
f 361//377 360//377 357//377 
f 251//378 362//378 350//378 
f 363//379 362//379 361//379 
f 350//380 362//380 363//380 
f 251//381 364//381 362//381 
f 362//382 364//382 365//382 
f 366//383 367//383 358//383 
f 365//384 367//384 366//384 
f 358//385 367//385 368//385 
f 250//386 369//386 251//386 
f 370//387 369//387 250//387 
f 371//388 369//388 370//388 
f 372//389 369//389 371//389 
f 373//390 369//390 372//390 
f 374//391 369//391 373//391 
f 375//392 369//392 374//392 
f 376//393 377//393 378//393 
f 369//394 377//394 376//394 
f 369//395 379//395 377//395 
f 369//396 380//396 379//396 
f 375//397 380//397 369//397 
f 381//398 380//398 375//398 
f 382//399 380//399 381//399 
f 383//400 380//400 382//400 
f 384//401 380//401 383//401 
f 371//402 385//402 372//402 
f 375//403 385//403 381//403 
f 372//404 385//404 373//404 
f 373//405 385//405 374//405 
f 374//406 385//406 375//406 
f 381//407 385//407 382//407 
f 382//408 385//408 383//408 
f 384//409 386//409 367//409 
f 367//410 386//410 368//410 
f 224//411 387//411 222//411 
f 256//412 387//412 265//412 
f 222//413 387//413 256//413 
f 253//414 387//414 224//414 
f 265//415 388//415 263//415 
f 387//416 388//416 265//416 
f 263//417 388//417 262//417 
f 267//418 389//418 263//418 
f 263//419 389//419 270//419 
f 273//420 390//420 269//420 
f 270//421 390//421 273//421 
f 269//422 390//422 391//422 
f 272//423 392//423 273//423 
f 274//424 392//424 272//424 
f 277//425 392//425 274//425 
f 273//426 392//426 275//426 
f 275//427 392//427 277//427 
f 277//428 393//428 276//428 
f 279//429 393//429 277//429 
f 276//430 393//430 280//430 
f 280//431 393//431 282//431 
f 282//432 393//432 279//432 
f 282//433 394//433 283//433 
f 281//434 394//434 282//434 
f 281//435 395//435 394//435 
f 283//436 396//436 289//436 
f 288//437 396//437 287//437 
f 289//438 396//438 288//438 
f 288//439 397//439 289//439 
f 286//440 397//440 288//440 
f 286//441 398//441 397//441 
f 291//442 398//442 286//442 
f 293//443 398//443 291//443 
f 290//444 399//444 291//444 
f 291//445 399//445 292//445 
f 298//446 400//446 401//446 
f 292//447 400//447 295//447 
f 295//448 400//448 298//448 
f 295//449 402//449 294//449 
f 297//450 402//450 295//450 
f 297//451 403//451 402//451 
f 299//452 403//452 300//452 
f 297//453 404//453 403//453 
f 403//454 404//454 300//454 
f 304//455 404//455 302//455 
f 305//456 404//456 304//456 
f 302//457 404//457 297//457 
f 296//458 405//458 297//458 
f 307//459 405//459 296//459 
f 302//460 405//460 303//460 
f 303//461 405//461 308//461 
f 308//462 405//462 307//462 
f 297//463 405//463 302//463 
f 305//464 406//464 404//464 
f 233//465 406//465 232//465 
f 300//466 406//466 233//466 
f 404//467 406//467 300//467 
f 232//468 406//468 305//468 
f 312//469 407//469 408//469 
f 408//470 407//470 310//470 
f 407//471 409//471 310//471 
f 313//472 409//472 312//472 
f 312//473 409//473 407//473 
f 311//474 410//474 313//474 
f 313//475 410//475 314//475 
f 321//476 411//476 317//476 
f 311//477 411//477 410//477 
f 317//478 411//478 311//478 
f 317//479 412//479 321//479 
f 321//480 412//480 319//480 
f 316//481 412//481 317//481 
f 319//482 413//482 323//482 
f 318//483 413//483 414//483 
f 323//484 413//484 318//484 
f 235//485 415//485 322//485 
f 416//486 415//486 417//486 
f 322//487 418//487 323//487 
f 323//488 418//488 324//488 
f 415//489 418//489 322//489 
f 324//490 418//490 416//490 
f 416//491 418//491 415//491 
f 234//492 419//492 235//492 
f 325//493 419//493 327//493 
f 415//494 419//494 417//494 
f 420//495 419//495 234//495 
f 327//496 419//496 420//496 
f 235//497 419//497 415//497 
f 328//498 421//498 239//498 
f 417//499 421//499 416//499 
f 324//500 422//500 320//500 
f 416//501 422//501 324//501 
f 320//502 422//502 328//502 
f 421//503 422//503 416//503 
f 328//504 422//504 421//504 
f 241//505 423//505 234//505 
f 234//506 423//506 420//506 
f 420//507 423//507 327//507 
f 424//508 425//508 423//508 
f 423//509 425//509 327//509 
f 426//510 425//510 424//510 
f 427//511 428//511 426//511 
f 426//512 428//512 425//512 
f 425//513 428//513 327//513 
f 327//514 428//514 326//514 
f 237//515 429//515 238//515 
f 238//516 429//516 320//516 
f 423//517 430//517 424//517 
f 241//518 430//518 423//518 
f 431//519 430//519 241//519 
f 430//520 432//520 424//520 
f 426//521 432//521 427//521 
f 424//522 432//522 426//522 
f 433//523 434//523 435//523 
f 429//524 436//524 320//524 
f 320//525 436//525 437//525 
f 427//526 436//526 429//526 
f 329//527 438//527 434//527 
f 434//528 438//528 435//528 
f 437//529 439//529 440//529 
f 436//530 439//530 437//530 
f 435//531 439//531 436//531 
f 331//532 441//532 332//532 
f 332//533 441//533 442//533 
f 441//534 443//534 444//534 
f 331//535 443//535 441//535 
f 437//536 445//536 344//536 
f 444//537 445//537 437//537 
f 333//538 446//538 334//538 
f 334//539 446//539 447//539 
f 446//540 448//540 447//540 
f 447//541 449//541 445//541 
f 445//542 449//542 344//542 
f 248//543 449//543 247//543 
f 344//544 449//544 342//544 
f 342//545 449//545 248//545 
f 336//546 450//546 246//546 
f 340//547 450//547 336//547 
f 346//548 451//548 340//548 
f 349//549 451//549 346//549 
f 340//550 451//550 450//550 
f 345//551 452//551 346//551 
f 346//552 452//552 347//552 
f 352//553 453//553 454//553 
f 353//554 453//554 352//554 
f 347//555 453//555 353//555 
f 351//556 455//556 353//556 
f 353//557 455//557 354//557 
f 455//558 456//558 354//558 
f 356//559 457//559 351//559 
f 359//560 457//560 356//560 
f 355//561 458//561 356//561 
f 356//562 458//562 357//562 
f 355//563 459//563 458//563 
f 357//564 460//564 361//564 
f 361//565 460//565 363//565 
f 361//566 461//566 360//566 
f 362//567 461//567 361//567 
f 365//568 462//568 362//568 
f 366//569 462//569 365//569 
f 463//570 462//570 366//570 
f 364//571 464//571 365//571 
f 365//572 464//572 367//572 
f 364//573 465//573 464//573 
f 367//574 466//574 384//574 
f 467//575 468//575 469//575 
f 470//576 468//576 471//576 
f 471//577 468//577 467//577 
f 384//578 468//578 386//578 
f 472//579 468//579 470//579 
f 473//580 468//580 472//580 
f 386//581 468//581 473//581 
f 249//582 474//582 250//582 
f 250//583 474//583 475//583 
f 476//584 474//584 477//584 
f 477//585 474//585 478//585 
f 478//586 474//586 479//586 
f 479//587 474//587 480//587 
f 480//588 474//588 249//588 
f 474//589 481//589 475//589 
f 482//590 483//590 484//590 
f 475//591 485//591 486//591 
f 469//592 485//592 467//592 
f 486//593 485//593 469//593 
f 471//594 485//594 470//594 
f 467//595 485//595 471//595 
f 470//596 485//596 472//596 
f 483//597 485//597 475//597 
f 472//598 485//598 473//598 
f 473//599 485//599 386//599 
f 487//600 488//600 252//600 
f 252//601 488//601 253//601 
f 253//602 488//602 387//602 
f 489//603 490//603 487//603 
f 261//604 490//604 489//604 
f 487//605 490//605 488//605 
f 388//606 490//606 262//606 
f 262//607 490//607 261//607 
f 387//608 490//608 388//608 
f 488//609 490//609 387//609 
f 267//610 491//610 389//610 
f 266//611 491//611 267//611 
f 389//612 491//612 391//612 
f 269//613 492//613 266//613 
f 391//614 492//614 269//614 
f 266//615 492//615 491//615 
f 491//616 492//616 391//616 
f 389//617 493//617 270//617 
f 391//618 493//618 389//618 
f 270//619 493//619 390//619 
f 390//620 493//620 391//620 
f 278//621 494//621 281//621 
f 287//622 494//622 278//622 
f 281//623 494//623 395//623 
f 396//624 495//624 395//624 
f 394//625 495//625 283//625 
f 283//626 495//626 396//626 
f 395//627 495//627 394//627 
f 397//628 496//628 289//628 
f 289//629 496//629 284//629 
f 397//630 497//630 496//630 
f 293//631 497//631 398//631 
f 496//632 497//632 284//632 
f 284//633 497//633 293//633 
f 398//634 497//634 397//634 
f 399//635 498//635 401//635 
f 290//636 498//636 399//636 
f 285//637 498//637 290//637 
f 498//638 499//638 401//638 
f 401//639 499//639 298//639 
f 285//640 499//640 498//640 
f 298//641 499//641 285//641 
f 399//642 500//642 292//642 
f 401//643 500//643 399//643 
f 292//644 500//644 400//644 
f 400//645 500//645 401//645 
f 294//646 501//646 229//646 
f 402//647 501//647 294//647 
f 229//648 501//648 299//648 
f 501//649 502//649 299//649 
f 299//650 502//650 403//650 
f 402//651 502//651 501//651 
f 403//652 502//652 402//652 
f 408//653 503//653 312//653 
f 308//654 503//654 408//654 
f 296//655 503//655 306//655 
f 312//656 503//656 296//656 
f 306//657 503//657 308//657 
f 309//658 504//658 232//658 
f 408//659 504//659 308//659 
f 310//660 504//660 408//660 
f 308//661 504//661 309//661 
f 232//662 504//662 310//662 
f 409//663 505//663 310//663 
f 313//664 505//664 409//664 
f 310//665 505//665 230//665 
f 315//666 505//666 313//666 
f 230//667 505//667 315//667 
f 410//668 506//668 314//668 
f 411//669 506//669 410//669 
f 314//670 506//670 231//670 
f 411//671 507//671 506//671 
f 506//672 507//672 231//672 
f 231//673 507//673 321//673 
f 321//674 507//674 411//674 
f 318//675 508//675 236//675 
f 414//676 508//676 318//676 
f 236//677 508//677 316//677 
f 412//678 509//678 319//678 
f 414//679 509//679 412//679 
f 319//680 509//680 413//680 
f 413//681 509//681 414//681 
f 239//682 510//682 325//682 
f 419//683 510//683 417//683 
f 417//684 510//684 421//684 
f 325//685 510//685 419//685 
f 421//686 510//686 239//686 
f 237//687 511//687 429//687 
f 427//688 511//688 428//688 
f 428//689 511//689 326//689 
f 429//690 511//690 427//690 
f 326//691 511//691 237//691 
f 329//692 512//692 241//692 
f 241//693 512//693 431//693 
f 432//694 513//694 427//694 
f 427//695 513//695 436//695 
f 433//696 514//696 512//696 
f 513//697 514//697 436//697 
f 434//698 515//698 329//698 
f 433//699 515//699 434//699 
f 329//700 515//700 512//700 
f 512//701 515//701 433//701 
f 435//702 516//702 433//702 
f 433//703 516//703 514//703 
f 436//704 516//704 435//704 
f 514//705 516//705 436//705 
f 240//706 517//706 329//706 
f 332//707 517//707 240//707 
f 442//708 517//708 332//708 
f 329//709 517//709 438//709 
f 438//710 517//710 442//710 
f 435//711 518//711 439//711 
f 438//712 518//712 435//712 
f 439//713 519//713 440//713 
f 518//714 519//714 439//714 
f 440//715 519//715 442//715 
f 438//716 519//716 518//716 
f 442//717 519//717 438//717 
f 444//718 520//718 441//718 
f 440//719 520//719 437//719 
f 442//720 520//720 440//720 
f 441//721 520//721 442//721 
f 437//722 520//722 444//722 
f 444//723 521//723 445//723 
f 445//724 522//724 447//724 
f 447//725 522//725 334//725 
f 334//726 522//726 521//726 
f 521//727 522//727 445//727 
f 446//728 523//728 448//728 
f 333//729 523//729 446//729 
f 448//730 523//730 338//730 
f 338//731 523//731 243//731 
f 448//732 524//732 447//732 
f 338//733 524//733 448//733 
f 449//734 524//734 247//734 
f 447//735 524//735 449//735 
f 247//736 524//736 338//736 
f 248//737 525//737 341//737 
f 246//738 525//738 248//738 
f 450//739 525//739 246//739 
f 450//740 526//740 525//740 
f 525//741 526//741 341//741 
f 343//742 526//742 344//742 
f 341//743 526//743 343//743 
f 451//744 527//744 450//744 
f 349//745 527//745 451//745 
f 344//746 527//746 349//746 
f 450//747 527//747 526//747 
f 526//748 527//748 344//748 
f 339//749 528//749 345//749 
f 452//750 528//750 454//750 
f 345//751 528//751 452//751 
f 528//752 529//752 454//752 
f 454//753 529//753 352//753 
f 352//754 529//754 339//754 
f 339//755 529//755 528//755 
f 452//756 530//756 347//756 
f 454//757 530//757 452//757 
f 347//758 530//758 453//758 
f 453//759 530//759 454//759 
f 455//760 531//760 456//760 
f 456//761 531//761 457//761 
f 457//762 531//762 351//762 
f 351//763 531//763 455//763 
f 456//764 532//764 354//764 
f 354//765 532//765 348//765 
f 532//766 533//766 348//766 
f 456//767 533//767 532//767 
f 457//768 533//768 456//768 
f 359//769 533//769 457//769 
f 348//770 533//770 359//770 
f 350//771 534//771 355//771 
f 355//772 534//772 459//772 
f 459//773 535//773 458//773 
f 458//774 535//774 357//774 
f 357//775 535//775 460//775 
f 460//776 535//776 459//776 
f 534//777 536//777 459//777 
f 363//778 536//778 350//778 
f 460//779 536//779 363//779 
f 350//780 536//780 534//780 
f 459//781 536//781 460//781 
f 362//782 537//782 461//782 
f 461//783 537//783 463//783 
f 462//784 537//784 362//784 
f 463//785 537//785 462//785 
f 360//786 538//786 358//786 
f 461//787 538//787 360//787 
f 463//788 538//788 461//788 
f 358//789 539//789 366//789 
f 538//790 539//790 358//790 
f 463//791 539//791 538//791 
f 366//792 539//792 463//792 
f 251//793 540//793 364//793 
f 364//794 540//794 465//794 
f 251//795 541//795 540//795 
f 540//796 541//796 465//796 
f 369//797 541//797 251//797 
f 465//798 541//798 466//798 
f 464//799 542//799 367//799 
f 367//800 542//800 466//800 
f 465//801 542//801 464//801 
f 466//802 542//802 465//802 
f 377//803 543//803 378//803 
f 378//804 543//804 376//804 
f 379//805 543//805 377//805 
f 466//806 543//806 384//806 
f 380//807 543//807 379//807 
f 384//808 543//808 380//808 
f 369//809 543//809 541//809 
f 541//810 543//810 466//810 
f 376//811 543//811 369//811 
f 475//812 544//812 250//812 
f 385//813 544//813 383//813 
f 486//814 544//814 475//814 
f 469//815 544//815 486//815 
f 371//816 544//816 385//816 
f 250//817 544//817 370//817 
f 370//818 544//818 371//818 
f 468//819 544//819 469//819 
f 383//820 544//820 384//820 
f 384//821 544//821 468//821 
f 483//822 545//822 484//822 
f 475//823 545//823 483//823 
f 481//824 545//824 475//824 
f 484//825 546//825 547//825 
f 547//826 546//826 548//826 
f 548//827 546//827 476//827 
f 481//828 546//828 545//828 
f 545//829 546//829 484//829 
f 476//830 546//830 474//830 
f 474//831 546//831 481//831 
f 483//832 549//832 485//832 
f 482//833 549//833 483//833 
f 368//834 549//834 550//834 
f 550//835 549//835 551//835 
f 551//836 549//836 552//836 
f 552//837 549//837 553//837 
f 553//838 549//838 554//838 
f 554//839 549//839 482//839 
f 386//840 549//840 368//840 
f 485//841 549//841 386//841 
f 396//842 555//842 287//842 
f 395//843 555//843 396//843 
f 494//844 555//844 395//844 
f 287//845 555//845 494//845 
f 414//846 556//846 508//846 
f 508//847 556//847 316//847 
f 412//848 556//848 414//848 
f 316//849 556//849 412//849 
f 430//850 557//850 432//850 
f 432//851 557//851 513//851 
f 431//852 557//852 430//852 
f 512//853 558//853 431//853 
f 514//854 558//854 512//854 
f 513//855 558//855 514//855 
f 557//856 558//856 513//856 
f 431//857 558//857 557//857 
f 443//858 559//858 444//858 
f 444//859 559//859 521//859 
f 331//860 559//860 443//860 
f 334//861 559//861 331//861 
f 521//862 559//862 334//862 
f 333//863 560//863 523//863 
f 330//864 560//864 333//864 
f 243//865 560//865 335//865 
f 335//866 560//866 330//866 
f 523//867 560//867 243//867 
f 480//868 561//868 479//868 
f 249//869 561//869 480//869 
f 562//870 563//870 561//870 
f 551//871 564//871 550//871 
f 552//872 564//872 551//872 
f 553//873 564//873 552//873 
f 554//874 564//874 553//874 
f 482//875 564//875 554//875 
f 565//876 566//876 567//876 
f 567//877 566//877 568//877 
f 550//878 569//878 570//878 
f 564//879 569//879 550//879 
f 477//880 571//880 476//880 
f 478//881 571//881 477//881 
f 479//882 571//882 478//882 
f 561//883 571//883 479//883 
f 571//884 572//884 476//884 
f 561//885 572//885 571//885 
f 563//886 573//886 561//886 
f 572//887 573//887 476//887 
f 561//888 573//888 572//888 
f 482//889 574//889 564//889 
f 562//890 575//890 563//890 
f 568//891 576//891 562//891 
f 566//892 576//892 568//892 
f 577//893 578//893 565//893 
f 565//894 578//894 566//894 
f 579//895 578//895 569//895 
f 566//896 578//896 579//896 
f 580//897 581//897 577//897 
f 578//898 581//898 569//898 
f 577//899 581//899 578//899 
f 484//900 582//900 482//900 
f 547//901 582//901 484//901 
f 548//902 582//902 547//902 
f 476//903 582//903 548//903 
f 482//904 582//904 574//904 
f 574//905 582//905 563//905 
f 563//906 582//906 573//906 
f 573//907 582//907 476//907 
f 563//908 583//908 574//908 
f 575//909 583//909 563//909 
f 574//910 583//910 564//910 
f 575//911 584//911 583//911 
f 583//912 584//912 564//912 
f 564//913 584//913 569//913 
f 584//914 585//914 569//914 
f 576//915 585//915 584//915 
f 566//916 585//916 576//916 
f 569//917 585//917 579//917 
f 579//918 585//918 566//918 
f 570//919 586//919 587//919 
f 587//920 586//920 588//920 
f 588//921 586//921 589//921 
f 589//922 586//922 590//922 
f 590//923 586//923 591//923 
f 591//924 586//924 592//924 
f 592//925 586//925 593//925 
f 593//926 586//926 594//926 
f 569//927 586//927 570//927 
f 581//928 586//928 569//928 
f 584//929 595//929 576//929 
f 562//930 595//930 575//930 
f 575//931 595//931 584//931 
f 576//932 595//932 562//932 
f 586//933 596//933 594//933 
f 581//934 596//934 586//934 
f 594//935 596//935 597//935 
f 597//936 596//936 598//936 
f 598//937 596//937 580//937 
f 580//938 596//938 581//938 
f 568//939 599//939 567//939 
f 600//940 601//940 599//940 
f 601//941 602//941 599//941 
f 603//942 604//942 602//942 
f 600//943 605//943 568//943 
f 599//944 606//944 600//944 
f 568//945 606//945 599//945 
f 605//946 606//946 568//946 
f 600//947 606//947 605//947 
f 603//948 607//948 601//948 
f 601//949 607//949 602//949 
f 602//950 607//950 603//950 
f 601//951 608//951 603//951 
f 568//952 562//952 600//952 
f 562//953 561//953 600//953 
f 600//954 609//954 601//954 
f 601//955 609//955 608//955 
f 561//956 249//956 600//956 
f 600//957 610//957 609//957 
f 249//958 610//958 600//958 
f 610//959 611//959 609//959 
f 611//960 612//960 609//960 
f 249//961 251//961 610//961 
f 612//962 613//962 609//962 
f 251//963 614//963 610//963 
f 251//964 350//964 614//964 
f 350//965 615//965 614//965 
f 350//966 339//966 615//966 
f 339//967 616//967 615//967 
f 339//968 330//968 616//968 
f 330//969 617//969 616//969 
f 330//970 240//970 617//970 
f 240//971 618//971 617//971 
f 240//972 234//972 618//972 
f 234//973 619//973 618//973 
f 234//974 236//974 619//974 
f 296//975 620//975 236//975 
f 236//976 620//976 619//976 
f 285//977 621//977 296//977 
f 296//978 621//978 620//978 
f 278//979 622//979 285//979 
f 285//980 622//980 621//980 
f 278//981 623//981 622//981 
f 268//982 623//982 278//982 
f 268//983 266//983 623//983 
f 266//984 624//984 623//984 
f 257//985 624//985 266//985 
f 257//986 625//986 624//986 
f 626//987 625//987 627//987 
f 624//988 625//988 626//988 
f 628//989 629//989 630//989 
f 631//990 629//990 628//990 
f 632//991 629//991 631//991 
f 633//992 629//992 632//992 
f 634//993 629//993 633//993 
f 630//994 629//994 211//994 
f 211//995 629//995 213//995 
f 259//996 635//996 257//996 
f 257//997 635//997 625//997 
f 213//998 636//998 254//998 
f 254//999 636//999 220//999 
f 220//1000 636//1000 219//1000 
f 219//1001 636//1001 217//1001 
f 629//1002 636//1002 213//1002 
f 637//1003 638//1003 634//1003 
f 639//1004 638//1004 637//1004 
f 640//1005 638//1005 639//1005 
f 641//1006 638//1006 640//1006 
f 642//1007 638//1007 641//1007 
f 627//1008 638//1008 642//1008 
f 634//1009 638//1009 629//1009 
f 625//1010 638//1010 627//1010 
f 638//1011 643//1011 629//1011 
f 625//1012 643//1012 638//1012 
f 629//1013 644//1013 636//1013 
f 625//1014 644//1014 643//1014 
f 635//1015 644//1015 625//1015 
f 643//1016 644//1016 629//1016 
f 635//1017 645//1017 644//1017 
f 644//1018 645//1018 636//1018 
f 217//1019 646//1019 215//1019 
f 215//1020 646//1020 221//1020 
f 221//1021 646//1021 223//1021 
f 223//1022 646//1022 225//1022 
f 225//1023 646//1023 252//1023 
f 252//1024 646//1024 487//1024 
f 636//1025 646//1025 217//1025 
f 635//1026 646//1026 645//1026 
f 645//1027 646//1027 636//1027 
f 487//1028 647//1028 489//1028 
f 489//1029 647//1029 261//1029 
f 261//1030 647//1030 259//1030 
f 635//1031 647//1031 646//1031 
f 646//1032 647//1032 487//1032 
f 259//1033 647//1033 635//1033 
f 648//1034 649//1034 650//1034 
f 651//1035 652//1035 649//1035 
f 651//1036 648//1036 653//1036 
f 651//1037 649//1037 648//1037 
f 654//1038 653//1038 655//1038 
f 654//1039 651//1039 653//1039 
f 656//1040 655//1040 657//1040 
f 656//1041 654//1041 655//1041 
f 658//1042 657//1042 659//1042 
f 658//1043 656//1043 657//1043 
f 660//1044 659//1044 661//1044 
f 660//1045 658//1045 659//1045 
f 662//1046 661//1046 663//1046 
f 662//1047 660//1047 661//1047 
f 664//1048 663//1048 665//1048 
f 664//1049 662//1049 663//1049 
f 666//1050 665//1050 667//1050 
f 666//1051 664//1051 665//1051 
f 211//1052 667//1052 630//1052 
f 668//1053 666//1053 667//1053 
f 668//1054 667//1054 211//1054 
f 214//1055 668//1055 211//1055 
f 669//1056 670//1056 671//1056 
f 672//1057 73//1057 72//1057 
f 71//1058 673//1058 674//1058 
f 675//1059 676//1059 677//1059 
f 678//1060 679//1060 680//1060 
f 680//1061 679//1061 681//1061 
f 682//1062 683//1062 684//1062 
f 685//1063 683//1063 682//1063 
f 685//1064 686//1064 683//1064 
f 685//1065 687//1065 686//1065 
f 688//1066 689//1066 690//1066 
f 691//1067 692//1067 688//1067 
f 688//1068 692//1068 689//1068 
f 693//1069 694//1069 691//1069 
f 691//1070 694//1070 692//1070 
f 660//1071 695//1071 696//1071 
f 662//1072 695//1072 660//1072 
f 697//1073 698//1073 693//1073 
f 693//1074 698//1074 694//1074 
f 662//1075 699//1075 695//1075 
f 664//1076 699//1076 662//1076 
f 700//1077 701//1077 697//1077 
f 697//1078 701//1078 698//1078 
f 664//1079 702//1079 699//1079 
f 666//1080 702//1080 664//1080 
f 703//1081 210//1081 700//1081 
f 700//1082 210//1082 701//1082 
f 666//1083 704//1083 702//1083 
f 668//1084 704//1084 666//1084 
f 668//1085 705//1085 704//1085 
f 214//1086 705//1086 668//1086 
f 214//1087 706//1087 705//1087 
f 707//1088 708//1088 709//1088 
f 709//1089 710//1089 711//1089 
f 711//1090 710//1090 712//1090 
f 708//1091 713//1091 709//1091 
f 709//1092 713//1092 710//1092 
f 713//1093 714//1093 710//1093 
f 715//1094 716//1094 717//1094 
f 718//1095 719//1095 715//1095 
f 715//1096 719//1096 716//1096 
f 719//1097 720//1097 716//1097 
f 720//1098 721//1098 716//1098 
f 670//1099 722//1099 671//1099 
f 672//1100 722//1100 73//1100 
f 723//1101 722//1101 670//1101 
f 671//1102 722//1102 672//1102 
f 73//1103 722//1103 76//1103 
f 76//1104 722//1104 78//1104 
f 673//1105 724//1105 674//1105 
f 675//1106 724//1106 676//1106 
f 725//1107 724//1107 673//1107 
f 726//1108 724//1108 725//1108 
f 674//1109 724//1109 675//1109 
f 676//1110 724//1110 727//1110 
f 728//1111 729//1111 730//1111 
f 730//1112 729//1112 723//1112 
f 722//1113 729//1113 78//1113 
f 723//1114 729//1114 722//1114 
f 78//1115 731//1115 726//1115 
f 729//1116 731//1116 78//1116 
f 727//1117 731//1117 732//1117 
f 732//1118 731//1118 733//1118 
f 724//1119 731//1119 727//1119 
f 726//1120 731//1120 724//1120 
f 734//1121 735//1121 728//1121 
f 728//1122 735//1122 729//1122 
f 729//1123 736//1123 731//1123 
f 735//1124 736//1124 729//1124 
f 731//1125 736//1125 733//1125 
f 733//1126 736//1126 737//1126 
f 738//1127 736//1127 735//1127 
f 739//1128 740//1128 741//1128 
f 741//1129 740//1129 734//1129 
f 734//1130 740//1130 735//1130 
f 735//1131 740//1131 738//1131 
f 738//1132 740//1132 742//1132 
f 737//1133 743//1133 744//1133 
f 744//1134 743//1134 684//1134 
f 684//1135 743//1135 682//1135 
f 736//1136 743//1136 737//1136 
f 682//1137 743//1137 738//1137 
f 738//1138 743//1138 736//1138 
f 739//1139 745//1139 740//1139 
f 681//1140 745//1140 739//1140 
f 740//1141 745//1141 742//1141 
f 679//1142 745//1142 681//1142 
f 742//1143 745//1143 679//1143 
f 678//1144 746//1144 679//1144 
f 679//1145 746//1145 747//1145 
f 747//1146 746//1146 748//1146 
f 685//1147 749//1147 687//1147 
f 651//1148 749//1148 652//1148 
f 652//1149 749//1149 685//1149 
f 750//1150 751//1150 752//1150 
f 752//1151 751//1151 678//1151 
f 678//1152 751//1152 746//1152 
f 748//1153 751//1153 753//1153 
f 753//1154 751//1154 754//1154 
f 746//1155 751//1155 748//1155 
f 651//1156 755//1156 749//1156 
f 687//1157 755//1157 756//1157 
f 756//1158 755//1158 757//1158 
f 757//1159 755//1159 656//1159 
f 656//1160 755//1160 654//1160 
f 654//1161 755//1161 651//1161 
f 749//1162 755//1162 687//1162 
f 689//1163 758//1163 690//1163 
f 690//1164 758//1164 750//1164 
f 750//1165 758//1165 751//1165 
f 751//1166 758//1166 754//1166 
f 754//1167 758//1167 759//1167 
f 759//1168 758//1168 689//1168 
f 696//1169 760//1169 660//1169 
f 757//1170 760//1170 696//1170 
f 656//1171 760//1171 757//1171 
f 660//1172 760//1172 658//1172 
f 658//1173 760//1173 656//1173 
f 761//1174 762//1174 703//1174 
f 703//1175 762//1175 210//1175 
f 762//1176 763//1176 210//1176 
f 210//1177 763//1177 214//1177 
f 711//1178 764//1178 765//1178 
f 765//1179 764//1179 766//1179 
f 763//1180 764//1180 712//1180 
f 712//1181 764//1181 711//1181 
f 712//1182 767//1182 763//1182 
f 763//1183 767//1183 214//1183 
f 767//1184 768//1184 214//1184 
f 706//1185 768//1185 769//1185 
f 769//1186 768//1186 770//1186 
f 214//1187 768//1187 706//1187 
f 768//1188 771//1188 770//1188 
f 767//1189 771//1189 768//1189 
f 712//1190 771//1190 767//1190 
f 770//1191 771//1191 772//1191 
f 772//1192 771//1192 717//1192 
f 715//1193 771//1193 712//1193 
f 717//1194 771//1194 715//1194 
f 766//1195 773//1195 761//1195 
f 763//1196 773//1196 764//1196 
f 764//1197 773//1197 766//1197 
f 762//1198 773//1198 763//1198 
f 761//1199 773//1199 762//1199 
f 368//1200 747//1200 358//1200 
f 358//1201 748//1201 348//1201 
f 747//1202 748//1202 358//1202 
f 348//1203 753//1203 344//1203 
f 748//1204 753//1204 348//1204 
f 344//1205 754//1205 437//1205 
f 753//1206 754//1206 344//1206 
f 437//1207 759//1207 320//1207 
f 754//1208 759//1208 437//1208 
f 320//1209 689//1209 231//1209 
f 759//1210 689//1210 320//1210 
f 231//1211 692//1211 229//1211 
f 689//1212 692//1212 231//1212 
f 229//1213 694//1213 284//1213 
f 692//1214 694//1214 229//1214 
f 284//1215 698//1215 271//1215 
f 694//1216 698//1216 284//1216 
f 271//1217 701//1217 212//1217 
f 698//1218 701//1218 271//1218 
f 701//1219 210//1219 212//1219 
f 774//1220 775//1220 570//1220 
f 679//1221 550//1221 775//1221 
f 775//1222 550//1222 570//1222 
f 679//1223 368//1223 550//1223 
f 679//1224 747//1224 368//1224 
f 775//1225 776//1225 777//1225 
f 778//1226 776//1226 775//1226 
f 590//1227 779//1227 589//1227 
f 590//1228 780//1228 779//1228 
f 591//1229 781//1229 590//1229 
f 590//1230 781//1230 780//1230 
f 588//1231 782//1231 587//1231 
f 589//1232 782//1232 588//1232 
f 779//1233 782//1233 589//1233 
f 780//1234 782//1234 779//1234 
f 591//1235 783//1235 781//1235 
f 592//1236 783//1236 591//1236 
f 593//1237 784//1237 592//1237 
f 592//1238 784//1238 783//1238 
f 593//1239 785//1239 784//1239 
f 594//1240 786//1240 593//1240 
f 593//1241 786//1241 785//1241 
f 597//1242 787//1242 594//1242 
f 594//1243 787//1243 786//1243 
f 599//1244 788//1244 789//1244 
f 602//1245 790//1245 599//1245 
f 791//1246 792//1246 602//1246 
f 604//1247 793//1247 602//1247 
f 602//1248 793//1248 791//1248 
f 794//1249 795//1249 796//1249 
f 797//1250 798//1250 794//1250 
f 794//1251 798//1251 795//1251 
f 799//1252 800//1252 797//1252 
f 797//1253 800//1253 798//1253 
f 801//1254 802//1254 799//1254 
f 799//1255 802//1255 800//1255 
f 803//1256 804//1256 801//1256 
f 801//1257 804//1257 802//1257 
f 805//1258 806//1258 807//1258 
f 807//1259 806//1259 803//1259 
f 803//1260 806//1260 804//1260 
f 808//1261 809//1261 810//1261 
f 811//1262 809//1262 808//1262 
f 812//1263 809//1263 811//1263 
f 810//1264 809//1264 805//1264 
f 805//1265 809//1265 806//1265 
f 598//1266 813//1266 597//1266 
f 580//1267 813//1267 598//1267 
f 597//1268 813//1268 787//1268 
f 577//1269 814//1269 580//1269 
f 580//1270 814//1270 813//1270 
f 587//1271 815//1271 570//1271 
f 570//1272 815//1272 774//1272 
f 774//1273 815//1273 775//1273 
f 782//1274 815//1274 587//1274 
f 780//1275 815//1275 782//1275 
f 781//1276 816//1276 780//1276 
f 780//1277 816//1277 815//1277 
f 815//1278 816//1278 775//1278 
f 785//1279 817//1279 784//1279 
f 786//1280 817//1280 785//1280 
f 784//1281 817//1281 783//1281 
f 781//1282 817//1282 816//1282 
f 787//1283 817//1283 786//1283 
f 816//1284 817//1284 775//1284 
f 783//1285 817//1285 781//1285 
f 599//1286 818//1286 567//1286 
f 819//1287 818//1287 820//1287 
f 820//1288 818//1288 599//1288 
f 817//1289 821//1289 775//1289 
f 775//1290 821//1290 778//1290 
f 820//1291 822//1291 819//1291 
f 819//1292 822//1292 821//1292 
f 821//1293 822//1293 778//1293 
f 788//1294 823//1294 789//1294 
f 824//1295 823//1295 778//1295 
f 789//1296 823//1296 824//1296 
f 790//1297 825//1297 826//1297 
f 826//1298 825//1298 778//1298 
f 778//1299 825//1299 776//1299 
f 792//1300 827//1300 825//1300 
f 791//1301 827//1301 792//1301 
f 776//1302 827//1302 828//1302 
f 828//1303 827//1303 791//1303 
f 825//1304 827//1304 776//1304 
f 828//1305 829//1305 776//1305 
f 791//1306 829//1306 828//1306 
f 793//1307 829//1307 791//1307 
f 830//1308 829//1308 793//1308 
f 604//1309 831//1309 793//1309 
f 793//1310 831//1310 830//1310 
f 829//1311 832//1311 776//1311 
f 776//1312 832//1312 777//1312 
f 830//1313 832//1313 829//1313 
f 796//1314 833//1314 834//1314 
f 795//1315 833//1315 796//1315 
f 834//1316 833//1316 835//1316 
f 798//1317 836//1317 795//1317 
f 802//1318 836//1318 800//1318 
f 832//1319 836//1319 777//1319 
f 800//1320 836//1320 798//1320 
f 795//1321 836//1321 832//1321 
f 809//1322 837//1322 806//1322 
f 836//1323 837//1323 777//1323 
f 802//1324 837//1324 836//1324 
f 777//1325 837//1325 812//1325 
f 804//1326 837//1326 802//1326 
f 812//1327 837//1327 809//1327 
f 806//1328 837//1328 804//1328 
f 817//1329 838//1329 821//1329 
f 813//1330 838//1330 787//1330 
f 787//1331 838//1331 817//1331 
f 819//1332 839//1332 818//1332 
f 821//1333 839//1333 819//1333 
f 820//1334 840//1334 822//1334 
f 789//1335 840//1335 599//1335 
f 599//1336 840//1336 820//1336 
f 599//1337 841//1337 788//1337 
f 790//1338 841//1338 599//1338 
f 826//1339 841//1339 790//1339 
f 825//1340 842//1340 792//1340 
f 792//1341 842//1341 602//1341 
f 602//1342 842//1342 790//1342 
f 790//1343 842//1343 825//1343 
f 831//1344 843//1344 830//1344 
f 830//1345 843//1345 832//1345 
f 835//1346 844//1346 845//1346 
f 833//1347 844//1347 835//1347 
f 833//1348 846//1348 844//1348 
f 832//1349 846//1349 795//1349 
f 795//1350 846//1350 833//1350 
f 813//1351 847//1351 838//1351 
f 838//1352 847//1352 848//1352 
f 565//1353 847//1353 577//1353 
f 577//1354 847//1354 814//1354 
f 814//1355 847//1355 813//1355 
f 848//1356 849//1356 850//1356 
f 839//1357 849//1357 818//1357 
f 567//1358 849//1358 565//1358 
f 565//1359 849//1359 847//1359 
f 850//1360 849//1360 839//1360 
f 818//1361 849//1361 567//1361 
f 847//1362 849//1362 848//1362 
f 838//1363 851//1363 821//1363 
f 848//1364 851//1364 838//1364 
f 850//1365 851//1365 848//1365 
f 821//1366 851//1366 839//1366 
f 839//1367 851//1367 850//1367 
f 789//1368 852//1368 840//1368 
f 778//1369 852//1369 824//1369 
f 824//1370 852//1370 789//1370 
f 840//1371 852//1371 822//1371 
f 822//1372 852//1372 778//1372 
f 788//1373 853//1373 823//1373 
f 841//1374 853//1374 788//1374 
f 826//1375 853//1375 841//1375 
f 823//1376 853//1376 778//1376 
f 778//1377 853//1377 826//1377 
f 843//1378 854//1378 845//1378 
f 604//1379 854//1379 831//1379 
f 831//1380 854//1380 843//1380 
f 854//1381 855//1381 845//1381 
f 845//1382 855//1382 835//1382 
f 835//1383 855//1383 604//1383 
f 604//1384 855//1384 854//1384 
f 843//1385 856//1385 832//1385 
f 845//1386 856//1386 843//1386 
f 844//1387 856//1387 845//1387 
f 846//1388 856//1388 844//1388 
f 832//1389 856//1389 846//1389 
f 608//1390 857//1390 603//1390 
f 810//1391 858//1391 859//1391 
f 860//1392 858//1392 810//1392 
f 805//1393 861//1393 810//1393 
f 807//1394 861//1394 805//1394 
f 803//1395 861//1395 807//1395 
f 801//1396 861//1396 803//1396 
f 799//1397 861//1397 801//1397 
f 797//1398 862//1398 799//1398 
f 799//1399 862//1399 861//1399 
f 861//1400 862//1400 810//1400 
f 794//1401 863//1401 797//1401 
f 796//1402 863//1402 794//1402 
f 797//1403 863//1403 862//1403 
f 862//1404 863//1404 810//1404 
f 864//1405 865//1405 860//1405 
f 865//1406 866//1406 860//1406 
f 860//1407 866//1407 857//1407 
f 608//1408 867//1408 857//1408 
f 857//1409 867//1409 860//1409 
f 609//1410 868//1410 608//1410 
f 860//1411 868//1411 858//1411 
f 858//1412 868//1412 869//1412 
f 608//1413 868//1413 867//1413 
f 867//1414 868//1414 860//1414 
f 869//1415 868//1415 609//1415 
f 869//1416 870//1416 858//1416 
f 609//1417 870//1417 869//1417 
f 609//1418 871//1418 870//1418 
f 870//1419 871//1419 858//1419 
f 871//1420 872//1420 858//1420 
f 872//1421 873//1421 858//1421 
f 874//1422 875//1422 876//1422 
f 877//1423 875//1423 874//1423 
f 877//1424 878//1424 875//1424 
f 877//1425 879//1425 878//1425 
f 880//1426 879//1426 877//1426 
f 880//1427 881//1427 879//1427 
f 882//1428 881//1428 880//1428 
f 834//1429 883//1429 796//1429 
f 863//1430 883//1430 810//1430 
f 860//1431 883//1431 864//1431 
f 810//1432 883//1432 860//1432 
f 796//1433 883//1433 863//1433 
f 884//1434 885//1434 864//1434 
f 603//1435 885//1435 884//1435 
f 603//1436 886//1436 885//1436 
f 857//1437 886//1437 603//1437 
f 865//1438 886//1438 866//1438 
f 866//1439 886//1439 857//1439 
f 885//1440 886//1440 864//1440 
f 864//1441 886//1441 865//1441 
f 613//1442 887//1442 609//1442 
f 609//1443 887//1443 871//1443 
f 871//1444 887//1444 872//1444 
f 872//1445 887//1445 873//1445 
f 887//1446 888//1446 873//1446 
f 613//1447 888//1447 887//1447 
f 858//1448 889//1448 859//1448 
f 873//1449 889//1449 858//1449 
f 890//1450 891//1450 892//1450 
f 876//1451 891//1451 890//1451 
f 875//1452 891//1452 876//1452 
f 882//1453 893//1453 881//1453 
f 878//1454 893//1454 875//1454 
f 881//1455 893//1455 879//1455 
f 894//1456 893//1456 882//1456 
f 895//1457 893//1457 894//1457 
f 896//1458 893//1458 895//1458 
f 859//1459 893//1459 896//1459 
f 889//1460 893//1460 859//1460 
f 875//1461 893//1461 889//1461 
f 879//1462 893//1462 878//1462 
f 835//1463 897//1463 834//1463 
f 834//1464 897//1464 883//1464 
f 604//1465 898//1465 835//1465 
f 897//1466 898//1466 883//1466 
f 835//1467 898//1467 897//1467 
f 864//1468 899//1468 884//1468 
f 898//1469 899//1469 883//1469 
f 883//1470 899//1470 864//1470 
f 873//1471 900//1471 889//1471 
f 888//1472 900//1472 873//1472 
f 888//1473 901//1473 900//1473 
f 889//1474 902//1474 875//1474 
f 875//1475 902//1475 891//1475 
f 603//1476 903//1476 604//1476 
f 899//1477 903//1477 884//1477 
f 884//1478 903//1478 603//1478 
f 604//1479 903//1479 898//1479 
f 898//1480 903//1480 899//1480 
f 904//1481 905//1481 613//1481 
f 888//1482 905//1482 901//1482 
f 613//1483 905//1483 888//1483 
f 900//1484 906//1484 889//1484 
f 889//1485 906//1485 902//1485 
f 901//1486 906//1486 900//1486 
f 907//1487 906//1487 901//1487 
f 902//1488 906//1488 907//1488 
f 892//1489 908//1489 904//1489 
f 901//1490 908//1490 907//1490 
f 907//1491 908//1491 902//1491 
f 902//1492 908//1492 891//1492 
f 891//1493 908//1493 892//1493 
f 905//1494 908//1494 901//1494 
f 904//1495 908//1495 905//1495 
f 610//1496 909//1496 611//1496 
f 612//1497 910//1497 613//1497 
f 911//1498 912//1498 649//1498 
f 649//1499 913//1499 650//1499 
f 914//1500 913//1500 915//1500 
f 650//1501 913//1501 914//1501 
f 912//1502 913//1502 649//1502 
f 892//1503 916//1503 890//1503 
f 916//1504 917//1504 912//1504 
f 910//1505 918//1505 917//1505 
f 917//1506 918//1506 912//1506 
f 612//1507 919//1507 910//1507 
f 611//1508 920//1508 612//1508 
f 921//1509 920//1509 611//1509 
f 922//1510 923//1510 909//1510 
f 924//1511 923//1511 922//1511 
f 925//1512 923//1512 924//1512 
f 909//1513 923//1513 611//1513 
f 926//1514 927//1514 925//1514 
f 923//1515 927//1515 611//1515 
f 925//1516 927//1516 923//1516 
f 928//1517 929//1517 926//1517 
f 926//1518 929//1518 927//1518 
f 927//1519 929//1519 611//1519 
f 611//1520 929//1520 921//1520 
f 930//1521 931//1521 928//1521 
f 932//1522 931//1522 930//1522 
f 933//1523 931//1523 932//1523 
f 915//1524 931//1524 933//1524 
f 929//1525 931//1525 921//1525 
f 934//1526 931//1526 913//1526 
f 921//1527 931//1527 934//1527 
f 913//1528 931//1528 915//1528 
f 928//1529 931//1529 929//1529 
f 904//1530 935//1530 892//1530 
f 916//1531 935//1531 917//1531 
f 892//1532 935//1532 916//1532 
f 613//1533 936//1533 904//1533 
f 917//1534 936//1534 910//1534 
f 910//1535 936//1535 613//1535 
f 904//1536 936//1536 935//1536 
f 935//1537 936//1537 917//1537 
f 874//1538 937//1538 877//1538 
f 916//1539 938//1539 937//1539 
f 937//1540 938//1540 877//1540 
f 877//1541 939//1541 880//1541 
f 938//1542 939//1542 877//1542 
f 916//1543 939//1543 938//1543 
f 859//1544 940//1544 911//1544 
f 939//1545 940//1545 880//1545 
f 916//1546 940//1546 939//1546 
f 880//1547 940//1547 882//1547 
f 882//1548 940//1548 894//1548 
f 894//1549 940//1549 895//1549 
f 895//1550 940//1550 896//1550 
f 896//1551 940//1551 859//1551 
f 912//1552 940//1552 916//1552 
f 911//1553 940//1553 912//1553 
f 919//1554 941//1554 910//1554 
f 918//1555 941//1555 912//1555 
f 910//1556 941//1556 918//1556 
f 941//1557 942//1557 912//1557 
f 912//1558 942//1558 913//1558 
f 919//1559 942//1559 941//1559 
f 942//1560 943//1560 913//1560 
f 913//1561 943//1561 934//1561 
f 934//1562 943//1562 921//1562 
f 920//1563 943//1563 942//1563 
f 921//1564 943//1564 920//1564 
f 937//1565 944//1565 916//1565 
f 890//1566 944//1566 876//1566 
f 876//1567 944//1567 874//1567 
f 874//1568 944//1568 937//1568 
f 916//1569 944//1569 890//1569 
f 919//1570 945//1570 942//1570 
f 920//1571 945//1571 612//1571 
f 612//1572 945//1572 919//1572 
f 942//1573 945//1573 920//1573 
f 661//1574 946//1574 663//1574 
f 621//1575 947//1575 620//1575 
f 619//1576 948//1576 618//1576 
f 617//1577 949//1577 616//1577 
f 632//1578 950//1578 633//1578 
f 633//1579 950//1579 634//1579 
f 950//1580 951//1580 634//1580 
f 951//1581 952//1581 634//1581 
f 634//1582 952//1582 637//1582 
f 637//1583 953//1583 639//1583 
f 952//1584 953//1584 637//1584 
f 639//1585 954//1585 640//1585 
f 953//1586 954//1586 639//1586 
f 947//1587 955//1587 946//1587 
f 946//1588 955//1588 663//1588 
f 946//1589 956//1589 947//1589 
f 947//1590 956//1590 620//1590 
f 957//1591 958//1591 659//1591 
f 948//1592 958//1592 957//1592 
f 948//1593 959//1593 618//1593 
f 949//1594 960//1594 961//1594 
f 617//1595 960//1595 949//1595 
f 961//1596 960//1596 962//1596 
f 655//1597 963//1597 961//1597 
f 961//1598 963//1598 949//1598 
f 614//1599 964//1599 610//1599 
f 630//1600 965//1600 628//1600 
f 628//1601 965//1601 631//1601 
f 631//1602 965//1602 632//1602 
f 950//1603 965//1603 951//1603 
f 951//1604 965//1604 952//1604 
f 632//1605 965//1605 950//1605 
f 641//1606 966//1606 642//1606 
f 667//1607 967//1607 630//1607 
f 968//1608 969//1608 970//1608 
f 968//1609 971//1609 969//1609 
f 968//1610 972//1610 971//1610 
f 968//1611 973//1611 972//1611 
f 974//1612 973//1612 975//1612 
f 975//1613 973//1613 968//1613 
f 667//1614 976//1614 967//1614 
f 975//1615 976//1615 974//1615 
f 967//1616 976//1616 968//1616 
f 968//1617 976//1617 975//1617 
f 667//1618 977//1618 976//1618 
f 667//1619 978//1619 977//1619 
f 624//1620 979//1620 623//1620 
f 973//1621 979//1621 624//1621 
f 974//1622 979//1622 973//1622 
f 667//1623 980//1623 978//1623 
f 979//1624 981//1624 623//1624 
f 982//1625 981//1625 979//1625 
f 667//1626 983//1626 980//1626 
f 980//1627 983//1627 982//1627 
f 981//1628 984//1628 623//1628 
f 667//1629 985//1629 983//1629 
f 665//1630 985//1630 667//1630 
f 983//1631 985//1631 986//1631 
f 623//1632 987//1632 622//1632 
f 986//1633 987//1633 984//1633 
f 984//1634 987//1634 623//1634 
f 665//1635 988//1635 985//1635 
f 622//1636 989//1636 621//1636 
f 990//1637 989//1637 622//1637 
f 663//1638 991//1638 665//1638 
f 665//1639 991//1639 992//1639 
f 992//1640 991//1640 993//1640 
f 993//1641 994//1641 989//1641 
f 989//1642 994//1642 621//1642 
f 663//1643 995//1643 991//1643 
f 621//1644 996//1644 947//1644 
f 947//1645 996//1645 955//1645 
f 997//1646 996//1646 621//1646 
f 998//1647 996//1647 997//1647 
f 946//1648 999//1648 956//1648 
f 661//1649 999//1649 946//1649 
f 661//1650 1000//1650 999//1650 
f 999//1651 1000//1651 1001//1651 
f 1002//1652 1003//1652 620//1652 
f 1001//1653 1003//1653 1002//1653 
f 620//1654 1003//1654 619//1654 
f 1003//1655 1004//1655 619//1655 
f 1005//1656 1004//1656 1003//1656 
f 1006//1657 1007//1657 1005//1657 
f 659//1658 1007//1658 661//1658 
f 661//1659 1007//1659 1006//1659 
f 948//1660 1008//1660 1009//1660 
f 619//1661 1008//1661 948//1661 
f 659//1662 1010//1662 1007//1662 
f 1007//1663 1010//1663 1009//1663 
f 948//1664 1011//1664 959//1664 
f 659//1665 1011//1665 957//1665 
f 957//1666 1011//1666 948//1666 
f 657//1667 1012//1667 659//1667 
f 659//1668 1012//1668 1011//1668 
f 657//1669 1013//1669 1012//1669 
f 1014//1670 1015//1670 1016//1670 
f 1016//1671 1015//1671 618//1671 
f 618//1672 1015//1672 617//1672 
f 655//1673 1017//1673 657//1673 
f 961//1674 1017//1674 655//1674 
f 962//1675 1017//1675 961//1675 
f 1015//1676 1018//1676 617//1676 
f 962//1677 1018//1677 1015//1677 
f 617//1678 1018//1678 960//1678 
f 960//1679 1018//1679 962//1679 
f 653//1680 1019//1680 655//1680 
f 1020//1681 1019//1681 1021//1681 
f 655//1682 1019//1682 1020//1682 
f 949//1683 1022//1683 616//1683 
f 653//1684 1023//1684 1019//1684 
f 1019//1685 1023//1685 1024//1685 
f 616//1686 1025//1686 615//1686 
f 1026//1687 1025//1687 616//1687 
f 1024//1688 1025//1688 1026//1688 
f 648//1689 1027//1689 653//1689 
f 1028//1690 1027//1690 1029//1690 
f 653//1691 1027//1691 1028//1691 
f 1025//1692 1030//1692 615//1692 
f 1029//1693 1030//1693 1025//1693 
f 648//1694 1031//1694 1027//1694 
f 1027//1695 1031//1695 1032//1695 
f 1033//1696 1034//1696 615//1696 
f 615//1697 1034//1697 614//1697 
f 1032//1698 1034//1698 1033//1698 
f 650//1699 1035//1699 648//1699 
f 648//1700 1035//1700 1036//1700 
f 1036//1701 1035//1701 1037//1701 
f 1037//1702 1038//1702 1034//1702 
f 1034//1703 1038//1703 614//1703 
f 1039//1704 1040//1704 1041//1704 
f 1041//1705 1040//1705 1042//1705 
f 1040//1706 1043//1706 1044//1706 
f 1040//1707 1045//1707 1043//1707 
f 1046//1708 1045//1708 1047//1708 
f 964//1709 1045//1709 1048//1709 
f 614//1710 1045//1710 964//1710 
f 1048//1711 1045//1711 1049//1711 
f 1047//1712 1045//1712 1050//1712 
f 1039//1713 1045//1713 1040//1713 
f 1050//1714 1045//1714 1039//1714 
f 1049//1715 1045//1715 1046//1715 
f 650//1716 1051//1716 1035//1716 
f 1035//1717 1051//1717 1042//1717 
f 970//1718 1052//1718 968//1718 
f 1053//1719 1052//1719 970//1719 
f 968//1720 1052//1720 967//1720 
f 977//1721 1054//1721 976//1721 
f 974//1722 1054//1722 979//1722 
f 978//1723 1054//1723 977//1723 
f 976//1724 1054//1724 974//1724 
f 978//1725 1055//1725 1054//1725 
f 1054//1726 1055//1726 979//1726 
f 978//1727 1056//1727 1055//1727 
f 1055//1728 1056//1728 979//1728 
f 979//1729 1056//1729 982//1729 
f 980//1730 1056//1730 978//1730 
f 982//1731 1056//1731 980//1731 
f 982//1732 1057//1732 981//1732 
f 984//1733 1057//1733 986//1733 
f 986//1734 1057//1734 983//1734 
f 981//1735 1057//1735 984//1735 
f 983//1736 1057//1736 982//1736 
f 985//1737 1058//1737 986//1737 
f 986//1738 1058//1738 987//1738 
f 1059//1739 1060//1739 988//1739 
f 988//1740 1060//1740 985//1740 
f 990//1741 1060//1741 1059//1741 
f 1058//1742 1061//1742 987//1742 
f 988//1743 1062//1743 1059//1743 
f 1059//1744 1062//1744 990//1744 
f 990//1745 1062//1745 989//1745 
f 1062//1746 1063//1746 989//1746 
f 989//1747 1063//1747 993//1747 
f 993//1748 1063//1748 992//1748 
f 991//1749 1064//1749 993//1749 
f 993//1750 1064//1750 994//1750 
f 998//1751 1065//1751 995//1751 
f 995//1752 1065//1752 991//1752 
f 997//1753 1065//1753 998//1753 
f 1064//1754 1066//1754 994//1754 
f 955//1755 1067//1755 663//1755 
f 996//1756 1067//1756 955//1756 
f 663//1757 1067//1757 995//1757 
f 996//1758 1068//1758 1067//1758 
f 1067//1759 1068//1759 995//1759 
f 995//1760 1068//1760 998//1760 
f 998//1761 1068//1761 996//1761 
f 620//1762 1069//1762 1002//1762 
f 956//1763 1069//1763 620//1763 
f 999//1764 1069//1764 956//1764 
f 1001//1765 1070//1765 999//1765 
f 1002//1766 1070//1766 1001//1766 
f 1069//1767 1070//1767 1002//1767 
f 999//1768 1070//1768 1069//1768 
f 1000//1769 1071//1769 1001//1769 
f 1001//1770 1071//1770 1003//1770 
f 1000//1771 1072//1771 1071//1771 
f 1003//1772 1073//1772 1005//1772 
f 1005//1773 1073//1773 1006//1773 
f 1005//1774 1074//1774 1004//1774 
f 1007//1775 1074//1775 1005//1775 
f 1075//1776 1076//1776 1008//1776 
f 1009//1777 1076//1777 1007//1777 
f 1008//1778 1076//1778 1009//1778 
f 1010//1779 1077//1779 1009//1779 
f 1009//1780 1077//1780 948//1780 
f 948//1781 1077//1781 958//1781 
f 1011//1782 1078//1782 959//1782 
f 1012//1783 1078//1783 1011//1783 
f 1016//1784 1079//1784 1014//1784 
f 1014//1785 1079//1785 1013//1785 
f 1013//1786 1079//1786 1012//1786 
f 1014//1787 1080//1787 1015//1787 
f 1013//1788 1080//1788 1014//1788 
f 1013//1789 1081//1789 1080//1789 
f 962//1790 1082//1790 1017//1790 
f 1015//1791 1082//1791 962//1791 
f 1022//1792 1083//1792 1021//1792 
f 949//1793 1083//1793 1022//1793 
f 963//1794 1083//1794 949//1794 
f 1021//1795 1083//1795 1020//1795 
f 1019//1796 1084//1796 1021//1796 
f 1021//1797 1084//1797 1022//1797 
f 1084//1798 1085//1798 1022//1798 
f 1024//1799 1086//1799 1019//1799 
f 1026//1800 1086//1800 1024//1800 
f 1024//1801 1087//1801 1025//1801 
f 1023//1802 1087//1802 1024//1802 
f 1028//1803 1088//1803 1089//1803 
f 1029//1804 1088//1804 1028//1804 
f 1025//1805 1088//1805 1029//1805 
f 1027//1806 1090//1806 1029//1806 
f 1029//1807 1090//1807 1030//1807 
f 1090//1808 1091//1808 1030//1808 
f 1033//1809 1092//1809 1032//1809 
f 1032//1810 1092//1810 1027//1810 
f 1031//1811 1093//1811 1032//1811 
f 1032//1812 1093//1812 1034//1812 
f 1036//1813 1094//1813 1095//1813 
f 1034//1814 1094//1814 1037//1814 
f 1037//1815 1094//1815 1036//1815 
f 1037//1816 1096//1816 1038//1816 
f 1035//1817 1096//1817 1037//1817 
f 1096//1818 1097//1818 1038//1818 
f 1042//1819 1098//1819 1035//1819 
f 1040//1820 1098//1820 1042//1820 
f 1041//1821 1099//1821 1039//1821 
f 1047//1822 1099//1822 1046//1822 
f 1100//1823 1099//1823 1051//1823 
f 1101//1824 1099//1824 1100//1824 
f 1050//1825 1099//1825 1047//1825 
f 1051//1826 1099//1826 1042//1826 
f 1039//1827 1099//1827 1050//1827 
f 1046//1828 1099//1828 1049//1828 
f 1042//1829 1099//1829 1041//1829 
f 1099//1830 1102//1830 1049//1830 
f 1049//1831 1102//1831 1048//1831 
f 1101//1832 1102//1832 1099//1832 
f 1101//1833 1103//1833 1102//1833 
f 1102//1834 1103//1834 1048//1834 
f 1048//1835 1103//1835 964//1835 
f 1103//1836 1104//1836 964//1836 
f 1105//1837 1104//1837 1101//1837 
f 1106//1838 1104//1838 1105//1838 
f 1107//1839 1104//1839 1106//1839 
f 1108//1840 1104//1840 1107//1840 
f 964//1841 1104//1841 1109//1841 
f 1109//1842 1104//1842 1108//1842 
f 1101//1843 1104//1843 1103//1843 
f 1051//1844 1110//1844 1100//1844 
f 1100//1845 1110//1845 1101//1845 
f 1101//1846 1110//1846 1105//1846 
f 1105//1847 1110//1847 1106//1847 
f 1106//1848 1110//1848 1107//1848 
f 1107//1849 1110//1849 1108//1849 
f 1108//1850 1110//1850 1109//1850 
f 930//1851 1111//1851 932//1851 
f 1110//1852 1111//1852 1109//1852 
f 610//1853 1112//1853 909//1853 
f 909//1854 1112//1854 922//1854 
f 922//1855 1112//1855 924//1855 
f 964//1856 1112//1856 610//1856 
f 1109//1857 1112//1857 964//1857 
f 967//1858 1113//1858 630//1858 
f 965//1859 1113//1859 952//1859 
f 1114//1860 1113//1860 967//1860 
f 630//1861 1113//1861 965//1861 
f 953//1862 1113//1862 954//1862 
f 952//1863 1113//1863 953//1863 
f 967//1864 1115//1864 1114//1864 
f 1116//1865 1115//1865 1053//1865 
f 1052//1866 1115//1866 967//1866 
f 1053//1867 1115//1867 1052//1867 
f 1114//1868 1115//1868 1116//1868 
f 1114//1869 1117//1869 966//1869 
f 966//1870 1117//1870 642//1870 
f 1053//1871 1117//1871 1116//1871 
f 642//1872 1117//1872 627//1872 
f 627//1873 1117//1873 626//1873 
f 1116//1874 1117//1874 1114//1874 
f 1117//1875 1118//1875 626//1875 
f 969//1876 1118//1876 970//1876 
f 1053//1877 1118//1877 1117//1877 
f 971//1878 1118//1878 969//1878 
f 970//1879 1118//1879 1053//1879 
f 626//1880 1118//1880 624//1880 
f 972//1881 1118//1881 971//1881 
f 973//1882 1118//1882 972//1882 
f 624//1883 1118//1883 973//1883 
f 985//1884 1119//1884 1058//1884 
f 1060//1885 1119//1885 985//1885 
f 1061//1886 1119//1886 1060//1886 
f 1058//1887 1119//1887 1061//1887 
f 990//1888 1120//1888 1060//1888 
f 1061//1889 1120//1889 987//1889 
f 987//1890 1120//1890 622//1890 
f 1060//1891 1120//1891 1061//1891 
f 622//1892 1120//1892 990//1892 
f 1062//1893 1121//1893 1063//1893 
f 992//1894 1121//1894 665//1894 
f 665//1895 1121//1895 988//1895 
f 988//1896 1121//1896 1062//1896 
f 1063//1897 1121//1897 992//1897 
f 991//1898 1122//1898 1064//1898 
f 1066//1899 1122//1899 1065//1899 
f 1064//1900 1122//1900 1066//1900 
f 1065//1901 1122//1901 991//1901 
f 1066//1902 1123//1902 994//1902 
f 997//1903 1123//1903 1065//1903 
f 1065//1904 1123//1904 1066//1904 
f 621//1905 1123//1905 997//1905 
f 994//1906 1123//1906 621//1906 
f 661//1907 1124//1907 1000//1907 
f 1000//1908 1124//1908 1072//1908 
f 1124//1909 1125//1909 1072//1909 
f 1073//1910 1125//1910 1006//1910 
f 1072//1911 1125//1911 1073//1911 
f 661//1912 1125//1912 1124//1912 
f 1006//1913 1125//1913 661//1913 
f 1071//1914 1126//1914 1003//1914 
f 1072//1915 1126//1915 1071//1915 
f 1003//1916 1126//1916 1073//1916 
f 1073//1917 1126//1917 1072//1917 
f 1076//1918 1127//1918 1007//1918 
f 1075//1919 1127//1919 1076//1919 
f 1074//1920 1127//1920 1075//1920 
f 1007//1921 1127//1921 1074//1921 
f 1004//1922 1128//1922 619//1922 
f 1074//1923 1128//1923 1004//1923 
f 1075//1924 1128//1924 1074//1924 
f 1008//1925 1129//1925 1075//1925 
f 619//1926 1129//1926 1008//1926 
f 1128//1927 1129//1927 619//1927 
f 1075//1928 1129//1928 1128//1928 
f 1077//1929 1130//1929 958//1929 
f 1010//1930 1130//1930 1077//1930 
f 958//1931 1130//1931 659//1931 
f 659//1932 1130//1932 1010//1932 
f 1012//1933 1131//1933 1078//1933 
f 1132//1934 1131//1934 1079//1934 
f 1079//1935 1131//1935 1012//1935 
f 1078//1936 1131//1936 959//1936 
f 959//1937 1131//1937 1132//1937 
f 1079//1938 1133//1938 1132//1938 
f 959//1939 1133//1939 618//1939 
f 1132//1940 1133//1940 959//1940 
f 1079//1941 1134//1941 1133//1941 
f 1016//1942 1134//1942 1079//1942 
f 618//1943 1134//1943 1016//1943 
f 1133//1944 1134//1944 618//1944 
f 1013//1945 1135//1945 1081//1945 
f 657//1946 1135//1946 1013//1946 
f 1017//1947 1136//1947 657//1947 
f 1082//1948 1136//1948 1017//1948 
f 657//1949 1136//1949 1135//1949 
f 1081//1950 1136//1950 1082//1950 
f 1135//1951 1136//1951 1081//1951 
f 1080//1952 1137//1952 1015//1952 
f 1081//1953 1137//1953 1080//1953 
f 1082//1954 1137//1954 1081//1954 
f 1015//1955 1137//1955 1082//1955 
f 963//1956 1138//1956 1083//1956 
f 1083//1957 1138//1957 1020//1957 
f 655//1958 1138//1958 963//1958 
f 1020//1959 1138//1959 655//1959 
f 1084//1960 1139//1960 1085//1960 
f 1085//1961 1139//1961 1086//1961 
f 1086//1962 1139//1962 1019//1962 
f 1019//1963 1139//1963 1084//1963 
f 1085//1964 1140//1964 1022//1964 
f 1022//1965 1140//1965 616//1965 
f 1085//1966 1141//1966 1140//1966 
f 1086//1967 1141//1967 1085//1967 
f 1026//1968 1141//1968 1086//1968 
f 616//1969 1141//1969 1026//1969 
f 1140//1970 1141//1970 616//1970 
f 1023//1971 1142//1971 1087//1971 
f 1087//1972 1142//1972 1089//1972 
f 653//1973 1142//1973 1023//1973 
f 1089//1974 1143//1974 1028//1974 
f 1028//1975 1143//1975 653//1975 
f 1142//1976 1143//1976 1089//1976 
f 653//1977 1143//1977 1142//1977 
f 1089//1978 1144//1978 1087//1978 
f 1088//1979 1144//1979 1089//1979 
f 1025//1980 1144//1980 1088//1980 
f 1087//1981 1144//1981 1025//1981 
f 1027//1982 1145//1982 1090//1982 
f 1090//1983 1145//1983 1091//1983 
f 1092//1984 1145//1984 1027//1984 
f 1091//1985 1145//1985 1092//1985 
f 1091//1986 1146//1986 1030//1986 
f 1030//1987 1146//1987 615//1987 
f 1091//1988 1147//1988 1146//1988 
f 615//1989 1147//1989 1033//1989 
f 1033//1990 1147//1990 1092//1990 
f 1146//1991 1147//1991 615//1991 
f 1092//1992 1147//1992 1091//1992 
f 1093//1993 1148//1993 1095//1993 
f 1031//1994 1148//1994 1093//1994 
f 648//1995 1148//1995 1031//1995 
f 1095//1996 1149//1996 1036//1996 
f 1036//1997 1149//1997 648//1997 
f 1148//1998 1149//1998 1095//1998 
f 648//1999 1149//1999 1148//1999 
f 1093//2000 1150//2000 1034//2000 
f 1095//2001 1150//2001 1093//2001 
f 1034//2002 1150//2002 1094//2002 
f 1094//2003 1150//2003 1095//2003 
f 1035//2004 1151//2004 1096//2004 
f 1096//2005 1151//2005 1097//2005 
f 1098//2006 1151//2006 1035//2006 
f 1097//2007 1151//2007 1098//2007 
f 1097//2008 1152//2008 1038//2008 
f 1038//2009 1152//2009 614//2009 
f 614//2010 1153//2010 1045//2010 
f 1044//2011 1153//2011 1040//2011 
f 1097//2012 1153//2012 1152//2012 
f 1098//2013 1153//2013 1097//2013 
f 1040//2014 1153//2014 1098//2014 
f 1043//2015 1153//2015 1044//2015 
f 1152//2016 1153//2016 614//2016 
f 1045//2017 1153//2017 1043//2017 
f 1051//2018 1154//2018 1110//2018 
f 932//2019 1154//2019 933//2019 
f 933//2020 1154//2020 915//2020 
f 915//2021 1154//2021 914//2021 
f 914//2022 1154//2022 650//2022 
f 1111//2023 1154//2023 932//2023 
f 650//2024 1154//2024 1051//2024 
f 1110//2025 1154//2025 1111//2025 
f 928//2026 1155//2026 930//2026 
f 930//2027 1155//2027 1111//2027 
f 1111//2028 1155//2028 1109//2028 
f 1109//2029 1155//2029 1112//2029 
f 924//2030 1156//2030 925//2030 
f 1112//2031 1156//2031 924//2031 
f 925//2032 1156//2032 926//2032 
f 926//2033 1156//2033 928//2033 
f 1155//2034 1156//2034 1112//2034 
f 928//2035 1156//2035 1155//2035 
f 966//2036 1157//2036 1114//2036 
f 641//2037 1157//2037 966//2037 
f 1114//2038 1157//2038 1113//2038 
f 640//2039 1157//2039 641//2039 
f 954//2040 1157//2040 640//2040 
f 1113//2041 1157//2041 954//2041 
f 652//2042 911//2042 649//2042 
f 652//2043 685//2043 911//2043 
f 685//2044 682//2044 911//2044 
f 911//2045 682//2045 859//2045 
f 682//2046 810//2046 859//2046 
f 810//2047 777//2047 808//2047 
f 808//2048 777//2048 811//2048 
f 811//2049 777//2049 812//2049 
f 682//2050 738//2050 810//2050 
f 810//2051 738//2051 777//2051 
f 738//2052 742//2052 777//2052 
f 742//2053 775//2053 777//2053 
f 742//2054 679//2054 775//2054 
f 707//2055 1158//2055 708//2055 
f 708//2056 1159//2056 713//2056 
f 713//2057 1159//2057 714//2057 
f 1158//2058 1159//2058 708//2058 
f 1158//2059 1160//2059 1159//2059 
f 1159//2060 1161//2060 1162//2060 
f 1160//2061 1161//2061 1159//2061 
f 718//2062 1163//2062 719//2062 
f 1163//2063 720//2063 719//2063 
f 1164//2064 1165//2064 1163//2064 
f 1166//2065 1167//2065 1160//2065 
f 1160//2066 1167//2066 1161//2066 
f 720//2067 1168//2067 721//2067 
f 1163//2068 1168//2068 720//2068 
f 1169//2069 1170//2069 1166//2069 
f 1166//2070 1170//2070 1167//2070 
f 1171//2071 1172//2071 1165//2071 
f 1165//2072 1172//2072 1163//2072 
f 1163//2073 1172//2073 1168//2073 
f 1173//2074 1174//2074 1169//2074 
f 1169//2075 1174//2075 1170//2075 
f 1175//2076 1176//2076 1173//2076 
f 1173//2077 1176//2077 1174//2077 
f 1177//2078 1178//2078 1171//2078 
f 1171//2079 1178//2079 1172//2079 
f 1179//2080 1180//2080 1175//2080 
f 1175//2081 1180//2081 1176//2081 
f 1181//2082 1182//2082 1177//2082 
f 1177//2083 1182//2083 1178//2083 
f 1183//2084 1184//2084 1179//2084 
f 1179//2085 1184//2085 1180//2085 
f 1185//2086 1186//2086 1181//2086 
f 1181//2087 1186//2087 1182//2087 
f 1187//2088 1188//2088 1183//2088 
f 1183//2089 1188//2089 1184//2089 
f 1189//2090 1190//2090 1185//2090 
f 1185//2091 1190//2091 1186//2091 
f 1187//2092 1191//2092 1188//2092 
f 1192//2093 1191//2093 1187//2093 
f 1193//2094 1194//2094 1189//2094 
f 1189//2095 1194//2095 1190//2095 
f 1192//2096 1195//2096 1191//2096 
f 1196//2097 1195//2097 1192//2097 
f 1197//2098 1198//2098 1193//2098 
f 1193//2099 1198//2099 1194//2099 
f 1197//2100 1199//2100 1198//2100 
f 1200//2101 1199//2101 1197//2101 
f 1201//2102 1202//2102 1200//2102 
f 1200//2103 1202//2103 1199//2103 
f 1201//2104 1203//2104 1202//2104 
f 1204//2105 1205//2105 1206//2105 
f 1207//2106 1205//2106 1208//2106 
f 1208//2107 1205//2107 1204//2107 
f 1205//2108 1209//2108 1210//2108 
f 1211//2109 1212//2109 1213//2109 
f 58//2110 56//2110 1212//2110 
f 1212//2111 1214//2111 1213//2111 
f 1212//2112 1215//2112 1214//2112 
f 669//2113 671//2113 1216//2113 
f 672//2114 72//2114 1217//2114 
f 71//2115 674//2115 69//2115 
f 675//2116 677//2116 1218//2116 
f 1219//2117 1220//2117 1221//2117 
f 1222//2118 1223//2118 1224//2118 
f 1225//2119 1226//2119 1227//2119 
f 1227//2120 1226//2120 1219//2120 
f 1219//2121 1226//2121 1220//2121 
f 1224//2122 1228//2122 1229//2122 
f 1229//2123 1228//2123 1230//2123 
f 1231//2124 1228//2124 1226//2124 
f 1223//2125 1228//2125 1224//2125 
f 1206//2126 1232//2126 1204//2126 
f 1225//2127 1232//2127 1226//2127 
f 1226//2128 1232//2128 1231//2128 
f 1231//2129 1232//2129 1206//2129 
f 1204//2130 1232//2130 1225//2130 
f 1230//2131 1233//2131 1213//2131 
f 1213//2132 1233//2132 1211//2132 
f 1211//2133 1233//2133 1231//2133 
f 1228//2134 1233//2134 1230//2134 
f 1231//2135 1233//2135 1228//2135 
f 1207//2136 1234//2136 1205//2136 
f 1205//2137 1234//2137 1209//2137 
f 1209//2138 1234//2138 1235//2138 
f 1236//2139 1234//2139 1237//2139 
f 1237//2140 1234//2140 1207//2140 
f 1215//2141 1238//2141 1239//2141 
f 1239//2142 1238//2142 1240//2142 
f 59//2143 1238//2143 56//2143 
f 56//2144 1238//2144 1212//2144 
f 1212//2145 1238//2145 1215//2145 
f 1235//2146 1241//2146 1242//2146 
f 1242//2147 1241//2147 1243//2147 
f 1234//2148 1241//2148 1235//2148 
f 1236//2149 1241//2149 1234//2149 
f 1244//2150 1241//2150 1236//2150 
f 59//2151 1245//2151 1238//2151 
f 1238//2152 1245//2152 1240//2152 
f 1240//2153 1245//2153 1246//2153 
f 61//2154 1245//2154 59//2154 
f 63//2155 1245//2155 61//2155 
f 1246//2156 1245//2156 63//2156 
f 1241//2157 1247//2157 1243//2157 
f 1244//2158 1247//2158 1241//2158 
f 1243//2159 1247//2159 1248//2159 
f 1248//2160 1247//2160 1249//2160 
f 1250//2161 1247//2161 1251//2161 
f 1251//2162 1247//2162 1244//2162 
f 1246//2163 1252//2163 1253//2163 
f 1253//2164 1252//2164 1254//2164 
f 65//2165 1252//2165 63//2165 
f 67//2166 1252//2166 65//2166 
f 63//2167 1252//2167 1246//2167 
f 671//2168 1255//2168 1216//2168 
f 1217//2169 1255//2169 672//2169 
f 1250//2170 1255//2170 1247//2170 
f 1247//2171 1255//2171 1249//2171 
f 1249//2172 1255//2172 1217//2172 
f 672//2173 1255//2173 671//2173 
f 1216//2174 1255//2174 1250//2174 
f 674//2175 1256//2175 69//2175 
f 1218//2176 1256//2176 675//2176 
f 67//2177 1256//2177 1252//2177 
f 1252//2178 1256//2178 1254//2178 
f 1254//2179 1256//2179 1218//2179 
f 675//2180 1256//2180 674//2180 
f 69//2181 1256//2181 67//2181 
f 1196//2182 1257//2182 1195//2182 
f 1220//2183 1257//2183 1221//2183 
f 1221//2184 1257//2184 1196//2184 
f 1195//2185 1258//2185 1201//2185 
f 1257//2186 1258//2186 1195//2186 
f 1201//2187 1258//2187 1203//2187 
f 1220//2188 1258//2188 1257//2188 
f 1203//2189 1258//2189 1222//2189 
f 1222//2190 1258//2190 1223//2190 
f 1223//2191 1258//2191 1220//2191 
f 1228//2192 1259//2192 1226//2192 
f 1226//2193 1259//2193 1220//2193 
f 1223//2194 1259//2194 1228//2194 
f 1220//2195 1259//2195 1223//2195 
f 1260//2196 1261//2196 1262//2196 
f 1263//2197 1207//2197 1208//2197 
f 1264//2198 1265//2198 1261//2198 
f 1264//2199 1261//2199 1260//2199 
f 1266//2200 1263//2200 1208//2200 
f 1266//2201 1260//2201 1263//2201 
f 1266//2202 1264//2202 1260//2202 
f 1266//2203 1208//2203 1204//2203 
f 1267//2204 1265//2204 1264//2204 
f 1267//2205 1268//2205 1265//2205 
f 1269//2206 1204//2206 1225//2206 
f 1269//2207 1264//2207 1266//2207 
f 1269//2208 1266//2208 1204//2208 
f 1269//2209 1267//2209 1264//2209 
f 1270//2210 1271//2210 1272//2210 
f 1273//2211 1219//2211 1221//2211 
f 1274//2212 1275//2212 1276//2212 
f 1277//2213 1192//2213 1187//2213 
f 1278//2214 1274//2214 1277//2214 
f 1278//2215 1275//2215 1274//2215 
f 1278//2216 1279//2216 1275//2216 
f 1280//2217 1277//2217 1187//2217 
f 1280//2218 1187//2218 1183//2218 
f 1280//2219 1278//2219 1277//2219 
f 1281//2220 1279//2220 1278//2220 
f 1281//2221 1282//2221 1279//2221 
f 1283//2222 1281//2222 1278//2222 
f 1283//2223 1183//2223 1179//2223 
f 1283//2224 1278//2224 1280//2224 
f 1283//2225 1280//2225 1183//2225 
f 1284//2226 208//2226 1285//2226 
f 1284//2227 1285//2227 1286//2227 
f 1284//2228 1286//2228 1287//2228 
f 1284//2229 1288//2229 208//2229 
f 1289//2230 1287//2230 1290//2230 
f 1289//2231 1284//2231 1287//2231 
f 1291//2232 1292//2232 1293//2232 
f 1291//2233 1293//2233 1294//2233 
f 1291//2234 1294//2234 1295//2234 
f 1291//2235 1295//2235 1296//2235 
f 1291//2236 1296//2236 1297//2236 
f 1298//2237 1297//2237 669//2237 
f 1298//2238 669//2238 1216//2238 
f 1298//2239 1291//2239 1297//2239 
f 1298//2240 1299//2240 1291//2240 
f 1300//2241 1301//2241 1302//2241 
f 1303//2242 1300//2242 1304//2242 
f 1305//2243 1251//2243 1244//2243 
f 1306//2244 1303//2244 1305//2244 
f 1307//2245 1308//2245 1301//2245 
f 1309//2246 1307//2246 1306//2246 
f 1310//2247 1244//2247 1236//2247 
f 1311//2248 1309//2248 1310//2248 
f 1312//2249 1313//2249 1308//2249 
f 1314//2250 1312//2250 1311//2250 
f 1315//2251 1236//2251 1237//2251 
f 1316//2252 1314//2252 1315//2252 
f 1317//2253 1262//2253 1313//2253 
f 1317//2254 1260//2254 1262//2254 
f 1318//2255 1260//2255 1317//2255 
f 1319//2256 1237//2256 1207//2256 
f 1320//2257 1263//2257 1260//2257 
f 1320//2258 1260//2258 1318//2258 
f 1320//2259 1319//2259 1207//2259 
f 1320//2260 1318//2260 1319//2260 
f 1320//2261 1207//2261 1263//2261 
f 1321//2262 1267//2262 1269//2262 
f 1321//2263 1322//2263 1323//2263 
f 1324//2264 1273//2264 1270//2264 
f 1324//2265 1323//2265 1322//2265 
f 1325//2266 1270//2266 1273//2266 
f 1325//2267 1326//2267 1327//2267 
f 1328//2268 1277//2268 1274//2268 
f 1328//2269 1327//2269 1326//2269 
f 1329//2270 1282//2270 1281//2270 
f 1329//2271 1330//2271 1282//2271 
f 1331//2272 1283//2272 1179//2272 
f 1331//2273 1281//2273 1283//2273 
f 1332//2274 1329//2274 1281//2274 
f 1332//2275 1281//2275 1331//2275 
f 1333//2276 1331//2276 1179//2276 
f 1333//2277 1179//2277 1175//2277 
f 1333//2278 1332//2278 1331//2278 
f 1334//2279 1335//2279 1330//2279 
f 1336//2280 1337//2280 1338//2280 
f 1336//2281 1175//2281 1173//2281 
f 1339//2282 1334//2282 1337//2282 
f 1340//2283 1341//2283 1335//2283 
f 1342//2284 1343//2284 1339//2284 
f 1342//2285 1173//2285 1169//2285 
f 1344//2286 1340//2286 1343//2286 
f 1345//2287 1346//2287 1341//2287 
f 1347//2288 1169//2288 1166//2288 
f 1347//2289 1348//2289 1344//2289 
f 1349//2290 1345//2290 1348//2290 
f 1350//2291 1351//2291 1352//2291 
f 1350//2292 1352//2292 1353//2292 
f 1350//2293 1353//2293 159//2293 
f 1350//2294 159//2294 1354//2294 
f 1355//2295 1351//2295 1350//2295 
f 1355//2296 1356//2296 1351//2296 
f 1357//2297 1158//2297 707//2297 
f 1357//2298 707//2298 1358//2298 
f 1359//2299 1358//2299 1360//2299 
f 1359//2300 1360//2300 1361//2300 
f 1359//2301 1361//2301 1362//2301 
f 1359//2302 1362//2302 1363//2302 
f 1359//2303 1363//2303 1364//2303 
f 1359//2304 1365//2304 1357//2304 
f 1359//2305 1357//2305 1358//2305 
f 1366//2306 1299//2306 1367//2306 
f 1366//2307 1290//2307 1368//2307 
f 1366//2308 1368//2308 1292//2308 
f 1366//2309 1289//2309 1290//2309 
f 1366//2310 1292//2310 1291//2310 
f 1366//2311 1291//2311 1299//2311 
f 1366//2312 1367//2312 1289//2312 
f 1369//2313 1288//2313 1284//2313 
f 1369//2314 1289//2314 1367//2314 
f 1369//2315 1284//2315 1289//2315 
f 1370//2316 1369//2316 1367//2316 
f 1370//2317 1367//2317 1371//2317 
f 1372//2318 1369//2318 1370//2318 
f 1372//2319 1370//2319 1371//2319 
f 1372//2320 1373//2320 1288//2320 
f 1372//2321 1288//2321 1369//2321 
f 1372//2322 1371//2322 1373//2322 
f 1374//2323 1371//2323 1367//2323 
f 1375//2324 1367//2324 1299//2324 
f 1375//2325 1298//2325 1216//2325 
f 1375//2326 1299//2326 1298//2326 
f 1375//2327 1374//2327 1367//2327 
f 1376//2328 1375//2328 1216//2328 
f 1376//2329 1374//2329 1375//2329 
f 1377//2330 1378//2330 1373//2330 
f 1377//2331 1371//2331 1374//2331 
f 1377//2332 1374//2332 1376//2332 
f 1377//2333 1373//2333 1371//2333 
f 1379//2334 1373//2334 1378//2334 
f 1379//2335 1288//2335 1373//2335 
f 1379//2336 1380//2336 1288//2336 
f 1381//2337 1216//2337 1250//2337 
f 1381//2338 1376//2338 1216//2338 
f 1381//2339 1378//2339 1377//2339 
f 1381//2340 1377//2340 1376//2340 
f 1381//2341 1250//2341 1382//2341 
f 1381//2342 1382//2342 1378//2342 
f 1383//2343 1382//2343 1384//2343 
f 1383//2344 1379//2344 1378//2344 
f 1383//2345 1378//2345 1382//2345 
f 1385//2346 1379//2346 1383//2346 
f 1385//2347 1380//2347 1379//2347 
f 1385//2348 1383//2348 1384//2348 
f 1385//2349 1384//2349 1386//2349 
f 1385//2350 1386//2350 1380//2350 
f 1387//2351 1382//2351 1250//2351 
f 1387//2352 1384//2352 1382//2352 
f 1388//2353 1384//2353 1387//2353 
f 1388//2354 1386//2354 1384//2354 
f 1388//2355 1389//2355 1386//2355 
f 1390//2356 1380//2356 1386//2356 
f 1390//2357 1386//2357 1389//2357 
f 1390//2358 1302//2358 1380//2358 
f 1391//2359 1250//2359 1251//2359 
f 1391//2360 1251//2360 1392//2360 
f 1391//2361 1388//2361 1387//2361 
f 1391//2362 1389//2362 1388//2362 
f 1391//2363 1387//2363 1250//2363 
f 1391//2364 1392//2364 1389//2364 
f 1393//2365 1392//2365 1304//2365 
f 1393//2366 1390//2366 1389//2366 
f 1393//2367 1389//2367 1392//2367 
f 1394//2368 1393//2368 1304//2368 
f 1394//2369 1302//2369 1390//2369 
f 1394//2370 1304//2370 1300//2370 
f 1394//2371 1390//2371 1393//2371 
f 1394//2372 1300//2372 1302//2372 
f 1395//2373 1251//2373 1305//2373 
f 1395//2374 1392//2374 1251//2374 
f 1395//2375 1304//2375 1392//2375 
f 1395//2376 1303//2376 1304//2376 
f 1395//2377 1305//2377 1303//2377 
f 1396//2378 1301//2378 1300//2378 
f 1396//2379 1300//2379 1303//2379 
f 1396//2380 1303//2380 1306//2380 
f 1396//2381 1306//2381 1307//2381 
f 1396//2382 1307//2382 1301//2382 
f 1397//2383 1305//2383 1244//2383 
f 1397//2384 1306//2384 1305//2384 
f 1397//2385 1244//2385 1310//2385 
f 1397//2386 1309//2386 1306//2386 
f 1397//2387 1310//2387 1309//2387 
f 1398//2388 1308//2388 1307//2388 
f 1398//2389 1307//2389 1309//2389 
f 1398//2390 1309//2390 1311//2390 
f 1398//2391 1311//2391 1312//2391 
f 1398//2392 1312//2392 1308//2392 
f 1399//2393 1310//2393 1236//2393 
f 1399//2394 1311//2394 1310//2394 
f 1399//2395 1236//2395 1315//2395 
f 1399//2396 1314//2396 1311//2396 
f 1399//2397 1315//2397 1314//2397 
f 1400//2398 1313//2398 1312//2398 
f 1400//2399 1312//2399 1314//2399 
f 1400//2400 1314//2400 1316//2400 
f 1401//2401 1317//2401 1313//2401 
f 1401//2402 1318//2402 1317//2402 
f 1401//2403 1313//2403 1400//2403 
f 1402//2404 1400//2404 1316//2404 
f 1402//2405 1401//2405 1400//2405 
f 1402//2406 1318//2406 1401//2406 
f 1402//2407 1316//2407 1318//2407 
f 1403//2408 1315//2408 1237//2408 
f 1403//2409 1316//2409 1315//2409 
f 1403//2410 1237//2410 1319//2410 
f 1403//2411 1318//2411 1316//2411 
f 1403//2412 1319//2412 1318//2412 
f 1404//2413 1268//2413 1267//2413 
f 1404//2414 1267//2414 1321//2414 
f 1405//2415 1406//2415 1268//2415 
f 1405//2416 1268//2416 1404//2416 
f 1407//2417 1404//2417 1321//2417 
f 1407//2418 1406//2418 1405//2418 
f 1407//2419 1405//2419 1404//2419 
f 1407//2420 1321//2420 1323//2420 
f 1407//2421 1323//2421 1406//2421 
f 1408//2422 1321//2422 1269//2422 
f 1408//2423 1269//2423 1225//2423 
f 1409//2424 1225//2424 1227//2424 
f 1409//2425 1408//2425 1225//2425 
f 1410//2426 1321//2426 1408//2426 
f 1410//2427 1227//2427 1322//2427 
f 1410//2428 1409//2428 1227//2428 
f 1410//2429 1408//2429 1409//2429 
f 1410//2430 1322//2430 1321//2430 
f 1411//2431 1323//2431 1324//2431 
f 1411//2432 1272//2432 1406//2432 
f 1411//2433 1270//2433 1272//2433 
f 1411//2434 1406//2434 1323//2434 
f 1411//2435 1324//2435 1270//2435 
f 1412//2436 1227//2436 1219//2436 
f 1412//2437 1219//2437 1273//2437 
f 1412//2438 1273//2438 1324//2438 
f 1412//2439 1322//2439 1227//2439 
f 1412//2440 1324//2440 1322//2440 
f 1413//2441 1327//2441 1414//2441 
f 1413//2442 1270//2442 1325//2442 
f 1413//2443 1271//2443 1270//2443 
f 1413//2444 1414//2444 1271//2444 
f 1413//2445 1325//2445 1327//2445 
f 1415//2446 1325//2446 1273//2446 
f 1415//2447 1326//2447 1325//2447 
f 1415//2448 1221//2448 1196//2448 
f 1415//2449 1273//2449 1221//2449 
f 1415//2450 1196//2450 1326//2450 
f 1416//2451 1414//2451 1327//2451 
f 1416//2452 1327//2452 1328//2452 
f 1417//2453 1414//2453 1416//2453 
f 1417//2454 1276//2454 1414//2454 
f 1418//2455 1416//2455 1328//2455 
f 1418//2456 1417//2456 1416//2456 
f 1418//2457 1276//2457 1417//2457 
f 1418//2458 1328//2458 1274//2458 
f 1418//2459 1274//2459 1276//2459 
f 1419//2460 1328//2460 1326//2460 
f 1419//2461 1326//2461 1196//2461 
f 1420//2462 1419//2462 1196//2462 
f 1420//2463 1196//2463 1192//2463 
f 1421//2464 1328//2464 1419//2464 
f 1421//2465 1419//2465 1420//2465 
f 1421//2466 1420//2466 1192//2466 
f 1421//2467 1192//2467 1277//2467 
f 1421//2468 1277//2468 1328//2468 
f 1422//2469 1330//2469 1329//2469 
f 1422//2470 1329//2470 1332//2470 
f 1423//2471 1332//2471 1338//2471 
f 1423//2472 1422//2472 1332//2472 
f 1424//2473 1338//2473 1337//2473 
f 1424//2474 1337//2474 1334//2474 
f 1424//2475 1423//2475 1338//2475 
f 1424//2476 1422//2476 1423//2476 
f 1424//2477 1330//2477 1422//2477 
f 1424//2478 1334//2478 1330//2478 
f 1425//2479 1338//2479 1332//2479 
f 1425//2480 1333//2480 1175//2480 
f 1425//2481 1332//2481 1333//2481 
f 1425//2482 1336//2482 1338//2482 
f 1425//2483 1175//2483 1336//2483 
f 1426//2484 1335//2484 1334//2484 
f 1426//2485 1334//2485 1339//2485 
f 1426//2486 1339//2486 1343//2486 
f 1426//2487 1340//2487 1335//2487 
f 1426//2488 1343//2488 1340//2488 
f 1427//2489 1339//2489 1337//2489 
f 1427//2490 1337//2490 1336//2490 
f 1427//2491 1336//2491 1173//2491 
f 1427//2492 1342//2492 1339//2492 
f 1427//2493 1173//2493 1342//2493 
f 1428//2494 1341//2494 1340//2494 
f 1428//2495 1340//2495 1344//2495 
f 1428//2496 1345//2496 1341//2496 
f 1428//2497 1348//2497 1345//2497 
f 1428//2498 1344//2498 1348//2498 
f 1429//2499 1169//2499 1347//2499 
f 1429//2500 1343//2500 1342//2500 
f 1429//2501 1342//2501 1169//2501 
f 1429//2502 1344//2502 1343//2502 
f 1429//2503 1347//2503 1344//2503 
f 1430//2504 1345//2504 1349//2504 
f 1430//2505 1346//2505 1345//2505 
f 1431//2506 1346//2506 1430//2506 
f 1431//2507 1432//2507 1346//2507 
f 1431//2508 1433//2508 1432//2508 
f 1431//2509 1434//2509 1433//2509 
f 1435//2510 1431//2510 1430//2510 
f 1435//2511 1434//2511 1431//2511 
f 1435//2512 1436//2512 1434//2512 
f 1435//2513 1349//2513 1436//2513 
f 1435//2514 1430//2514 1349//2514 
f 1437//2515 1347//2515 1166//2515 
f 1437//2516 1348//2516 1347//2516 
f 1437//2517 1349//2517 1348//2517 
f 1437//2518 1166//2518 1436//2518 
f 1437//2519 1436//2519 1349//2519 
f 1438//2520 1432//2520 1433//2520 
f 1438//2521 1433//2521 1439//2521 
f 1440//2522 1354//2522 1432//2522 
f 1440//2523 1441//2523 1354//2523 
f 1440//2524 1432//2524 1438//2524 
f 1440//2525 1442//2525 1441//2525 
f 1443//2526 1438//2526 1439//2526 
f 1443//2527 1442//2527 1440//2527 
f 1443//2528 1440//2528 1438//2528 
f 1443//2529 1439//2529 1444//2529 
f 1443//2530 1444//2530 1442//2530 
f 1445//2531 1433//2531 1434//2531 
f 1445//2532 1439//2532 1433//2532 
f 1446//2533 1166//2533 1160//2533 
f 1446//2534 1436//2534 1166//2534 
f 1446//2535 1434//2535 1436//2535 
f 1446//2536 1445//2536 1434//2536 
f 1447//2537 1160//2537 1444//2537 
f 1447//2538 1446//2538 1160//2538 
f 1447//2539 1439//2539 1445//2539 
f 1447//2540 1445//2540 1446//2540 
f 1447//2541 1444//2541 1439//2541 
f 1448//2542 1354//2542 1441//2542 
f 1448//2543 1441//2543 1449//2543 
f 1450//2544 1451//2544 1355//2544 
f 1450//2545 1355//2545 1350//2545 
f 1450//2546 1354//2546 1448//2546 
f 1450//2547 1350//2547 1354//2547 
f 1452//2548 1451//2548 1450//2548 
f 1452//2549 1449//2549 1451//2549 
f 1452//2550 1448//2550 1449//2550 
f 1452//2551 1450//2551 1448//2551 
f 1453//2552 1441//2552 1442//2552 
f 1453//2553 1449//2553 1441//2553 
f 1454//2554 1444//2554 1160//2554 
f 1454//2555 1160//2555 1158//2555 
f 1454//2556 1453//2556 1442//2556 
f 1454//2557 1442//2557 1444//2557 
f 1455//2558 1454//2558 1158//2558 
f 1455//2559 1453//2559 1454//2559 
f 1456//2560 1451//2560 1449//2560 
f 1456//2561 1449//2561 1453//2561 
f 1456//2562 1453//2562 1455//2562 
f 1457//2563 1365//2563 1451//2563 
f 1457//2564 1357//2564 1365//2564 
f 1457//2565 1158//2565 1357//2565 
f 1457//2566 1451//2566 1456//2566 
f 1457//2567 1455//2567 1158//2567 
f 1457//2568 1456//2568 1455//2568 
f 1458//2569 1451//2569 1365//2569 
f 1458//2570 1355//2570 1451//2570 
f 1458//2571 1364//2571 1459//2571 
f 1458//2572 1459//2572 1356//2572 
f 1458//2573 1356//2573 1355//2573 
f 1458//2574 1365//2574 1359//2574 
f 1458//2575 1359//2575 1364//2575 
f 1460//2576 174//2576 172//2576 
f 1461//2577 700//2577 697//2577 
f 1462//2578 174//2578 1460//2578 
f 1462//2579 176//2579 174//2579 
f 1463//2580 697//2580 693//2580 
f 1463//2581 1461//2581 697//2581 
f 1463//2582 1460//2582 1461//2582 
f 1463//2583 1462//2583 1460//2583 
f 1464//2584 184//2584 182//2584 
f 1465//2585 690//2585 750//2585 
f 1466//2586 192//2586 190//2586 
f 1467//2587 680//2587 681//2587 
f 1468//2588 192//2588 1466//2588 
f 1468//2589 194//2589 192//2589 
f 1469//2590 681//2590 739//2590 
f 1469//2591 1466//2591 1467//2591 
f 1469//2592 1468//2592 1466//2592 
f 1469//2593 1467//2593 681//2593 
f 1470//2594 160//2594 159//2594 
f 1470//2595 1352//2595 1351//2595 
f 1470//2596 1353//2596 1352//2596 
f 1470//2597 159//2597 1353//2597 
f 1471//2598 1470//2598 1351//2598 
f 1471//2599 1351//2599 1356//2599 
f 1472//2600 1360//2600 1358//2600 
f 1472//2601 1361//2601 1360//2601 
f 1472//2602 1362//2602 1361//2602 
f 1472//2603 1363//2603 1362//2603 
f 1472//2604 1364//2604 1363//2604 
f 1473//2605 707//2605 709//2605 
f 1473//2606 1358//2606 707//2606 
f 1473//2607 1472//2607 1358//2607 
f 1473//2608 1474//2608 1472//2608 
f 1475//2609 166//2609 164//2609 
f 1476//2610 1475//2610 1477//2610 
f 1478//2611 765//2611 766//2611 
f 1479//2612 1476//2612 1478//2612 
f 1480//2613 168//2613 166//2613 
f 1481//2614 1480//2614 1479//2614 
f 1482//2615 766//2615 761//2615 
f 1483//2616 1481//2616 1482//2616 
f 1484//2617 170//2617 168//2617 
f 1485//2618 1484//2618 1483//2618 
f 1486//2619 761//2619 703//2619 
f 1487//2620 1485//2620 1486//2620 
f 1488//2621 1460//2621 172//2621 
f 1488//2622 172//2622 170//2622 
f 1489//2623 1460//2623 1488//2623 
f 1490//2624 703//2624 700//2624 
f 1491//2625 700//2625 1461//2625 
f 1491//2626 1461//2626 1460//2626 
f 1491//2627 1460//2627 1489//2627 
f 1491//2628 1490//2628 700//2628 
f 1491//2629 1489//2629 1490//2629 
f 1492//2630 1493//2630 1494//2630 
f 1492//2631 1462//2631 1463//2631 
f 1495//2632 1494//2632 1493//2632 
f 1495//2633 1496//2633 1497//2633 
f 1498//2634 1465//2634 1464//2634 
f 1498//2635 1497//2635 1496//2635 
f 1499//2636 1500//2636 1501//2636 
f 1499//2637 1464//2637 1465//2637 
f 1502//2638 1501//2638 1500//2638 
f 1502//2639 1503//2639 1504//2639 
f 1505//2640 1467//2640 1466//2640 
f 1505//2641 1504//2641 1503//2641 
f 1506//2642 196//2642 194//2642 
f 1506//2643 194//2643 1468//2643 
f 1507//2644 1468//2644 1469//2644 
f 1507//2645 1469//2645 739//2645 
f 1508//2646 1506//2646 1468//2646 
f 1508//2647 1468//2647 1507//2647 
f 1509//2648 1507//2648 739//2648 
f 1509//2649 739//2649 741//2649 
f 1509//2650 1508//2650 1507//2650 
f 1510//2651 198//2651 196//2651 
f 1511//2652 1510//2652 1512//2652 
f 1513//2653 741//2653 734//2653 
f 1514//2654 1511//2654 1513//2654 
f 1515//2655 200//2655 198//2655 
f 1516//2656 1515//2656 1514//2656 
f 1517//2657 734//2657 728//2657 
f 1518//2658 1516//2658 1517//2658 
f 1519//2659 202//2659 200//2659 
f 1520//2660 1519//2660 1518//2660 
f 1521//2661 728//2661 730//2661 
f 1522//2662 1520//2662 1521//2662 
f 1523//2663 1285//2663 208//2663 
f 1523//2664 1286//2664 1285//2664 
f 1523//2665 1287//2665 1286//2665 
f 1523//2666 208//2666 206//2666 
f 1524//2667 1287//2667 1523//2667 
f 1524//2668 1290//2668 1287//2668 
f 1525//2669 670//2669 1296//2669 
f 1526//2670 1293//2670 1292//2670 
f 1526//2671 1294//2671 1293//2671 
f 1526//2672 1295//2672 1294//2672 
f 1526//2673 1296//2673 1295//2673 
f 1526//2674 1525//2674 1296//2674 
f 1526//2675 1527//2675 1525//2675 
f 1528//2676 1474//2676 1529//2676 
f 1528//2677 1364//2677 1472//2677 
f 1528//2678 1471//2678 1356//2678 
f 1528//2679 1459//2679 1364//2679 
f 1528//2680 1356//2680 1459//2680 
f 1528//2681 1472//2681 1474//2681 
f 1528//2682 1529//2682 1471//2682 
f 1530//2683 160//2683 1470//2683 
f 1530//2684 1470//2684 1471//2684 
f 1530//2685 1471//2685 1529//2685 
f 1531//2686 1529//2686 1532//2686 
f 1531//2687 1530//2687 1529//2687 
f 1533//2688 1531//2688 1532//2688 
f 1533//2689 1530//2689 1531//2689 
f 1533//2690 1534//2690 160//2690 
f 1533//2691 160//2691 1530//2691 
f 1533//2692 1532//2692 1534//2692 
f 1535//2693 1532//2693 1529//2693 
f 1536//2694 1529//2694 1474//2694 
f 1536//2695 1535//2695 1529//2695 
f 1536//2696 1473//2696 709//2696 
f 1536//2697 1474//2697 1473//2697 
f 1537//2698 1535//2698 1536//2698 
f 1537//2699 1536//2699 709//2699 
f 1538//2700 1535//2700 1537//2700 
f 1538//2701 1532//2701 1535//2701 
f 1538//2702 1539//2702 1534//2702 
f 1538//2703 1534//2703 1532//2703 
f 1540//2704 160//2704 1534//2704 
f 1540//2705 162//2705 160//2705 
f 1540//2706 1534//2706 1539//2706 
f 1541//2707 709//2707 711//2707 
f 1541//2708 711//2708 1542//2708 
f 1541//2709 1537//2709 709//2709 
f 1541//2710 1538//2710 1537//2710 
f 1541//2711 1539//2711 1538//2711 
f 1541//2712 1542//2712 1539//2712 
f 1543//2713 1542//2713 1544//2713 
f 1543//2714 1540//2714 1539//2714 
f 1543//2715 1539//2715 1542//2715 
f 1545//2716 1543//2716 1544//2716 
f 1545//2717 162//2717 1540//2717 
f 1545//2718 1540//2718 1543//2718 
f 1545//2719 1544//2719 1546//2719 
f 1545//2720 1546//2720 162//2720 
f 1547//2721 1542//2721 711//2721 
f 1547//2722 1544//2722 1542//2722 
f 1548//2723 1546//2723 1544//2723 
f 1548//2724 1549//2724 1546//2724 
f 1548//2725 1544//2725 1547//2725 
f 1550//2726 162//2726 1546//2726 
f 1550//2727 1546//2727 1549//2727 
f 1550//2728 164//2728 162//2728 
f 1551//2729 711//2729 765//2729 
f 1551//2730 1547//2730 711//2730 
f 1551//2731 765//2731 1552//2731 
f 1551//2732 1548//2732 1547//2732 
f 1551//2733 1552//2733 1549//2733 
f 1551//2734 1549//2734 1548//2734 
f 1553//2735 1549//2735 1552//2735 
f 1553//2736 1552//2736 1477//2736 
f 1553//2737 1550//2737 1549//2737 
f 1554//2738 1477//2738 1475//2738 
f 1554//2739 1553//2739 1477//2739 
f 1554//2740 164//2740 1550//2740 
f 1554//2741 1475//2741 164//2741 
f 1554//2742 1550//2742 1553//2742 
f 1555//2743 1552//2743 765//2743 
f 1555//2744 1477//2744 1552//2744 
f 1555//2745 765//2745 1478//2745 
f 1555//2746 1476//2746 1477//2746 
f 1555//2747 1478//2747 1476//2747 
f 1556//2748 166//2748 1475//2748 
f 1556//2749 1475//2749 1476//2749 
f 1556//2750 1476//2750 1479//2750 
f 1556//2751 1479//2751 1480//2751 
f 1556//2752 1480//2752 166//2752 
f 1557//2753 1478//2753 766//2753 
f 1557//2754 1479//2754 1478//2754 
f 1557//2755 766//2755 1482//2755 
f 1557//2756 1481//2756 1479//2756 
f 1557//2757 1482//2757 1481//2757 
f 1558//2758 168//2758 1480//2758 
f 1558//2759 1480//2759 1481//2759 
f 1558//2760 1481//2760 1483//2760 
f 1558//2761 1484//2761 168//2761 
f 1558//2762 1483//2762 1484//2762 
f 1559//2763 761//2763 1486//2763 
f 1559//2764 1482//2764 761//2764 
f 1559//2765 1483//2765 1482//2765 
f 1559//2766 1485//2766 1483//2766 
f 1559//2767 1486//2767 1485//2767 
f 1560//2768 170//2768 1484//2768 
f 1560//2769 1484//2769 1485//2769 
f 1560//2770 1485//2770 1487//2770 
f 1561//2771 1489//2771 1488//2771 
f 1561//2772 170//2772 1560//2772 
f 1561//2773 1488//2773 170//2773 
f 1562//2774 1560//2774 1487//2774 
f 1562//2775 1561//2775 1560//2775 
f 1562//2776 1487//2776 1489//2776 
f 1562//2777 1489//2777 1561//2777 
f 1563//2778 1487//2778 1486//2778 
f 1563//2779 703//2779 1490//2779 
f 1563//2780 1489//2780 1487//2780 
f 1563//2781 1486//2781 703//2781 
f 1563//2782 1490//2782 1489//2782 
f 1564//2783 1492//2783 1494//2783 
f 1564//2784 1494//2784 178//2784 
f 1564//2785 178//2785 176//2785 
f 1564//2786 176//2786 1462//2786 
f 1564//2787 1462//2787 1492//2787 
f 1565//2788 1493//2788 1492//2788 
f 1565//2789 693//2789 691//2789 
f 1565//2790 691//2790 1493//2790 
f 1565//2791 1463//2791 693//2791 
f 1565//2792 1492//2792 1463//2792 
f 1566//2793 1494//2793 1495//2793 
f 1566//2794 178//2794 1494//2794 
f 1567//2795 180//2795 178//2795 
f 1567//2796 178//2796 1566//2796 
f 1568//2797 180//2797 1567//2797 
f 1568//2798 1567//2798 1566//2798 
f 1568//2799 1566//2799 1495//2799 
f 1568//2800 1497//2800 180//2800 
f 1568//2801 1495//2801 1497//2801 
f 1569//2802 1493//2802 691//2802 
f 1569//2803 1495//2803 1493//2803 
f 1570//2804 1569//2804 691//2804 
f 1570//2805 691//2805 688//2805 
f 1571//2806 688//2806 1496//2806 
f 1571//2807 1496//2807 1495//2807 
f 1571//2808 1569//2808 1570//2808 
f 1571//2809 1495//2809 1569//2809 
f 1571//2810 1570//2810 688//2810 
f 1572//2811 1498//2811 1464//2811 
f 1572//2812 1464//2812 182//2812 
f 1572//2813 182//2813 180//2813 
f 1572//2814 180//2814 1497//2814 
f 1572//2815 1497//2815 1498//2815 
f 1573//2816 688//2816 690//2816 
f 1573//2817 690//2817 1465//2817 
f 1573//2818 1465//2818 1498//2818 
f 1573//2819 1496//2819 688//2819 
f 1573//2820 1498//2820 1496//2820 
f 1574//2821 1499//2821 1501//2821 
f 1574//2822 1464//2822 1499//2822 
f 1574//2823 184//2823 1464//2823 
f 1574//2824 1501//2824 186//2824 
f 1574//2825 186//2825 184//2825 
f 1575//2826 1465//2826 750//2826 
f 1575//2827 750//2827 752//2827 
f 1575//2828 752//2828 1500//2828 
f 1575//2829 1500//2829 1499//2829 
f 1575//2830 1499//2830 1465//2830 
f 1576//2831 186//2831 1501//2831 
f 1576//2832 1501//2832 1502//2832 
f 1577//2833 186//2833 1576//2833 
f 1577//2834 188//2834 186//2834 
f 1578//2835 1576//2835 1502//2835 
f 1578//2836 1502//2836 1504//2836 
f 1578//2837 1577//2837 1576//2837 
f 1578//2838 188//2838 1577//2838 
f 1578//2839 1504//2839 188//2839 
f 1579//2840 1500//2840 752//2840 
f 1579//2841 1502//2841 1500//2841 
f 1580//2842 752//2842 678//2842 
f 1580//2843 1579//2843 752//2843 
f 1581//2844 1503//2844 1502//2844 
f 1581//2845 1502//2845 1579//2845 
f 1581//2846 1579//2846 1580//2846 
f 1581//2847 1580//2847 678//2847 
f 1581//2848 678//2848 1503//2848 
f 1582//2849 1504//2849 1505//2849 
f 1582//2850 190//2850 188//2850 
f 1582//2851 188//2851 1504//2851 
f 1582//2852 1505//2852 1466//2852 
f 1582//2853 1466//2853 190//2853 
f 1583//2854 678//2854 680//2854 
f 1583//2855 1467//2855 1505//2855 
f 1583//2856 1503//2856 678//2856 
f 1583//2857 1505//2857 1503//2857 
f 1583//2858 680//2858 1467//2858 
f 1584//2859 196//2859 1506//2859 
f 1584//2860 1506//2860 1508//2860 
f 1585//2861 1508//2861 1512//2861 
f 1585//2862 1584//2862 1508//2862 
f 1586//2863 1510//2863 196//2863 
f 1586//2864 1512//2864 1510//2864 
f 1586//2865 196//2865 1584//2865 
f 1586//2866 1585//2866 1512//2866 
f 1586//2867 1584//2867 1585//2867 
f 1587//2868 1512//2868 1508//2868 
f 1587//2869 1509//2869 741//2869 
f 1587//2870 1508//2870 1509//2870 
f 1587//2871 741//2871 1513//2871 
f 1587//2872 1511//2872 1512//2872 
f 1587//2873 1513//2873 1511//2873 
f 1588//2874 198//2874 1510//2874 
f 1588//2875 1510//2875 1511//2875 
f 1588//2876 1511//2876 1514//2876 
f 1588//2877 1514//2877 1515//2877 
f 1588//2878 1515//2878 198//2878 
f 1589//2879 734//2879 1517//2879 
f 1589//2880 1514//2880 1513//2880 
f 1589//2881 1516//2881 1514//2881 
f 1589//2882 1517//2882 1516//2882 
f 1589//2883 1513//2883 734//2883 
f 1590//2884 200//2884 1515//2884 
f 1590//2885 1515//2885 1516//2885 
f 1590//2886 1516//2886 1518//2886 
f 1590//2887 1519//2887 200//2887 
f 1590//2888 1518//2888 1519//2888 
f 1591//2889 1517//2889 728//2889 
f 1591//2890 728//2890 1521//2890 
f 1591//2891 1520//2891 1518//2891 
f 1591//2892 1521//2892 1520//2892 
f 1591//2893 1518//2893 1517//2893 
f 1592//2894 202//2894 1519//2894 
f 1592//2895 1519//2895 1520//2895 
f 1592//2896 1520//2896 1522//2896 
f 1592//2897 1593//2897 202//2897 
f 1592//2898 1522//2898 1593//2898 
f 1594//2899 1521//2899 730//2899 
f 1594//2900 1522//2900 1521//2900 
f 1595//2901 1593//2901 1522//2901 
f 1595//2902 1596//2902 1593//2902 
f 1595//2903 1522//2903 1594//2903 
f 1597//2904 204//2904 202//2904 
f 1597//2905 202//2905 1593//2905 
f 1597//2906 1593//2906 1596//2906 
f 1598//2907 730//2907 723//2907 
f 1598//2908 1594//2908 730//2908 
f 1598//2909 723//2909 1599//2909 
f 1598//2910 1599//2910 1596//2910 
f 1598//2911 1595//2911 1594//2911 
f 1598//2912 1596//2912 1595//2912 
f 1600//2913 1596//2913 1599//2913 
f 1600//2914 1599//2914 1601//2914 
f 1600//2915 1597//2915 1596//2915 
f 1602//2916 204//2916 1597//2916 
f 1602//2917 1603//2917 204//2917 
f 1602//2918 1601//2918 1603//2918 
f 1602//2919 1597//2919 1600//2919 
f 1602//2920 1600//2920 1601//2920 
f 1604//2921 1599//2921 723//2921 
f 1604//2922 1601//2922 1599//2922 
f 1605//2923 1603//2923 1601//2923 
f 1605//2924 1606//2924 1603//2924 
f 1605//2925 1601//2925 1604//2925 
f 1607//2926 206//2926 204//2926 
f 1607//2927 204//2927 1603//2927 
f 1607//2928 1603//2928 1606//2928 
f 1608//2929 723//2929 670//2929 
f 1608//2930 670//2930 1609//2930 
f 1608//2931 1604//2931 723//2931 
f 1608//2932 1605//2932 1604//2932 
f 1608//2933 1609//2933 1606//2933 
f 1608//2934 1606//2934 1605//2934 
f 1610//2935 1606//2935 1609//2935 
f 1610//2936 1609//2936 1611//2936 
f 1610//2937 1607//2937 1606//2937 
f 1612//2938 206//2938 1607//2938 
f 1612//2939 1607//2939 1610//2939 
f 1613//2940 1523//2940 206//2940 
f 1613//2941 206//2941 1612//2941 
f 1613//2942 1524//2942 1523//2942 
f 1613//2943 1614//2943 1524//2943 
f 1615//2944 1612//2944 1610//2944 
f 1615//2945 1614//2945 1613//2945 
f 1615//2946 1613//2946 1612//2946 
f 1615//2947 1611//2947 1614//2947 
f 1615//2948 1610//2948 1611//2948 
f 1616//2949 1609//2949 670//2949 
f 1616//2950 1611//2950 1609//2950 
f 1617//2951 1611//2951 1616//2951 
f 1617//2952 1614//2952 1611//2952 
f 1618//2953 1617//2953 1616//2953 
f 1618//2954 1614//2954 1617//2954 
f 1618//2955 1616//2955 670//2955 
f 1618//2956 670//2956 1525//2956 
f 1618//2957 1527//2957 1614//2957 
f 1618//2958 1525//2958 1527//2958 
f 1619//2959 1368//2959 1290//2959 
f 1619//2960 1292//2960 1368//2960 
f 1619//2961 1290//2961 1524//2961 
f 1619//2962 1524//2962 1614//2962 
f 1619//2963 1614//2963 1527//2963 
f 1619//2964 1526//2964 1292//2964 
f 1619//2965 1527//2965 1526//2965 
f 209//2966 208//2966 1288//2966 
f 1620//2967 1288//2967 1380//2967 
f 1620//2968 209//2968 1288//2968 
f 1621//2969 1380//2969 1302//2969 
f 1621//2970 1620//2970 1380//2970 
f 1622//2971 1302//2971 1301//2971 
f 1622//2972 1621//2972 1302//2972 
f 1623//2973 1301//2973 1308//2973 
f 1623//2974 1622//2974 1301//2974 
f 1624//2975 1308//2975 1313//2975 
f 1624//2976 1623//2976 1308//2976 
f 1625//2977 1313//2977 1262//2977 
f 1625//2978 1624//2978 1313//2978 
f 1626//2979 1262//2979 1261//2979 
f 1626//2980 1625//2980 1262//2980 
f 1627//2981 1261//2981 1265//2981 
f 1627//2982 1626//2982 1261//2982 
f 1628//2983 1265//2983 1268//2983 
f 1628//2984 1627//2984 1265//2984 
f 1629//2985 1268//2985 1406//2985 
f 1629//2986 1628//2986 1268//2986 
f 1630//2987 1629//2987 1406//2987 
f 1630//2988 1406//2988 1272//2988 
f 1631//2989 1630//2989 1272//2989 
f 1631//2990 1272//2990 1271//2990 
f 1632//2991 1631//2991 1271//2991 
f 1632//2992 1271//2992 1414//2992 
f 1633//2993 1414//2993 1276//2993 
f 1633//2994 1632//2994 1414//2994 
f 1634//2995 1276//2995 1275//2995 
f 1634//2996 1633//2996 1276//2996 
f 1635//2997 1275//2997 1279//2997 
f 1635//2998 1634//2998 1275//2998 
f 1636//2999 1279//2999 1282//2999 
f 1636//3000 1635//3000 1279//3000 
f 1637//3001 1282//3001 1330//3001 
f 1637//3002 1636//3002 1282//3002 
f 1638//3003 1330//3003 1335//3003 
f 1638//3004 1637//3004 1330//3004 
f 1639//3005 1335//3005 1341//3005 
f 1639//3006 1638//3006 1335//3006 
f 1640//3007 1341//3007 1346//3007 
f 1640//3008 1639//3008 1341//3008 
f 1641//3009 1346//3009 1432//3009 
f 1641//3010 1640//3010 1346//3010 
f 1642//3011 1432//3011 1354//3011 
f 1642//3012 1641//3012 1432//3012 
f 1643//3013 1354//3013 159//3013 
f 1643//3014 1642//3014 1354//3014 
f 158//3015 1643//3015 159//3015 
f 156//3016 157//3016 1644//3016 
f 161//3017 1645//3017 158//3017 
f 161//3018 1644//3018 1645//3018 
f 161//3019 156//3019 1644//3019 
f 155//3020 156//3020 161//3020 
f 163//3021 155//3021 161//3021 
f 154//3022 155//3022 163//3022 
f 165//3023 154//3023 163//3023 
f 153//3024 154//3024 165//3024 
f 167//3025 153//3025 165//3025 
f 152//3026 153//3026 167//3026 
f 169//3027 152//3027 167//3027 
f 151//3028 152//3028 169//3028 
f 171//3029 151//3029 169//3029 
f 150//3030 151//3030 171//3030 
f 173//3031 150//3031 171//3031 
f 146//3032 147//3032 179//3032 
f 181//3033 146//3033 179//3033 
f 142//3034 143//3034 187//3034 
f 189//3035 142//3035 187//3035 
f 138//3036 139//3036 195//3036 
f 197//3037 138//3037 195//3037 
f 137//3038 138//3038 197//3038 
f 199//3039 137//3039 197//3039 
f 136//3040 137//3040 199//3040 
f 201//3041 136//3041 199//3041 
f 135//3042 136//3042 201//3042 
f 203//3043 135//3043 201//3043 
f 134//3044 135//3044 203//3044 
f 205//3045 134//3045 203//3045 
f 133//3046 134//3046 205//3046 
f 207//3047 133//3047 205//3047 
f 1646//3048 132//3048 133//3048 
f 1646//3049 133//3049 207//3049 
f 1647//3050 1646//3050 207//3050 
f 209//3051 1647//3051 207//3051 
f 1648//3052 149//3052 150//3052 
f 1648//3053 150//3053 173//3053 
f 1649//3054 173//3054 175//3054 
f 1649//3055 1648//3055 173//3055 
f 1649//3056 149//3056 1648//3056 
f 1649//3057 175//3057 149//3057 
f 1650//3058 148//3058 149//3058 
f 1650//3059 149//3059 175//3059 
f 1651//3060 177//3060 148//3060 
f 1651//3061 148//3061 1650//3061 
f 1651//3062 1650//3062 175//3062 
f 1651//3063 175//3063 177//3063 
f 1652//3064 148//3064 177//3064 
f 1652//3065 179//3065 147//3065 
f 1652//3066 147//3066 148//3066 
f 1653//3067 177//3067 179//3067 
f 1653//3068 1652//3068 177//3068 
f 1653//3069 179//3069 1652//3069 
f 1654//3070 146//3070 181//3070 
f 1654//3071 181//3071 183//3071 
f 1654//3072 183//3072 145//3072 
f 1654//3073 145//3073 146//3073 
f 1655//3074 145//3074 183//3074 
f 1655//3075 144//3075 145//3075 
f 1656//3076 183//3076 185//3076 
f 1656//3077 185//3077 144//3077 
f 1656//3078 144//3078 1655//3078 
f 1656//3079 1655//3079 183//3079 
f 1657//3080 144//3080 185//3080 
f 1657//3081 143//3081 144//3081 
f 1658//3082 143//3082 1657//3082 
f 1658//3083 185//3083 187//3083 
f 1658//3084 187//3084 143//3084 
f 1658//3085 1657//3085 185//3085 
f 1659//3086 189//3086 191//3086 
f 1659//3087 142//3087 189//3087 
f 1659//3088 191//3088 141//3088 
f 1659//3089 141//3089 142//3089 
f 1660//3090 141//3090 191//3090 
f 1660//3091 140//3091 141//3091 
f 1661//3092 191//3092 193//3092 
f 1661//3093 193//3093 140//3093 
f 1661//3094 140//3094 1660//3094 
f 1661//3095 1660//3095 191//3095 
f 1662//3096 140//3096 193//3096 
f 1662//3097 139//3097 140//3097 
f 1663//3098 193//3098 195//3098 
f 1663//3099 195//3099 139//3099 
f 1663//3100 1662//3100 193//3100 
f 1663//3101 139//3101 1662//3101 
f 1664//3102 132//3102 1646//3102 
f 1664//3103 1646//3103 1647//3103 
f 1620//3104 1647//3104 209//3104 
f 1620//3105 1664//3105 1647//3105 
f 1665//3106 1664//3106 1620//3106 
f 1621//3107 1665//3107 1620//3107 
f 1666//3108 1665//3108 1621//3108 
f 1622//3109 1666//3109 1621//3109 
f 1667//3110 1666//3110 1622//3110 
f 1623//3111 1667//3111 1622//3111 
f 1668//3112 1667//3112 1623//3112 
f 1624//3113 1668//3113 1623//3113 
f 1669//3114 1668//3114 1624//3114 
f 1625//3115 1669//3115 1624//3115 
f 1670//3116 1669//3116 1625//3116 
f 1626//3117 1670//3117 1625//3117 
f 1671//3118 1672//3118 1629//3118 
f 1630//3119 1671//3119 1629//3119 
f 1673//3120 1674//3120 1633//3120 
f 1634//3121 1673//3121 1633//3121 
f 1675//3122 1676//3122 1637//3122 
f 1638//3123 1675//3123 1637//3123 
f 1677//3124 1675//3124 1638//3124 
f 1639//3125 1677//3125 1638//3125 
f 1678//3126 1677//3126 1639//3126 
f 1640//3127 1678//3127 1639//3127 
f 1679//3128 1678//3128 1640//3128 
f 1641//3129 1679//3129 1640//3129 
f 1680//3130 1679//3130 1641//3130 
f 1642//3131 1680//3131 1641//3131 
f 1681//3132 1680//3132 1642//3132 
f 1643//3133 1681//3133 1642//3133 
f 1644//3134 157//3134 1681//3134 
f 1645//3135 1681//3135 1643//3135 
f 1645//3136 1644//3136 1681//3136 
f 158//3137 1645//3137 1643//3137 
f 1682//3138 1683//3138 1670//3138 
f 1682//3139 1670//3139 1626//3139 
f 1684//3140 1626//3140 1627//3140 
f 1684//3141 1682//3141 1626//3141 
f 1684//3142 1683//3142 1682//3142 
f 1684//3143 1627//3143 1683//3143 
f 1685//3144 1686//3144 1683//3144 
f 1685//3145 1683//3145 1627//3145 
f 1687//3146 1628//3146 1686//3146 
f 1687//3147 1685//3147 1627//3147 
f 1687//3148 1627//3148 1628//3148 
f 1687//3149 1686//3149 1685//3149 
f 1688//3150 1686//3150 1628//3150 
f 1688//3151 1629//3151 1672//3151 
f 1688//3152 1672//3152 1686//3152 
f 1689//3153 1628//3153 1629//3153 
f 1689//3154 1688//3154 1628//3154 
f 1689//3155 1629//3155 1688//3155 
f 1690//3156 1671//3156 1630//3156 
f 1690//3157 1631//3157 1691//3157 
f 1690//3158 1630//3158 1631//3158 
f 1690//3159 1691//3159 1671//3159 
f 1692//3160 1691//3160 1631//3160 
f 1692//3161 1693//3161 1691//3161 
f 1694//3162 1631//3162 1632//3162 
f 1694//3163 1632//3163 1693//3163 
f 1694//3164 1693//3164 1692//3164 
f 1694//3165 1692//3165 1631//3165 
f 1695//3166 1693//3166 1632//3166 
f 1695//3167 1674//3167 1693//3167 
f 1696//3168 1632//3168 1633//3168 
f 1696//3169 1674//3169 1695//3169 
f 1696//3170 1633//3170 1674//3170 
f 1696//3171 1695//3171 1632//3171 
f 1697//3172 1634//3172 1635//3172 
f 1697//3173 1673//3173 1634//3173 
f 1697//3174 1635//3174 1698//3174 
f 1697//3175 1698//3175 1673//3175 
f 1699//3176 1698//3176 1635//3176 
f 1699//3177 1700//3177 1698//3177 
f 1701//3178 1635//3178 1636//3178 
f 1701//3179 1636//3179 1700//3179 
f 1701//3180 1700//3180 1699//3180 
f 1701//3181 1699//3181 1635//3181 
f 1702//3182 1700//3182 1636//3182 
f 1702//3183 1676//3183 1700//3183 
f 1703//3184 1636//3184 1637//3184 
f 1703//3185 1637//3185 1676//3185 
f 1703//3186 1702//3186 1636//3186 
f 1703//3187 1676//3187 1702//3187 
f 1704//3188 157//3188 130//3188 
f 1681//3189 157//3189 1704//3189 
f 1705//3190 1681//3190 1704//3190 
f 1680//3191 1681//3191 1705//3191 
f 1706//3192 1680//3192 1705//3192 
f 1679//3193 1680//3193 1706//3193 
f 1707//3194 1679//3194 1706//3194 
f 1678//3195 1679//3195 1707//3195 
f 1708//3196 1678//3196 1707//3196 
f 1677//3197 1678//3197 1708//3197 
f 1709//3198 1677//3198 1708//3198 
f 1675//3199 1677//3199 1709//3199 
f 1710//3200 1675//3200 1709//3200 
f 1676//3201 1675//3201 1710//3201 
f 1711//3202 1676//3202 1710//3202 
f 1700//3203 1676//3203 1711//3203 
f 1712//3204 1700//3204 1711//3204 
f 1698//3205 1700//3205 1712//3205 
f 1713//3206 1698//3206 1712//3206 
f 1673//3207 1698//3207 1713//3207 
f 1714//3208 1673//3208 1713//3208 
f 1674//3209 1673//3209 1714//3209 
f 1715//3210 1674//3210 1714//3210 
f 1693//3211 1674//3211 1715//3211 
f 1716//3212 1693//3212 1715//3212 
f 1691//3213 1693//3213 1716//3213 
f 1717//3214 1691//3214 1716//3214 
f 1671//3215 1691//3215 1717//3215 
f 1672//3216 1717//3216 1718//3216 
f 1672//3217 1671//3217 1717//3217 
f 1719//3218 1672//3218 1718//3218 
f 1686//3219 1672//3219 1719//3219 
f 1720//3220 1686//3220 1719//3220 
f 1683//3221 1686//3221 1720//3221 
f 1721//3222 1683//3222 1720//3222 
f 1670//3223 1683//3223 1721//3223 
f 1722//3224 1670//3224 1721//3224 
f 1669//3225 1670//3225 1722//3225 
f 1723//3226 1669//3226 1722//3226 
f 1668//3227 1669//3227 1723//3227 
f 1724//3228 1668//3228 1723//3228 
f 1667//3229 1668//3229 1724//3229 
f 1666//3230 1724//3230 1725//3230 
f 1666//3231 1667//3231 1724//3231 
f 1726//3232 1666//3232 1725//3232 
f 1665//3233 1666//3233 1726//3233 
f 1664//3234 1726//3234 1727//3234 
f 1664//3235 1665//3235 1726//3235 
f 132//3236 1727//3236 80//3236 
f 132//3237 1664//3237 1727//3237 
f 1704//3238 130//3238 131//3238 
f 1704//3239 131//3239 1728//3239 
f 1705//3240 1728//3240 1729//3240 
f 1705//3241 1704//3241 1728//3241 
f 1706//3242 1729//3242 1730//3242 
f 1706//3243 1705//3243 1729//3243 
f 1707//3244 1730//3244 1731//3244 
f 1707//3245 1706//3245 1730//3245 
f 1708//3246 1731//3246 1732//3246 
f 1708//3247 1707//3247 1731//3247 
f 1709//3248 1732//3248 1733//3248 
f 1709//3249 1708//3249 1732//3249 
f 1710//3250 1733//3250 1734//3250 
f 1710//3251 1709//3251 1733//3251 
f 1711//3252 1734//3252 1735//3252 
f 1711//3253 1710//3253 1734//3253 
f 1712//3254 1735//3254 1736//3254 
f 1712//3255 1711//3255 1735//3255 
f 1713//3256 1736//3256 1737//3256 
f 1713//3257 1712//3257 1736//3257 
f 1714//3258 1737//3258 1738//3258 
f 1714//3259 1713//3259 1737//3259 
f 1715//3260 1714//3260 1738//3260 
f 1715//3261 1738//3261 1739//3261 
f 1716//3262 1715//3262 1739//3262 
f 1716//3263 1739//3263 1740//3263 
f 1717//3264 1740//3264 1741//3264 
f 1717//3265 1716//3265 1740//3265 
f 1718//3266 1717//3266 1741//3266 
f 1718//3267 1741//3267 1742//3267 
f 1719//3268 1742//3268 1743//3268 
f 1719//3269 1718//3269 1742//3269 
f 1720//3270 1743//3270 1744//3270 
f 1720//3271 1719//3271 1743//3271 
f 1721//3272 1744//3272 1745//3272 
f 1721//3273 1720//3273 1744//3273 
f 1722//3274 1745//3274 1746//3274 
f 1722//3275 1721//3275 1745//3275 
f 1723//3276 1746//3276 1747//3276 
f 1723//3277 1722//3277 1746//3277 
f 1724//3278 1747//3278 1748//3278 
f 1724//3279 1723//3279 1747//3279 
f 1725//3280 1748//3280 1749//3280 
f 1725//3281 1724//3281 1748//3281 
f 1726//3282 1749//3282 1750//3282 
f 1726//3283 1725//3283 1749//3283 
f 1727//3284 1750//3284 1751//3284 
f 1727//3285 1726//3285 1750//3285 
f 80//3286 1751//3286 81//3286 
f 80//3287 1727//3287 1751//3287 
f 1734//3288 1736//3288 1735//3288 
f 1733//3289 1736//3289 1734//3289 
f 1732//3290 1730//3290 1733//3290 
f 1731//3291 1730//3291 1732//3291 
f 1729//3292 131//3292 1730//3292 
f 1728//3293 131//3293 1729//3293 
f 1738//3294 1740//3294 1739//3294 
f 1737//3295 1740//3295 1738//3295 
f 1736//3296 1740//3296 1737//3296 
f 129//3297 126//3297 131//3297 
f 131//3298 126//3298 1730//3298 
f 125//3299 123//3299 126//3299 
f 126//3300 123//3300 1730//3300 
f 1742//3301 1744//3301 1743//3301 
f 1741//3302 1744//3302 1742//3302 
f 1740//3303 1744//3303 1741//3303 
f 1730//3304 1744//3304 1733//3304 
f 1733//3305 1744//3305 1736//3305 
f 1736//3306 1744//3306 1740//3306 
f 1744//3307 1746//3307 1745//3307 
f 1730//3308 1746//3308 1744//3308 
f 123//3309 1746//3309 1730//3309 
f 120//3310 117//3310 123//3310 
f 119//3311 117//3311 120//3311 
f 123//3312 1747//3312 1746//3312 
f 117//3313 115//3313 123//3313 
f 112//3314 111//3314 115//3314 
f 1748//3315 1750//3315 1749//3315 
f 115//3316 108//3316 123//3316 
f 111//3317 108//3317 115//3317 
f 108//3318 106//3318 123//3318 
f 1750//3319 81//3319 1751//3319 
f 1750//3320 82//3320 81//3320 
f 104//3321 102//3321 106//3321 
f 1750//3322 84//3322 82//3322 
f 123//3323 90//3323 1747//3323 
f 1748//3324 90//3324 1750//3324 
f 86//3325 90//3325 88//3325 
f 84//3326 90//3326 86//3326 
f 1750//3327 90//3327 84//3327 
f 1747//3328 90//3328 1748//3328 
f 100//3329 94//3329 102//3329 
f 98//3330 94//3330 100//3330 
f 96//3331 94//3331 98//3331 
f 106//3332 94//3332 123//3332 
f 102//3333 94//3333 106//3333 
f 94//3334 92//3334 123//3334 
f 123//3335 92//3335 90//3335 
f 1752//3336 1210//3336 1753//3336 
f 1210//3337 1209//3337 1753//3337 
f 1753//3338 1235//3338 1754//3338 
f 1209//3339 1235//3339 1753//3339 
f 1754//3340 1242//3340 1755//3340 
f 1235//3341 1242//3341 1754//3341 
f 1755//3342 1243//3342 1756//3342 
f 1242//3343 1243//3343 1755//3343 
f 1756//3344 1248//3344 1757//3344 
f 1243//3345 1248//3345 1756//3345 
f 1757//3346 1249//3346 1758//3346 
f 1248//3347 1249//3347 1757//3347 
f 1759//3348 1217//3348 74//3348 
f 1758//3349 1217//3349 1759//3349 
f 1249//3350 1217//3350 1758//3350 
f 1217//3351 72//3351 74//3351 
f 1760//3352 1761//3352 1762//3352 
f 1205//3353 1763//3353 1761//3353 
f 1761//3354 1763//3354 1762//3354 
f 1205//3355 1752//3355 1763//3355 
f 1205//3356 1210//3356 1752//3356 
f 1764//3357 1765//3357 1766//3357 
f 1767//3358 1765//3358 1764//3358 
f 1768//3359 1769//3359 1765//3359 
f 1770//3360 1771//3360 1763//3360 
f 1772//3361 1771//3361 1770//3361 
f 1773//3362 1771//3362 1772//3362 
f 1774//3363 1771//3363 1773//3363 
f 1775//3364 1771//3364 1774//3364 
f 1776//3365 1777//3365 1778//3365 
f 1778//3366 1777//3366 1779//3366 
f 1763//3367 1780//3367 1762//3367 
f 1771//3368 1780//3368 1763//3368 
f 1781//3369 1782//3369 1783//3369 
f 1784//3370 1782//3370 1781//3370 
f 1766//3371 1782//3371 1784//3371 
f 1765//3372 1782//3372 1766//3372 
f 1782//3373 1785//3373 1783//3373 
f 1765//3374 1785//3374 1782//3374 
f 1769//3375 1786//3375 1765//3375 
f 1785//3376 1786//3376 1783//3376 
f 1765//3377 1786//3377 1785//3377 
f 1775//3378 1787//3378 1771//3378 
f 1768//3379 1788//3379 1769//3379 
f 1777//3380 1789//3380 1779//3380 
f 1779//3381 1789//3381 1768//3381 
f 1790//3382 1791//3382 1776//3382 
f 1792//3383 1791//3383 1780//3383 
f 1776//3384 1791//3384 1777//3384 
f 1777//3385 1791//3385 1792//3385 
f 1793//3386 1794//3386 1790//3386 
f 1790//3387 1794//3387 1791//3387 
f 1791//3388 1794//3388 1780//3388 
f 1795//3389 1796//3389 1775//3389 
f 1797//3390 1796//3390 1795//3390 
f 1798//3391 1796//3391 1797//3391 
f 1783//3392 1796//3392 1798//3392 
f 1775//3393 1796//3393 1787//3393 
f 1769//3394 1796//3394 1786//3394 
f 1786//3395 1796//3395 1783//3395 
f 1787//3396 1796//3396 1769//3396 
f 1788//3397 1799//3397 1769//3397 
f 1787//3398 1799//3398 1771//3398 
f 1769//3399 1799//3399 1787//3399 
f 1799//3400 1800//3400 1771//3400 
f 1771//3401 1800//3401 1780//3401 
f 1788//3402 1800//3402 1799//3402 
f 1800//3403 1801//3403 1780//3403 
f 1789//3404 1801//3404 1800//3404 
f 1780//3405 1801//3405 1792//3405 
f 1777//3406 1801//3406 1789//3406 
f 1792//3407 1801//3407 1777//3407 
f 1762//3408 1802//3408 1803//3408 
f 1803//3409 1802//3409 1804//3409 
f 1804//3410 1802//3410 1805//3410 
f 1805//3411 1802//3411 1806//3411 
f 1806//3412 1802//3412 1807//3412 
f 1807//3413 1802//3413 1808//3413 
f 1808//3414 1802//3414 1809//3414 
f 1809//3415 1802//3415 1810//3415 
f 1780//3416 1802//3416 1762//3416 
f 1794//3417 1802//3417 1780//3417 
f 1788//3418 1811//3418 1800//3418 
f 1800//3419 1811//3419 1789//3419 
f 1768//3420 1811//3420 1788//3420 
f 1789//3421 1811//3421 1768//3421 
f 1802//3422 1812//3422 1810//3422 
f 1794//3423 1812//3423 1802//3423 
f 1810//3424 1812//3424 1813//3424 
f 1813//3425 1812//3425 1814//3425 
f 1814//3426 1812//3426 1793//3426 
f 1793//3427 1812//3427 1794//3427 
f 1779//3428 1815//3428 1778//3428 
f 1816//3429 1817//3429 1815//3429 
f 1817//3430 1818//3430 1815//3430 
f 1819//3431 1820//3431 1818//3431 
f 1816//3432 1821//3432 1779//3432 
f 1779//3433 1822//3433 1815//3433 
f 1816//3434 1822//3434 1821//3434 
f 1815//3435 1822//3435 1816//3435 
f 1821//3436 1822//3436 1779//3436 
f 1819//3437 1823//3437 1817//3437 
f 1817//3438 1823//3438 1818//3438 
f 1818//3439 1823//3439 1819//3439 
f 1817//3440 1824//3440 1819//3440 
f 1779//3441 1768//3441 1816//3441 
f 1768//3442 1765//3442 1816//3442 
f 1816//3443 1825//3443 1817//3443 
f 1817//3444 1825//3444 1824//3444 
f 1765//3445 1767//3445 1816//3445 
f 1816//3446 1826//3446 1825//3446 
f 1767//3447 1826//3447 1816//3447 
f 1826//3448 1827//3448 1825//3448 
f 1767//3449 1828//3449 1826//3449 
f 1827//3450 1829//3450 1825//3450 
f 1829//3451 1830//3451 1825//3451 
f 1828//3452 1831//3452 1826//3452 
f 1828//3453 1832//3453 1831//3453 
f 1832//3454 1833//3454 1831//3454 
f 1832//3455 1834//3455 1833//3455 
f 1834//3456 1835//3456 1833//3456 
f 1834//3457 1836//3457 1835//3457 
f 1836//3458 1837//3458 1835//3458 
f 1836//3459 1838//3459 1837//3459 
f 1839//3460 1840//3460 1838//3460 
f 1838//3461 1840//3461 1837//3461 
f 1841//3462 1842//3462 1839//3462 
f 1839//3463 1842//3463 1840//3463 
f 1843//3464 1844//3464 1841//3464 
f 1841//3465 1844//3465 1842//3465 
f 1845//3466 1846//3466 1843//3466 
f 1843//3467 1846//3467 1844//3467 
f 1845//3468 1847//3468 1846//3468 
f 1845//3469 1848//3469 1847//3469 
f 1848//3470 1849//3470 1847//3470 
f 1849//3471 1850//3471 1847//3471 
f 1850//3472 1851//3472 1847//3472 
f 1850//3473 1852//3473 1851//3473 
f 1853//3474 1854//3474 1848//3474 
f 1848//3475 1854//3475 1849//3475 
f 1849//3476 1855//3476 1850//3476 
f 1852//3477 1855//3477 1856//3477 
f 1854//3478 1855//3478 1849//3478 
f 1850//3479 1855//3479 1852//3479 
f 1857//3480 1858//3480 1853//3480 
f 1859//3481 1858//3481 1857//3481 
f 1860//3482 1858//3482 1859//3482 
f 1853//3483 1858//3483 1854//3483 
f 1856//3484 1861//3484 1860//3484 
f 1855//3485 1861//3485 1856//3485 
f 1854//3486 1861//3486 1855//3486 
f 1858//3487 1861//3487 1854//3487 
f 1860//3488 1861//3488 1858//3488 
f 1863//3489 1864//3489 1865//3489 
f 1865//3490 1866//3490 1867//3490 
f 1867//3491 1866//3491 1868//3491 
f 1864//3492 1866//3492 1865//3492 
f 1869//3493 1870//3493 1863//3493 
f 1871//3494 1872//3494 1873//3494 
f 1873//3495 1872//3495 1869//3495 
f 1869//3496 1872//3496 1870//3496 
f 1870//3497 1874//3497 1863//3497 
f 1863//3498 1874//3498 1864//3498 
f 1874//3499 1875//3499 1864//3499 
f 1864//3500 1876//3500 1866//3500 
f 1866//3501 1876//3501 1868//3501 
f 1875//3502 1876//3502 1864//3502 
f 1877//3503 1878//3503 1879//3503 
f 1843//3504 1880//3504 1845//3504 
f 1881//3505 1880//3505 1882//3505 
f 1845//3506 1880//3506 1881//3506 
f 1759//3507 1883//3507 1758//3507 
f 1878//3508 1883//3508 1759//3508 
f 1756//3509 1884//3509 1755//3509 
f 1884//3510 1885//3510 1755//3510 
f 1767//3511 1886//3511 1828//3511 
f 1887//3512 1888//3512 1871//3512 
f 1871//3513 1888//3513 1872//3513 
f 1889//3514 1890//3514 1887//3514 
f 1887//3515 1890//3515 1888//3515 
f 1868//3516 1891//3516 1892//3516 
f 1892//3517 1891//3517 1893//3517 
f 1893//3518 1891//3518 79//3518 
f 1876//3519 1891//3519 1868//3519 
f 1875//3520 1894//3520 1876//3520 
f 1876//3521 1894//3521 1891//3521 
f 1872//3522 1894//3522 1870//3522 
f 1891//3523 1894//3523 79//3523 
f 1874//3524 1894//3524 1875//3524 
f 1870//3525 1894//3525 1874//3525 
f 79//3526 1895//3526 77//3526 
f 1894//3527 1895//3527 79//3527 
f 1857//3528 1896//3528 1859//3528 
f 1859//3529 1896//3529 1897//3529 
f 1898//3530 1899//3530 1895//3530 
f 1895//3531 1899//3531 77//3531 
f 1899//3532 1900//3532 77//3532 
f 77//3533 1900//3533 1901//3533 
f 1857//3534 1902//3534 1896//3534 
f 1903//3535 1904//3535 77//3535 
f 77//3536 1904//3536 75//3536 
f 1905//3537 1906//3537 1907//3537 
f 1857//3538 1906//3538 1905//3538 
f 1853//3539 1906//3539 1857//3539 
f 1907//3540 1908//3540 1904//3540 
f 1904//3541 1908//3541 75//3541 
f 1853//3542 1909//3542 1906//3542 
f 1906//3543 1909//3543 1910//3543 
f 1908//3544 1911//3544 75//3544 
f 75//3545 1912//3545 74//3545 
f 1911//3546 1912//3546 75//3546 
f 1853//3547 1913//3547 1914//3547 
f 1914//3548 1913//3548 1915//3548 
f 1848//3549 1913//3549 1853//3549 
f 1912//3550 1916//3550 74//3550 
f 1915//3551 1916//3551 1912//3551 
f 1848//3552 1917//3552 1913//3552 
f 1913//3553 1917//3553 1918//3553 
f 1916//3554 1919//3554 74//3554 
f 1848//3555 1920//3555 1917//3555 
f 1919//3556 1921//3556 74//3556 
f 1918//3557 1921//3557 1919//3557 
f 1845//3558 1922//3558 1848//3558 
f 1848//3559 1922//3559 1920//3559 
f 1920//3560 1922//3560 1923//3560 
f 74//3561 1924//3561 1759//3561 
f 1923//3562 1924//3562 1921//3562 
f 1921//3563 1924//3563 74//3563 
f 1881//3564 1925//3564 1845//3564 
f 1881//3565 1926//3565 1925//3565 
f 1925//3566 1926//3566 1927//3566 
f 1924//3567 1928//3567 1759//3567 
f 1882//3568 1929//3568 1881//3568 
f 1881//3569 1929//3569 1926//3569 
f 1759//3570 1930//3570 1878//3570 
f 1878//3571 1930//3571 1879//3571 
f 1928//3572 1930//3572 1759//3572 
f 1879//3573 1931//3573 1877//3573 
f 1882//3574 1931//3574 1929//3574 
f 1932//3575 1931//3575 1882//3575 
f 1877//3576 1931//3576 1932//3576 
f 1929//3577 1931//3577 1879//3577 
f 1882//3578 1933//3578 1932//3578 
f 1932//3579 1933//3579 1877//3579 
f 1843//3580 1934//3580 1880//3580 
f 1935//3581 1936//3581 1937//3581 
f 1841//3582 1936//3582 1843//3582 
f 1843//3583 1936//3583 1935//3583 
f 1936//3584 1938//3584 1939//3584 
f 1841//3585 1938//3585 1936//3585 
f 1940//3586 1941//3586 1942//3586 
f 1939//3587 1943//3587 1944//3587 
f 1944//3588 1943//3588 1758//3588 
f 1758//3589 1943//3589 1757//3589 
f 1940//3590 1945//3590 1946//3590 
f 1945//3591 1947//3591 1946//3591 
f 1948//3592 1949//3592 1950//3592 
f 1950//3593 1949//3593 1947//3593 
f 1943//3594 1949//3594 1757//3594 
f 1946//3595 1949//3595 1943//3595 
f 1947//3596 1949//3596 1946//3596 
f 1757//3597 1949//3597 1948//3597 
f 1841//3598 1951//3598 1942//3598 
f 1839//3599 1951//3599 1841//3599 
f 1942//3600 1951//3600 1940//3600 
f 1952//3601 1953//3601 1954//3601 
f 1950//3602 1955//3602 1948//3602 
f 1952//3603 1955//3603 1953//3603 
f 1955//3604 1956//3604 1948//3604 
f 1952//3605 1956//3605 1955//3605 
f 1948//3606 1956//3606 1757//3606 
f 1951//3607 1957//3607 1954//3607 
f 1839//3608 1957//3608 1951//3608 
f 1957//3609 1958//3609 1954//3609 
f 1954//3610 1958//3610 1952//3610 
f 1757//3611 1959//3611 1756//3611 
f 1956//3612 1959//3612 1757//3612 
f 1952//3613 1959//3613 1956//3613 
f 1838//3614 1960//3614 1839//3614 
f 1961//3615 1960//3615 1962//3615 
f 1839//3616 1960//3616 1961//3616 
f 1962//3617 1963//3617 1959//3617 
f 1959//3618 1963//3618 1756//3618 
f 1960//3619 1964//3619 1965//3619 
f 1838//3620 1964//3620 1960//3620 
f 1966//3621 1967//3621 1968//3621 
f 1836//3622 1967//3622 1838//3622 
f 1838//3623 1967//3623 1966//3623 
f 1967//3624 1969//3624 1970//3624 
f 1836//3625 1969//3625 1967//3625 
f 1970//3626 1971//3626 1972//3626 
f 1836//3627 1973//3627 1969//3627 
f 1971//3628 1974//3628 1885//3628 
f 1975//3629 1976//3629 1974//3629 
f 1976//3630 1977//3630 1755//3630 
f 1978//3631 1979//3631 1980//3631 
f 1836//3632 1979//3632 1978//3632 
f 1834//3633 1979//3633 1836//3633 
f 1977//3634 1981//3634 1755//3634 
f 1980//3635 1981//3635 1977//3635 
f 1755//3636 1981//3636 1754//3636 
f 1981//3637 1982//3637 1754//3637 
f 1834//3638 1983//3638 1984//3638 
f 1832//3639 1983//3639 1834//3639 
f 1983//3640 1985//3640 1986//3640 
f 1832//3641 1985//3641 1983//3641 
f 1754//3642 1987//3642 1753//3642 
f 1986//3643 1987//3643 1988//3643 
f 1988//3644 1987//3644 1754//3644 
f 1989//3645 1990//3645 1991//3645 
f 1832//3646 1990//3646 1989//3646 
f 1828//3647 1990//3647 1832//3647 
f 1987//3648 1992//3648 1753//3648 
f 1991//3649 1992//3649 1987//3649 
f 1990//3650 1993//3650 1994//3650 
f 1828//3651 1993//3651 1990//3651 
f 1753//3652 1995//3652 1752//3652 
f 1996//3653 1995//3653 1753//3653 
f 1994//3654 1995//3654 1996//3654 
f 1886//3655 1997//3655 1828//3655 
f 1998//3656 1997//3656 1886//3656 
f 1999//3657 1997//3657 1998//3657 
f 2000//3658 1997//3658 1999//3658 
f 2001//3659 1997//3659 2002//3659 
f 2002//3660 1997//3660 2000//3660 
f 1997//3661 2003//3661 2004//3661 
f 2004//3662 2003//3662 2005//3662 
f 1997//3663 2006//3663 2003//3663 
f 2001//3664 2007//3664 1997//3664 
f 2008//3665 2007//3665 2001//3665 
f 1997//3666 2007//3666 2006//3666 
f 2009//3667 2007//3667 2008//3667 
f 2010//3668 2007//3668 2009//3668 
f 2011//3669 2007//3669 2010//3669 
f 2012//3670 2007//3670 2011//3670 
f 1999//3671 2013//3671 2000//3671 
f 2002//3672 2013//3672 2001//3672 
f 2000//3673 2013//3673 2002//3673 
f 2001//3674 2013//3674 2008//3674 
f 2008//3675 2013//3675 2009//3675 
f 2009//3676 2013//3676 2010//3676 
f 2010//3677 2013//3677 2011//3677 
f 1775//3678 2014//3678 1795//3678 
f 1775//3679 2015//3679 2014//3679 
f 1775//3680 2016//3680 2015//3680 
f 1775//3681 2017//3681 2016//3681 
f 1773//3682 2018//3682 1774//3682 
f 1774//3683 2018//3683 1775//3683 
f 1775//3684 2018//3684 2017//3684 
f 1773//3685 2019//3685 2018//3685 
f 1773//3686 2020//3686 2019//3686 
f 1772//3687 2021//3687 1773//3687 
f 1773//3688 2021//3688 2020//3688 
f 1752//3689 2022//3689 1763//3689 
f 1763//3690 2022//3690 1770//3690 
f 1770//3691 2022//3691 1772//3691 
f 2012//3692 2022//3692 1995//3692 
f 1995//3693 2022//3693 1752//3693 
f 1772//3694 2022//3694 2021//3694 
f 1859//3695 2023//3695 1862//3695 
f 2024//3696 2025//3696 1897//3696 
f 1859//3697 2025//3697 2023//3697 
f 2026//3698 2025//3698 2024//3698 
f 1897//3699 2025//3699 1859//3699 
f 2027//3700 2025//3700 2026//3700 
f 2028//3701 2025//3701 2027//3701 
f 1894//3702 2029//3702 1895//3702 
f 1888//3703 2029//3703 1872//3703 
f 1872//3704 2029//3704 1894//3704 
f 1895//3705 2030//3705 1898//3705 
f 2029//3706 2030//3706 1895//3706 
f 1897//3707 2031//3707 2024//3707 
f 2028//3708 2031//3708 2030//3708 
f 2030//3709 2031//3709 1898//3709 
f 2024//3710 2031//3710 2026//3710 
f 2026//3711 2031//3711 2027//3711 
f 2027//3712 2031//3712 2028//3712 
f 1898//3713 2032//3713 2033//3713 
f 2033//3714 2032//3714 1897//3714 
f 1897//3715 2032//3715 2031//3715 
f 2031//3716 2032//3716 1898//3716 
f 1898//3717 2034//3717 2035//3717 
f 1896//3718 2034//3718 1897//3718 
f 2036//3719 2034//3719 1896//3719 
f 2035//3720 2034//3720 2036//3720 
f 2033//3721 2034//3721 1898//3721 
f 1897//3722 2034//3722 2033//3722 
f 2035//3723 2037//3723 1898//3723 
f 1898//3724 2037//3724 1899//3724 
f 2036//3725 2037//3725 2035//3725 
f 1899//3726 2037//3726 1900//3726 
f 1900//3727 2037//3727 1901//3727 
f 1896//3728 2038//3728 2036//3728 
f 2036//3729 2038//3729 2037//3729 
f 2037//3730 2038//3730 1901//3730 
f 1902//3731 2039//3731 1896//3731 
f 2040//3732 2039//3732 1902//3732 
f 1903//3733 2039//3733 2040//3733 
f 1896//3734 2039//3734 2038//3734 
f 1903//3735 2041//3735 1904//3735 
f 1902//3736 2041//3736 2040//3736 
f 2040//3737 2041//3737 1903//3737 
f 1907//3738 2042//3738 1905//3738 
f 2041//3739 2042//3739 1904//3739 
f 1904//3740 2042//3740 1907//3740 
f 1910//3741 2043//3741 1906//3741 
f 1908//3742 2043//3742 1911//3742 
f 1907//3743 2043//3743 1908//3743 
f 1906//3744 2043//3744 1907//3744 
f 1911//3745 2043//3745 1910//3745 
f 1911//3746 2044//3746 1912//3746 
f 1910//3747 2044//3747 1911//3747 
f 1915//3748 2045//3748 1914//3748 
f 1914//3749 2045//3749 2044//3749 
f 1912//3750 2045//3750 1915//3750 
f 2044//3751 2045//3751 1912//3751 
f 1918//3752 2046//3752 1913//3752 
f 1915//3753 2046//3753 1916//3753 
f 1916//3754 2046//3754 1919//3754 
f 1919//3755 2046//3755 1918//3755 
f 1913//3756 2046//3756 1915//3756 
f 1917//3757 2047//3757 1918//3757 
f 1923//3758 2047//3758 1920//3758 
f 1918//3759 2047//3759 1921//3759 
f 1920//3760 2047//3760 1917//3760 
f 1921//3761 2047//3761 1923//3761 
f 1922//3762 2048//3762 1923//3762 
f 1923//3763 2048//3763 1924//3763 
f 1922//3764 2049//3764 2048//3764 
f 1928//3765 2050//3765 1927//3765 
f 1924//3766 2050//3766 1928//3766 
f 1927//3767 2050//3767 1925//3767 
f 1927//3768 2051//3768 1928//3768 
f 1926//3769 2051//3769 1927//3769 
f 1926//3770 2052//3770 2051//3770 
f 1929//3771 2052//3771 1926//3771 
f 2051//3772 2052//3772 1928//3772 
f 1928//3773 2052//3773 1930//3773 
f 2052//3774 2053//3774 1930//3774 
f 1879//3775 2053//3775 1929//3775 
f 1930//3776 2053//3776 1879//3776 
f 1929//3777 2053//3777 2052//3777 
f 1882//3778 2054//3778 1933//3778 
f 1880//3779 2054//3779 1882//3779 
f 2055//3780 2054//3780 1880//3780 
f 2056//3781 2057//3781 1934//3781 
f 1880//3782 2057//3782 2055//3782 
f 1934//3783 2057//3783 1880//3783 
f 1877//3784 2058//3784 1878//3784 
f 1933//3785 2058//3785 1877//3785 
f 1883//3786 2058//3786 2059//3786 
f 1878//3787 2058//3787 1883//3787 
f 1934//3788 2060//3788 2056//3788 
f 1935//3789 2060//3789 1843//3789 
f 1843//3790 2060//3790 1934//3790 
f 1883//3791 2061//3791 2062//3791 
f 2057//3792 2061//3792 2059//3792 
f 2059//3793 2061//3793 1883//3793 
f 2056//3794 2061//3794 2057//3794 
f 2062//3795 2061//3795 2056//3795 
f 1937//3796 2063//3796 1935//3796 
f 2062//3797 2063//3797 1937//3797 
f 2060//3798 2063//3798 2056//3798 
f 1935//3799 2063//3799 2060//3799 
f 2056//3800 2063//3800 2062//3800 
f 1936//3801 2064//3801 1937//3801 
f 2062//3802 2065//3802 1883//3802 
f 1758//3803 2065//3803 2066//3803 
f 1883//3804 2065//3804 1758//3804 
f 1944//3805 2067//3805 1939//3805 
f 1939//3806 2067//3806 1936//3806 
f 1936//3807 2067//3807 2064//3807 
f 1939//3808 2068//3808 1943//3808 
f 1938//3809 2068//3809 1939//3809 
f 1941//3810 2069//3810 1942//3810 
f 1941//3811 2070//3811 2069//3811 
f 1940//3812 2070//3812 1941//3812 
f 1943//3813 2070//3813 1946//3813 
f 1946//3814 2070//3814 1940//3814 
f 1940//3815 2071//3815 1945//3815 
f 1951//3816 2071//3816 1940//3816 
f 1951//3817 2072//3817 2071//3817 
f 1950//3818 2072//3818 1955//3818 
f 1955//3819 2072//3819 1953//3819 
f 1954//3820 2073//3820 1951//3820 
f 2072//3821 2073//3821 1953//3821 
f 1953//3822 2073//3822 1954//3822 
f 1951//3823 2073//3823 2072//3823 
f 1958//3824 2074//3824 1952//3824 
f 1952//3825 2074//3825 1959//3825 
f 1958//3826 2075//3826 2074//3826 
f 1959//3827 2076//3827 1962//3827 
f 1962//3828 2076//3828 1961//3828 
f 1962//3829 2077//3829 1963//3829 
f 1960//3830 2077//3830 1962//3830 
f 2078//3831 2079//3831 1965//3831 
f 1965//3832 2079//3832 1960//3832 
f 1960//3833 2079//3833 2077//3833 
f 1838//3834 2080//3834 1964//3834 
f 1966//3835 2080//3835 1838//3835 
f 2081//3836 2080//3836 1966//3836 
f 1964//3837 2082//3837 1965//3837 
f 2081//3838 2082//3838 2080//3838 
f 2080//3839 2082//3839 1964//3839 
f 2083//3840 2082//3840 2081//3840 
f 1756//3841 2084//3841 1884//3841 
f 2078//3842 2084//3842 1756//3842 
f 1884//3843 2084//3843 2083//3843 
f 1968//3844 2085//3844 1966//3844 
f 2086//3845 2085//3845 1968//3845 
f 1966//3846 2085//3846 2081//3846 
f 2086//3847 2087//3847 2085//3847 
f 2085//3848 2087//3848 2081//3848 
f 2083//3849 2087//3849 1884//3849 
f 2081//3850 2087//3850 2083//3850 
f 1884//3851 2087//3851 2086//3851 
f 2088//3852 2089//3852 2090//3852 
f 1885//3853 2089//3853 2088//3853 
f 1884//3854 2089//3854 1885//3854 
f 2086//3855 2089//3855 1884//3855 
f 1968//3856 2091//3856 2090//3856 
f 1967//3857 2091//3857 1968//3857 
f 1967//3858 2092//3858 2091//3858 
f 2088//3859 2092//3859 1972//3859 
f 1970//3860 2093//3860 1967//3860 
f 1967//3861 2093//3861 2092//3861 
f 2092//3862 2093//3862 1972//3862 
f 1972//3863 2093//3863 1970//3863 
f 1971//3864 2094//3864 1972//3864 
f 1885//3865 2094//3865 1971//3865 
f 2088//3866 2094//3866 1885//3866 
f 1972//3867 2094//3867 2088//3867 
f 1974//3868 2095//3868 1975//3868 
f 1970//3869 2095//3869 1971//3869 
f 1971//3870 2095//3870 1974//3870 
f 1973//3871 2096//3871 1969//3871 
f 1975//3872 2096//3872 1973//3872 
f 2095//3873 2096//3873 1975//3873 
f 1970//3874 2096//3874 2095//3874 
f 1969//3875 2096//3875 1970//3875 
f 1976//3876 2097//3876 1974//3876 
f 1755//3877 2097//3877 1976//3877 
f 1885//3878 2097//3878 1755//3878 
f 1974//3879 2097//3879 1885//3879 
f 1975//3880 2098//3880 1976//3880 
f 1976//3881 2098//3881 1977//3881 
f 1980//3882 2099//3882 1978//3882 
f 1977//3883 2099//3883 1980//3883 
f 2098//3884 2099//3884 1977//3884 
f 1978//3885 2099//3885 2098//3885 
f 1980//3886 2100//3886 1981//3886 
f 1979//3887 2100//3887 1980//3887 
f 1982//3888 2101//3888 2102//3888 
f 1981//3889 2101//3889 1982//3889 
f 1979//3890 2101//3890 2100//3890 
f 2100//3891 2101//3891 1981//3891 
f 1984//3892 2103//3892 2102//3892 
f 1983//3893 2103//3893 1984//3893 
f 1986//3894 2104//3894 1983//3894 
f 1988//3895 2104//3895 1986//3895 
f 2103//3896 2104//3896 1988//3896 
f 1983//3897 2104//3897 2103//3897 
f 1986//3898 2105//3898 1987//3898 
f 1985//3899 2105//3899 1986//3899 
f 1991//3900 2106//3900 1989//3900 
f 1987//3901 2106//3901 1991//3901 
f 1989//3902 2106//3902 2107//3902 
f 1990//3903 2108//3903 1991//3903 
f 1991//3904 2108//3904 1992//3904 
f 1990//3905 2109//3905 2108//3905 
f 1994//3906 2109//3906 1990//3906 
f 1996//3907 2109//3907 1994//3907 
f 1993//3908 2110//3908 1994//3908 
f 1994//3909 2110//3909 1995//3909 
f 1993//3910 2111//3910 2110//3910 
f 1995//3911 2112//3911 2012//3911 
f 2012//3912 2112//3912 2007//3912 
f 2021//3913 2113//3913 2020//3913 
f 2012//3914 2113//3914 2022//3914 
f 2022//3915 2113//3915 2021//3915 
f 2017//3916 2113//3916 2016//3916 
f 2011//3917 2113//3917 2012//3917 
f 2018//3918 2113//3918 2017//3918 
f 2019//3919 2113//3919 2018//3919 
f 2020//3920 2113//3920 2019//3920 
f 1783//3921 2114//3921 1781//3921 
f 1781//3922 2114//3922 1784//3922 
f 1784//3923 2114//3923 1766//3923 
f 1766//3924 2114//3924 1764//3924 
f 1764//3925 2114//3925 1767//3925 
f 1767//3926 2114//3926 1886//3926 
f 1886//3927 2114//3927 2014//3927 
f 2114//3928 2115//3928 2014//3928 
f 1862//3929 2116//3929 2117//3929 
f 2117//3930 2116//3930 1889//3930 
f 1888//3931 2116//3931 2029//3931 
f 1889//3932 2116//3932 1890//3932 
f 1890//3933 2116//3933 1888//3933 
f 2023//3934 2118//3934 1862//3934 
f 1862//3935 2118//3935 2116//3935 
f 2116//3936 2118//3936 2029//3936 
f 2029//3937 2118//3937 2030//3937 
f 2025//3938 2119//3938 2023//3938 
f 2028//3939 2119//3939 2025//3939 
f 2030//3940 2119//3940 2028//3940 
f 2023//3941 2119//3941 2118//3941 
f 2118//3942 2119//3942 2030//3942 
f 1901//3943 2120//3943 77//3943 
f 77//3944 2120//3944 1903//3944 
f 1903//3945 2120//3945 2039//3945 
f 2038//3946 2120//3946 1901//3946 
f 2039//3947 2120//3947 2038//3947 
f 1902//3948 2121//3948 2041//3948 
f 1905//3949 2121//3949 1857//3949 
f 2042//3950 2121//3950 1905//3950 
f 2041//3951 2121//3951 2042//3951 
f 1857//3952 2121//3952 1902//3952 
f 1914//3953 2122//3953 1853//3953 
f 1853//3954 2122//3954 1909//3954 
f 1909//3955 2122//3955 1910//3955 
f 2044//3956 2122//3956 1914//3956 
f 1910//3957 2122//3957 2044//3957 
f 1922//3958 2123//3958 2049//3958 
f 1925//3959 2123//3959 1845//3959 
f 1845//3960 2123//3960 1922//3960 
f 2049//3961 2124//3961 2048//3961 
f 2048//3962 2124//3962 1924//3962 
f 1924//3963 2124//3963 2050//3963 
f 2050//3964 2124//3964 2049//3964 
f 2054//3965 2125//3965 1933//3965 
f 2055//3966 2125//3966 2054//3966 
f 1933//3967 2125//3967 2058//3967 
f 2055//3968 2126//3968 2125//3968 
f 2125//3969 2126//3969 2058//3969 
f 2059//3970 2126//3970 2057//3970 
f 2057//3971 2126//3971 2055//3971 
f 2058//3972 2126//3972 2059//3972 
f 1937//3973 2127//3973 2062//3973 
f 2062//3974 2127//3974 2065//3974 
f 2064//3975 2127//3975 1937//3975 
f 2066//3976 2127//3976 2064//3976 
f 2065//3977 2127//3977 2066//3977 
f 2067//3978 2128//3978 2064//3978 
f 2066//3979 2128//3979 1758//3979 
f 1758//3980 2128//3980 1944//3980 
f 2064//3981 2128//3981 2066//3981 
f 1944//3982 2128//3982 2067//3982 
f 1938//3983 2129//3983 2068//3983 
f 1841//3984 2129//3984 1938//3984 
f 2068//3985 2129//3985 2069//3985 
f 2069//3986 2130//3986 1942//3986 
f 1942//3987 2130//3987 1841//3987 
f 2129//3988 2130//3988 2069//3988 
f 1841//3989 2130//3989 2129//3989 
f 2068//3990 2131//3990 1943//3990 
f 2069//3991 2131//3991 2068//3991 
f 1943//3992 2131//3992 2070//3992 
f 2070//3993 2131//3993 2069//3993 
f 1947//3994 2132//3994 1950//3994 
f 2072//3995 2132//3995 2071//3995 
f 2071//3996 2132//3996 1945//3996 
f 1950//3997 2132//3997 2072//3997 
f 1945//3998 2132//3998 1947//3998 
f 1957//3999 2133//3999 1958//3999 
f 1839//4000 2133//4000 1957//4000 
f 1958//4001 2133//4001 2075//4001 
f 2133//4002 2134//4002 2075//4002 
f 2075//4003 2134//4003 2076//4003 
f 2076//4004 2134//4004 1961//4004 
f 1961//4005 2134//4005 1839//4005 
f 1839//4006 2134//4006 2133//4006 
f 1959//4007 2135//4007 2076//4007 
f 2075//4008 2135//4008 2074//4008 
f 2076//4009 2135//4009 2075//4009 
f 2074//4010 2135//4010 1959//4010 
f 2079//4011 2136//4011 2077//4011 
f 1963//4012 2136//4012 1756//4012 
f 2077//4013 2136//4013 1963//4013 
f 2079//4014 2137//4014 2136//4014 
f 1756//4015 2137//4015 2078//4015 
f 2078//4016 2137//4016 2079//4016 
f 2136//4017 2137//4017 1756//4017 
f 1965//4018 2138//4018 2078//4018 
f 2078//4019 2138//4019 2084//4019 
f 2083//4020 2139//4020 2082//4020 
f 2084//4021 2139//4021 2083//4021 
f 1965//4022 2139//4022 2138//4022 
f 2082//4023 2139//4023 1965//4023 
f 2138//4024 2139//4024 2084//4024 
f 1968//4025 2140//4025 2086//4025 
f 2086//4026 2140//4026 2089//4026 
f 2089//4027 2140//4027 2090//4027 
f 2090//4028 2140//4028 1968//4028 
f 2090//4029 2141//4029 2088//4029 
f 2091//4030 2141//4030 2090//4030 
f 2092//4031 2141//4031 2091//4031 
f 2088//4032 2141//4032 2092//4032 
f 1975//4033 2142//4033 2098//4033 
f 1836//4034 2142//4034 1973//4034 
f 1973//4035 2142//4035 1975//4035 
f 1978//4036 2142//4036 1836//4036 
f 2098//4037 2142//4037 1978//4037 
f 1984//4038 2143//4038 1834//4038 
f 1834//4039 2143//4039 1979//4039 
f 2101//4040 2143//4040 2102//4040 
f 2102//4041 2143//4041 1984//4041 
f 1979//4042 2143//4042 2101//4042 
f 1982//4043 2144//4043 1754//4043 
f 2102//4044 2144//4044 1982//4044 
f 2103//4045 2144//4045 2102//4045 
f 1754//4046 2144//4046 1988//4046 
f 1988//4047 2144//4047 2103//4047 
f 1989//4048 2145//4048 1832//4048 
f 2107//4049 2145//4049 1989//4049 
f 2105//4050 2146//4050 1987//4050 
f 1987//4051 2146//4051 2106//4051 
f 2106//4052 2146//4052 2107//4052 
f 2108//4053 2147//4053 1992//4053 
f 1996//4054 2147//4054 2109//4054 
f 1753//4055 2147//4055 1996//4055 
f 1992//4056 2147//4056 1753//4056 
f 2109//4057 2147//4057 2108//4057 
f 1993//4058 2148//4058 2111//4058 
f 1828//4059 2148//4059 1993//4059 
f 2111//4060 2149//4060 2112//4060 
f 2112//4061 2149//4061 2007//4061 
f 1828//4062 2149//4062 2148//4062 
f 2004//4063 2149//4063 1997//4063 
f 2005//4064 2149//4064 2004//4064 
f 2003//4065 2149//4065 2005//4065 
f 1997//4066 2149//4066 1828//4066 
f 2007//4067 2149//4067 2006//4067 
f 2006//4068 2149//4068 2003//4068 
f 2148//4069 2149//4069 2111//4069 
f 2110//4070 2150//4070 1995//4070 
f 2111//4071 2150//4071 2110//4071 
f 2112//4072 2150//4072 2111//4072 
f 1995//4073 2150//4073 2112//4073 
f 2011//4074 2151//4074 2113//4074 
f 2016//4075 2151//4075 2015//4075 
f 2015//4076 2151//4076 2014//4076 
f 1886//4077 2151//4077 1998//4077 
f 1998//4078 2151//4078 1999//4078 
f 1999//4079 2151//4079 2013//4079 
f 2013//4080 2151//4080 2011//4080 
f 2014//4081 2151//4081 1886//4081 
f 2113//4082 2151//4082 2016//4082 
f 2115//4083 2152//4083 2014//4083 
f 1795//4084 2152//4084 1797//4084 
f 1797//4085 2152//4085 1798//4085 
f 1798//4086 2152//4086 1783//4086 
f 1783//4087 2152//4087 2114//4087 
f 2114//4088 2152//4088 2115//4088 
f 2014//4089 2152//4089 1795//4089 
f 1925//4090 2153//4090 2123//4090 
f 2123//4091 2153//4091 2049//4091 
f 2050//4092 2153//4092 1925//4092 
f 2049//4093 2153//4093 2050//4093 
f 2105//4094 2154//4094 2146//4094 
f 1985//4095 2154//4095 2105//4095 
f 2146//4096 2154//4096 2107//4096 
f 2145//4097 2155//4097 1832//4097 
f 2107//4098 2155//4098 2145//4098 
f 1832//4099 2155//4099 1985//4099 
f 1985//4100 2155//4100 2154//4100 
f 2154//4101 2155//4101 2107//4101 
f 78//4102 2156//4102 79//4102 
f 79//4103 2156//4103 1893//4103 
f 78//4104 726//4104 2156//4104 
f 71//4105 70//4105 2157//4105 
f 2156//4106 2158//4106 2159//4106 
f 673//4107 2157//4107 2158//4107 
f 673//4108 71//4108 2157//4108 
f 725//4109 673//4109 2158//4109 
f 725//4110 2158//4110 2156//4110 
f 726//4111 725//4111 2156//4111 
f 60//4112 2160//4112 62//4112 
f 2161//4113 2162//4113 2163//4113 
f 2163//4114 2162//4114 2164//4114 
f 2164//4115 2162//4115 2165//4115 
f 2165//4116 2162//4116 2166//4116 
f 2162//4117 2167//4117 2166//4117 
f 2167//4118 2168//4118 2166//4118 
f 2166//4119 2168//4119 2169//4119 
f 2169//4120 2168//4120 2170//4120 
f 2158//4121 2171//4121 2159//4121 
f 2172//4122 2173//4122 2174//4122 
f 2174//4123 2173//4123 68//4123 
f 2172//4124 2175//4124 1846//4124 
f 2174//4125 2175//4125 2172//4125 
f 1846//4126 2175//4126 1844//4126 
f 2176//4127 2177//4127 2178//4127 
f 1842//4128 2179//4128 2176//4128 
f 2176//4129 2179//4129 2177//4129 
f 2176//4130 2180//4130 1842//4130 
f 1842//4131 2180//4131 1840//4131 
f 2181//4132 2182//4132 2160//4132 
f 1837//4133 2182//4133 2181//4133 
f 2160//4134 2183//4134 2181//4134 
f 60//4135 2183//4135 2160//4135 
f 1831//4136 2184//4136 1826//4136 
f 2185//4137 2186//4137 2187//4137 
f 2188//4138 2186//4138 2189//4138 
f 2171//4139 2186//4139 2188//4139 
f 2189//4140 2186//4140 2185//4140 
f 2158//4141 2186//4141 2171//4141 
f 2158//4142 2190//4142 2186//4142 
f 2186//4143 2190//4143 2187//4143 
f 2190//4144 2191//4144 2187//4144 
f 2158//4145 2191//4145 2190//4145 
f 1860//4146 2192//4146 1856//4146 
f 2193//4147 2192//4147 1860//4147 
f 2187//4148 2192//4148 2193//4148 
f 2192//4149 2194//4149 1856//4149 
f 2157//4150 2195//4150 2158//4150 
f 2158//4151 2195//4151 2196//4151 
f 2157//4152 2197//4152 2195//4152 
f 2195//4153 2197//4153 2198//4153 
f 1856//4154 2199//4154 1852//4154 
f 2200//4155 2199//4155 1856//4155 
f 2198//4156 2199//4156 2200//4156 
f 2199//4157 2201//4157 1852//4157 
f 70//4158 2202//4158 2157//4158 
f 2157//4159 2202//4159 2203//4159 
f 2202//4160 2204//4160 2205//4160 
f 70//4161 2204//4161 2202//4161 
f 2205//4162 2206//4162 2207//4162 
f 1852//4163 2206//4163 1851//4163 
f 2207//4164 2206//4164 1852//4164 
f 70//4165 2208//4165 2204//4165 
f 2208//4166 2209//4166 2210//4166 
f 70//4167 2209//4167 2208//4167 
f 2206//4168 2211//4168 1851//4168 
f 2210//4169 2211//4169 2206//4169 
f 2211//4170 2212//4170 1851//4170 
f 2209//4171 2213//4171 2214//4171 
f 68//4172 2213//4172 70//4172 
f 70//4173 2213//4173 2209//4173 
f 2214//4174 2215//4174 2212//4174 
f 2212//4175 2215//4175 1851//4175 
f 1851//4176 2215//4176 1847//4176 
f 1847//4177 2216//4177 1846//4177 
f 2213//4178 2217//4178 2218//4178 
f 68//4179 2217//4179 2213//4179 
f 2218//4180 2219//4180 2216//4180 
f 2216//4181 2219//4181 1846//4181 
f 68//4182 2220//4182 2217//4182 
f 2173//4183 2220//4183 68//4183 
f 2219//4184 2221//4184 1846//4184 
f 2222//4185 2223//4185 2221//4185 
f 1846//4186 2223//4186 2172//4186 
f 2172//4187 2223//4187 2173//4187 
f 2221//4188 2223//4188 1846//4188 
f 66//4189 2224//4189 68//4189 
f 68//4190 2224//4190 2174//4190 
f 2174//4191 2224//4191 2175//4191 
f 66//4192 2225//4192 2224//4192 
f 1844//4193 2226//4193 1842//4193 
f 2227//4194 2226//4194 1844//4194 
f 64//4195 2228//4195 66//4195 
f 2229//4196 2228//4196 2230//4196 
f 66//4197 2228//4197 2229//4197 
f 2230//4198 2231//4198 2226//4198 
f 2226//4199 2231//4199 1842//4199 
f 2178//4200 2232//4200 64//4200 
f 64//4201 2232//4201 2228//4201 
f 2177//4202 2232//4202 2178//4202 
f 1842//4203 2233//4203 2179//4203 
f 2179//4204 2233//4204 2177//4204 
f 2180//4205 2234//4205 1840//4205 
f 2235//4206 2234//4206 2180//4206 
f 62//4207 2236//4207 64//4207 
f 64//4208 2236//4208 2237//4208 
f 2237//4209 2236//4209 2235//4209 
f 62//4210 2238//4210 2236//4210 
f 2236//4211 2238//4211 2239//4211 
f 1840//4212 2240//4212 1837//4212 
f 2241//4213 2240//4213 1840//4213 
f 2239//4214 2240//4214 2241//4214 
f 2160//4215 2242//4215 62//4215 
f 2243//4216 2242//4216 2160//4216 
f 2243//4217 2244//4217 2240//4217 
f 2240//4218 2244//4218 1837//4218 
f 1837//4219 2245//4219 1835//4219 
f 2181//4220 2245//4220 1837//4220 
f 57//4221 2246//4221 60//4221 
f 60//4222 2246//4222 2247//4222 
f 2247//4223 2246//4223 2248//4223 
f 57//4224 2249//4224 2246//4224 
f 2246//4225 2249//4225 2250//4225 
f 2251//4226 2252//4226 1835//4226 
f 2250//4227 2252//4227 2251//4227 
f 1835//4228 2252//4228 1833//4228 
f 2253//4229 2254//4229 2255//4229 
f 57//4230 2254//4230 2253//4230 
f 53//4231 2254//4231 57//4231 
f 2255//4232 2256//4232 2252//4232 
f 2252//4233 2256//4233 1833//4233 
f 53//4234 2257//4234 2254//4234 
f 2254//4235 2257//4235 2258//4235 
f 2258//4236 2259//4236 2260//4236 
f 2260//4237 2259//4237 1833//4237 
f 1833//4238 2259//4238 1831//4238 
f 55//4239 2261//4239 53//4239 
f 53//4240 2261//4240 2262//4240 
f 2262//4241 2261//4241 2263//4241 
f 2259//4242 2264//4242 1831//4242 
f 2263//4243 2264//4243 2259//4243 
f 2265//4244 2266//4244 2267//4244 
f 2268//4245 2266//4245 2265//4245 
f 2266//4246 2269//4246 2270//4246 
f 2271//4247 2272//4247 2268//4247 
f 2273//4248 2272//4248 2271//4248 
f 2268//4249 2272//4249 2266//4249 
f 2274//4250 2272//4250 2273//4250 
f 2266//4251 2272//4251 2269//4251 
f 2275//4252 2272//4252 2274//4252 
f 2276//4253 2272//4253 2275//4253 
f 2184//4254 2272//4254 2276//4254 
f 1831//4255 2272//4255 2184//4255 
f 2261//4256 2277//4256 2267//4256 
f 55//4257 2277//4257 2261//4257 
f 2159//4258 2278//4258 2161//4258 
f 2167//4259 2278//4259 2168//4259 
f 2279//4260 2278//4260 2171//4260 
f 2171//4261 2278//4261 2159//4261 
f 2161//4262 2278//4262 2162//4262 
f 2162//4263 2278//4263 2167//4263 
f 2280//4264 2281//4264 1860//4264 
f 2282//4265 2281//4265 2280//4265 
f 2283//4266 2281//4266 2279//4266 
f 2279//4267 2281//4267 2282//4267 
f 2283//4268 2284//4268 2281//4268 
f 2281//4269 2284//4269 1860//4269 
f 1860//4270 2285//4270 2193//4270 
f 2286//4271 2285//4271 2283//4271 
f 2287//4272 2285//4272 2286//4272 
f 2193//4273 2285//4273 2288//4273 
f 2289//4274 2285//4274 2287//4274 
f 2290//4275 2285//4275 2289//4275 
f 2288//4276 2285//4276 2290//4276 
f 2284//4277 2285//4277 1860//4277 
f 2283//4278 2285//4278 2284//4278 
f 2171//4279 2291//4279 2279//4279 
f 2279//4280 2291//4280 2283//4280 
f 2283//4281 2291//4281 2286//4281 
f 2286//4282 2291//4282 2287//4282 
f 2287//4283 2291//4283 2289//4283 
f 2289//4284 2291//4284 2290//4284 
f 2171//4285 2292//4285 2291//4285 
f 2290//4286 2292//4286 2288//4286 
f 2291//4287 2292//4287 2290//4287 
f 2171//4288 2293//4288 2292//4288 
f 2292//4289 2293//4289 2288//4289 
f 2288//4290 2294//4290 2193//4290 
f 2293//4291 2294//4291 2288//4291 
f 2188//4292 2294//4292 2171//4292 
f 2171//4293 2294//4293 2293//4293 
f 2187//4294 2295//4294 2185//4294 
f 2189//4295 2295//4295 2188//4295 
f 2188//4296 2295//4296 2294//4296 
f 2193//4297 2295//4297 2187//4297 
f 2185//4298 2295//4298 2189//4298 
f 2294//4299 2295//4299 2193//4299 
f 2191//4300 2296//4300 2187//4300 
f 2187//4301 2296//4301 2192//4301 
f 2296//4302 2297//4302 2192//4302 
f 2298//4303 2297//4303 2196//4303 
f 2194//4304 2297//4304 2298//4304 
f 2192//4305 2297//4305 2194//4305 
f 2196//4306 2299//4306 2298//4306 
f 2298//4307 2299//4307 2194//4307 
f 2195//4308 2299//4308 2196//4308 
f 2195//4309 2300//4309 2299//4309 
f 2198//4310 2300//4310 2195//4310 
f 2200//4311 2300//4311 2198//4311 
f 2197//4312 2301//4312 2198//4312 
f 2198//4313 2301//4313 2199//4313 
f 2301//4314 2302//4314 2199//4314 
f 2197//4315 2302//4315 2301//4315 
f 2201//4316 2302//4316 2303//4316 
f 2199//4317 2302//4317 2201//4317 
f 2203//4318 2304//4318 2303//4318 
f 2202//4319 2304//4319 2203//4319 
f 2207//4320 2305//4320 2205//4320 
f 2202//4321 2305//4321 2304//4321 
f 2205//4322 2305//4322 2202//4322 
f 2304//4323 2305//4323 2207//4323 
f 2204//4324 2306//4324 2205//4324 
f 2205//4325 2306//4325 2206//4325 
f 2206//4326 2306//4326 2210//4326 
f 2208//4327 2306//4327 2204//4327 
f 2210//4328 2306//4328 2208//4328 
f 2214//4329 2307//4329 2209//4329 
f 2210//4330 2307//4330 2211//4330 
f 2212//4331 2307//4331 2214//4331 
f 2211//4332 2307//4332 2212//4332 
f 2209//4333 2307//4333 2210//4333 
f 2214//4334 2308//4334 2215//4334 
f 2213//4335 2308//4335 2214//4335 
f 2308//4336 2309//4336 2215//4336 
f 2218//4337 2310//4337 2213//4337 
f 2216//4338 2310//4338 2218//4338 
f 2218//4339 2311//4339 2219//4339 
f 2217//4340 2311//4340 2218//4340 
f 2221//4341 2312//4341 2222//4341 
f 2311//4342 2312//4342 2219//4342 
f 2220//4343 2312//4343 2217//4343 
f 2222//4344 2312//4344 2220//4344 
f 2217//4345 2312//4345 2311//4345 
f 2219//4346 2312//4346 2221//4346 
f 2220//4347 2313//4347 2222//4347 
f 2173//4348 2313//4348 2220//4348 
f 2222//4349 2313//4349 2223//4349 
f 2223//4350 2313//4350 2173//4350 
f 2314//4351 2315//4351 2225//4351 
f 2227//4352 2315//4352 2314//4352 
f 2225//4353 2315//4353 2224//4353 
f 2224//4354 2316//4354 2175//4354 
f 2175//4355 2316//4355 1844//4355 
f 1844//4356 2316//4356 2227//4356 
f 2227//4357 2316//4357 2315//4357 
f 2315//4358 2316//4358 2224//4358 
f 2225//4359 2317//4359 2314//4359 
f 2314//4360 2317//4360 2227//4360 
f 2227//4361 2317//4361 2226//4361 
f 2226//4362 2318//4362 2230//4362 
f 2229//4363 2318//4363 2319//4363 
f 2230//4364 2318//4364 2229//4364 
f 2228//4365 2320//4365 2230//4365 
f 2230//4366 2320//4366 2231//4366 
f 2232//4367 2321//4367 2228//4367 
f 2233//4368 2321//4368 2177//4368 
f 2177//4369 2321//4369 2232//4369 
f 2320//4370 2322//4370 2231//4370 
f 2176//4371 2323//4371 2180//4371 
f 2178//4372 2323//4372 2176//4372 
f 2237//4373 2324//4373 2323//4373 
f 2323//4374 2324//4374 2180//4374 
f 2235//4375 2324//4375 2237//4375 
f 2180//4376 2324//4376 2235//4376 
f 2235//4377 2325//4377 2234//4377 
f 2236//4378 2325//4378 2235//4378 
f 2241//4379 2326//4379 2239//4379 
f 2239//4380 2326//4380 2236//4380 
f 2327//4381 2326//4381 2241//4381 
f 2238//4382 2328//4382 2239//4382 
f 2239//4383 2328//4383 2240//4383 
f 2238//4384 2329//4384 2328//4384 
f 2240//4385 2330//4385 2243//4385 
f 2243//4386 2330//4386 2242//4386 
f 2160//4387 2331//4387 2243//4387 
f 2243//4388 2331//4388 2244//4388 
f 2182//4389 2331//4389 2160//4389 
f 2181//4390 2332//4390 2245//4390 
f 2183//4391 2332//4391 2181//4391 
f 2245//4392 2332//4392 2248//4392 
f 2248//4393 2332//4393 2247//4393 
f 2246//4394 2333//4394 2248//4394 
f 2248//4395 2333//4395 2245//4395 
f 2334//4396 2335//4396 2251//4396 
f 2250//4397 2335//4397 2246//4397 
f 2251//4398 2335//4398 2250//4398 
f 2249//4399 2336//4399 2250//4399 
f 2250//4400 2336//4400 2252//4400 
f 2252//4401 2337//4401 2255//4401 
f 2255//4402 2337//4402 2253//4402 
f 2253//4403 2337//4403 2338//4403 
f 2255//4404 2339//4404 2256//4404 
f 2254//4405 2339//4405 2255//4405 
f 2339//4406 2340//4406 2256//4406 
f 2258//4407 2341//4407 2254//4407 
f 2260//4408 2341//4408 2258//4408 
f 2257//4409 2342//4409 2258//4409 
f 2258//4410 2342//4410 2259//4410 
f 2259//4411 2343//4411 2263//4411 
f 2263//4412 2343//4412 2262//4412 
f 2262//4413 2343//4413 2344//4413 
f 2261//4414 2345//4414 2263//4414 
f 2263//4415 2345//4415 2264//4415 
f 2345//4416 2346//4416 2264//4416 
f 2266//4417 2347//4417 2267//4417 
f 2267//4418 2347//4418 2261//4418 
f 2267//4419 2348//4419 2265//4419 
f 2265//4420 2348//4420 2268//4420 
f 2268//4421 2348//4421 2271//4421 
f 2271//4422 2348//4422 2273//4422 
f 2273//4423 2348//4423 2274//4423 
f 2274//4424 2348//4424 2275//4424 
f 2277//4425 2348//4425 2267//4425 
f 2349//4426 2348//4426 2350//4426 
f 2350//4427 2348//4427 2277//4427 
f 2349//4428 2351//4428 2348//4428 
f 2275//4429 2351//4429 2276//4429 
f 2348//4430 2351//4430 2275//4430 
f 2351//4431 2352//4431 2276//4431 
f 2276//4432 2352//4432 2184//4432 
f 2349//4433 2352//4433 2351//4433 
f 2349//4434 2353//4434 2352//4434 
f 2352//4435 2353//4435 2184//4435 
f 2354//4436 2353//4436 2349//4436 
f 2355//4437 2353//4437 2354//4437 
f 2356//4438 2353//4438 2355//4438 
f 2357//4439 2353//4439 2356//4439 
f 2184//4440 2353//4440 2358//4440 
f 2358//4441 2353//4441 2357//4441 
f 2350//4442 2359//4442 2349//4442 
f 2277//4443 2359//4443 2350//4443 
f 2349//4444 2359//4444 2354//4444 
f 2354//4445 2359//4445 2355//4445 
f 2355//4446 2359//4446 2356//4446 
f 2356//4447 2359//4447 2357//4447 
f 2357//4448 2359//4448 2358//4448 
f 2360//4449 2361//4449 2362//4449 
f 2359//4450 2361//4450 2358//4450 
f 1826//4451 2363//4451 2364//4451 
f 2364//4452 2363//4452 2365//4452 
f 2365//4453 2363//4453 2366//4453 
f 2184//4454 2363//4454 1826//4454 
f 2358//4455 2363//4455 2184//4455 
f 2170//4456 2367//4456 2368//4456 
f 2368//4457 2367//4457 2369//4457 
f 2168//4458 2367//4458 2170//4458 
f 2278//4459 2367//4459 2168//4459 
f 2367//4460 2370//4460 2369//4460 
f 2369//4461 2370//4461 2371//4461 
f 2278//4462 2370//4462 2367//4462 
f 2282//4463 2372//4463 2279//4463 
f 2279//4464 2372//4464 2278//4464 
f 2278//4465 2372//4465 2370//4465 
f 2296//4466 2373//4466 2297//4466 
f 2297//4467 2373//4467 2196//4467 
f 2158//4468 2373//4468 2191//4468 
f 2196//4469 2373//4469 2158//4469 
f 2191//4470 2373//4470 2296//4470 
f 2300//4471 2374//4471 2299//4471 
f 2200//4472 2374//4472 2300//4472 
f 2194//4473 2374//4473 1856//4473 
f 2299//4474 2374//4474 2194//4474 
f 1856//4475 2374//4475 2200//4475 
f 2302//4476 2375//4476 2303//4476 
f 2157//4477 2375//4477 2197//4477 
f 2197//4478 2375//4478 2302//4478 
f 2203//4479 2375//4479 2157//4479 
f 2303//4480 2375//4480 2203//4480 
f 2304//4481 2376//4481 2303//4481 
f 1852//4482 2376//4482 2207//4482 
f 2303//4483 2376//4483 2201//4483 
f 2201//4484 2376//4484 1852//4484 
f 2207//4485 2376//4485 2304//4485 
f 2213//4486 2377//4486 2308//4486 
f 2308//4487 2377//4487 2309//4487 
f 2309//4488 2377//4488 2310//4488 
f 2310//4489 2377//4489 2213//4489 
f 2215//4490 2378//4490 1847//4490 
f 2309//4491 2378//4491 2215//4491 
f 1847//4492 2379//4492 2216//4492 
f 2310//4493 2379//4493 2309//4493 
f 2216//4494 2379//4494 2310//4494 
f 2378//4495 2379//4495 1847//4495 
f 2309//4496 2379//4496 2378//4496 
f 66//4497 2380//4497 2225//4497 
f 2225//4498 2380//4498 2317//4498 
f 2319//4499 2380//4499 2229//4499 
f 2317//4500 2380//4500 2319//4500 
f 2229//4501 2380//4501 66//4501 
f 2226//4502 2381//4502 2318//4502 
f 2319//4503 2381//4503 2317//4503 
f 2317//4504 2381//4504 2226//4504 
f 2318//4505 2381//4505 2319//4505 
f 2228//4506 2382//4506 2320//4506 
f 2321//4507 2382//4507 2228//4507 
f 2320//4508 2382//4508 2322//4508 
f 2322//4509 2382//4509 2321//4509 
f 2231//4510 2383//4510 1842//4510 
f 2322//4511 2383//4511 2231//4511 
f 1842//4512 2383//4512 2233//4512 
f 2233//4513 2383//4513 2321//4513 
f 2321//4514 2383//4514 2322//4514 
f 64//4515 2384//4515 2178//4515 
f 2237//4516 2384//4516 64//4516 
f 2178//4517 2384//4517 2323//4517 
f 2323//4518 2384//4518 2237//4518 
f 2236//4519 2385//4519 2325//4519 
f 2325//4520 2385//4520 2327//4520 
f 2326//4521 2385//4521 2236//4521 
f 2327//4522 2385//4522 2326//4522 
f 2234//4523 2386//4523 1840//4523 
f 2325//4524 2386//4524 2234//4524 
f 2327//4525 2386//4525 2325//4525 
f 2386//4526 2387//4526 1840//4526 
f 2327//4527 2387//4527 2386//4527 
f 1840//4528 2387//4528 2241//4528 
f 2241//4529 2387//4529 2327//4529 
f 62//4530 2388//4530 2238//4530 
f 2238//4531 2388//4531 2329//4531 
f 2388//4532 2389//4532 2329//4532 
f 2242//4533 2389//4533 62//4533 
f 2330//4534 2389//4534 2242//4534 
f 62//4535 2389//4535 2388//4535 
f 2329//4536 2389//4536 2330//4536 
f 2328//4537 2390//4537 2240//4537 
f 2329//4538 2390//4538 2328//4538 
f 2240//4539 2390//4539 2330//4539 
f 2330//4540 2390//4540 2329//4540 
f 2331//4541 2391//4541 2244//4541 
f 2182//4542 2391//4542 2331//4542 
f 1837//4543 2391//4543 2182//4543 
f 2244//4544 2391//4544 1837//4544 
f 2183//4545 2392//4545 2332//4545 
f 2332//4546 2392//4546 2247//4546 
f 60//4547 2392//4547 2183//4547 
f 2247//4548 2392//4548 60//4548 
f 2333//4549 2393//4549 2245//4549 
f 2334//4550 2393//4550 2333//4550 
f 2245//4551 2393//4551 1835//4551 
f 2246//4552 2394//4552 2333//4552 
f 2335//4553 2394//4553 2246//4553 
f 2333//4554 2394//4554 2334//4554 
f 2334//4555 2394//4555 2335//4555 
f 1835//4556 2395//4556 2251//4556 
f 2251//4557 2395//4557 2334//4557 
f 2334//4558 2395//4558 2393//4558 
f 2393//4559 2395//4559 1835//4559 
f 2249//4560 2396//4560 2336//4560 
f 2336//4561 2396//4561 2338//4561 
f 57//4562 2396//4562 2249//4562 
f 2253//4563 2397//4563 57//4563 
f 2338//4564 2397//4564 2253//4564 
f 2396//4565 2397//4565 2338//4565 
f 57//4566 2397//4566 2396//4566 
f 2252//4567 2398//4567 2337//4567 
f 2336//4568 2398//4568 2252//4568 
f 2338//4569 2398//4569 2336//4569 
f 2337//4570 2398//4570 2338//4570 
f 2254//4571 2399//4571 2339//4571 
f 2339//4572 2399//4572 2340//4572 
f 2341//4573 2399//4573 2254//4573 
f 2340//4574 2399//4574 2341//4574 
f 2256//4575 2400//4575 1833//4575 
f 2340//4576 2400//4576 2256//4576 
f 1833//4577 2401//4577 2260//4577 
f 2260//4578 2401//4578 2341//4578 
f 2341//4579 2401//4579 2340//4579 
f 2400//4580 2401//4580 1833//4580 
f 2340//4581 2401//4581 2400//4581 
f 53//4582 2402//4582 2257//4582 
f 2257//4583 2402//4583 2342//4583 
f 2342//4584 2402//4584 2344//4584 
f 2262//4585 2403//4585 53//4585 
f 53//4586 2403//4586 2402//4586 
f 2344//4587 2403//4587 2262//4587 
f 2402//4588 2403//4588 2344//4588 
f 2342//4589 2404//4589 2259//4589 
f 2259//4590 2404//4590 2343//4590 
f 2344//4591 2404//4591 2342//4591 
f 2343//4592 2404//4592 2344//4592 
f 2347//4593 2405//4593 2261//4593 
f 2261//4594 2405//4594 2345//4594 
f 2346//4595 2405//4595 2347//4595 
f 2345//4596 2405//4596 2346//4596 
f 2346//4597 2406//4597 2264//4597 
f 2264//4598 2406//4598 1831//4598 
f 2266//4599 2407//4599 2347//4599 
f 2270//4600 2407//4600 2266//4600 
f 2272//4601 2407//4601 2269//4601 
f 2346//4602 2407//4602 2406//4602 
f 2347//4603 2407//4603 2346//4603 
f 2269//4604 2407//4604 2270//4604 
f 2406//4605 2407//4605 1831//4605 
f 1831//4606 2407//4606 2272//4606 
f 2362//4607 2408//4607 2409//4607 
f 2409//4608 2408//4608 2410//4608 
f 2410//4609 2408//4609 2411//4609 
f 2411//4610 2408//4610 55//4610 
f 55//4611 2408//4611 2277//4611 
f 2361//4612 2408//4612 2362//4612 
f 2277//4613 2408//4613 2359//4613 
f 2359//4614 2408//4614 2361//4614 
f 2412//4615 2413//4615 2360//4615 
f 2360//4616 2413//4616 2361//4616 
f 2361//4617 2413//4617 2358//4617 
f 2358//4618 2413//4618 2363//4618 
f 2366//4619 2414//4619 2415//4619 
f 2415//4620 2414//4620 2416//4620 
f 2416//4621 2414//4621 2412//4621 
f 2363//4622 2414//4622 2366//4622 
f 2412//4623 2414//4623 2413//4623 
f 2413//4624 2414//4624 2363//4624 
f 2371//4625 2417//4625 2418//4625 
f 2418//4626 2417//4626 2280//4626 
f 2282//4627 2417//4627 2372//4627 
f 2280//4628 2417//4628 2282//4628 
f 2372//4629 2417//4629 2370//4629 
f 2370//4630 2417//4630 2371//4630 
f 1859//4631 2419//4631 1860//4631 
f 2280//4632 2419//4632 2418//4632 
f 1860//4633 2419//4633 2280//4633 
f 2161//4634 2420//4634 2159//4634 
f 2163//4635 2420//4635 2161//4635 
f 2164//4636 2420//4636 2163//4636 
f 2165//4637 2420//4637 2164//4637 
f 2166//4638 2420//4638 2165//4638 
f 2159//4639 2420//4639 2156//4639 
f 2156//4640 2420//4640 1893//4640 
f 1859//4641 2421//4641 2419//4641 
f 2420//4642 2422//4642 1893//4642 
f 2169//4643 2423//4643 2166//4643 
f 2170//4644 2423//4644 2169//4644 
f 2368//4645 2423//4645 2170//4645 
f 2369//4646 2423//4646 2368//4646 
f 2371//4647 2423//4647 2369//4647 
f 2418//4648 2423//4648 2371//4648 
f 2166//4649 2423//4649 2420//4649 
f 2419//4650 2423//4650 2418//4650 
f 2419//4651 2424//4651 2423//4651 
f 2423//4652 2424//4652 2420//4652 
f 2424//4653 2425//4653 2420//4653 
f 2421//4654 2425//4654 2419//4654 
f 2419//4655 2425//4655 2424//4655 
f 2420//4656 2425//4656 2422//4656 
f 2425//4657 2426//4657 2422//4657 
f 2421//4658 2426//4658 2425//4658 
f 1887//4659 2427//4659 1889//4659 
f 2426//4660 2427//4660 2422//4660 
f 2421//4661 2427//4661 2426//4661 
f 1862//4662 2428//4662 1859//4662 
f 2117//4663 2428//4663 1862//4663 
f 1889//4664 2428//4664 2117//4664 
f 2427//4665 2428//4665 1889//4665 
f 1859//4666 2428//4666 2421//4666 
f 2421//4667 2428//4667 2427//4667 
f 1871//4668 2429//4668 1887//4668 
f 1873//4669 2429//4669 1871//4669 
f 1869//4670 2429//4670 1873//4670 
f 1863//4671 2429//4671 1869//4671 
f 1865//4672 2429//4672 1863//4672 
f 1867//4673 2429//4673 1865//4673 
f 1868//4674 2429//4674 1867//4674 
f 1892//4675 2429//4675 1868//4675 
f 1893//4676 2429//4676 1892//4676 
f 1887//4677 2429//4677 2427//4677 
f 2422//4678 2429//4678 1893//4678 
f 2427//4679 2429//4679 2422//4679 
f 1826//4680 2364//4680 1827//4680 
f 1829//4681 2430//4681 1830//4681 
f 2431//4682 2432//4682 54//4682 
f 54//4683 2433//4683 55//4683 
f 2411//4684 2433//4684 2410//4684 
f 55//4685 2433//4685 2411//4685 
f 2432//4686 2433//4686 54//4686 
f 2434//4687 2435//4687 2436//4687 
f 2435//4688 2437//4688 2432//4688 
f 2430//4689 2438//4689 2437//4689 
f 2437//4690 2438//4690 2432//4690 
f 1829//4691 2439//4691 2430//4691 
f 1827//4692 2440//4692 1829//4692 
f 2441//4693 2440//4693 1827//4693 
f 2365//4694 2442//4694 2364//4694 
f 2366//4695 2442//4695 2365//4695 
f 2415//4696 2442//4696 2366//4696 
f 2364//4697 2442//4697 1827//4697 
f 2416//4698 2443//4698 2415//4698 
f 2442//4699 2443//4699 1827//4699 
f 2415//4700 2443//4700 2442//4700 
f 2412//4701 2444//4701 2416//4701 
f 2416//4702 2444//4702 2443//4702 
f 2443//4703 2444//4703 1827//4703 
f 1827//4704 2444//4704 2441//4704 
f 2360//4705 2445//4705 2412//4705 
f 2362//4706 2445//4706 2360//4706 
f 2409//4707 2445//4707 2362//4707 
f 2410//4708 2445//4708 2409//4708 
f 2444//4709 2445//4709 2441//4709 
f 2441//4710 2445//4710 2446//4710 
f 2433//4711 2445//4711 2410//4711 
f 2412//4712 2445//4712 2444//4712 
f 2446//4713 2445//4713 2433//4713 
f 2447//4714 2448//4714 2434//4714 
f 2435//4715 2448//4715 2437//4715 
f 2434//4716 2448//4716 2435//4716 
f 1830//4717 2449//4717 2447//4717 
f 2437//4718 2449//4718 2430//4718 
f 2430//4719 2449//4719 1830//4719 
f 2447//4720 2449//4720 2448//4720 
f 2448//4721 2449//4721 2437//4721 
f 2450//4722 2451//4722 2452//4722 
f 2435//4723 2453//4723 2451//4723 
f 2451//4724 2453//4724 2452//4724 
f 2452//4725 2454//4725 2455//4725 
f 2453//4726 2454//4726 2452//4726 
f 2435//4727 2454//4727 2453//4727 
f 2456//4728 2457//4728 2431//4728 
f 2454//4729 2457//4729 2455//4729 
f 2435//4730 2457//4730 2454//4730 
f 2455//4731 2457//4731 2458//4731 
f 2458//4732 2457//4732 2459//4732 
f 2459//4733 2457//4733 2460//4733 
f 2460//4734 2457//4734 2461//4734 
f 2461//4735 2457//4735 2456//4735 
f 2432//4736 2457//4736 2435//4736 
f 2431//4737 2457//4737 2432//4737 
f 2438//4738 2462//4738 2432//4738 
f 2439//4739 2462//4739 2430//4739 
f 2430//4740 2462//4740 2438//4740 
f 2462//4741 2463//4741 2432//4741 
f 2439//4742 2463//4742 2462//4742 
f 2432//4743 2463//4743 2433//4743 
f 2440//4744 2464//4744 2463//4744 
f 2463//4745 2464//4745 2433//4745 
f 2446//4746 2464//4746 2441//4746 
f 2433//4747 2464//4747 2446//4747 
f 2441//4748 2464//4748 2440//4748 
f 2451//4749 2465//4749 2435//4749 
f 2436//4750 2465//4750 2466//4750 
f 2466//4751 2465//4751 2450//4751 
f 2450//4752 2465//4752 2451//4752 
f 2435//4753 2465//4753 2436//4753 
f 2463//4754 2467//4754 2440//4754 
f 2440//4755 2467//4755 1829//4755 
f 1829//4756 2467//4756 2439//4756 
f 2439//4757 2467//4757 2463//4757 
f 1824//4758 2468//4758 1819//4758 
f 2469//4759 2470//4759 2456//4759 
f 2471//4760 2470//4760 2469//4760 
f 2472//4761 2473//4761 2469//4761 
f 2474//4762 2473//4762 2472//4762 
f 2475//4763 2473//4763 2474//4763 
f 2476//4764 2473//4764 2475//4764 
f 2477//4765 2473//4765 2476//4765 
f 2478//4766 2479//4766 2477//4766 
f 2477//4767 2479//4767 2473//4767 
f 2473//4768 2479//4768 2469//4768 
f 2480//4769 2481//4769 2478//4769 
f 2482//4770 2481//4770 2480//4770 
f 2478//4771 2481//4771 2479//4771 
f 2479//4772 2481//4772 2469//4772 
f 2483//4773 2484//4773 2471//4773 
f 2471//4774 2485//4774 2468//4774 
f 2484//4775 2485//4775 2471//4775 
f 1824//4776 2486//4776 2468//4776 
f 2468//4777 2486//4777 2471//4777 
f 1825//4778 2487//4778 1824//4778 
f 2471//4779 2487//4779 2470//4779 
f 2470//4780 2487//4780 2488//4780 
f 2486//4781 2487//4781 2471//4781 
f 1824//4782 2487//4782 2486//4782 
f 2488//4783 2487//4783 1825//4783 
f 2488//4784 2489//4784 2470//4784 
f 1825//4785 2489//4785 2488//4785 
f 1825//4786 2490//4786 2489//4786 
f 2489//4787 2490//4787 2470//4787 
f 2490//4788 2491//4788 2470//4788 
f 2491//4789 2492//4789 2470//4789 
f 2450//4790 2493//4790 2466//4790 
f 2452//4791 2493//4791 2450//4791 
f 2452//4792 2494//4792 2493//4792 
f 2455//4793 2495//4793 2452//4793 
f 2452//4794 2495//4794 2494//4794 
f 2455//4795 2496//4795 2495//4795 
f 2458//4796 2496//4796 2455//4796 
f 2497//4797 2498//4797 2482//4797 
f 2481//4798 2498//4798 2469//4798 
f 2471//4799 2498//4799 2483//4799 
f 2469//4800 2498//4800 2471//4800 
f 2482//4801 2498//4801 2481//4801 
f 2499//4802 2500//4802 2483//4802 
f 1819//4803 2500//4803 2499//4803 
f 1819//4804 2501//4804 2500//4804 
f 2484//4805 2501//4805 2485//4805 
f 2485//4806 2501//4806 2468//4806 
f 2500//4807 2501//4807 2483//4807 
f 2468//4808 2501//4808 1819//4808 
f 2483//4809 2501//4809 2484//4809 
f 2491//4810 2502//4810 2492//4810 
f 1830//4811 2502//4811 1825//4811 
f 1825//4812 2502//4812 2490//4812 
f 2490//4813 2502//4813 2491//4813 
f 1830//4814 2503//4814 2502//4814 
f 2502//4815 2503//4815 2492//4815 
f 2470//4816 2504//4816 2456//4816 
f 2492//4817 2504//4817 2470//4817 
f 2436//4818 2505//4818 2434//4818 
f 2466//4819 2505//4819 2436//4819 
f 2493//4820 2505//4820 2466//4820 
f 2458//4821 2506//4821 2496//4821 
f 2496//4822 2506//4822 2495//4822 
f 2495//4823 2506//4823 2494//4823 
f 2459//4824 2506//4824 2458//4824 
f 2460//4825 2506//4825 2459//4825 
f 2461//4826 2506//4826 2460//4826 
f 2456//4827 2506//4827 2461//4827 
f 2504//4828 2506//4828 2456//4828 
f 2493//4829 2506//4829 2504//4829 
f 2494//4830 2506//4830 2493//4830 
f 2507//4831 2508//4831 2497//4831 
f 2497//4832 2508//4832 2498//4832 
f 1820//4833 2509//4833 2507//4833 
f 2507//4834 2509//4834 2508//4834 
f 2508//4835 2509//4835 2498//4835 
f 2483//4836 2510//4836 2499//4836 
f 2509//4837 2510//4837 2498//4837 
f 2498//4838 2510//4838 2483//4838 
f 2503//4839 2511//4839 2492//4839 
f 2492//4840 2511//4840 2504//4840 
f 2503//4841 2512//4841 2511//4841 
f 2504//4842 2513//4842 2493//4842 
f 2493//4843 2513//4843 2505//4843 
f 1819//4844 2514//4844 1820//4844 
f 2499//4845 2514//4845 1819//4845 
f 1820//4846 2514//4846 2509//4846 
f 2510//4847 2514//4847 2499//4847 
f 2509//4848 2514//4848 2510//4848 
f 2447//4849 2515//4849 1830//4849 
f 1830//4850 2515//4850 2503//4850 
f 2503//4851 2515//4851 2512//4851 
f 2516//4852 2517//4852 2512//4852 
f 2504//4853 2517//4853 2513//4853 
f 2511//4854 2517//4854 2504//4854 
f 2512//4855 2517//4855 2511//4855 
f 2513//4856 2517//4856 2516//4856 
f 2447//4857 2518//4857 2515//4857 
f 2434//4858 2518//4858 2447//4858 
f 2512//4859 2518//4859 2516//4859 
f 2513//4860 2518//4860 2505//4860 
f 2516//4861 2518//4861 2513//4861 
f 2515//4862 2518//4862 2512//4862 
f 2505//4863 2518//4863 2434//4863 
f 1761//4864 2519//4864 2520//4864 
f 2521//4865 2519//4865 1761//4865 
f 1806//4866 2522//4866 1805//4866 
f 1806//4867 2523//4867 2522//4867 
f 1807//4868 2524//4868 1806//4868 
f 1806//4869 2524//4869 2523//4869 
f 1804//4870 2525//4870 1803//4870 
f 1805//4871 2525//4871 1804//4871 
f 2522//4872 2525//4872 1805//4872 
f 2523//4873 2525//4873 2522//4873 
f 1808//4874 2526//4874 1807//4874 
f 1807//4875 2526//4875 2524//4875 
f 1809//4876 2527//4876 1808//4876 
f 1808//4877 2527//4877 2526//4877 
f 1809//4878 2528//4878 2527//4878 
f 1810//4879 2529//4879 1809//4879 
f 1809//4880 2529//4880 2528//4880 
f 1813//4881 2530//4881 1810//4881 
f 1810//4882 2530//4882 2529//4882 
f 1815//4883 2531//4883 2532//4883 
f 1818//4884 2533//4884 1815//4884 
f 2534//4885 2535//4885 1818//4885 
f 1820//4886 2536//4886 1818//4886 
f 1818//4887 2536//4887 2534//4887 
f 2480//4888 2537//4888 2482//4888 
f 2478//4889 2538//4889 2480//4889 
f 2480//4890 2538//4890 2537//4890 
f 2477//4891 2539//4891 2478//4891 
f 2478//4892 2539//4892 2538//4892 
f 2476//4893 2540//4893 2477//4893 
f 2477//4894 2540//4894 2539//4894 
f 2475//4895 2541//4895 2476//4895 
f 2476//4896 2541//4896 2540//4896 
f 2472//4897 2542//4897 2474//4897 
f 2474//4898 2542//4898 2475//4898 
f 2475//4899 2542//4899 2541//4899 
f 2543//4900 2544//4900 2469//4900 
f 2545//4901 2544//4901 2543//4901 
f 2546//4902 2544//4902 2545//4902 
f 2469//4903 2544//4903 2472//4903 
f 2472//4904 2544//4904 2542//4904 
f 1814//4905 2547//4905 1813//4905 
f 1793//4906 2547//4906 1814//4906 
f 1813//4907 2547//4907 2530//4907 
f 1790//4908 2548//4908 1793//4908 
f 1793//4909 2548//4909 2547//4909 
f 1803//4910 2549//4910 1762//4910 
f 1760//4911 2549//4911 1761//4911 
f 1762//4912 2549//4912 1760//4912 
f 2525//4913 2549//4913 1803//4913 
f 2523//4914 2549//4914 2525//4914 
f 2524//4915 2550//4915 2523//4915 
f 2523//4916 2550//4916 2549//4916 
f 2549//4917 2550//4917 1761//4917 
f 2550//4918 2551//4918 1761//4918 
f 2528//4919 2551//4919 2527//4919 
f 2529//4920 2551//4920 2528//4920 
f 2527//4921 2551//4921 2526//4921 
f 2530//4922 2551//4922 2529//4922 
f 2524//4923 2551//4923 2550//4923 
f 2526//4924 2551//4924 2524//4924 
f 1815//4925 2552//4925 1778//4925 
f 2553//4926 2552//4926 2554//4926 
f 2554//4927 2552//4927 1815//4927 
f 1761//4928 2555//4928 2521//4928 
f 2551//4929 2555//4929 1761//4929 
f 2554//4930 2556//4930 2553//4930 
f 2553//4931 2556//4931 2555//4931 
f 2555//4932 2556//4932 2521//4932 
f 2531//4933 2557//4933 2532//4933 
f 2558//4934 2557//4934 2521//4934 
f 2532//4935 2557//4935 2558//4935 
f 2533//4936 2559//4936 2560//4936 
f 2560//4937 2559//4937 2521//4937 
f 2521//4938 2559//4938 2519//4938 
f 2559//4939 2561//4939 2519//4939 
f 2534//4940 2561//4940 2535//4940 
f 2519//4941 2561//4941 2562//4941 
f 2562//4942 2561//4942 2534//4942 
f 2535//4943 2561//4943 2559//4943 
f 2562//4944 2563//4944 2519//4944 
f 2534//4945 2563//4945 2562//4945 
f 2536//4946 2563//4946 2534//4946 
f 2564//4947 2563//4947 2536//4947 
f 1820//4948 2565//4948 2536//4948 
f 2536//4949 2565//4949 2564//4949 
f 2519//4950 2566//4950 2520//4950 
f 2563//4951 2566//4951 2519//4951 
f 2564//4952 2566//4952 2563//4952 
f 2482//4953 2567//4953 2497//4953 
f 2537//4954 2567//4954 2482//4954 
f 2497//4955 2567//4955 2507//4955 
f 2566//4956 2568//4956 2520//4956 
f 2538//4957 2568//4957 2537//4957 
f 2540//4958 2568//4958 2539//4958 
f 2539//4959 2568//4959 2538//4959 
f 2537//4960 2568//4960 2566//4960 
f 2546//4961 2569//4961 2544//4961 
f 2568//4962 2569//4962 2520//4962 
f 2520//4963 2569//4963 2546//4963 
f 2541//4964 2569//4964 2540//4964 
f 2542//4965 2569//4965 2541//4965 
f 2544//4966 2569//4966 2542//4966 
f 2540//4967 2569//4967 2568//4967 
f 2547//4968 2570//4968 2530//4968 
f 2551//4969 2570//4969 2555//4969 
f 2530//4970 2570//4970 2551//4970 
f 2553//4971 2571//4971 2552//4971 
f 2555//4972 2571//4972 2553//4972 
f 2554//4973 2572//4973 2556//4973 
f 2532//4974 2572//4974 1815//4974 
f 1815//4975 2572//4975 2554//4975 
f 1815//4976 2573//4976 2531//4976 
f 2533//4977 2573//4977 1815//4977 
f 2560//4978 2573//4978 2533//4978 
f 2535//4979 2574//4979 1818//4979 
f 1818//4980 2574//4980 2533//4980 
f 2559//4981 2574//4981 2535//4981 
f 2533//4982 2574//4982 2559//4982 
f 2565//4983 2575//4983 2564//4983 
f 2564//4984 2575//4984 2566//4984 
f 2507//4985 2576//4985 2577//4985 
f 2567//4986 2576//4986 2507//4986 
f 2567//4987 2578//4987 2576//4987 
f 2566//4988 2578//4988 2537//4988 
f 2537//4989 2578//4989 2567//4989 
f 2547//4990 2579//4990 2570//4990 
f 1776//4991 2579//4991 1790//4991 
f 1790//4992 2579//4992 2548//4992 
f 2548//4993 2579//4993 2547//4993 
f 2570//4994 2579//4994 2580//4994 
f 2581//4995 2582//4995 2571//4995 
f 1778//4996 2582//4996 1776//4996 
f 2552//4997 2582//4997 1778//4997 
f 2579//4998 2582//4998 2580//4998 
f 2580//4999 2582//4999 2581//4999 
f 1776//5000 2582//5000 2579//5000 
f 2571//5001 2582//5001 2552//5001 
f 2570//5002 2583//5002 2555//5002 
f 2571//5003 2583//5003 2581//5003 
f 2555//5004 2583//5004 2571//5004 
f 2581//5005 2583//5005 2580//5005 
f 2580//5006 2583//5006 2570//5006 
f 2532//5007 2584//5007 2572//5007 
f 2521//5008 2584//5008 2558//5008 
f 2558//5009 2584//5009 2532//5009 
f 2572//5010 2584//5010 2556//5010 
f 2556//5011 2584//5011 2521//5011 
f 2531//5012 2585//5012 2557//5012 
f 2573//5013 2585//5013 2531//5013 
f 2560//5014 2585//5014 2573//5014 
f 2557//5015 2585//5015 2521//5015 
f 2521//5016 2585//5016 2560//5016 
f 2575//5017 2586//5017 2577//5017 
f 1820//5018 2586//5018 2565//5018 
f 2565//5019 2586//5019 2575//5019 
f 2577//5020 2587//5020 2507//5020 
f 2507//5021 2587//5021 1820//5021 
f 2586//5022 2587//5022 2577//5022 
f 1820//5023 2587//5023 2586//5023 
f 2575//5024 2588//5024 2566//5024 
f 2577//5025 2588//5025 2575//5025 
f 2576//5026 2588//5026 2577//5026 
f 2578//5027 2588//5027 2576//5027 
f 2566//5028 2588//5028 2578//5028 
f 1212//5029 1211//5029 2431//5029 
f 2431//5030 1211//5030 2456//5030 
f 1211//5031 2469//5031 2456//5031 
f 2469//5032 2520//5032 2543//5032 
f 2543//5033 2520//5033 2545//5033 
f 2545//5034 2520//5034 2546//5034 
f 1211//5035 1231//5035 2469//5035 
f 2469//5036 1231//5036 2520//5036 
f 58//5037 2431//5037 54//5037 
f 58//5038 1212//5038 2431//5038 
f 1231//5039 1206//5039 2520//5039 
f 1206//5040 1761//5040 2520//5040 
f 1206//5041 1205//5041 1761//5041 
f 2589//5042 2590//5042 721//5042 
f 1168//5043 2591//5043 2589//5043 
f 1168//5044 2589//5044 721//5044 
f 1172//5045 2592//5045 2591//5045 
f 1172//5046 2591//5046 1168//5046 
f 2593//5047 2592//5047 1172//5047 
f 1178//5048 2594//5048 2593//5048 
f 1178//5049 2593//5049 1172//5049 
f 1182//5050 2595//5050 2594//5050 
f 1182//5051 2594//5051 1178//5051 
f 2596//5052 2595//5052 1182//5052 
f 1186//5053 2597//5053 2596//5053 
f 1186//5054 2596//5054 1182//5054 
f 1190//5055 2598//5055 2597//5055 
f 1190//5056 2597//5056 1186//5056 
f 1194//5057 2599//5057 2598//5057 
f 1194//5058 2598//5058 1190//5058 
f 1199//5059 2600//5059 2601//5059 
f 1199//5060 2601//5060 1198//5060 
f 1203//5061 2602//5061 1202//5061 
f 1203//5062 2603//5062 2602//5062 
f 1222//5063 2603//5063 1203//5063 
f 1222//5064 2604//5064 2603//5064 
f 1229//5065 2605//5065 1224//5065 
f 1229//5066 2606//5066 2605//5066 
f 1230//5067 2606//5067 1229//5067 
f 1213//5068 2607//5068 2608//5068 
f 1214//5069 2607//5069 1213//5069 
f 1214//5070 2609//5070 2607//5070 
f 1239//5071 2610//5071 1215//5071 
f 1239//5072 2611//5072 2610//5072 
f 2612//5073 2611//5073 1239//5073 
f 1240//5074 2612//5074 1239//5074 
f 2613//5075 2612//5075 1240//5075 
f 1246//5076 2613//5076 1240//5076 
f 2614//5077 2613//5077 1246//5077 
f 1253//5078 2614//5078 1246//5078 
f 2615//5079 2614//5079 1253//5079 
f 1254//5080 2615//5080 1253//5080 
f 2616//5081 2615//5081 1254//5081 
f 1218//5082 2616//5082 1254//5082 
f 2617//5083 2616//5083 1218//5083 
f 677//5084 2617//5084 1218//5084 
f 2618//5085 2601//5085 2599//5085 
f 2618//5086 2599//5086 1194//5086 
f 2618//5087 1198//5087 2601//5087 
f 2619//5088 1194//5088 1198//5088 
f 2619//5089 2618//5089 1194//5089 
f 2619//5090 1198//5090 2618//5090 
f 2620//5091 2602//5091 2600//5091 
f 2621//5092 2600//5092 1199//5092 
f 2621//5093 2602//5093 2620//5093 
f 2621//5094 1202//5094 2602//5094 
f 2621//5095 1199//5095 1202//5095 
f 2621//5096 2620//5096 2600//5096 
f 2622//5097 1224//5097 2605//5097 
f 2622//5098 2605//5098 2604//5098 
f 2623//5099 1222//5099 1224//5099 
f 2623//5100 2604//5100 1222//5100 
f 2623//5101 1224//5101 2622//5101 
f 2623//5102 2622//5102 2604//5102 
f 2624//5103 2606//5103 1230//5103 
f 2624//5104 1213//5104 2608//5104 
f 2624//5105 2608//5105 2606//5105 
f 2625//5106 1230//5106 1213//5106 
f 2625//5107 1213//5107 2624//5107 
f 2625//5108 2624//5108 1230//5108 
f 2626//5109 1215//5109 2610//5109 
f 2626//5110 2610//5110 2609//5110 
f 2627//5111 1214//5111 1215//5111 
f 2627//5112 2626//5112 2609//5112 
f 2627//5113 1215//5113 2626//5113 
f 2627//5114 2609//5114 1214//5114 
f 2628//5115 2617//5115 677//5115 
f 676//5116 2629//5116 2628//5116 
f 676//5117 2628//5117 677//5117 
f 727//5118 2630//5118 2629//5118 
f 727//5119 2629//5119 676//5119 
f 2631//5120 2630//5120 727//5120 
f 732//5121 2632//5121 2631//5121 
f 732//5122 2631//5122 727//5122 
f 733//5123 2633//5123 2632//5123 
f 733//5124 2632//5124 732//5124 
f 2634//5125 2633//5125 733//5125 
f 737//5126 2635//5126 2634//5126 
f 737//5127 2634//5127 733//5127 
f 744//5128 2636//5128 2635//5128 
f 744//5129 2635//5129 737//5129 
f 684//5130 2637//5130 2636//5130 
f 684//5131 2636//5131 744//5131 
f 686//5132 2638//5132 2639//5132 
f 686//5133 2639//5133 683//5133 
f 756//5134 2640//5134 687//5134 
f 756//5135 2641//5135 2640//5135 
f 757//5136 2641//5136 756//5136 
f 757//5137 2642//5137 2641//5137 
f 695//5138 2643//5138 696//5138 
f 695//5139 2644//5139 2643//5139 
f 699//5140 2644//5140 695//5140 
f 702//5141 2645//5141 2646//5141 
f 704//5142 2645//5142 702//5142 
f 704//5143 2647//5143 2645//5143 
f 706//5144 2648//5144 2649//5144 
f 706//5145 2649//5145 705//5145 
f 2650//5146 2648//5146 706//5146 
f 769//5147 2650//5147 706//5147 
f 2651//5148 2650//5148 769//5148 
f 770//5149 2651//5149 769//5149 
f 2652//5150 2651//5150 770//5150 
f 772//5151 2652//5151 770//5151 
f 2653//5152 2652//5152 772//5152 
f 717//5153 2653//5153 772//5153 
f 2654//5154 2653//5154 717//5154 
f 716//5155 2654//5155 717//5155 
f 2590//5156 2654//5156 716//5156 
f 721//5157 2590//5157 716//5157 
f 2655//5158 2639//5158 2637//5158 
f 2655//5159 2637//5159 684//5159 
f 2655//5160 683//5160 2639//5160 
f 2656//5161 684//5161 683//5161 
f 2656//5162 2655//5162 684//5162 
f 2656//5163 683//5163 2655//5163 
f 2657//5164 2640//5164 2638//5164 
f 2658//5165 2638//5165 686//5165 
f 2658//5166 2640//5166 2657//5166 
f 2658//5167 687//5167 2640//5167 
f 2658//5168 686//5168 687//5168 
f 2658//5169 2657//5169 2638//5169 
f 2659//5170 696//5170 2643//5170 
f 2659//5171 2643//5171 2642//5171 
f 2660//5172 757//5172 696//5172 
f 2660//5173 2642//5173 757//5173 
f 2660//5174 696//5174 2659//5174 
f 2660//5175 2659//5175 2642//5175 
f 2661//5176 2644//5176 699//5176 
f 2661//5177 702//5177 2646//5177 
f 2661//5178 2646//5178 2644//5178 
f 2662//5179 699//5179 702//5179 
f 2662//5180 702//5180 2661//5180 
f 2662//5181 2661//5181 699//5181 
f 2663//5182 2649//5182 2647//5182 
f 2663//5183 705//5183 2649//5183 
f 2664//5184 704//5184 705//5184 
f 2664//5185 2663//5185 2647//5185 
f 2664//5186 705//5186 2663//5186 
f 2664//5187 2647//5187 704//5187 
f 2665//5188 2597//5188 2598//5188 
f 2666//5189 2665//5189 2598//5189 
f 2666//5190 2598//5190 2599//5190 
f 2667//5191 2597//5191 2665//5191 
f 2596//5192 2597//5192 2667//5192 
f 2668//5193 2666//5193 2599//5193 
f 2601//5194 2668//5194 2599//5194 
f 2669//5195 2596//5195 2667//5195 
f 2595//5196 2596//5196 2669//5196 
f 2670//5197 2668//5197 2601//5197 
f 2671//5198 2595//5198 2669//5198 
f 2600//5199 2670//5199 2601//5199 
f 2594//5200 2595//5200 2671//5200 
f 2672//5201 2670//5201 2600//5201 
f 2673//5202 2594//5202 2671//5202 
f 2593//5203 2594//5203 2673//5203 
f 2602//5204 2672//5204 2600//5204 
f 2674//5205 2593//5205 2673//5205 
f 2675//5206 2672//5206 2602//5206 
f 2592//5207 2593//5207 2674//5207 
f 2676//5208 2592//5208 2674//5208 
f 2603//5209 2675//5209 2602//5209 
f 2591//5210 2592//5210 2676//5210 
f 2677//5211 2591//5211 2676//5211 
f 2678//5212 2675//5212 2603//5212 
f 2589//5213 2591//5213 2677//5213 
f 2679//5214 2589//5214 2677//5214 
f 2604//5215 2678//5215 2603//5215 
f 2680//5216 2678//5216 2604//5216 
f 2590//5217 2589//5217 2679//5217 
f 2681//5218 2590//5218 2679//5218 
f 2605//5219 2680//5219 2604//5219 
f 2682//5220 2680//5220 2605//5220 
f 2683//5221 2654//5221 2590//5221 
f 2683//5222 2590//5222 2681//5222 
f 2606//5223 2682//5223 2605//5223 
f 2684//5224 2682//5224 2606//5224 
f 2685//5225 2654//5225 2683//5225 
f 2653//5226 2654//5226 2685//5226 
f 2608//5227 2684//5227 2606//5227 
f 2686//5228 2684//5228 2608//5228 
f 2687//5229 2653//5229 2685//5229 
f 2652//5230 2653//5230 2687//5230 
f 2688//5231 2686//5231 2608//5231 
f 2607//5232 2688//5232 2608//5232 
f 2689//5233 2652//5233 2687//5233 
f 2651//5234 2652//5234 2689//5234 
f 2690//5235 2688//5235 2607//5235 
f 2609//5236 2690//5236 2607//5236 
f 2691//5237 2651//5237 2689//5237 
f 2650//5238 2651//5238 2691//5238 
f 2692//5239 2690//5239 2609//5239 
f 2610//5240 2692//5240 2609//5240 
f 2693//5241 2650//5241 2691//5241 
f 2648//5242 2650//5242 2693//5242 
f 2611//5243 2692//5243 2610//5243 
f 2694//5244 2692//5244 2611//5244 
f 2695//5245 2649//5245 2648//5245 
f 2695//5246 2648//5246 2693//5246 
f 2612//5247 2694//5247 2611//5247 
f 2696//5248 2694//5248 2612//5248 
f 2647//5249 2649//5249 2695//5249 
f 2697//5250 2647//5250 2695//5250 
f 2613//5251 2696//5251 2612//5251 
f 2698//5252 2696//5252 2613//5252 
f 2645//5253 2647//5253 2697//5253 
f 2699//5254 2645//5254 2697//5254 
f 2614//5255 2698//5255 2613//5255 
f 2700//5256 2698//5256 2614//5256 
f 2646//5257 2645//5257 2699//5257 
f 2646//5258 2699//5258 2701//5258 
f 2615//5259 2700//5259 2614//5259 
f 2702//5260 2700//5260 2615//5260 
f 2703//5261 2646//5261 2701//5261 
f 2644//5262 2646//5262 2703//5262 
f 2616//5263 2704//5263 2702//5263 
f 2616//5264 2702//5264 2615//5264 
f 2705//5265 2644//5265 2703//5265 
f 2643//5266 2644//5266 2705//5266 
f 2617//5267 2706//5267 2704//5267 
f 2617//5268 2704//5268 2616//5268 
f 2707//5269 2643//5269 2705//5269 
f 2642//5270 2643//5270 2707//5270 
f 2708//5271 2706//5271 2617//5271 
f 2628//5272 2708//5272 2617//5272 
f 2709//5273 2642//5273 2707//5273 
f 2710//5274 2708//5274 2628//5274 
f 2629//5275 2710//5275 2628//5275 
f 2641//5276 2642//5276 2709//5276 
f 2711//5277 2710//5277 2629//5277 
f 2630//5278 2711//5278 2629//5278 
f 2712//5279 2641//5279 2709//5279 
f 2713//5280 2711//5280 2630//5280 
f 2640//5281 2641//5281 2712//5281 
f 2631//5282 2713//5282 2630//5282 
f 2714//5283 2713//5283 2631//5283 
f 2715//5284 2640//5284 2712//5284 
f 2632//5285 2714//5285 2631//5285 
f 2638//5286 2640//5286 2715//5286 
f 2716//5287 2714//5287 2632//5287 
f 2717//5288 2638//5288 2715//5288 
f 2633//5289 2716//5289 2632//5289 
f 2718//5290 2716//5290 2633//5290 
f 2639//5291 2638//5291 2717//5291 
f 2719//5292 2639//5292 2717//5292 
f 2634//5293 2718//5293 2633//5293 
f 2720//5294 2718//5294 2634//5294 
f 2637//5295 2719//5295 2721//5295 
f 2637//5296 2639//5296 2719//5296 
f 2635//5297 2722//5297 2720//5297 
f 2635//5298 2720//5298 2634//5298 
f 2636//5299 2721//5299 2722//5299 
f 2636//5300 2637//5300 2721//5300 
f 2636//5301 2722//5301 2635//5301 
f 2723//5302 17//5302 15//5302 
f 2724//5303 2666//5303 2668//5303 
f 2725//5304 21//5304 19//5304 
f 2726//5305 2672//5305 2675//5305 
f 2727//5306 27//5306 25//5306 
f 2728//5307 2680//5307 2682//5307 
f 2729//5308 37//5308 35//5308 
f 2730//5309 2690//5309 2692//5309 
f 2731//5310 2//5310 1//5310 
f 2731//5311 2732//5311 2733//5311 
f 2731//5312 2734//5312 2732//5312 
f 2731//5313 2735//5313 2734//5313 
f 2731//5314 2736//5314 2735//5314 
f 2731//5315 1//5315 2736//5315 
f 2737//5316 2679//5316 2731//5316 
f 2737//5317 2731//5317 2733//5317 
f 2738//5318 2679//5318 2737//5318 
f 2738//5319 2737//5319 2733//5319 
f 2739//5320 2738//5320 2733//5320 
f 2739//5321 2679//5321 2738//5321 
f 2739//5322 2740//5322 2681//5322 
f 2739//5323 2741//5323 2740//5323 
f 2739//5324 2733//5324 2741//5324 
f 2739//5325 2681//5325 2679//5325 
f 2742//5326 2731//5326 2679//5326 
f 2742//5327 2679//5327 2677//5327 
f 2742//5328 2//5328 2731//5328 
f 2743//5329 2742//5329 2677//5329 
f 2743//5330 2//5330 2742//5330 
f 2744//5331 5//5331 2//5331 
f 2744//5332 2677//5332 2676//5332 
f 2744//5333 2//5333 2743//5333 
f 2744//5334 2743//5334 2677//5334 
f 2745//5335 5//5335 2744//5335 
f 2745//5336 2744//5336 2676//5336 
f 2746//5337 2676//5337 2674//5337 
f 2746//5338 5//5338 2745//5338 
f 2746//5339 2745//5339 2676//5339 
f 2747//5340 7//5340 5//5340 
f 2747//5341 2674//5341 2673//5341 
f 2747//5342 2746//5342 2674//5342 
f 2747//5343 5//5343 2746//5343 
f 2748//5344 2747//5344 2673//5344 
f 2748//5345 7//5345 2747//5345 
f 2749//5346 9//5346 7//5346 
f 2749//5347 2748//5347 2673//5347 
f 2749//5348 7//5348 2748//5348 
f 2749//5349 2673//5349 2671//5349 
f 2750//5350 9//5350 2749//5350 
f 2750//5351 2749//5351 2671//5351 
f 2751//5352 2750//5352 2671//5352 
f 2751//5353 9//5353 2750//5353 
f 2751//5354 2671//5354 2669//5354 
f 2752//5355 2751//5355 2669//5355 
f 2752//5356 9//5356 2751//5356 
f 2752//5357 11//5357 9//5357 
f 2752//5358 2669//5358 2667//5358 
f 2753//5359 11//5359 2752//5359 
f 2753//5360 2752//5360 2667//5360 
f 2754//5361 11//5361 2753//5361 
f 2754//5362 2753//5362 2667//5362 
f 2754//5363 13//5363 11//5363 
f 2754//5364 2667//5364 2665//5364 
f 2755//5365 2754//5365 2665//5365 
f 2755//5366 13//5366 2754//5366 
f 2756//5367 2755//5367 2665//5367 
f 2756//5368 13//5368 2755//5368 
f 2756//5369 15//5369 13//5369 
f 2756//5370 2665//5370 2666//5370 
f 2757//5371 2666//5371 2724//5371 
f 2757//5372 2756//5372 2666//5372 
f 2757//5373 15//5373 2756//5373 
f 2758//5374 2757//5374 2724//5374 
f 2758//5375 15//5375 2757//5375 
f 2758//5376 2724//5376 2723//5376 
f 2758//5377 2723//5377 15//5377 
f 2759//5378 2724//5378 2668//5378 
f 2759//5379 2723//5379 2724//5379 
f 2760//5380 17//5380 2723//5380 
f 2760//5381 2723//5381 2759//5381 
f 2760//5382 2759//5382 2668//5382 
f 2761//5383 19//5383 17//5383 
f 2761//5384 2760//5384 2668//5384 
f 2761//5385 2668//5385 2670//5385 
f 2761//5386 17//5386 2760//5386 
f 2762//5387 19//5387 2761//5387 
f 2762//5388 2761//5388 2670//5388 
f 2762//5389 2670//5389 2672//5389 
f 2763//5390 19//5390 2762//5390 
f 2763//5391 2762//5391 2672//5391 
f 2763//5392 2725//5392 19//5392 
f 2764//5393 2763//5393 2672//5393 
f 2764//5394 2725//5394 2763//5394 
f 2764//5395 2726//5395 2725//5395 
f 2764//5396 2672//5396 2726//5396 
f 2765//5397 21//5397 2725//5397 
f 2766//5398 2675//5398 2765//5398 
f 2766//5399 2765//5399 2725//5399 
f 2766//5400 2725//5400 2726//5400 
f 2766//5401 2726//5401 2675//5401 
f 2767//5402 23//5402 21//5402 
f 2767//5403 21//5403 2765//5403 
f 2767//5404 2765//5404 2675//5404 
f 2767//5405 2675//5405 2678//5405 
f 2768//5406 2767//5406 2678//5406 
f 2768//5407 23//5407 2767//5407 
f 2769//5408 25//5408 23//5408 
f 2769//5409 2678//5409 2680//5409 
f 2769//5410 23//5410 2768//5410 
f 2769//5411 2768//5411 2678//5411 
f 2770//5412 25//5412 2769//5412 
f 2770//5413 2727//5413 25//5413 
f 2770//5414 2769//5414 2680//5414 
f 2771//5415 2680//5415 2728//5415 
f 2771//5416 2728//5416 2727//5416 
f 2771//5417 2770//5417 2680//5417 
f 2771//5418 2727//5418 2770//5418 
f 2772//5419 2727//5419 2728//5419 
f 2772//5420 27//5420 2727//5420 
f 2773//5421 2772//5421 2728//5421 
f 2773//5422 2728//5422 2682//5422 
f 2773//5423 27//5423 2772//5423 
f 2774//5424 29//5424 27//5424 
f 2774//5425 27//5425 2773//5425 
f 2774//5426 2682//5426 2684//5426 
f 2774//5427 2773//5427 2682//5427 
f 2775//5428 29//5428 2774//5428 
f 2775//5429 2774//5429 2684//5429 
f 2776//5430 31//5430 29//5430 
f 2776//5431 2684//5431 2686//5431 
f 2776//5432 29//5432 2775//5432 
f 2776//5433 2775//5433 2684//5433 
f 2776//5434 2686//5434 2777//5434 
f 2778//5435 2777//5435 2779//5435 
f 2778//5436 2779//5436 31//5436 
f 2778//5437 2776//5437 2777//5437 
f 2778//5438 31//5438 2776//5438 
f 2780//5439 2779//5439 2777//5439 
f 2780//5440 33//5440 31//5440 
f 2780//5441 31//5441 2779//5441 
f 2781//5442 2780//5442 2777//5442 
f 2781//5443 2686//5443 2688//5443 
f 2781//5444 33//5444 2780//5444 
f 2781//5445 2777//5445 2686//5445 
f 2782//5446 2781//5446 2688//5446 
f 2782//5447 33//5447 2781//5447 
f 2783//5448 35//5448 33//5448 
f 2783//5449 2688//5449 2690//5449 
f 2783//5450 33//5450 2782//5450 
f 2783//5451 2782//5451 2688//5451 
f 2784//5452 35//5452 2783//5452 
f 2784//5453 2783//5453 2690//5453 
f 2785//5454 2690//5454 2730//5454 
f 2785//5455 2730//5455 2729//5455 
f 2785//5456 2784//5456 2690//5456 
f 2786//5457 2729//5457 2730//5457 
f 2786//5458 37//5458 2729//5458 
f 2787//5459 37//5459 2786//5459 
f 2787//5460 2786//5460 2730//5460 
f 2787//5461 2730//5461 2692//5461 
f 2788//5462 2787//5462 2692//5462 
f 2788//5463 39//5463 37//5463 
f 2788//5464 2692//5464 2694//5464 
f 2788//5465 37//5465 2787//5465 
f 2789//5466 39//5466 2788//5466 
f 2789//5467 2788//5467 2694//5467 
f 2790//5468 2789//5468 2694//5468 
f 2790//5469 41//5469 39//5469 
f 2790//5470 2694//5470 2696//5470 
f 2790//5471 39//5471 2789//5471 
f 2791//5472 41//5472 2790//5472 
f 2791//5473 2790//5473 2696//5473 
f 2792//5474 43//5474 41//5474 
f 2792//5475 2791//5475 2696//5475 
f 2792//5476 2696//5476 2698//5476 
f 2792//5477 41//5477 2791//5477 
f 2793//5478 43//5478 2792//5478 
f 2793//5479 2792//5479 2698//5479 
f 2794//5480 45//5480 43//5480 
f 2794//5481 43//5481 2793//5481 
f 2794//5482 2793//5482 2698//5482 
f 2794//5483 2698//5483 2700//5483 
f 2795//5484 2794//5484 2700//5484 
f 2795//5485 45//5485 2794//5485 
f 2796//5486 47//5486 45//5486 
f 2796//5487 45//5487 2795//5487 
f 2796//5488 2795//5488 2700//5488 
f 2796//5489 2700//5489 2702//5489 
f 2797//5490 2796//5490 2702//5490 
f 2797//5491 47//5491 2796//5491 
f 2798//5492 49//5492 47//5492 
f 2798//5493 47//5493 2797//5493 
f 2798//5494 2797//5494 2702//5494 
f 2798//5495 2702//5495 2704//5495 
f 2799//5496 2798//5496 2704//5496 
f 2799//5497 49//5497 2798//5497 
f 2800//5498 2801//5498 51//5498 
f 2800//5499 2802//5499 2801//5499 
f 2800//5500 2799//5500 2704//5500 
f 2800//5501 2803//5501 2802//5501 
f 2800//5502 2804//5502 2803//5502 
f 2800//5503 2805//5503 2804//5503 
f 2800//5504 2806//5504 2805//5504 
f 2800//5505 2807//5505 2806//5505 
f 2800//5506 2706//5506 2807//5506 
f 2800//5507 51//5507 49//5507 
f 2800//5508 2704//5508 2706//5508 
f 2800//5509 49//5509 2799//5509 
f 2808//5510 2785//5510 2729//5510 
f 2808//5511 35//5511 2784//5511 
f 2808//5512 2729//5512 35//5512 
f 2808//5513 2784//5513 2785//5513 
f 2736//5514 1//5514 2809//5514 
f 2735//5515 2736//5515 2809//5515 
f 2740//5516 2741//5516 2683//5516 
f 2681//5517 2740//5517 2683//5517 
f 2810//5518 2811//5518 2812//5518 
f 2813//5519 2721//5519 2719//5519 
f 2814//5520 2815//5520 2816//5520 
f 2817//5521 2715//5521 2712//5521 
f 2818//5522 2819//5522 2820//5522 
f 2821//5523 2707//5523 2705//5523 
f 2822//5524 2823//5524 2824//5524 
f 2825//5525 2697//5525 2695//5525 
f 2826//5526 2827//5526 51//5526 
f 2826//5527 51//5527 2801//5527 
f 2826//5528 2801//5528 2802//5528 
f 2826//5529 2802//5529 2803//5529 
f 2826//5530 2803//5530 2804//5530 
f 2828//5531 2708//5531 2826//5531 
f 2828//5532 2826//5532 2804//5532 
f 2829//5533 2828//5533 2804//5533 
f 2829//5534 2708//5534 2828//5534 
f 2829//5535 2804//5535 2805//5535 
f 2829//5536 2805//5536 2806//5536 
f 2829//5537 2806//5537 2807//5537 
f 2829//5538 2807//5538 2706//5538 
f 2829//5539 2706//5539 2708//5539 
f 2830//5540 2826//5540 2708//5540 
f 2830//5541 2827//5541 2826//5541 
f 2830//5542 2708//5542 2710//5542 
f 2831//5543 2827//5543 2830//5543 
f 2831//5544 2830//5544 2710//5544 
f 2832//5545 2833//5545 2827//5545 
f 2832//5546 2710//5546 2711//5546 
f 2832//5547 2827//5547 2831//5547 
f 2832//5548 2831//5548 2710//5548 
f 2834//5549 2833//5549 2832//5549 
f 2834//5550 2832//5550 2711//5550 
f 2835//5551 2833//5551 2834//5551 
f 2835//5552 2834//5552 2711//5552 
f 2835//5553 2711//5553 2713//5553 
f 2836//5554 2837//5554 2833//5554 
f 2836//5555 2713//5555 2714//5555 
f 2836//5556 2833//5556 2835//5556 
f 2836//5557 2835//5557 2713//5557 
f 2838//5558 2837//5558 2836//5558 
f 2838//5559 2836//5559 2714//5559 
f 2839//5560 2837//5560 2838//5560 
f 2839//5561 2840//5561 2837//5561 
f 2839//5562 2838//5562 2714//5562 
f 2839//5563 2714//5563 2716//5563 
f 2841//5564 2839//5564 2716//5564 
f 2841//5565 2840//5565 2839//5565 
f 2842//5566 2716//5566 2718//5566 
f 2842//5567 2841//5567 2716//5567 
f 2842//5568 2840//5568 2841//5568 
f 2843//5569 2844//5569 2840//5569 
f 2843//5570 2840//5570 2842//5570 
f 2843//5571 2718//5571 2720//5571 
f 2843//5572 2842//5572 2718//5572 
f 2845//5573 2843//5573 2720//5573 
f 2845//5574 2844//5574 2843//5574 
f 2846//5575 2845//5575 2720//5575 
f 2846//5576 2847//5576 2844//5576 
f 2846//5577 2720//5577 2722//5577 
f 2846//5578 2844//5578 2845//5578 
f 2848//5579 2846//5579 2722//5579 
f 2848//5580 2847//5580 2846//5580 
f 2849//5581 2848//5581 2722//5581 
f 2849//5582 2847//5582 2848//5582 
f 2849//5583 2812//5583 2847//5583 
f 2849//5584 2722//5584 2721//5584 
f 2850//5585 2812//5585 2849//5585 
f 2850//5586 2849//5586 2721//5586 
f 2850//5587 2721//5587 2813//5587 
f 2851//5588 2850//5588 2813//5588 
f 2851//5589 2812//5589 2850//5589 
f 2851//5590 2813//5590 2810//5590 
f 2851//5591 2810//5591 2812//5591 
f 2852//5592 2810//5592 2813//5592 
f 2852//5593 2813//5593 2719//5593 
f 2853//5594 2810//5594 2852//5594 
f 2853//5595 2852//5595 2719//5595 
f 2853//5596 2811//5596 2810//5596 
f 2854//5597 2816//5597 2811//5597 
f 2854//5598 2811//5598 2853//5598 
f 2854//5599 2853//5599 2719//5599 
f 2854//5600 2719//5600 2717//5600 
f 2855//5601 2816//5601 2854//5601 
f 2855//5602 2854//5602 2717//5602 
f 2855//5603 2717//5603 2715//5603 
f 2856//5604 2816//5604 2855//5604 
f 2856//5605 2855//5605 2715//5605 
f 2856//5606 2814//5606 2816//5606 
f 2857//5607 2715//5607 2817//5607 
f 2857//5608 2817//5608 2814//5608 
f 2857//5609 2856//5609 2715//5609 
f 2857//5610 2814//5610 2856//5610 
f 2858//5611 2815//5611 2814//5611 
f 2859//5612 2814//5612 2817//5612 
f 2859//5613 2817//5613 2712//5613 
f 2859//5614 2858//5614 2814//5614 
f 2859//5615 2712//5615 2858//5615 
f 2860//5616 2861//5616 2815//5616 
f 2860//5617 2815//5617 2858//5617 
f 2860//5618 2858//5618 2712//5618 
f 2860//5619 2712//5619 2709//5619 
f 2862//5620 2861//5620 2860//5620 
f 2862//5621 2860//5621 2709//5621 
f 2863//5622 2820//5622 2861//5622 
f 2863//5623 2709//5623 2707//5623 
f 2863//5624 2861//5624 2862//5624 
f 2863//5625 2862//5625 2709//5625 
f 2864//5626 2818//5626 2820//5626 
f 2864//5627 2820//5627 2863//5627 
f 2864//5628 2863//5628 2707//5628 
f 2865//5629 2707//5629 2821//5629 
f 2865//5630 2821//5630 2818//5630 
f 2865//5631 2864//5631 2707//5631 
f 2865//5632 2818//5632 2864//5632 
f 2866//5633 2818//5633 2821//5633 
f 2866//5634 2819//5634 2818//5634 
f 2867//5635 2866//5635 2821//5635 
f 2867//5636 2819//5636 2866//5636 
f 2867//5637 2821//5637 2705//5637 
f 2868//5638 2869//5638 2819//5638 
f 2868//5639 2705//5639 2703//5639 
f 2868//5640 2819//5640 2867//5640 
f 2868//5641 2867//5641 2705//5641 
f 2870//5642 2869//5642 2868//5642 
f 2870//5643 2868//5643 2703//5643 
f 2871//5644 2872//5644 2869//5644 
f 2871//5645 2703//5645 2701//5645 
f 2871//5646 2869//5646 2870//5646 
f 2871//5647 2870//5647 2703//5647 
f 2871//5648 2701//5648 2873//5648 
f 2874//5649 2872//5649 2871//5649 
f 2874//5650 2875//5650 2872//5650 
f 2874//5651 2871//5651 2873//5651 
f 2874//5652 2873//5652 2875//5652 
f 2876//5653 2877//5653 2872//5653 
f 2876//5654 2872//5654 2875//5654 
f 2876//5655 2875//5655 2873//5655 
f 2878//5656 2701//5656 2699//5656 
f 2878//5657 2873//5657 2701//5657 
f 2878//5658 2876//5658 2873//5658 
f 2878//5659 2877//5659 2876//5659 
f 2879//5660 2878//5660 2699//5660 
f 2879//5661 2877//5661 2878//5661 
f 2880//5662 2824//5662 2877//5662 
f 2880//5663 2699//5663 2697//5663 
f 2880//5664 2877//5664 2879//5664 
f 2880//5665 2879//5665 2699//5665 
f 2881//5666 2824//5666 2880//5666 
f 2881//5667 2880//5667 2697//5667 
f 2882//5668 2825//5668 2822//5668 
f 2882//5669 2697//5669 2825//5669 
f 2882//5670 2881//5670 2697//5670 
f 2883//5671 2822//5671 2825//5671 
f 2883//5672 2823//5672 2822//5672 
f 2884//5673 2883//5673 2825//5673 
f 2884//5674 2823//5674 2883//5674 
f 2884//5675 2825//5675 2695//5675 
f 2885//5676 2884//5676 2695//5676 
f 2885//5677 2886//5677 2823//5677 
f 2885//5678 2695//5678 2693//5678 
f 2885//5679 2823//5679 2884//5679 
f 2887//5680 2886//5680 2885//5680 
f 2887//5681 2885//5681 2693//5681 
f 2888//5682 2889//5682 2886//5682 
f 2888//5683 2887//5683 2693//5683 
f 2888//5684 2693//5684 2691//5684 
f 2888//5685 2886//5685 2887//5685 
f 2890//5686 2889//5686 2888//5686 
f 2890//5687 2888//5687 2691//5687 
f 2891//5688 2892//5688 2889//5688 
f 2891//5689 2890//5689 2691//5689 
f 2891//5690 2691//5690 2689//5690 
f 2891//5691 2889//5691 2890//5691 
f 2893//5692 2892//5692 2891//5692 
f 2893//5693 2891//5693 2689//5693 
f 2894//5694 2895//5694 2892//5694 
f 2894//5695 2892//5695 2893//5695 
f 2894//5696 2893//5696 2689//5696 
f 2894//5697 2689//5697 2687//5697 
f 2896//5698 2894//5698 2687//5698 
f 2896//5699 2895//5699 2894//5699 
f 2897//5700 2898//5700 2895//5700 
f 2897//5701 2895//5701 2896//5701 
f 2897//5702 2896//5702 2687//5702 
f 2897//5703 2687//5703 2685//5703 
f 2899//5704 2897//5704 2685//5704 
f 2899//5705 2898//5705 2897//5705 
f 2900//5706 2809//5706 2898//5706 
f 2900//5707 2898//5707 2899//5707 
f 2900//5708 2685//5708 2683//5708 
f 2900//5709 2899//5709 2685//5709 
f 2901//5710 2735//5710 2809//5710 
f 2901//5711 2683//5711 2741//5711 
f 2901//5712 2900//5712 2683//5712 
f 2901//5713 2741//5713 2733//5713 
f 2901//5714 2733//5714 2732//5714 
f 2901//5715 2732//5715 2734//5715 
f 2901//5716 2734//5716 2735//5716 
f 2901//5717 2809//5717 2900//5717 
f 2902//5718 2882//5718 2822//5718 
f 2902//5719 2822//5719 2824//5719 
f 2902//5720 2824//5720 2881//5720 
f 2902//5721 2881//5721 2882//5721 
f 51//5722 2827//5722 52//5722 
f 52//5723 2827//5723 2903//5723 
f 2903//5724 2833//5724 2904//5724 
f 2827//5725 2833//5725 2903//5725 
f 2904//5726 2837//5726 2905//5726 
f 2833//5727 2837//5727 2904//5727 
f 2905//5728 2840//5728 2906//5728 
f 2837//5729 2840//5729 2905//5729 
f 2906//5730 2844//5730 2907//5730 
f 2840//5731 2844//5731 2906//5731 
f 2907//5732 2847//5732 2908//5732 
f 2844//5733 2847//5733 2907//5733 
f 2908//5734 2812//5734 2909//5734 
f 2847//5735 2812//5735 2908//5735 
f 2909//5736 2811//5736 2910//5736 
f 2812//5737 2811//5737 2909//5737 
f 2910//5738 2816//5738 2911//5738 
f 2811//5739 2816//5739 2910//5739 
f 2911//5740 2815//5740 2912//5740 
f 2816//5741 2815//5741 2911//5741 
f 2912//5742 2861//5742 2913//5742 
f 2815//5743 2861//5743 2912//5743 
f 2861//5744 2820//5744 2913//5744 
f 2913//5745 2820//5745 2914//5745 
f 2820//5746 2819//5746 2914//5746 
f 2914//5747 2819//5747 2915//5747 
f 2819//5748 2869//5748 2915//5748 
f 2915//5749 2869//5749 2916//5749 
f 2869//5750 2872//5750 2916//5750 
f 2916//5751 2872//5751 2917//5751 
f 2872//5752 2877//5752 2917//5752 
f 2917//5753 2877//5753 2918//5753 
f 2877//5754 2824//5754 2918//5754 
f 2918//5755 2824//5755 2919//5755 
f 2824//5756 2823//5756 2919//5756 
f 2919//5757 2823//5757 2920//5757 
f 2823//5758 2886//5758 2920//5758 
f 2920//5759 2886//5759 2921//5759 
f 2921//5760 2889//5760 2922//5760 
f 2886//5761 2889//5761 2921//5761 
f 2922//5762 2892//5762 2923//5762 
f 2889//5763 2892//5763 2922//5763 
f 2923//5764 2895//5764 2924//5764 
f 2892//5765 2895//5765 2923//5765 
f 2924//5766 2898//5766 2925//5766 
f 2895//5767 2898//5767 2924//5767 
f 2925//5768 2809//5768 2926//5768 
f 2898//5769 2809//5769 2925//5769 
f 2926//5770 1//5770 3//5770 
f 2809//5771 1//5771 2926//5771 
f 2927//5772 2928//5772 2929//5772 
f 2930//5773 2931//5773 4//5773 
f 2931//5774 2932//5774 4//5774 
f 2932//5775 2933//5775 4//5775 
f 2933//5776 3//5776 4//5776 
f 2934//5777 2935//5777 2936//5777 
f 38//5778 2937//5778 36//5778 
f 28//5779 2938//5779 26//5779 
f 2939//5780 2940//5780 2941//5780 
f 18//5781 2942//5781 16//5781 
f 2943//5782 2944//5782 2945//5782 
f 2946//5783 2944//5783 2947//5783 
f 2948//5784 2944//5784 2946//5784 
f 2949//5785 2944//5785 2948//5785 
f 2945//5786 2944//5786 2949//5786 
f 2944//5787 2950//5787 2947//5787 
f 2943//5788 2950//5788 2944//5788 
f 52//5789 2951//5789 50//5789 
f 2950//5790 2951//5790 2947//5790 
f 2952//5791 2951//5791 52//5791 
f 2953//5792 2951//5792 2952//5792 
f 2954//5793 2951//5793 2953//5793 
f 2947//5794 2951//5794 2954//5794 
f 2943//5795 2951//5795 2950//5795 
f 2955//5796 2956//5796 2943//5796 
f 2943//5797 2956//5797 2951//5797 
f 2951//5798 2956//5798 50//5798 
f 2955//5799 2957//5799 2956//5799 
f 2956//5800 2957//5800 50//5800 
f 50//5801 2958//5801 48//5801 
f 2959//5802 2958//5802 2955//5802 
f 2957//5803 2958//5803 50//5803 
f 2955//5804 2958//5804 2957//5804 
f 2959//5805 2960//5805 2958//5805 
f 2961//5806 2960//5806 2959//5806 
f 2958//5807 2960//5807 48//5807 
f 2960//5808 2962//5808 48//5808 
f 2961//5809 2962//5809 2960//5809 
f 48//5810 2963//5810 46//5810 
f 2961//5811 2963//5811 2962//5811 
f 2964//5812 2963//5812 2961//5812 
f 2962//5813 2963//5813 48//5813 
f 2963//5814 2965//5814 46//5814 
f 2964//5815 2965//5815 2963//5815 
f 46//5816 2966//5816 44//5816 
f 2967//5817 2966//5817 2964//5817 
f 2964//5818 2966//5818 2965//5818 
f 2965//5819 2966//5819 46//5819 
f 2967//5820 2968//5820 2966//5820 
f 2966//5821 2968//5821 44//5821 
f 2967//5822 2969//5822 2968//5822 
f 44//5823 2969//5823 42//5823 
f 2968//5824 2969//5824 44//5824 
f 2970//5825 2969//5825 2967//5825 
f 2970//5826 2971//5826 2969//5826 
f 2972//5827 2971//5827 2970//5827 
f 2969//5828 2971//5828 42//5828 
f 2972//5829 2973//5829 2971//5829 
f 2971//5830 2973//5830 42//5830 
f 42//5831 2974//5831 40//5831 
f 2972//5832 2974//5832 2973//5832 
f 2975//5833 2974//5833 2972//5833 
f 2973//5834 2974//5834 42//5834 
f 2974//5835 2976//5835 40//5835 
f 2975//5836 2976//5836 2974//5836 
f 40//5837 2977//5837 38//5837 
f 2975//5838 2977//5838 2976//5838 
f 2976//5839 2977//5839 40//5839 
f 2978//5840 2977//5840 2975//5840 
f 2978//5841 2979//5841 2977//5841 
f 2977//5842 2979//5842 38//5842 
f 2936//5843 2979//5843 2978//5843 
f 38//5844 2980//5844 2937//5844 
f 2979//5845 2980//5845 38//5845 
f 2936//5846 2980//5846 2979//5846 
f 2935//5847 2981//5847 2936//5847 
f 2937//5848 2981//5848 2935//5848 
f 2936//5849 2981//5849 2980//5849 
f 2980//5850 2981//5850 2937//5850 
f 2934//5851 2982//5851 2935//5851 
f 2935//5852 2982//5852 2937//5852 
f 2937//5853 2983//5853 36//5853 
f 2934//5854 2983//5854 2982//5854 
f 2982//5855 2983//5855 2937//5855 
f 2983//5856 2984//5856 36//5856 
f 2934//5857 2984//5857 2983//5857 
f 2985//5858 2984//5858 2934//5858 
f 36//5859 2986//5859 34//5859 
f 2984//5860 2986//5860 36//5860 
f 2985//5861 2986//5861 2984//5861 
f 2987//5862 2986//5862 2985//5862 
f 2986//5863 2988//5863 34//5863 
f 2987//5864 2988//5864 2986//5864 
f 2989//5865 2990//5865 2987//5865 
f 2991//5866 2990//5866 2989//5866 
f 2992//5867 2990//5867 2991//5867 
f 2993//5868 2994//5868 2989//5868 
f 2989//5869 2994//5869 2991//5869 
f 2991//5870 2994//5870 2992//5870 
f 2993//5871 2995//5871 2994//5871 
f 2994//5872 2995//5872 2992//5872 
f 2992//5873 2995//5873 32//5873 
f 32//5874 2996//5874 30//5874 
f 2997//5875 2996//5875 2993//5875 
f 2993//5876 2996//5876 2995//5876 
f 2995//5877 2996//5877 32//5877 
f 2997//5878 2998//5878 2996//5878 
f 2996//5879 2998//5879 30//5879 
f 30//5880 2999//5880 28//5880 
f 3000//5881 2999//5881 2997//5881 
f 2998//5882 2999//5882 30//5882 
f 2997//5883 2999//5883 2998//5883 
f 2999//5884 3001//5884 28//5884 
f 3000//5885 3001//5885 2999//5885 
f 28//5886 3002//5886 2938//5886 
f 2938//5887 3002//5887 3003//5887 
f 3001//5888 3002//5888 28//5888 
f 3003//5889 3004//5889 2938//5889 
f 3005//5890 3004//5890 3003//5890 
f 2938//5891 3006//5891 26//5891 
f 3004//5892 3006//5892 2938//5892 
f 26//5893 3006//5893 3004//5893 
f 26//5894 3007//5894 24//5894 
f 3008//5895 3007//5895 3005//5895 
f 3005//5896 3007//5896 3004//5896 
f 3004//5897 3007//5897 26//5897 
f 3009//5898 3010//5898 3008//5898 
f 3007//5899 3010//5899 24//5899 
f 3008//5900 3010//5900 3007//5900 
f 3009//5901 3011//5901 3010//5901 
f 3010//5902 3011//5902 24//5902 
f 3012//5903 3013//5903 3014//5903 
f 3014//5904 3013//5904 3015//5904 
f 3015//5905 3013//5905 3009//5905 
f 24//5906 3016//5906 22//5906 
f 3011//5907 3016//5907 24//5907 
f 3012//5908 3016//5908 3013//5908 
f 3009//5909 3016//5909 3011//5909 
f 3013//5910 3016//5910 3009//5910 
f 22//5911 3016//5911 3012//5911 
f 3014//5912 3017//5912 3012//5912 
f 3015//5913 3017//5913 3014//5913 
f 22//5914 3018//5914 20//5914 
f 3019//5915 3018//5915 3015//5915 
f 3017//5916 3018//5916 3012//5916 
f 3012//5917 3018//5917 22//5917 
f 3015//5918 3018//5918 3017//5918 
f 3019//5919 3020//5919 3018//5919 
f 3018//5920 3020//5920 20//5920 
f 3019//5921 3021//5921 3020//5921 
f 20//5922 3021//5922 18//5922 
f 2941//5923 3021//5923 3019//5923 
f 3020//5924 3021//5924 20//5924 
f 3021//5925 3022//5925 18//5925 
f 2941//5926 3022//5926 3021//5926 
f 18//5927 3022//5927 2942//5927 
f 2941//5928 3023//5928 3022//5928 
f 3022//5929 3023//5929 2942//5929 
f 2942//5930 3023//5930 2940//5930 
f 2940//5931 3023//5931 2941//5931 
f 2940//5932 3024//5932 2942//5932 
f 2942//5933 3024//5933 16//5933 
f 3024//5934 3025//5934 16//5934 
f 2939//5935 3025//5935 2940//5935 
f 2940//5936 3025//5936 3024//5936 
f 2939//5937 3026//5937 3025//5937 
f 16//5938 3026//5938 14//5938 
f 3027//5939 3026//5939 2939//5939 
f 3025//5940 3026//5940 16//5940 
f 3026//5941 3028//5941 14//5941 
f 3027//5942 3028//5942 3026//5942 
f 14//5943 3029//5943 12//5943 
f 3028//5944 3029//5944 14//5944 
f 3027//5945 3029//5945 3028//5945 
f 3030//5946 3029//5946 3027//5946 
f 3030//5947 3031//5947 3029//5947 
f 3029//5948 3031//5948 12//5948 
f 12//5949 3032//5949 10//5949 
f 3030//5950 3032//5950 3031//5950 
f 3033//5951 3032//5951 3030//5951 
f 3031//5952 3032//5952 12//5952 
f 3033//5953 3034//5953 3032//5953 
f 3032//5954 3034//5954 10//5954 
f 10//5955 3035//5955 8//5955 
f 3033//5956 3035//5956 3034//5956 
f 3036//5957 3035//5957 3033//5957 
f 3034//5958 3035//5958 10//5958 
f 3036//5959 3037//5959 3035//5959 
f 3035//5960 3037//5960 8//5960 
f 8//5961 3038//5961 6//5961 
f 3039//5962 3038//5962 3036//5962 
f 3036//5963 3038//5963 3037//5963 
f 3037//5964 3038//5964 8//5964 
f 3039//5965 3040//5965 3038//5965 
f 3038//5966 3040//5966 6//5966 
f 6//5967 3041//5967 4//5967 
f 2929//5968 3041//5968 3039//5968 
f 3039//5969 3041//5969 3040//5969 
f 3040//5970 3041//5970 6//5970 
f 3041//5971 3042//5971 4//5971 
f 4//5972 3042//5972 2930//5972 
f 2928//5973 3042//5973 2929//5973 
f 3043//5974 3042//5974 2928//5974 
f 3044//5975 3042//5975 3043//5975 
f 2930//5976 3042//5976 3044//5976 
f 2929//5977 3042//5977 3041//5977 
f 34//5978 3045//5978 32//5978 
f 2992//5979 3045//5979 2990//5979 
f 32//5980 3045//5980 2992//5980 
f 2988//5981 3045//5981 34//5981 
f 3005//5982 3046//5982 3000//5982 
f 3000//5983 3046//5983 3001//5983 
f 3002//5984 3046//5984 3003//5984 
f 3001//5985 3046//5985 3002//5985 
f 3003//5986 3046//5986 3005//5986 
f 2990//5987 3047//5987 2987//5987 
f 2987//5988 3047//5988 2988//5988 
f 2988//5989 3047//5989 3045//5989 
f 3045//5990 3047//5990 2990//5990 
f 2945//5991 2949//5991 3048//5991 
f 2949//5992 2948//5992 3048//5992 
f 2953//5993 2952//5993 2903//5993 
f 2952//5994 52//5994 2903//5994 
f 3049//5995 3050//5995 3051//5995 
f 2920//5996 3052//5996 2919//5996 
f 2915//5997 3053//5997 2914//5997 
f 3054//5998 3055//5998 3056//5998 
f 2910//5999 3057//5999 2909//5999 
f 3058//6000 3059//6000 2927//6000 
f 2927//6001 3059//6001 2928//6001 
f 2928//6002 3059//6002 3043//6002 
f 3043//6003 3059//6003 3044//6003 
f 3059//6004 3060//6004 3044//6004 
f 3058//6005 3060//6005 3059//6005 
f 3060//6006 3061//6006 3044//6006 
f 3058//6007 3061//6007 3060//6007 
f 3058//6008 3062//6008 3061//6008 
f 3044//6009 3062//6009 2930//6009 
f 2930//6010 3062//6010 2931//6010 
f 2931//6011 3062//6011 2932//6011 
f 2932//6012 3062//6012 2933//6012 
f 2933//6013 3062//6013 3//6013 
f 3//6014 3062//6014 2926//6014 
f 3061//6015 3062//6015 3044//6015 
f 3062//6016 3063//6016 2926//6016 
f 3058//6017 3063//6017 3062//6017 
f 3064//6018 3063//6018 3058//6018 
f 3063//6019 3065//6019 2926//6019 
f 3064//6020 3065//6020 3063//6020 
f 3066//6021 3067//6021 3064//6021 
f 2926//6022 3067//6022 2925//6022 
f 3064//6023 3067//6023 3065//6023 
f 3065//6024 3067//6024 2926//6024 
f 3067//6025 3068//6025 2925//6025 
f 3069//6026 3068//6026 3066//6026 
f 3066//6027 3068//6027 3067//6027 
f 3069//6028 3070//6028 3068//6028 
f 3068//6029 3070//6029 2925//6029 
f 3070//6030 3071//6030 2925//6030 
f 3072//6031 3071//6031 3069//6031 
f 2925//6032 3071//6032 2924//6032 
f 3069//6033 3071//6033 3070//6033 
f 3072//6034 3073//6034 3071//6034 
f 3071//6035 3073//6035 2924//6035 
f 3074//6036 3075//6036 3072//6036 
f 2924//6037 3075//6037 2923//6037 
f 3072//6038 3075//6038 3073//6038 
f 3073//6039 3075//6039 2924//6039 
f 3074//6040 3076//6040 3075//6040 
f 3075//6041 3076//6041 2923//6041 
f 3077//6042 3078//6042 3074//6042 
f 2923//6043 3078//6043 2922//6043 
f 3074//6044 3078//6044 3076//6044 
f 3076//6045 3078//6045 2923//6045 
f 3077//6046 3079//6046 3078//6046 
f 3080//6047 3079//6047 3077//6047 
f 3078//6048 3079//6048 2922//6048 
f 3079//6049 3081//6049 2922//6049 
f 3080//6050 3081//6050 3079//6050 
f 3080//6051 3082//6051 3081//6051 
f 3083//6052 3082//6052 3080//6052 
f 2922//6053 3082//6053 2921//6053 
f 3081//6054 3082//6054 2922//6054 
f 3082//6055 3084//6055 2921//6055 
f 3083//6056 3084//6056 3082//6056 
f 3084//6057 3085//6057 2921//6057 
f 3083//6058 3085//6058 3084//6058 
f 3086//6059 3085//6059 3083//6059 
f 2921//6060 3085//6060 2920//6060 
f 3085//6061 3087//6061 2920//6061 
f 3086//6062 3087//6062 3085//6062 
f 3051//6063 3087//6063 3086//6063 
f 2920//6064 3088//6064 3052//6064 
f 3087//6065 3088//6065 2920//6065 
f 3051//6066 3088//6066 3087//6066 
f 3088//6067 3089//6067 3052//6067 
f 3052//6068 3089//6068 3050//6068 
f 3050//6069 3089//6069 3051//6069 
f 3051//6070 3089//6070 3088//6070 
f 3050//6071 3090//6071 3052//6071 
f 3049//6072 3090//6072 3050//6072 
f 3090//6073 3091//6073 3052//6073 
f 3049//6074 3091//6074 3090//6074 
f 3052//6075 3091//6075 2919//6075 
f 3092//6076 3093//6076 3049//6076 
f 3049//6077 3093//6077 3091//6077 
f 3091//6078 3093//6078 2919//6078 
f 3094//6079 3095//6079 3092//6079 
f 3092//6080 3095//6080 3093//6080 
f 3093//6081 3095//6081 2919//6081 
f 2919//6082 3095//6082 2918//6082 
f 3094//6083 3096//6083 3095//6083 
f 3095//6084 3096//6084 2918//6084 
f 3097//6085 3098//6085 3094//6085 
f 3099//6086 3098//6086 3100//6086 
f 3100//6087 3098//6087 3097//6087 
f 3101//6088 3102//6088 3097//6088 
f 3100//6089 3102//6089 3099//6089 
f 3097//6090 3102//6090 3100//6090 
f 3102//6091 3103//6091 3099//6091 
f 3101//6092 3103//6092 3102//6092 
f 3099//6093 3103//6093 2917//6093 
f 3104//6094 3105//6094 3101//6094 
f 3101//6095 3105//6095 3103//6095 
f 2917//6096 3105//6096 2916//6096 
f 3103//6097 3105//6097 2917//6097 
f 3104//6098 3106//6098 3105//6098 
f 3105//6099 3106//6099 2916//6099 
f 3107//6100 3108//6100 3104//6100 
f 3104//6101 3108//6101 3106//6101 
f 2916//6102 3108//6102 2915//6102 
f 3106//6103 3108//6103 2916//6103 
f 3107//6104 3109//6104 3108//6104 
f 3108//6105 3109//6105 2915//6105 
f 2915//6106 3110//6106 3053//6106 
f 3053//6107 3110//6107 3111//6107 
f 3109//6108 3110//6108 2915//6108 
f 3111//6109 3112//6109 3053//6109 
f 3113//6110 3112//6110 3111//6110 
f 3053//6111 3114//6111 2914//6111 
f 3112//6112 3114//6112 3053//6112 
f 2914//6113 3114//6113 3112//6113 
f 3115//6114 3116//6114 3113//6114 
f 3113//6115 3116//6115 3112//6115 
f 2914//6116 3116//6116 2913//6116 
f 3112//6117 3116//6117 2914//6117 
f 3117//6118 3118//6118 3115//6118 
f 3115//6119 3118//6119 3116//6119 
f 3116//6120 3118//6120 2913//6120 
f 3117//6121 3119//6121 3118//6121 
f 3118//6122 3119//6122 2913//6122 
f 3120//6123 3121//6123 3122//6123 
f 3123//6124 3121//6124 3117//6124 
f 3122//6125 3121//6125 3123//6125 
f 2912//6126 3124//6126 3120//6126 
f 3120//6127 3124//6127 3121//6127 
f 3117//6128 3124//6128 3119//6128 
f 2913//6129 3124//6129 2912//6129 
f 3119//6130 3124//6130 2913//6130 
f 3121//6131 3124//6131 3117//6131 
f 3122//6132 3125//6132 3120//6132 
f 3123//6133 3125//6133 3122//6133 
f 3120//6134 3126//6134 2912//6134 
f 3127//6135 3126//6135 3123//6135 
f 2912//6136 3126//6136 2911//6136 
f 3125//6137 3126//6137 3120//6137 
f 3123//6138 3126//6138 3125//6138 
f 3126//6139 3128//6139 2911//6139 
f 3127//6140 3128//6140 3126//6140 
f 3128//6141 3129//6141 2911//6141 
f 3127//6142 3129//6142 3128//6142 
f 3056//6143 3129//6143 3127//6143 
f 2911//6144 3129//6144 2910//6144 
f 3056//6145 3130//6145 3129//6145 
f 3129//6146 3130//6146 2910//6146 
f 2910//6147 3130//6147 3057//6147 
f 3130//6148 3131//6148 3057//6148 
f 3056//6149 3131//6149 3130//6149 
f 3057//6150 3131//6150 3055//6150 
f 3055//6151 3131//6151 3056//6151 
f 3057//6152 3132//6152 2909//6152 
f 3055//6153 3132//6153 3057//6153 
f 3054//6154 3133//6154 3055//6154 
f 3055//6155 3133//6155 3132//6155 
f 3132//6156 3133//6156 2909//6156 
f 3134//6157 3135//6157 3054//6157 
f 3133//6158 3135//6158 2909//6158 
f 2909//6159 3135//6159 2908//6159 
f 3054//6160 3135//6160 3133//6160 
f 3134//6161 3136//6161 3135//6161 
f 3135//6162 3136//6162 2908//6162 
f 3137//6163 3138//6163 3134//6163 
f 3136//6164 3138//6164 2908//6164 
f 2908//6165 3138//6165 2907//6165 
f 3134//6166 3138//6166 3136//6166 
f 3137//6167 3139//6167 3138//6167 
f 3138//6168 3139//6168 2907//6168 
f 3140//6169 3141//6169 3137//6169 
f 3139//6170 3141//6170 2907//6170 
f 2907//6171 3141//6171 2906//6171 
f 3137//6172 3141//6172 3139//6172 
f 3140//6173 3142//6173 3141//6173 
f 3141//6174 3142//6174 2906//6174 
f 3143//6175 3144//6175 3140//6175 
f 3142//6176 3144//6176 2906//6176 
f 2906//6177 3144//6177 2905//6177 
f 3140//6178 3144//6178 3142//6178 
f 3143//6179 3145//6179 3144//6179 
f 3144//6180 3145//6180 2905//6180 
f 3146//6181 3147//6181 3143//6181 
f 3145//6182 3147//6182 2905//6182 
f 2905//6183 3147//6183 2904//6183 
f 3143//6184 3147//6184 3145//6184 
f 3147//6185 3148//6185 2904//6185 
f 3146//6186 3148//6186 3147//6186 
f 3146//6187 3149//6187 3148//6187 
f 3048//6188 3149//6188 3146//6188 
f 3148//6189 3149//6189 2904//6189 
f 2904//6190 3149//6190 2903//6190 
f 2953//6191 3150//6191 2954//6191 
f 2954//6192 3150//6192 2947//6192 
f 2947//6193 3150//6193 2946//6193 
f 2946//6194 3150//6194 2948//6194 
f 2948//6195 3150//6195 3048//6195 
f 2903//6196 3150//6196 2953//6196 
f 3048//6197 3150//6197 3149//6197 
f 3149//6198 3150//6198 2903//6198 
f 3096//6199 3151//6199 2918//6199 
f 3099//6200 3151//6200 3098//6200 
f 2918//6201 3151//6201 2917//6201 
f 2917//6202 3151//6202 3099//6202 
f 3113//6203 3152//6203 3107//6203 
f 3111//6204 3152//6204 3113//6204 
f 3107//6205 3152//6205 3109//6205 
f 3110//6206 3152//6206 3111//6206 
f 3109//6207 3152//6207 3110//6207 
f 3098//6208 3153//6208 3094//6208 
f 3096//6209 3153//6209 3151//6209 
f 3151//6210 3153//6210 3098//6210 
f 3094//6211 3153//6211 3096//6211 
f 2978//6212 2972//6212 2936//6212 
f 2975//6213 2972//6213 2978//6213 
f 2936//6214 2985//6214 2934//6214 
f 2972//6215 2985//6215 2936//6215 
f 2970//6216 2967//6216 2972//6216 
f 2964//6217 2961//6217 2967//6217 
f 2987//6218 2993//6218 2989//6218 
f 2985//6219 2993//6219 2987//6219 
f 2972//6220 2993//6220 2985//6220 
f 2967//6221 2993//6221 2972//6221 
f 2959//6222 2955//6222 2961//6222 
f 2943//6223 2945//6223 2955//6223 
f 2955//6224 2945//6224 2961//6224 
f 2997//6225 3005//6225 3000//6225 
f 2993//6226 3005//6226 2997//6226 
f 2961//6227 3005//6227 2967//6227 
f 2967//6228 3005//6228 2993//6228 
f 3005//6229 3009//6229 3008//6229 
f 3009//6230 3019//6230 3015//6230 
f 3143//6231 3140//6231 3146//6231 
f 3140//6232 3137//6232 3146//6232 
f 3048//6233 3137//6233 2945//6233 
f 3146//6234 3137//6234 3048//6234 
f 3019//6235 2939//6235 2941//6235 
f 3009//6236 2939//6236 3019//6236 
f 3134//6237 3054//6237 3137//6237 
f 2939//6238 3030//6238 3027//6238 
f 3005//6239 3030//6239 3009//6239 
f 3009//6240 3030//6240 2939//6240 
f 3056//6241 3127//6241 3054//6241 
f 3033//6242 3039//6242 3036//6242 
f 3030//6243 3039//6243 3033//6243 
f 3054//6244 3117//6244 3137//6244 
f 3127//6245 3117//6245 3054//6245 
f 3123//6246 3117//6246 3127//6246 
f 3030//6247 2929//6247 3039//6247 
f 2945//6248 3113//6248 2961//6248 
f 3137//6249 3113//6249 2945//6249 
f 3115//6250 3113//6250 3117//6250 
f 3117//6251 3113//6251 3137//6251 
f 3005//6252 2927//6252 3030//6252 
f 3030//6253 2927//6253 2929//6253 
f 2927//6254 3064//6254 3058//6254 
f 3107//6255 3104//6255 3113//6255 
f 3104//6256 3101//6256 3113//6256 
f 2961//6257 3069//6257 3005//6257 
f 3113//6258 3069//6258 2961//6258 
f 3005//6259 3069//6259 2927//6259 
f 2927//6260 3069//6260 3064//6260 
f 3064//6261 3069//6261 3066//6261 
f 3097//6262 3094//6262 3101//6262 
f 3069//6263 3074//6263 3072//6263 
f 3113//6264 3074//6264 3069//6264 
f 3101//6265 3074//6265 3113//6265 
f 3094//6266 3092//6266 3101//6266 
f 3074//6267 3080//6267 3077//6267 
f 3101//6268 3080//6268 3074//6268 
f 3092//6269 3080//6269 3101//6269 
f 3049//6270 3051//6270 3092//6270 
f 3092//6271 3051//6271 3080//6271 
f 3080//6272 3086//6272 3083//6272 
f 3051//6273 3086//6273 3080//6273 
f 1163//6274 718//6274 3154//6274 
f 3154//6275 718//6275 3155//6275 
f 718//6276 715//6276 3155//6276 
f 715//6277 3156//6277 3155//6277 
f 3156//6278 3157//6278 3158//6278 
f 3158//6279 3157//6279 3159//6279 
f 3159//6280 3157//6280 3160//6280 
f 715//6281 712//6281 3156//6281 
f 3156//6282 712//6282 3157//6282 
f 3161//6283 3162//6283 3163//6283 
f 3156//6284 3164//6284 3155//6284 
f 3165//6285 3164//6285 3156//6285 
f 3166//6286 3167//6286 3156//6286 
f 3168//6287 3167//6287 3166//6287 
f 3169//6288 3167//6288 3168//6288 
f 3170//6289 3167//6289 3169//6289 
f 3171//6290 3167//6290 3170//6290 
f 3172//6291 3173//6291 3171//6291 
f 3171//6292 3173//6292 3167//6292 
f 3167//6293 3173//6293 3156//6293 
f 3174//6294 3175//6294 3172//6294 
f 3176//6295 3175//6295 3174//6295 
f 3172//6296 3175//6296 3173//6296 
f 3173//6297 3175//6297 3156//6297 
f 3177//6298 3178//6298 3165//6298 
f 3178//6299 3179//6299 3165//6299 
f 3165//6300 3179//6300 3162//6300 
f 3161//6301 3180//6301 3162//6301 
f 3162//6302 3180//6302 3165//6302 
f 3181//6303 3182//6303 3161//6303 
f 3165//6304 3182//6304 3164//6304 
f 3164//6305 3182//6305 3183//6305 
f 3180//6306 3182//6306 3165//6306 
f 3161//6307 3182//6307 3180//6307 
f 3183//6308 3182//6308 3181//6308 
f 3183//6309 3184//6309 3164//6309 
f 3181//6310 3184//6310 3183//6310 
f 3181//6311 3185//6311 3184//6311 
f 3184//6312 3185//6312 3164//6312 
f 3185//6313 3186//6313 3164//6313 
f 3186//6314 3187//6314 3164//6314 
f 3188//6315 3189//6315 3190//6315 
f 3191//6316 3189//6316 3188//6316 
f 3191//6317 3192//6317 3189//6317 
f 3193//6318 3194//6318 3191//6318 
f 3191//6319 3194//6319 3192//6319 
f 3193//6320 3195//6320 3194//6320 
f 3196//6321 3195//6321 3193//6321 
f 3197//6322 3198//6322 3176//6322 
f 3175//6323 3198//6323 3156//6323 
f 3165//6324 3198//6324 3177//6324 
f 3156//6325 3198//6325 3165//6325 
f 3176//6326 3198//6326 3175//6326 
f 3199//6327 3200//6327 3177//6327 
f 3163//6328 3200//6328 3199//6328 
f 3163//6329 3201//6329 3200//6329 
f 3162//6330 3201//6330 3163//6330 
f 3200//6331 3201//6331 3177//6331 
f 3179//6332 3201//6332 3162//6332 
f 3178//6333 3201//6333 3179//6333 
f 3177//6334 3201//6334 3178//6334 
f 3186//6335 3202//6335 3187//6335 
f 3203//6336 3202//6336 3181//6336 
f 3181//6337 3202//6337 3185//6337 
f 3185//6338 3202//6338 3186//6338 
f 3203//6339 3204//6339 3202//6339 
f 3202//6340 3204//6340 3187//6340 
f 3164//6341 3205//6341 3155//6341 
f 3187//6342 3205//6342 3164//6342 
f 3206//6343 3207//6343 3208//6343 
f 3190//6344 3207//6344 3206//6344 
f 3189//6345 3207//6345 3190//6345 
f 3196//6346 3209//6346 3195//6346 
f 3195//6347 3209//6347 3194//6347 
f 3194//6348 3209//6348 3192//6348 
f 3210//6349 3209//6349 3196//6349 
f 3211//6350 3209//6350 3210//6350 
f 3212//6351 3209//6351 3211//6351 
f 3155//6352 3209//6352 3212//6352 
f 3205//6353 3209//6353 3155//6353 
f 3189//6354 3209//6354 3205//6354 
f 3192//6355 3209//6355 3189//6355 
f 3213//6356 3214//6356 3197//6356 
f 3197//6357 3214//6357 3198//6357 
f 3215//6358 3216//6358 3213//6358 
f 3213//6359 3216//6359 3214//6359 
f 3214//6360 3216//6360 3198//6360 
f 3177//6361 3217//6361 3199//6361 
f 3216//6362 3217//6362 3198//6362 
f 3198//6363 3217//6363 3177//6363 
f 3204//6364 3218//6364 3187//6364 
f 3187//6365 3218//6365 3205//6365 
f 3204//6366 3219//6366 3218//6366 
f 3205//6367 3220//6367 3189//6367 
f 3189//6368 3220//6368 3207//6368 
f 3163//6369 3221//6369 3215//6369 
f 3217//6370 3221//6370 3199//6370 
f 3199//6371 3221//6371 3163//6371 
f 3215//6372 3221//6372 3216//6372 
f 3216//6373 3221//6373 3217//6373 
f 3222//6374 3223//6374 3203//6374 
f 3203//6375 3223//6375 3204//6375 
f 3204//6376 3223//6376 3219//6376 
f 3205//6377 3224//6377 3220//6377 
f 3218//6378 3224//6378 3205//6378 
f 3219//6379 3224//6379 3218//6379 
f 3220//6380 3224//6380 3225//6380 
f 3225//6381 3224//6381 3219//6381 
f 3208//6382 3226//6382 3222//6382 
f 3220//6383 3226//6383 3207//6383 
f 3225//6384 3226//6384 3220//6384 
f 3223//6385 3226//6385 3219//6385 
f 3219//6386 3226//6386 3225//6386 
f 3222//6387 3226//6387 3223//6387 
f 3207//6388 3226//6388 3208//6388 
f 3227//6389 3228//6389 3157//6389 
f 3229//6390 3228//6390 3227//6390 
f 3230//6391 3231//6391 3232//6391 
f 3230//6392 3233//6392 3231//6392 
f 3234//6393 3235//6393 3230//6393 
f 3230//6394 3235//6394 3233//6394 
f 3236//6395 3237//6395 3238//6395 
f 3232//6396 3237//6396 3236//6396 
f 3231//6397 3237//6397 3232//6397 
f 3233//6398 3237//6398 3231//6398 
f 3234//6399 3239//6399 3235//6399 
f 3240//6400 3239//6400 3234//6400 
f 3241//6401 3242//6401 3240//6401 
f 3240//6402 3242//6402 3239//6402 
f 3241//6403 3243//6403 3242//6403 
f 3244//6404 3245//6404 3241//6404 
f 3241//6405 3245//6405 3243//6405 
f 3246//6406 3247//6406 3244//6406 
f 3244//6407 3247//6407 3245//6407 
f 3248//6408 3249//6408 3250//6408 
f 3251//6409 3252//6409 3248//6409 
f 3253//6410 3254//6410 3251//6410 
f 3215//6411 3255//6411 3251//6411 
f 3251//6412 3255//6412 3253//6412 
f 3174//6413 3256//6413 3176//6413 
f 3172//6414 3257//6414 3174//6414 
f 3174//6415 3257//6415 3256//6415 
f 3171//6416 3258//6416 3172//6416 
f 3172//6417 3258//6417 3257//6417 
f 3170//6418 3259//6418 3171//6418 
f 3171//6419 3259//6419 3258//6419 
f 3169//6420 3260//6420 3170//6420 
f 3170//6421 3260//6421 3259//6421 
f 3166//6422 3261//6422 3168//6422 
f 3168//6423 3261//6423 3169//6423 
f 3169//6424 3261//6424 3260//6424 
f 3158//6425 3262//6425 3156//6425 
f 3159//6426 3262//6426 3158//6426 
f 3160//6427 3262//6427 3159//6427 
f 3156//6428 3262//6428 3166//6428 
f 3166//6429 3262//6429 3261//6429 
f 3263//6430 3264//6430 3246//6430 
f 3265//6431 3264//6431 3263//6431 
f 3246//6432 3264//6432 3247//6432 
f 3266//6433 3267//6433 3265//6433 
f 3265//6434 3267//6434 3264//6434 
f 3238//6435 3268//6435 3269//6435 
f 3269//6436 3268//6436 3270//6436 
f 3270//6437 3268//6437 3227//6437 
f 3237//6438 3268//6438 3238//6438 
f 3233//6439 3268//6439 3237//6439 
f 3268//6440 3271//6440 3227//6440 
f 3235//6441 3271//6441 3233//6441 
f 3233//6442 3271//6442 3268//6442 
f 3243//6443 3272//6443 3242//6443 
f 3245//6444 3272//6444 3243//6444 
f 3242//6445 3272//6445 3239//6445 
f 3235//6446 3272//6446 3271//6446 
f 3247//6447 3272//6447 3245//6447 
f 3271//6448 3272//6448 3227//6448 
f 3239//6449 3272//6449 3235//6449 
f 3248//6450 3273//6450 3274//6450 
f 3275//6451 3273//6451 3276//6451 
f 3276//6452 3273//6452 3248//6452 
f 3272//6453 3277//6453 3227//6453 
f 3227//6454 3277//6454 3229//6454 
f 3276//6455 3278//6455 3275//6455 
f 3277//6456 3278//6456 3229//6456 
f 3275//6457 3278//6457 3277//6457 
f 3249//6458 3279//6458 3250//6458 
f 3280//6459 3279//6459 3229//6459 
f 3250//6460 3279//6460 3280//6460 
f 3252//6461 3281//6461 3282//6461 
f 3282//6462 3281//6462 3229//6462 
f 3229//6463 3281//6463 3228//6463 
f 3254//6464 3283//6464 3281//6464 
f 3253//6465 3283//6465 3254//6465 
f 3228//6466 3283//6466 3284//6466 
f 3284//6467 3283//6467 3253//6467 
f 3281//6468 3283//6468 3228//6468 
f 3284//6469 3285//6469 3228//6469 
f 3253//6470 3285//6470 3284//6470 
f 3255//6471 3285//6471 3253//6471 
f 3286//6472 3285//6472 3255//6472 
f 3215//6473 3287//6473 3255//6473 
f 3255//6474 3287//6474 3286//6474 
f 3285//6475 3288//6475 3228//6475 
f 3228//6476 3288//6476 3157//6476 
f 3286//6477 3288//6477 3285//6477 
f 3176//6478 3289//6478 3197//6478 
f 3256//6479 3289//6479 3176//6479 
f 3197//6480 3289//6480 3213//6480 
f 3288//6481 3290//6481 3157//6481 
f 3257//6482 3290//6482 3256//6482 
f 3259//6483 3290//6483 3258//6483 
f 3258//6484 3290//6484 3257//6484 
f 3256//6485 3290//6485 3288//6485 
f 3262//6486 3291//6486 3261//6486 
f 3259//6487 3291//6487 3290//6487 
f 3157//6488 3291//6488 3160//6488 
f 3260//6489 3291//6489 3259//6489 
f 3160//6490 3291//6490 3262//6490 
f 3290//6491 3291//6491 3157//6491 
f 3261//6492 3291//6492 3260//6492 
f 3272//6493 3292//6493 3277//6493 
f 3264//6494 3292//6494 3247//6494 
f 3247//6495 3292//6495 3272//6495 
f 3275//6496 3293//6496 3273//6496 
f 3277//6497 3293//6497 3275//6497 
f 3276//6498 3294//6498 3278//6498 
f 3250//6499 3294//6499 3248//6499 
f 3248//6500 3294//6500 3276//6500 
f 3248//6501 3295//6501 3249//6501 
f 3252//6502 3295//6502 3248//6502 
f 3282//6503 3295//6503 3252//6503 
f 3281//6504 3296//6504 3254//6504 
f 3254//6505 3296//6505 3251//6505 
f 3251//6506 3296//6506 3252//6506 
f 3252//6507 3296//6507 3281//6507 
f 3287//6508 3297//6508 3286//6508 
f 3286//6509 3297//6509 3288//6509 
f 3213//6510 3298//6510 3299//6510 
f 3289//6511 3298//6511 3213//6511 
f 3289//6512 3300//6512 3298//6512 
f 3288//6513 3300//6513 3256//6513 
f 3256//6514 3300//6514 3289//6514 
f 3301//6515 3302//6515 3266//6515 
f 3266//6516 3302//6516 3267//6516 
f 3267//6517 3302//6517 3264//6517 
f 3264//6518 3302//6518 3292//6518 
f 3292//6519 3302//6519 3303//6519 
f 3301//6520 3304//6520 3302//6520 
f 3305//6521 3304//6521 3293//6521 
f 3274//6522 3304//6522 3301//6522 
f 3273//6523 3304//6523 3274//6523 
f 3302//6524 3304//6524 3303//6524 
f 3303//6525 3304//6525 3305//6525 
f 3293//6526 3304//6526 3273//6526 
f 3292//6527 3306//6527 3277//6527 
f 3293//6528 3306//6528 3305//6528 
f 3277//6529 3306//6529 3293//6529 
f 3305//6530 3306//6530 3303//6530 
f 3303//6531 3306//6531 3292//6531 
f 3278//6532 3307//6532 3229//6532 
f 3229//6533 3307//6533 3280//6533 
f 3280//6534 3307//6534 3250//6534 
f 3250//6535 3307//6535 3294//6535 
f 3294//6536 3307//6536 3278//6536 
f 3249//6537 3308//6537 3279//6537 
f 3295//6538 3308//6538 3249//6538 
f 3282//6539 3308//6539 3295//6539 
f 3279//6540 3308//6540 3229//6540 
f 3229//6541 3308//6541 3282//6541 
f 3215//6542 3309//6542 3287//6542 
f 3297//6543 3309//6543 3299//6543 
f 3287//6544 3309//6544 3297//6544 
f 3299//6545 3310//6545 3213//6545 
f 3213//6546 3310//6546 3215//6546 
f 3215//6547 3310//6547 3309//6547 
f 3309//6548 3310//6548 3299//6548 
f 3297//6549 3311//6549 3288//6549 
f 3299//6550 3311//6550 3297//6550 
f 3298//6551 3311//6551 3299//6551 
f 3300//6552 3311//6552 3298//6552 
f 3288//6553 3311//6553 3300//6553 
f 712//6554 710//6554 3157//6554 
f 714//6555 3227//6555 710//6555 
f 710//6556 3227//6556 3157//6556 
f 714//6557 1159//6557 3227//6557 
f 3270//6558 3227//6558 3269//6558 
f 1159//6559 3312//6559 3227//6559 
f 3227//6560 3312//6560 3269//6560 
f 1159//6561 3313//6561 3312//6561 
f 1159//6562 1162//6562 3313//6562 
f 3314//6563 3315//6563 3316//6563 
f 3317//6564 3315//6564 3314//6564 
f 3318//6565 3315//6565 3317//6565 
f 3319//6566 3320//6566 3315//6566 
f 3321//6567 3322//6567 3312//6567 
f 3323//6568 3322//6568 3321//6568 
f 3324//6569 3322//6569 3323//6569 
f 3325//6570 3322//6570 3324//6570 
f 3301//6571 3326//6571 3274//6571 
f 3274//6572 3326//6572 3327//6572 
f 3322//6573 3328//6573 3312//6573 
f 3312//6574 3328//6574 3269//6574 
f 3329//6575 3330//6575 3331//6575 
f 3332//6576 3330//6576 3329//6576 
f 3333//6577 3330//6577 3332//6577 
f 3334//6578 3330//6578 3333//6578 
f 3335//6579 3330//6579 3334//6579 
f 3316//6580 3330//6580 3335//6580 
f 3315//6581 3330//6581 3316//6581 
f 3330//6582 3336//6582 3331//6582 
f 3315//6583 3336//6583 3330//6583 
f 3331//6584 3337//6584 3338//6584 
f 3315//6585 3337//6585 3336//6585 
f 3336//6586 3337//6586 3331//6586 
f 3339//6587 3340//6587 3341//6587 
f 3338//6588 3340//6588 3339//6588 
f 3337//6589 3340//6589 3338//6589 
f 3315//6590 3340//6590 3337//6590 
f 3320//6591 3340//6591 3315//6591 
f 3342//6592 3343//6592 3325//6592 
f 3344//6593 3343//6593 3342//6593 
f 3345//6594 3343//6594 3344//6594 
f 3346//6595 3343//6595 3345//6595 
f 3325//6596 3343//6596 3322//6596 
f 3347//6597 3343//6597 3346//6597 
f 3341//6598 3343//6598 3347//6598 
f 3340//6599 3343//6599 3341//6599 
f 3320//6600 3343//6600 3340//6600 
f 3320//6601 3348//6601 3343//6601 
f 3343//6602 3348//6602 3322//6602 
f 3319//6603 3349//6603 3320//6603 
f 3327//6604 3350//6604 3319//6604 
f 3326//6605 3350//6605 3327//6605 
f 3266//6606 3351//6606 3301//6606 
f 3326//6607 3351//6607 3352//6607 
f 3352//6608 3351//6608 3328//6608 
f 3301//6609 3351//6609 3326//6609 
f 3265//6610 3353//6610 3266//6610 
f 3351//6611 3353//6611 3328//6611 
f 3266//6612 3353//6612 3351//6612 
f 3348//6613 3354//6613 3322//6613 
f 3349//6614 3354//6614 3320//6614 
f 3320//6615 3354//6615 3348//6615 
f 3349//6616 3355//6616 3354//6616 
f 3354//6617 3355//6617 3322//6617 
f 3322//6618 3355//6618 3328//6618 
f 3350//6619 3356//6619 3355//6619 
f 3326//6620 3356//6620 3350//6620 
f 3355//6621 3356//6621 3328//6621 
f 3352//6622 3356//6622 3326//6622 
f 3328//6623 3356//6623 3352//6623 
f 3269//6624 3357//6624 3238//6624 
f 3238//6625 3357//6625 3236//6625 
f 3236//6626 3357//6626 3232//6626 
f 3232//6627 3357//6627 3230//6627 
f 3230//6628 3357//6628 3234//6628 
f 3234//6629 3357//6629 3240//6629 
f 3240//6630 3357//6630 3241//6630 
f 3241//6631 3357//6631 3244//6631 
f 3353//6632 3357//6632 3328//6632 
f 3328//6633 3357//6633 3269//6633 
f 3355//6634 3358//6634 3350//6634 
f 3350//6635 3358//6635 3319//6635 
f 3349//6636 3358//6636 3355//6636 
f 3319//6637 3358//6637 3349//6637 
f 3265//6638 3359//6638 3353//6638 
f 3357//6639 3359//6639 3244//6639 
f 3353//6640 3359//6640 3357//6640 
f 3244//6641 3359//6641 3246//6641 
f 3246//6642 3359//6642 3263//6642 
f 3263//6643 3359//6643 3265//6643 
f 3327//6644 3360//6644 3274//6644 
f 3163//6645 3215//6645 3251//6645 
f 3251//6646 3248//6646 3361//6646 
f 3248//6647 3274//6647 3360//6647 
f 3361//6648 3362//6648 3360//6648 
f 3360//6649 3362//6649 3248//6649 
f 3248//6650 3362//6650 3361//6650 
f 3163//6651 3363//6651 3361//6651 
f 3361//6652 3363//6652 3251//6652 
f 3251//6653 3363//6653 3163//6653 
f 3361//6654 3161//6654 3163//6654 
f 3327//6655 3319//6655 3360//6655 
f 3319//6656 3315//6656 3360//6656 
f 3360//6657 3181//6657 3361//6657 
f 3361//6658 3181//6658 3161//6658 
f 3315//6659 3318//6659 3360//6659 
f 3364//6660 3365//6660 3318//6660 
f 3366//6661 3365//6661 3364//6661 
f 3367//6662 3365//6662 3366//6662 
f 3360//6663 3365//6663 3181//6663 
f 3318//6664 3365//6664 3360//6664 
f 3367//6665 3368//6665 3365//6665 
f 3365//6666 3369//6666 3181//6666 
f 3369//6667 3370//6667 3181//6667 
f 3370//6668 3203//6668 3181//6668 
f 3371//6669 3372//6669 3373//6669 
f 3374//6670 3372//6670 3371//6670 
f 3375//6671 3372//6671 3374//6671 
f 3376//6672 3372//6672 3375//6672 
f 3377//6673 3372//6673 3376//6673 
f 3378//6674 3372//6674 3377//6674 
f 3379//6675 3372//6675 3378//6675 
f 3379//6676 3380//6676 3372//6676 
f 3380//6677 3381//6677 3372//6677 
f 3382//6678 3383//6678 3381//6678 
f 3384//6679 3383//6679 3382//6679 
f 3385//6680 3383//6680 3384//6680 
f 3386//6681 3383//6681 3385//6681 
f 3387//6682 3383//6682 3386//6682 
f 3388//6683 3383//6683 3387//6683 
f 3389//6684 3383//6684 3388//6684 
f 3390//6685 3383//6685 3389//6685 
f 3381//6686 3383//6686 3372//6686 
f 3390//6687 3391//6687 3383//6687 
f 3391//6688 3392//6688 3383//6688 
f 3392//6689 3393//6689 3383//6689 
f 3394//6690 3393//6690 3392//6690 
f 3395//6691 3393//6691 3394//6691 
f 3396//6692 3393//6692 3395//6692 
f 3397//6693 3393//6693 3396//6693 
f 3398//6694 3393//6694 3397//6694 
f 3399//6695 3393//6695 3398//6695 
f 3400//6696 3393//6696 3399//6696 
f 3401//6697 3393//6697 3400//6697 
f 3401//6698 3402//6698 3393//6698 
f 3402//6699 3403//6699 3393//6699 
f 3403//6700 3404//6700 3393//6700 
f 3405//6701 3404//6701 3403//6701 
f 3406//6702 3404//6702 3405//6702 
f 3407//6703 3404//6703 3406//6703 
f 3408//6704 3404//6704 3407//6704 
f 3409//6705 3404//6705 3408//6705 
f 3410//6706 3404//6706 3409//6706 
f 3411//6707 3404//6707 3410//6707 
f 3412//6708 3404//6708 3411//6708 
f 3412//6709 3413//6709 3404//6709 
f 3413//6710 3414//6710 3404//6710 
f 3414//6711 3415//6711 3404//6711 
f 3416//6712 3415//6712 3414//6712 
f 3417//6713 3415//6713 3416//6713 
f 3418//6714 3415//6714 3417//6714 
f 3419//6715 3415//6715 3418//6715 
f 3420//6716 3415//6716 3419//6716 
f 3421//6717 3415//6717 3420//6717 
f 3422//6718 3415//6718 3421//6718 
f 3422//6719 3423//6719 3415//6719 
f 3423//6720 3424//6720 3415//6720 
f 3424//6721 3425//6721 3415//6721 
f 3426//6722 3425//6722 3424//6722 
f 3427//6723 3425//6723 3426//6723 
f 3428//6724 3425//6724 3427//6724 
f 3429//6725 3425//6725 3428//6725 
f 3430//6726 3425//6726 3429//6726 
f 3431//6727 3425//6727 3430//6727 
f 3432//6728 3425//6728 3431//6728 
f 3433//6729 3425//6729 3432//6729 
f 3433//6730 3434//6730 3425//6730 
f 3434//6731 3435//6731 3425//6731 
f 3436//6732 3437//6732 3435//6732 
f 3438//6733 3437//6733 3436//6733 
f 3439//6734 3437//6734 3438//6734 
f 3440//6735 3437//6735 3439//6735 
f 3441//6736 3437//6736 3440//6736 
f 3442//6737 3437//6737 3441//6737 
f 3443//6738 3437//6738 3442//6738 
f 3444//6739 3437//6739 3443//6739 
f 3435//6740 3437//6740 3425//6740 
f 3444//6741 3445//6741 3437//6741 
f 3445//6742 3446//6742 3437//6742 
f 3446//6743 3447//6743 3437//6743 
f 3448//6744 3447//6744 3446//6744 
f 3449//6745 3447//6745 3448//6745 
f 3450//6746 3447//6746 3449//6746 
f 3451//6747 3447//6747 3450//6747 
f 3452//6748 3447//6748 3451//6748 
f 3453//6749 3447//6749 3452//6749 
f 3454//6750 3447//6750 3453//6750 
f 3454//6751 3455//6751 3447//6751 
f 3455//6752 3456//6752 3447//6752 
f 3457//6753 3458//6753 3459//6753 
f 3460//6754 3458//6754 3457//6754 
f 3461//6755 3458//6755 3460//6755 
f 3462//6756 3458//6756 3461//6756 
f 3456//6757 3458//6757 3447//6757 
f 3463//6758 3458//6758 3456//6758 
f 3464//6759 3458//6759 3463//6759 
f 3465//6760 3458//6760 3464//6760 
f 3459//6761 3458//6761 3465//6761 
f 3462//6762 3466//6762 3458//6762 
f 3466//6763 3467//6763 3458//6763 
f 3468//6764 3469//6764 3467//6764 
f 3470//6765 3469//6765 3468//6765 
f 3471//6766 3469//6766 3470//6766 
f 3472//6767 3469//6767 3471//6767 
f 3473//6768 3469//6768 3472//6768 
f 3467//6769 3469//6769 3458//6769 
f 3372//6770 3365//6770 3373//6770 
f 3373//6771 3365//6771 3368//6771 
f 3413//6772 3474//6772 3475//6772 
f 3475//6773 3474//6773 3476//6773 
f 3476//6774 3474//6774 3477//6774 
f 3412//6775 3474//6775 3413//6775 
f 3474//6776 3478//6776 3477//6776 
f 3412//6777 3478//6777 3474//6777 
f 3477//6778 3479//6778 3480//6778 
f 3478//6779 3479//6779 3477//6779 
f 3412//6780 3479//6780 3478//6780 
f 3479//6781 3481//6781 3480//6781 
f 3412//6782 3481//6782 3479//6782 
f 3480//6783 3481//6783 3482//6783 
f 3411//6784 3481//6784 3412//6784 
f 3481//6785 3483//6785 3482//6785 
f 3411//6786 3483//6786 3481//6786 
f 3482//6787 3484//6787 3485//6787 
f 3483//6788 3484//6788 3482//6788 
f 3411//6789 3484//6789 3483//6789 
f 3484//6790 3487//6790 3485//6790 
f 3411//6791 3487//6791 3484//6791 
f 3485//6792 3487//6792 3488//6792 
f 3410//6793 3487//6793 3411//6793 
f 3477//6794 3489//6794 3476//6794 
f 3480//6795 3489//6795 3477//6795 
f 3482//6796 3489//6796 3480//6796 
f 3490//6797 3489//6797 3491//6797 
f 3487//6798 3492//6798 3488//6798 
f 3410//6799 3492//6799 3487//6799 
f 3489//6800 3493//6800 3491//6800 
f 3482//6801 3493//6801 3489//6801 
f 3488//6802 3494//6802 3495//6802 
f 3492//6803 3494//6803 3488//6803 
f 3410//6804 3494//6804 3492//6804 
f 3485//6805 3496//6805 3482//6805 
f 3493//6806 3496//6806 3491//6806 
f 3482//6807 3496//6807 3493//6807 
f 3496//6808 3497//6808 3491//6808 
f 3485//6809 3497//6809 3496//6809 
f 3494//6810 3498//6810 3495//6810 
f 3409//6811 3498//6811 3410//6811 
f 3410//6812 3498//6812 3494//6812 
f 3495//6813 3498//6813 3499//6813 
f 3497//6814 3500//6814 3491//6814 
f 3488//6815 3500//6815 3485//6815 
f 3485//6816 3500//6816 3497//6816 
f 3498//6817 3501//6817 3499//6817 
f 3409//6818 3501//6818 3498//6818 
f 3488//6819 3502//6819 3500//6819 
f 3500//6820 3502//6820 3491//6820 
f 3499//6821 3503//6821 3504//6821 
f 3501//6822 3503//6822 3499//6822 
f 3409//6823 3503//6823 3501//6823 
f 3495//6824 3505//6824 3488//6824 
f 3488//6825 3505//6825 3502//6825 
f 3502//6826 3505//6826 3491//6826 
f 3495//6827 3506//6827 3505//6827 
f 3505//6828 3506//6828 3491//6828 
f 3408//6829 3507//6829 3409//6829 
f 3503//6830 3507//6830 3504//6830 
f 3504//6831 3507//6831 3508//6831 
f 3409//6832 3507//6832 3503//6832 
f 3499//6833 3509//6833 3495//6833 
f 3495//6834 3509//6834 3506//6834 
f 3506//6835 3509//6835 3491//6835 
f 3408//6836 3510//6836 3507//6836 
f 3507//6837 3510//6837 3508//6837 
f 3504//6838 3511//6838 3499//6838 
f 3491//6839 3511//6839 3512//6839 
f 3508//6840 3511//6840 3504//6840 
f 3499//6841 3511//6841 3509//6841 
f 3509//6842 3511//6842 3491//6842 
f 3407//6843 3513//6843 3408//6843 
f 3408//6844 3513//6844 3510//6844 
f 3511//6845 3514//6845 3512//6845 
f 3508//6846 3514//6846 3511//6846 
f 3403//6847 3515//6847 3405//6847 
f 3512//6848 3516//6848 3517//6848 
f 3403//6849 3518//6849 3515//6849 
f 3515//6850 3518//6850 3519//6850 
f 3518//6851 3520//6851 3519//6851 
f 3403//6852 3520//6852 3518//6852 
f 3519//6853 3520//6853 3521//6853 
f 3522//6854 3520//6854 3403//6854 
f 3521//6855 3520//6855 3522//6855 
f 3516//6856 3523//6856 3517//6856 
f 3519//6857 3523//6857 3516//6857 
f 3521//6858 3523//6858 3519//6858 
f 3524//6859 3523//6859 3521//6859 
f 3524//6860 3525//6860 3523//6860 
f 3523//6861 3525//6861 3517//6861 
f 3524//6862 3526//6862 3525//6862 
f 3525//6863 3526//6863 3517//6863 
f 3527//6864 3526//6864 3524//6864 
f 3517//6865 3526//6865 3528//6865 
f 3528//6866 3526//6866 3527//6866 
f 3400//6867 3529//6867 3401//6867 
f 3401//6868 3529//6868 3530//6868 
f 3530//6869 3529//6869 3531//6869 
f 3528//6870 3532//6870 3517//6870 
f 3527//6871 3532//6871 3528//6871 
f 3531//6872 3532//6872 3527//6872 
f 3529//6873 3533//6873 3531//6873 
f 3400//6874 3533//6874 3529//6874 
f 3531//6875 3533//6875 3534//6875 
f 3531//6876 3535//6876 3532//6876 
f 3534//6877 3535//6877 3531//6877 
f 3517//6878 3535//6878 3536//6878 
f 3532//6879 3535//6879 3517//6879 
f 3400//6880 3537//6880 3533//6880 
f 3533//6881 3537//6881 3534//6881 
f 3399//6882 3537//6882 3400//6882 
f 3534//6883 3537//6883 3538//6883 
f 3399//6884 3539//6884 3537//6884 
f 3537//6885 3539//6885 3538//6885 
f 3538//6886 3539//6886 3540//6886 
f 3534//6887 3541//6887 3535//6887 
f 3535//6888 3541//6888 3536//6888 
f 3539//6889 3542//6889 3540//6889 
f 3399//6890 3542//6890 3539//6890 
f 3398//6891 3543//6891 3399//6891 
f 3399//6892 3543//6892 3542//6892 
f 3542//6893 3543//6893 3540//6893 
f 3540//6894 3543//6894 3544//6894 
f 3541//6895 3545//6895 3536//6895 
f 3536//6896 3545//6896 3546//6896 
f 3534//6897 3545//6897 3541//6897 
f 3544//6898 3547//6898 3548//6898 
f 3398//6899 3547//6899 3543//6899 
f 3543//6900 3547//6900 3544//6900 
f 3534//6901 3549//6901 3545//6901 
f 3545//6902 3549//6902 3546//6902 
f 3538//6903 3549//6903 3534//6903 
f 3398//6904 3550//6904 3547//6904 
f 3547//6905 3550//6905 3548//6905 
f 3549//6906 3551//6906 3546//6906 
f 3538//6907 3551//6907 3549//6907 
f 3397//6908 3552//6908 3398//6908 
f 3548//6909 3552//6909 3553//6909 
f 3398//6910 3552//6910 3550//6910 
f 3550//6911 3552//6911 3548//6911 
f 3551//6912 3554//6912 3546//6912 
f 3538//6913 3554//6913 3551//6913 
f 3540//6914 3554//6914 3538//6914 
f 3554//6915 3555//6915 3546//6915 
f 3540//6916 3555//6916 3554//6916 
f 3552//6917 3556//6917 3553//6917 
f 3397//6918 3556//6918 3552//6918 
f 3555//6919 3557//6919 3546//6919 
f 3553//6920 3557//6920 3548//6920 
f 3548//6921 3557//6921 3544//6921 
f 3540//6922 3557//6922 3555//6922 
f 3544//6923 3557//6923 3540//6923 
f 3556//6924 3558//6924 3553//6924 
f 3396//6925 3558//6925 3397//6925 
f 3397//6926 3558//6926 3556//6926 
f 3396//6927 3559//6927 3558//6927 
f 3546//6928 3560//6928 3561//6928 
f 3553//6929 3560//6929 3557//6929 
f 3557//6930 3560//6930 3546//6930 
f 3392//6931 3562//6931 3394//6931 
f 3562//6932 3563//6932 3564//6932 
f 3392//6933 3563//6933 3562//6933 
f 3391//6934 3565//6934 3392//6934 
f 3563//6935 3565//6935 3564//6935 
f 3392//6936 3565//6936 3563//6936 
f 3564//6937 3566//6937 3567//6937 
f 3391//6938 3566//6938 3565//6938 
f 3565//6939 3566//6939 3564//6939 
f 3566//6940 3568//6940 3567//6940 
f 3391//6941 3568//6941 3566//6941 
f 3390//6942 3569//6942 3391//6942 
f 3567//6943 3569//6943 3570//6943 
f 3568//6944 3569//6944 3567//6944 
f 3391//6945 3569//6945 3568//6945 
f 3570//6946 3571//6946 3572//6946 
f 3390//6947 3571//6947 3569//6947 
f 3569//6948 3571//6948 3570//6948 
f 3571//6949 3573//6949 3572//6949 
f 3390//6950 3573//6950 3571//6950 
f 3573//6951 3574//6951 3572//6951 
f 3390//6952 3574//6952 3573//6952 
f 3572//6953 3574//6953 3575//6953 
f 3389//6954 3574//6954 3390//6954 
f 3574//6955 3576//6955 3575//6955 
f 3389//6956 3576//6956 3574//6956 
f 3575//6957 3576//6957 3577//6957 
f 3576//6958 3578//6958 3577//6958 
f 3389//6959 3578//6959 3576//6959 
f 3564//6960 3579//6960 3560//6960 
f 3560//6961 3579//6961 3561//6961 
f 3567//6962 3579//6962 3564//6962 
f 3572//6963 3579//6963 3570//6963 
f 3570//6964 3579//6964 3567//6964 
f 3578//6965 3580//6965 3577//6965 
f 3389//6966 3580//6966 3578//6966 
f 3577//6967 3580//6967 3581//6967 
f 3388//6968 3580//6968 3389//6968 
f 3579//6969 3582//6969 3561//6969 
f 3572//6970 3582//6970 3579//6970 
f 3575//6971 3583//6971 3572//6971 
f 3582//6972 3583//6972 3561//6972 
f 3572//6973 3583//6973 3582//6973 
f 3580//6974 3584//6974 3581//6974 
f 3388//6975 3584//6975 3580//6975 
f 3581//6976 3584//6976 3585//6976 
f 3575//6977 3586//6977 3583//6977 
f 3583//6978 3586//6978 3561//6978 
f 3388//6979 3587//6979 3584//6979 
f 3584//6980 3587//6980 3585//6980 
f 3586//6981 3588//6981 3561//6981 
f 3575//6982 3588//6982 3586//6982 
f 3577//6983 3588//6983 3575//6983 
f 3387//6984 3589//6984 3388//6984 
f 3585//6985 3589//6985 3590//6985 
f 3587//6986 3589//6986 3585//6986 
f 3388//6987 3589//6987 3587//6987 
f 3577//6988 3591//6988 3588//6988 
f 3588//6989 3591//6989 3561//6989 
f 3581//6990 3592//6990 3577//6990 
f 3577//6991 3592//6991 3591//6991 
f 3591//6992 3592//6992 3561//6992 
f 3590//6993 3593//6993 3594//6993 
f 3387//6994 3593//6994 3589//6994 
f 3589//6995 3593//6995 3590//6995 
f 3581//6996 3595//6996 3592//6996 
f 3592//6997 3595//6997 3561//6997 
f 3593//6998 3596//6998 3594//6998 
f 3387//6999 3596//6999 3593//6999 
f 3585//7000 3597//7000 3581//7000 
f 3581//7001 3597//7001 3595//7001 
f 3595//7002 3597//7002 3561//7002 
f 3386//7003 3598//7003 3387//7003 
f 3594//7004 3598//7004 3599//7004 
f 3387//7005 3598//7005 3596//7005 
f 3596//7006 3598//7006 3594//7006 
f 3585//7007 3600//7007 3597//7007 
f 3597//7008 3600//7008 3561//7008 
f 3590//7009 3601//7009 3585//7009 
f 3594//7010 3601//7010 3590//7010 
f 3585//7011 3601//7011 3600//7011 
f 3599//7012 3601//7012 3594//7012 
f 3600//7013 3601//7013 3561//7013 
f 3386//7014 3602//7014 3598//7014 
f 3598//7015 3602//7015 3599//7015 
f 3385//7016 3603//7016 3386//7016 
f 3386//7017 3603//7017 3602//7017 
f 3602//7018 3603//7018 3599//7018 
f 3385//7019 3604//7019 3603//7019 
f 3603//7020 3604//7020 3599//7020 
f 3381//7021 3605//7021 3382//7021 
f 3382//7022 3605//7022 3606//7022 
f 3381//7023 3607//7023 3605//7023 
f 3605//7024 3607//7024 3608//7024 
f 3561//7025 3609//7025 3610//7025 
f 3601//7026 3609//7026 3561//7026 
f 3599//7027 3609//7027 3601//7027 
f 3380//7028 3611//7028 3381//7028 
f 3608//7029 3611//7029 3612//7029 
f 3381//7030 3611//7030 3607//7030 
f 3607//7031 3611//7031 3608//7031 
f 3380//7032 3613//7032 3611//7032 
f 3611//7033 3613//7033 3612//7033 
f 3380//7034 3614//7034 3613//7034 
f 3612//7035 3614//7035 3615//7035 
f 3613//7036 3614//7036 3612//7036 
f 3379//7037 3616//7037 3380//7037 
f 3615//7038 3616//7038 3617//7038 
f 3380//7039 3616//7039 3614//7039 
f 3614//7040 3616//7040 3615//7040 
f 3616//7041 3618//7041 3617//7041 
f 3379//7042 3618//7042 3616//7042 
f 3379//7043 3619//7043 3618//7043 
f 3618//7044 3619//7044 3617//7044 
f 3617//7045 3619//7045 3620//7045 
f 3379//7046 3621//7046 3619//7046 
f 3619//7047 3621//7047 3620//7047 
f 3378//7048 3621//7048 3379//7048 
f 3620//7049 3621//7049 3622//7049 
f 3609//7050 3623//7050 3610//7050 
f 3612//7051 3623//7051 3608//7051 
f 3615//7052 3623//7052 3612//7052 
f 3617//7053 3623//7053 3615//7053 
f 3608//7054 3623//7054 3609//7054 
f 3378//7055 3624//7055 3621//7055 
f 3621//7056 3624//7056 3622//7056 
f 3617//7057 3625//7057 3623//7057 
f 3623//7058 3625//7058 3610//7058 
f 3378//7059 3626//7059 3624//7059 
f 3622//7060 3626//7060 3627//7060 
f 3624//7061 3626//7061 3622//7061 
f 3617//7062 3628//7062 3625//7062 
f 3625//7063 3628//7063 3610//7063 
f 3620//7064 3628//7064 3617//7064 
f 3628//7065 3629//7065 3610//7065 
f 3620//7066 3629//7066 3628//7066 
f 3377//7067 3630//7067 3378//7067 
f 3378//7068 3630//7068 3626//7068 
f 3626//7069 3630//7069 3627//7069 
f 3627//7070 3630//7070 3631//7070 
f 3629//7071 3632//7071 3610//7071 
f 3620//7072 3632//7072 3629//7072 
f 3622//7073 3632//7073 3620//7073 
f 3377//7074 3633//7074 3630//7074 
f 3630//7075 3633//7075 3631//7075 
f 3622//7076 3634//7076 3632//7076 
f 3632//7077 3634//7077 3610//7077 
f 3633//7078 3635//7078 3631//7078 
f 3377//7079 3635//7079 3633//7079 
f 3631//7080 3635//7080 3636//7080 
f 3622//7081 3637//7081 3634//7081 
f 3634//7082 3637//7082 3610//7082 
f 3627//7083 3637//7083 3622//7083 
f 3627//7084 3638//7084 3637//7084 
f 3637//7085 3638//7085 3610//7085 
f 3376//7086 3639//7086 3377//7086 
f 3377//7087 3639//7087 3635//7087 
f 3635//7088 3639//7088 3636//7088 
f 3636//7089 3639//7089 3640//7089 
f 3627//7090 3641//7090 3638//7090 
f 3638//7091 3641//7091 3610//7091 
f 3631//7092 3641//7092 3627//7092 
f 3376//7093 3642//7093 3639//7093 
f 3639//7094 3642//7094 3640//7094 
f 3641//7095 3643//7095 3610//7095 
f 3631//7096 3643//7096 3641//7096 
f 3376//7097 3644//7097 3642//7097 
f 3642//7098 3644//7098 3640//7098 
f 3640//7099 3644//7099 3645//7099 
f 3643//7100 3646//7100 3610//7100 
f 3631//7101 3646//7101 3643//7101 
f 3636//7102 3646//7102 3631//7102 
f 3640//7103 3646//7103 3636//7103 
f 3645//7104 3646//7104 3640//7104 
f 3610//7105 3646//7105 3647//7105 
f 3375//7106 3648//7106 3376//7106 
f 3376//7107 3648//7107 3644//7107 
f 3644//7108 3648//7108 3645//7108 
f 3645//7109 3648//7109 3649//7109 
f 3648//7110 3650//7110 3649//7110 
f 3375//7111 3650//7111 3648//7111 
f 3649//7112 3651//7112 3652//7112 
f 3650//7113 3651//7113 3649//7113 
f 3375//7114 3651//7114 3650//7114 
f 3374//7115 3653//7115 3375//7115 
f 3375//7116 3653//7116 3651//7116 
f 3652//7117 3653//7117 3654//7117 
f 3651//7118 3653//7118 3652//7118 
f 3653//7119 3655//7119 3654//7119 
f 3374//7120 3655//7120 3653//7120 
f 3654//7121 3656//7121 3657//7121 
f 3374//7122 3656//7122 3655//7122 
f 3655//7123 3656//7123 3654//7123 
f 3652//7124 3658//7124 3649//7124 
f 3645//7125 3658//7125 3646//7125 
f 3646//7126 3658//7126 3647//7126 
f 3654//7127 3658//7127 3652//7127 
f 3649//7128 3658//7128 3645//7128 
f 3371//7129 3659//7129 3374//7129 
f 3374//7130 3659//7130 3656//7130 
f 3656//7131 3659//7131 3657//7131 
f 3658//7132 3660//7132 3647//7132 
f 3654//7133 3660//7133 3658//7133 
f 3657//7134 3661//7134 3654//7134 
f 3654//7135 3661//7135 3660//7135 
f 3660//7136 3661//7136 3647//7136 
f 3371//7137 3662//7137 3659//7137 
f 3657//7138 3663//7138 3661//7138 
f 3661//7139 3663//7139 3647//7139 
f 3657//7140 3664//7140 3663//7140 
f 3364//7141 3335//7141 3334//7141 
f 3364//7142 3316//7142 3335//7142 
f 3665//7143 3664//7143 3666//7143 
f 3665//7144 3667//7144 3664//7144 
f 3668//7145 3667//7145 3669//7145 
f 3647//7146 3667//7146 3668//7146 
f 3670//7147 3667//7147 3665//7147 
f 3671//7148 3667//7148 3670//7148 
f 3669//7149 3667//7149 3671//7149 
f 3663//7150 3667//7150 3647//7150 
f 3664//7151 3667//7151 3663//7151 
f 3373//7152 3672//7152 3371//7152 
f 3371//7153 3672//7153 3662//7153 
f 3364//7154 3314//7154 3316//7154 
f 3317//7155 3314//7155 3364//7155 
f 3331//7156 3673//7156 3674//7156 
f 3675//7157 3673//7157 3676//7157 
f 3674//7158 3673//7158 3675//7158 
f 3339//7159 3673//7159 3338//7159 
f 3338//7160 3673//7160 3331//7160 
f 3339//7161 3677//7161 3673//7161 
f 3341//7162 3677//7162 3339//7162 
f 3341//7163 3678//7163 3677//7163 
f 3341//7164 3679//7164 3678//7164 
f 3341//7165 3680//7165 3679//7165 
f 3347//7166 3680//7166 3341//7166 
f 3342//7167 3681//7167 3344//7167 
f 3344//7168 3681//7168 3345//7168 
f 3345//7169 3681//7169 3346//7169 
f 3347//7170 3681//7170 3680//7170 
f 3346//7171 3681//7171 3347//7171 
f 3682//7172 3683//7172 3684//7172 
f 3685//7173 3683//7173 3682//7173 
f 3686//7174 3683//7174 3687//7174 
f 3684//7175 3683//7175 3686//7175 
f 3688//7176 3689//7176 3685//7176 
f 3687//7177 3689//7177 3690//7177 
f 3690//7178 3689//7178 3691//7178 
f 3691//7179 3689//7179 3692//7179 
f 3683//7180 3689//7180 3687//7180 
f 3692//7181 3689//7181 3688//7181 
f 3685//7182 3689//7182 3683//7182 
f 3693//7183 3694//7183 3695//7183 
f 3696//7184 3694//7184 3693//7184 
f 3695//7185 3694//7185 3697//7185 
f 3696//7186 3698//7186 3694//7186 
f 3694//7187 3698//7187 3697//7187 
f 3696//7188 3699//7188 3698//7188 
f 3697//7189 3700//7189 3701//7189 
f 3701//7190 3700//7190 3702//7190 
f 3703//7191 3704//7191 3705//7191 
f 3705//7192 3704//7192 3706//7192 
f 3707//7193 3708//7193 3709//7193 
f 3710//7194 3711//7194 3707//7194 
f 3712//7195 3711//7195 3710//7195 
f 3707//7196 3711//7196 3708//7196 
f 3706//7197 3711//7197 3712//7197 
f 3708//7198 3711//7198 3706//7198 
f 3713//7199 3714//7199 3715//7199 
f 3715//7200 3714//7200 3716//7200 
f 3717//7201 3718//7201 3719//7201 
f 3720//7202 3721//7202 3722//7202 
f 3722//7203 3721//7203 3717//7203 
f 3716//7204 3721//7204 3720//7204 
f 3718//7205 3721//7205 3716//7205 
f 3717//7206 3721//7206 3718//7206 
f 3723//7207 3724//7207 3725//7207 
f 3726//7208 3724//7208 3723//7208 
f 3724//7209 3727//7209 3725//7209 
f 3728//7210 3727//7210 3726//7210 
f 3725//7211 3727//7211 3729//7211 
f 3726//7212 3727//7212 3724//7212 
f 3729//7213 3730//7213 3731//7213 
f 3731//7214 3730//7214 3728//7214 
f 3727//7215 3730//7215 3729//7215 
f 3728//7216 3730//7216 3727//7216 
f 3732//7217 3733//7217 3734//7217 
f 3735//7218 3733//7218 3736//7218 
f 3736//7219 3733//7219 3732//7219 
f 3734//7220 3733//7220 3737//7220 
f 3435//7221 3738//7221 3735//7221 
f 3737//7222 3738//7222 3739//7222 
f 3739//7223 3738//7223 3435//7223 
f 3735//7224 3738//7224 3733//7224 
f 3733//7225 3738//7225 3737//7225 
f 3734//7226 3740//7226 3741//7226 
f 3737//7227 3740//7227 3734//7227 
f 3741//7228 3740//7228 3742//7228 
f 3739//7229 3743//7229 3737//7229 
f 3744//7230 3743//7230 3745//7230 
f 3742//7231 3743//7231 3744//7231 
f 3745//7232 3743//7232 3739//7232 
f 3740//7233 3743//7233 3742//7233 
f 3737//7234 3743//7234 3740//7234 
f 3746//7235 3747//7235 3748//7235 
f 3748//7236 3747//7236 3749//7236 
f 3749//7237 3747//7237 3750//7237 
f 3747//7238 3751//7238 3750//7238 
f 3746//7239 3751//7239 3747//7239 
f 3746//7240 3752//7240 3751//7240 
f 3750//7241 3753//7241 3754//7241 
f 3754//7242 3753//7242 3755//7242 
f 3756//7243 3757//7243 3758//7243 
f 3759//7244 3757//7244 3756//7244 
f 3760//7245 3757//7245 3759//7245 
f 3761//7246 3757//7246 3760//7246 
f 3762//7247 3757//7247 3761//7247 
f 3758//7248 3757//7248 3762//7248 
f 3763//7249 3764//7249 3761//7249 
f 3765//7250 3764//7250 3766//7250 
f 3762//7251 3764//7251 3765//7251 
f 3766//7252 3764//7252 3763//7252 
f 3761//7253 3764//7253 3762//7253 
f 3767//7254 3768//7254 3490//7254 
f 3769//7255 3768//7255 3770//7255 
f 3770//7256 3768//7256 3767//7256 
f 3771//7257 3768//7257 3769//7257 
f 3490//7258 3768//7258 3771//7258 
f 3772//7259 3773//7259 3490//7259 
f 3774//7260 3773//7260 3775//7260 
f 3776//7261 3773//7261 3774//7261 
f 3775//7262 3773//7262 3772//7262 
f 3776//7263 3777//7263 3773//7263 
f 3778//7264 3777//7264 3776//7264 
f 3773//7265 3777//7265 3490//7265 
f 3777//7266 3779//7266 3490//7266 
f 3778//7267 3779//7267 3777//7267 
f 3780//7268 3779//7268 3778//7268 
f 3489//7269 3781//7269 3476//7269 
f 3476//7270 3781//7270 3782//7270 
f 3779//7271 3781//7271 3490//7271 
f 3490//7272 3781//7272 3489//7272 
f 3407//7273 3783//7273 3513//7273 
f 3783//7274 3784//7274 3513//7274 
f 3785//7275 3784//7275 3783//7275 
f 3510//7276 3784//7276 3508//7276 
f 3513//7277 3784//7277 3510//7277 
f 3508//7278 3784//7278 3514//7278 
f 3514//7279 3784//7279 3785//7279 
f 3783//7280 3786//7280 3785//7280 
f 3406//7281 3786//7281 3407//7281 
f 3407//7282 3786//7282 3783//7282 
f 3785//7283 3786//7283 3787//7283 
f 3786//7284 3788//7284 3787//7284 
f 3406//7285 3788//7285 3786//7285 
f 3788//7286 3789//7286 3787//7286 
f 3406//7287 3789//7287 3788//7287 
f 3787//7288 3789//7288 3790//7288 
f 3514//7289 3791//7289 3512//7289 
f 3785//7290 3791//7290 3514//7290 
f 3787//7291 3791//7291 3785//7291 
f 3405//7292 3792//7292 3406//7292 
f 3789//7293 3792//7293 3790//7293 
f 3406//7294 3792//7294 3789//7294 
f 3515//7295 3792//7295 3405//7295 
f 3791//7296 3793//7296 3512//7296 
f 3787//7297 3793//7297 3791//7297 
f 3516//7298 3794//7298 3790//7298 
f 3787//7299 3794//7299 3793//7299 
f 3512//7300 3794//7300 3516//7300 
f 3793//7301 3794//7301 3512//7301 
f 3790//7302 3794//7302 3787//7302 
f 3516//7303 3795//7303 3519//7303 
f 3792//7304 3795//7304 3790//7304 
f 3790//7305 3795//7305 3516//7305 
f 3515//7306 3795//7306 3792//7306 
f 3519//7307 3795//7307 3515//7307 
f 3558//7308 3796//7308 3553//7308 
f 3553//7309 3796//7309 3560//7309 
f 3559//7310 3796//7310 3558//7310 
f 3796//7311 3797//7311 3560//7311 
f 3559//7312 3797//7312 3796//7312 
f 3559//7313 3798//7313 3797//7313 
f 3564//7314 3799//7314 3562//7314 
f 3560//7315 3799//7315 3564//7315 
f 3599//7316 3800//7316 3609//7316 
f 3604//7317 3800//7317 3599//7317 
f 3606//7318 3801//7318 3802//7318 
f 3606//7319 3803//7319 3801//7319 
f 3609//7320 3803//7320 3608//7320 
f 3608//7321 3803//7321 3605//7321 
f 3605//7322 3803//7322 3606//7322 
f 3801//7323 3803//7323 3609//7323 
f 3664//7324 3804//7324 3666//7324 
f 3662//7325 3804//7325 3659//7325 
f 3659//7326 3804//7326 3657//7326 
f 3657//7327 3804//7327 3664//7327 
f 3662//7328 3805//7328 3804//7328 
f 3804//7329 3805//7329 3666//7329 
f 3672//7330 3805//7330 3662//7330 
f 3373//7331 3806//7331 3672//7331 
f 3368//7332 3806//7332 3373//7332 
f 3672//7333 3807//7333 3805//7333 
f 3368//7334 3808//7334 3806//7334 
f 3806//7335 3808//7335 3809//7335 
f 3669//7336 3810//7336 3668//7336 
f 3668//7337 3810//7337 3647//7337 
f 3666//7338 3810//7338 3665//7338 
f 3665//7339 3810//7339 3670//7339 
f 3807//7340 3810//7340 3805//7340 
f 3670//7341 3810//7341 3671//7341 
f 3805//7342 3810//7342 3666//7342 
f 3671//7343 3810//7343 3669//7343 
f 3811//7344 3810//7344 3809//7344 
f 3367//7345 3812//7345 3368//7345 
f 3368//7346 3812//7346 3808//7346 
f 3808//7347 3812//7347 3809//7347 
f 3812//7348 3813//7348 3809//7348 
f 3809//7349 3813//7349 3811//7349 
f 3366//7350 3814//7350 3367//7350 
f 3366//7351 3815//7351 3814//7351 
f 3676//7352 3815//7352 3675//7352 
f 3678//7353 3815//7353 3677//7353 
f 3680//7354 3815//7354 3679//7354 
f 3677//7355 3815//7355 3673//7355 
f 3679//7356 3815//7356 3678//7356 
f 3681//7357 3815//7357 3680//7357 
f 3673//7358 3815//7358 3676//7358 
f 3675//7359 3815//7359 3366//7359 
f 3325//7360 3816//7360 3342//7360 
f 3325//7361 3817//7361 3816//7361 
f 3325//7362 3818//7362 3817//7362 
f 3325//7363 3819//7363 3818//7363 
f 3324//7364 3819//7364 3325//7364 
f 3313//7365 3820//7365 3312//7365 
f 3312//7366 3820//7366 3321//7366 
f 3324//7367 3820//7367 3819//7367 
f 3821//7368 3822//7368 3823//7368 
f 3321//7369 3820//7369 3323//7369 
f 3323//7370 3820//7370 3324//7370 
f 3471//7371 3824//7371 3696//7371 
f 3696//7372 3824//7372 3699//7372 
f 3824//7373 3825//7373 3699//7373 
f 3471//7374 3825//7374 3824//7374 
f 3470//7375 3825//7375 3471//7375 
f 3699//7376 3826//7376 3698//7376 
f 3698//7377 3826//7377 3697//7377 
f 3697//7378 3826//7378 3700//7378 
f 3700//7379 3826//7379 3699//7379 
f 3470//7380 3827//7380 3825//7380 
f 3825//7381 3827//7381 3699//7381 
f 3699//7382 3827//7382 3700//7382 
f 3470//7383 3828//7383 3827//7383 
f 3827//7384 3828//7384 3700//7384 
f 3702//7385 3828//7385 3468//7385 
f 3700//7386 3828//7386 3702//7386 
f 3468//7387 3828//7387 3470//7387 
f 3465//7388 3829//7388 3703//7388 
f 3704//7389 3829//7389 3709//7389 
f 3703//7390 3829//7390 3704//7390 
f 3830//7391 3831//7391 3832//7391 
f 3823//7392 3831//7392 3830//7392 
f 3822//7393 3831//7393 3823//7393 
f 3684//7394 3686//7394 3821//7394 
f 3821//7395 3686//7395 3822//7395 
f 3686//7396 3833//7396 3822//7396 
f 3832//7397 3834//7397 3835//7397 
f 3833//7398 3834//7398 3822//7398 
f 3464//7399 3829//7399 3465//7399 
f 3829//7400 3836//7400 3709//7400 
f 3464//7401 3836//7401 3829//7401 
f 3463//7402 3836//7402 3464//7402 
f 3836//7403 3837//7403 3709//7403 
f 3707//7404 3837//7404 3463//7404 
f 3463//7405 3837//7405 3836//7405 
f 3709//7406 3837//7406 3707//7406 
f 3704//7407 3838//7407 3706//7407 
f 3709//7408 3838//7408 3704//7408 
f 3706//7409 3838//7409 3708//7409 
f 3708//7410 3838//7410 3709//7410 
f 3449//7411 3839//7411 3713//7411 
f 3713//7412 3839//7412 3714//7412 
f 3448//7413 3839//7413 3449//7413 
f 3714//7414 3840//7414 3719//7414 
f 3839//7415 3840//7415 3714//7415 
f 3448//7416 3840//7416 3839//7416 
f 3840//7417 3841//7417 3719//7417 
f 3448//7418 3841//7418 3840//7418 
f 3717//7419 3842//7419 3446//7419 
f 3841//7420 3842//7420 3719//7420 
f 3448//7421 3842//7421 3841//7421 
f 3822//7422 3834//7422 3831//7422 
f 3831//7423 3834//7423 3832//7423 
f 3835//7424 3834//7424 3843//7424 
f 3844//7425 3845//7425 3846//7425 
f 3486//7426 3845//7426 3844//7426 
f 3473//7427 3845//7427 3486//7427 
f 3472//7428 3845//7428 3473//7428 
f 3719//7429 3842//7429 3717//7429 
f 3446//7430 3842//7430 3448//7430 
f 3714//7431 3847//7431 3716//7431 
f 3718//7432 3847//7432 3719//7432 
f 3716//7433 3847//7433 3718//7433 
f 3719//7434 3847//7434 3714//7434 
f 3746//7435 3848//7435 3752//7435 
f 3428//7436 3848//7436 3746//7436 
f 3427//7437 3849//7437 3428//7437 
f 3848//7438 3849//7438 3752//7438 
f 3428//7439 3849//7439 3848//7439 
f 3752//7440 3850//7440 3751//7440 
f 3753//7441 3850//7441 3752//7441 
f 3750//7442 3850//7442 3753//7442 
f 3751//7443 3850//7443 3750//7443 
f 3752//7444 3851//7444 3753//7444 
f 3849//7445 3851//7445 3752//7445 
f 3753//7446 3851//7446 3755//7446 
f 3755//7447 3851//7447 3426//7447 
f 3426//7448 3851//7448 3427//7448 
f 3427//7449 3851//7449 3849//7449 
f 3780//7450 3852//7450 3779//7450 
f 3779//7451 3852//7451 3781//7451 
f 3781//7452 3853//7452 3782//7452 
f 3782//7453 3853//7453 3414//7453 
f 3852//7454 3853//7454 3781//7454 
f 3414//7455 3853//7455 3416//7455 
f 3416//7456 3853//7456 3417//7456 
f 3780//7457 3853//7457 3852//7457 
f 3417//7458 3853//7458 3780//7458 
f 3559//7459 3854//7459 3798//7459 
f 3396//7460 3854//7460 3559//7460 
f 3395//7461 3855//7461 3396//7461 
f 3396//7462 3855//7462 3854//7462 
f 3854//7463 3855//7463 3798//7463 
f 3798//7464 3856//7464 3797//7464 
f 3560//7465 3856//7465 3799//7465 
f 3799//7466 3856//7466 3798//7466 
f 3797//7467 3856//7467 3560//7467 
f 3394//7468 3857//7468 3395//7468 
f 3395//7469 3857//7469 3855//7469 
f 3798//7470 3857//7470 3799//7470 
f 3799//7471 3857//7471 3562//7471 
f 3562//7472 3857//7472 3394//7472 
f 3855//7473 3857//7473 3798//7473 
f 3384//7474 3858//7474 3385//7474 
f 3385//7475 3858//7475 3604//7475 
f 3604//7476 3858//7476 3800//7476 
f 3800//7477 3858//7477 3802//7477 
f 3858//7478 3859//7478 3802//7478 
f 3382//7479 3859//7479 3384//7479 
f 3384//7480 3859//7480 3858//7480 
f 3382//7481 3860//7481 3859//7481 
f 3606//7482 3860//7482 3382//7482 
f 3859//7483 3860//7483 3802//7483 
f 3802//7484 3860//7484 3606//7484 
f 3800//7485 3861//7485 3609//7485 
f 3802//7486 3861//7486 3800//7486 
f 3801//7487 3861//7487 3802//7487 
f 3609//7488 3861//7488 3801//7488 
f 3810//7489 3862//7489 3809//7489 
f 3672//7490 3862//7490 3807//7490 
f 3807//7491 3862//7491 3810//7491 
f 3806//7492 3862//7492 3672//7492 
f 3809//7493 3862//7493 3806//7493 
f 3813//7494 3863//7494 3811//7494 
f 3342//7495 3864//7495 3681//7495 
f 3863//7496 3864//7496 3816//7496 
f 3816//7497 3864//7497 3342//7497 
f 3815//7498 3864//7498 3814//7498 
f 3681//7499 3864//7499 3815//7499 
f 3810//7500 3865//7500 3647//7500 
f 3313//7501 3865//7501 3820//7501 
f 3647//7502 3865//7502 3313//7502 
f 3864//7503 3866//7503 3814//7503 
f 3812//7504 3866//7504 3813//7504 
f 3863//7505 3866//7505 3864//7505 
f 3814//7506 3866//7506 3367//7506 
f 3813//7507 3866//7507 3863//7507 
f 3367//7508 3866//7508 3812//7508 
f 3810//7509 3867//7509 3865//7509 
f 3863//7510 3867//7510 3811//7510 
f 3811//7511 3867//7511 3810//7511 
f 3818//7512 3868//7512 3817//7512 
f 3867//7513 3868//7513 3865//7513 
f 3819//7514 3868//7514 3818//7514 
f 3820//7515 3868//7515 3819//7515 
f 3865//7516 3868//7516 3820//7516 
f 3816//7517 3868//7517 3863//7517 
f 3863//7518 3868//7518 3867//7518 
f 3817//7519 3868//7519 3816//7519 
f 3869//7520 3870//7520 3731//7520 
f 3440//7521 3870//7521 3869//7521 
f 3439//7522 3870//7522 3440//7522 
f 3731//7523 3870//7523 3871//7523 
f 3870//7524 3872//7524 3871//7524 
f 3439//7525 3872//7525 3870//7525 
f 3439//7526 3873//7526 3872//7526 
f 3438//7527 3873//7527 3439//7527 
f 3872//7528 3874//7528 3871//7528 
f 3873//7529 3874//7529 3872//7529 
f 3873//7530 3875//7530 3874//7530 
f 3876//7531 3741//7531 3877//7531 
f 3878//7532 3741//7532 3879//7532 
f 3877//7533 3741//7533 3878//7533 
f 3761//7534 3880//7534 3763//7534 
f 3420//7535 3880//7535 3421//7535 
f 3421//7536 3880//7536 3760//7536 
f 3760//7537 3880//7537 3761//7537 
f 3420//7538 3881//7538 3880//7538 
f 3880//7539 3881//7539 3763//7539 
f 3420//7540 3882//7540 3881//7540 
f 3419//7541 3882//7541 3420//7541 
f 3882//7542 3883//7542 3881//7542 
f 3881//7543 3883//7543 3763//7543 
f 3882//7544 3884//7544 3883//7544 
f 3491//7545 3512//7545 3546//7545 
f 3402//7546 3522//7546 3403//7546 
f 3522//7547 3524//7547 3521//7547 
f 3401//7548 3885//7548 3402//7548 
f 3402//7549 3885//7549 3522//7549 
f 3524//7550 3885//7550 3527//7550 
f 3522//7551 3885//7551 3524//7551 
f 3401//7552 3886//7552 3885//7552 
f 3885//7553 3886//7553 3527//7553 
f 3401//7554 3530//7554 3886//7554 
f 3886//7555 3531//7555 3527//7555 
f 3530//7556 3531//7556 3886//7556 
f 3512//7557 3536//7557 3546//7557 
f 3517//7558 3536//7558 3512//7558 
f 3610//7559 3647//7559 3313//7559 
f 3364//7560 3675//7560 3366//7560 
f 3331//7561 3674//7561 3329//7561 
f 3329//7562 3674//7562 3332//7562 
f 3332//7563 3674//7563 3333//7563 
f 3333//7564 3674//7564 3334//7564 
f 3364//7565 3674//7565 3675//7565 
f 3334//7566 3674//7566 3364//7566 
f 3887//7567 3888//7567 3688//7567 
f 3846//7568 3888//7568 3887//7568 
f 3688//7569 3888//7569 3692//7569 
f 3888//7570 3889//7570 3692//7570 
f 3692//7571 3889//7571 3890//7571 
f 3846//7572 3889//7572 3888//7572 
f 3845//7573 3889//7573 3846//7573 
f 3686//7574 3687//7574 3833//7574 
f 3843//7575 3687//7575 3891//7575 
f 3834//7576 3687//7576 3843//7576 
f 3833//7577 3687//7577 3834//7577 
f 3889//7578 3892//7578 3890//7578 
f 3845//7579 3892//7579 3889//7579 
f 3687//7580 3690//7580 3891//7580 
f 3890//7581 3893//7581 3695//7581 
f 3892//7582 3893//7582 3890//7582 
f 3845//7583 3893//7583 3892//7583 
f 3695//7584 3691//7584 3890//7584 
f 3690//7585 3691//7585 3891//7585 
f 3890//7586 3691//7586 3692//7586 
f 3893//7587 3894//7587 3695//7587 
f 3845//7588 3894//7588 3893//7588 
f 3472//7589 3894//7589 3845//7589 
f 3894//7590 3693//7590 3695//7590 
f 3472//7591 3693//7591 3894//7591 
f 3471//7592 3693//7592 3472//7592 
f 3471//7593 3696//7593 3693//7593 
f 3691//7594 3697//7594 3891//7594 
f 3695//7595 3697//7595 3691//7595 
f 3891//7596 3697//7596 3895//7596 
f 3467//7597 3702//7597 3468//7597 
f 3702//7598 3896//7598 3701//7598 
f 3467//7599 3896//7599 3702//7599 
f 3896//7600 3897//7600 3701//7600 
f 3467//7601 3897//7601 3896//7601 
f 3466//7602 3897//7602 3467//7602 
f 3466//7603 3898//7603 3897//7603 
f 3701//7604 3898//7604 3899//7604 
f 3897//7605 3898//7605 3701//7605 
f 3898//7606 3900//7606 3899//7606 
f 3466//7607 3900//7607 3898//7607 
f 3900//7608 3901//7608 3899//7608 
f 3466//7609 3901//7609 3900//7609 
f 3899//7610 3901//7610 3902//7610 
f 3462//7611 3901//7611 3466//7611 
f 3462//7612 3903//7612 3901//7612 
f 3902//7613 3903//7613 3904//7613 
f 3901//7614 3903//7614 3902//7614 
f 3903//7615 3905//7615 3904//7615 
f 3462//7616 3905//7616 3903//7616 
f 3904//7617 3906//7617 3907//7617 
f 3905//7618 3906//7618 3904//7618 
f 3462//7619 3906//7619 3905//7619 
f 3461//7620 3906//7620 3462//7620 
f 3461//7621 3908//7621 3906//7621 
f 3906//7622 3908//7622 3907//7622 
f 3907//7623 3908//7623 3909//7623 
f 3908//7624 3910//7624 3909//7624 
f 3461//7625 3910//7625 3908//7625 
f 3904//7626 3911//7626 3902//7626 
f 3701//7627 3911//7627 3697//7627 
f 3899//7628 3911//7628 3701//7628 
f 3902//7629 3911//7629 3899//7629 
f 3697//7630 3911//7630 3895//7630 
f 3909//7631 3912//7631 3913//7631 
f 3910//7632 3912//7632 3909//7632 
f 3461//7633 3912//7633 3910//7633 
f 3460//7634 3912//7634 3461//7634 
f 3911//7635 3914//7635 3895//7635 
f 3904//7636 3914//7636 3911//7636 
f 3907//7637 3915//7637 3904//7637 
f 3904//7638 3915//7638 3914//7638 
f 3914//7639 3915//7639 3895//7639 
f 3913//7640 3916//7640 3917//7640 
f 3912//7641 3916//7641 3913//7641 
f 3460//7642 3916//7642 3912//7642 
f 3907//7643 3918//7643 3915//7643 
f 3915//7644 3918//7644 3895//7644 
f 3460//7645 3919//7645 3916//7645 
f 3916//7646 3919//7646 3917//7646 
f 3909//7647 3920//7647 3907//7647 
f 3907//7648 3920//7648 3918//7648 
f 3918//7649 3920//7649 3895//7649 
f 3917//7650 3921//7650 3922//7650 
f 3457//7651 3921//7651 3460//7651 
f 3919//7652 3921//7652 3917//7652 
f 3460//7653 3921//7653 3919//7653 
f 3920//7654 3923//7654 3895//7654 
f 3909//7655 3923//7655 3920//7655 
f 3909//7656 3924//7656 3923//7656 
f 3913//7657 3924//7657 3909//7657 
f 3923//7658 3924//7658 3895//7658 
f 3922//7659 3925//7659 3926//7659 
f 3921//7660 3925//7660 3922//7660 
f 3457//7661 3925//7661 3921//7661 
f 3913//7662 3927//7662 3924//7662 
f 3924//7663 3927//7663 3895//7663 
f 3457//7664 3928//7664 3925//7664 
f 3925//7665 3928//7665 3926//7665 
f 3913//7666 3929//7666 3927//7666 
f 3917//7667 3929//7667 3913//7667 
f 3927//7668 3929//7668 3895//7668 
f 3457//7669 3930//7669 3928//7669 
f 3928//7670 3930//7670 3926//7670 
f 3926//7671 3930//7671 3705//7671 
f 3459//7672 3930//7672 3457//7672 
f 3917//7673 3931//7673 3929//7673 
f 3929//7674 3931//7674 3895//7674 
f 3931//7675 3932//7675 3895//7675 
f 3917//7676 3932//7676 3931//7676 
f 3705//7677 3932//7677 3926//7677 
f 3926//7678 3932//7678 3922//7678 
f 3922//7679 3932//7679 3917//7679 
f 3930//7680 3933//7680 3705//7680 
f 3459//7681 3933//7681 3930//7681 
f 3933//7682 3934//7682 3705//7682 
f 3459//7683 3934//7683 3933//7683 
f 3465//7684 3934//7684 3459//7684 
f 3934//7685 3703//7685 3705//7685 
f 3465//7686 3703//7686 3934//7686 
f 3463//7687 3710//7687 3707//7687 
f 3456//7688 3710//7688 3463//7688 
f 3710//7689 3935//7689 3712//7689 
f 3456//7690 3935//7690 3710//7690 
f 3895//7691 3706//7691 3936//7691 
f 3932//7692 3706//7692 3895//7692 
f 3705//7693 3706//7693 3932//7693 
f 3456//7694 3937//7694 3935//7694 
f 3935//7695 3937//7695 3712//7695 
f 3712//7696 3937//7696 3938//7696 
f 3455//7697 3937//7697 3456//7697 
f 3455//7698 3939//7698 3937//7698 
f 3937//7699 3939//7699 3938//7699 
f 3455//7700 3940//7700 3939//7700 
f 3939//7701 3940//7701 3938//7701 
f 3938//7702 3940//7702 3941//7702 
f 3941//7703 3942//7703 3943//7703 
f 3455//7704 3942//7704 3940//7704 
f 3940//7705 3942//7705 3941//7705 
f 3454//7706 3942//7706 3455//7706 
f 3942//7707 3944//7707 3943//7707 
f 3454//7708 3944//7708 3942//7708 
f 3943//7709 3945//7709 3946//7709 
f 3454//7710 3945//7710 3944//7710 
f 3944//7711 3945//7711 3943//7711 
f 3945//7712 3947//7712 3946//7712 
f 3454//7713 3947//7713 3945//7713 
f 3946//7714 3947//7714 3948//7714 
f 3453//7715 3947//7715 3454//7715 
f 3943//7716 3949//7716 3941//7716 
f 3712//7717 3949//7717 3706//7717 
f 3938//7718 3949//7718 3712//7718 
f 3706//7719 3949//7719 3936//7719 
f 3941//7720 3949//7720 3938//7720 
f 3453//7721 3950//7721 3947//7721 
f 3947//7722 3950//7722 3948//7722 
f 3943//7723 3951//7723 3949//7723 
f 3949//7724 3951//7724 3936//7724 
f 3950//7725 3952//7725 3948//7725 
f 3948//7726 3952//7726 3953//7726 
f 3453//7727 3952//7727 3950//7727 
f 3946//7728 3954//7728 3943//7728 
f 3943//7729 3954//7729 3951//7729 
f 3951//7730 3954//7730 3936//7730 
f 3946//7731 3955//7731 3954//7731 
f 3954//7732 3955//7732 3936//7732 
f 3953//7733 3956//7733 3957//7733 
f 3952//7734 3956//7734 3953//7734 
f 3452//7735 3956//7735 3453//7735 
f 3453//7736 3956//7736 3952//7736 
f 3948//7737 3958//7737 3946//7737 
f 3955//7738 3958//7738 3936//7738 
f 3946//7739 3958//7739 3955//7739 
f 3956//7740 3959//7740 3957//7740 
f 3452//7741 3959//7741 3956//7741 
f 3948//7742 3960//7742 3958//7742 
f 3958//7743 3960//7743 3936//7743 
f 3957//7744 3961//7744 3962//7744 
f 3959//7745 3961//7745 3957//7745 
f 3452//7746 3961//7746 3959//7746 
f 3953//7747 3963//7747 3948//7747 
f 3948//7748 3963//7748 3960//7748 
f 3960//7749 3963//7749 3936//7749 
f 3953//7750 3964//7750 3963//7750 
f 3963//7751 3964//7751 3936//7751 
f 3961//7752 3965//7752 3962//7752 
f 3452//7753 3965//7753 3961//7753 
f 3451//7754 3965//7754 3452//7754 
f 3962//7755 3965//7755 3966//7755 
f 3964//7756 3967//7756 3936//7756 
f 3957//7757 3967//7757 3953//7757 
f 3953//7758 3967//7758 3964//7758 
f 3965//7759 3968//7759 3966//7759 
f 3451//7760 3968//7760 3965//7760 
f 3957//7761 3969//7761 3967//7761 
f 3967//7762 3969//7762 3936//7762 
f 3451//7763 3970//7763 3968//7763 
f 3966//7764 3970//7764 3715//7764 
f 3968//7765 3970//7765 3966//7765 
f 3962//7766 3971//7766 3957//7766 
f 3969//7767 3971//7767 3936//7767 
f 3957//7768 3971//7768 3969//7768 
f 3715//7769 3971//7769 3966//7769 
f 3966//7770 3971//7770 3962//7770 
f 3451//7771 3972//7771 3970//7771 
f 3970//7772 3972//7772 3715//7772 
f 3450//7773 3972//7773 3451//7773 
f 3972//7774 3973//7774 3715//7774 
f 3450//7775 3973//7775 3972//7775 
f 3973//7776 3713//7776 3715//7776 
f 3450//7777 3713//7777 3973//7777 
f 3449//7778 3713//7778 3450//7778 
f 3446//7779 3722//7779 3717//7779 
f 3445//7780 3722//7780 3446//7780 
f 3722//7781 3974//7781 3720//7781 
f 3445//7782 3974//7782 3722//7782 
f 3971//7783 3716//7783 3936//7783 
f 3936//7784 3716//7784 3878//7784 
f 3715//7785 3716//7785 3971//7785 
f 3974//7786 3975//7786 3720//7786 
f 3445//7787 3975//7787 3974//7787 
f 3444//7788 3975//7788 3445//7788 
f 3720//7789 3975//7789 3976//7789 
f 3444//7790 3977//7790 3975//7790 
f 3975//7791 3977//7791 3976//7791 
f 3976//7792 3978//7792 3979//7792 
f 3977//7793 3978//7793 3976//7793 
f 3444//7794 3978//7794 3977//7794 
f 3978//7795 3980//7795 3979//7795 
f 3979//7796 3980//7796 3981//7796 
f 3444//7797 3980//7797 3978//7797 
f 3443//7798 3980//7798 3444//7798 
f 3980//7799 3982//7799 3981//7799 
f 3443//7800 3982//7800 3980//7800 
f 3981//7801 3983//7801 3984//7801 
f 3982//7802 3983//7802 3981//7802 
f 3443//7803 3983//7803 3982//7803 
f 3983//7804 3985//7804 3984//7804 
f 3984//7805 3985//7805 3986//7805 
f 3443//7806 3985//7806 3983//7806 
f 3442//7807 3985//7807 3443//7807 
f 3981//7808 3987//7808 3979//7808 
f 3979//7809 3987//7809 3976//7809 
f 3720//7810 3987//7810 3716//7810 
f 3716//7811 3987//7811 3878//7811 
f 3976//7812 3987//7812 3720//7812 
f 3985//7813 3988//7813 3986//7813 
f 3442//7814 3988//7814 3985//7814 
f 3981//7815 3989//7815 3987//7815 
f 3987//7816 3989//7816 3878//7816 
f 3986//7817 3990//7817 3723//7817 
f 3442//7818 3990//7818 3988//7818 
f 3988//7819 3990//7819 3986//7819 
f 3984//7820 3991//7820 3981//7820 
f 3981//7821 3991//7821 3989//7821 
f 3989//7822 3991//7822 3878//7822 
f 3984//7823 3992//7823 3991//7823 
f 3991//7824 3992//7824 3878//7824 
f 3441//7825 3726//7825 3442//7825 
f 3990//7826 3726//7826 3723//7826 
f 3442//7827 3726//7827 3990//7827 
f 3986//7828 3993//7828 3984//7828 
f 3984//7829 3993//7829 3992//7829 
f 3992//7830 3993//7830 3878//7830 
f 3986//7831 3994//7831 3993//7831 
f 3993//7832 3994//7832 3878//7832 
f 3731//7833 3728//7833 3869//7833 
f 3869//7834 3728//7834 3440//7834 
f 3441//7835 3728//7835 3726//7835 
f 3440//7836 3728//7836 3441//7836 
f 3723//7837 3995//7837 3986//7837 
f 3878//7838 3995//7838 3877//7838 
f 3986//7839 3995//7839 3994//7839 
f 3994//7840 3995//7840 3878//7840 
f 3723//7841 3725//7841 3995//7841 
f 3995//7842 3725//7842 3877//7842 
f 3877//7843 3729//7843 3876//7843 
f 3725//7844 3729//7844 3877//7844 
f 3996//7845 3997//7845 3871//7845 
f 3731//7846 3997//7846 3729//7846 
f 3876//7847 3997//7847 3996//7847 
f 3729//7848 3997//7848 3876//7848 
f 3871//7849 3997//7849 3731//7849 
f 3438//7850 3998//7850 3873//7850 
f 3873//7851 3998//7851 3875//7851 
f 3871//7852 3999//7852 3996//7852 
f 3996//7853 3999//7853 3876//7853 
f 3874//7854 3999//7854 3871//7854 
f 3998//7855 4000//7855 3875//7855 
f 3438//7856 4000//7856 3998//7856 
f 3875//7857 4000//7857 3732//7857 
f 3874//7858 4001//7858 3999//7858 
f 3999//7859 4001//7859 3876//7859 
f 3874//7860 4002//7860 4001//7860 
f 4001//7861 4002//7861 3876//7861 
f 3732//7862 4002//7862 3875//7862 
f 3875//7863 4002//7863 3874//7863 
f 3438//7864 3736//7864 4000//7864 
f 4000//7865 3736//7865 3732//7865 
f 3436//7866 3736//7866 3438//7866 
f 3436//7867 3735//7867 3736//7867 
f 3435//7868 3735//7868 3436//7868 
f 4002//7869 3734//7869 3876//7869 
f 3732//7870 3734//7870 4002//7870 
f 3876//7871 3734//7871 3741//7871 
f 3434//7872 3739//7872 3435//7872 
f 3434//7873 3745//7873 3739//7873 
f 3433//7874 3745//7874 3434//7874 
f 3433//7875 4003//7875 3745//7875 
f 3745//7876 4003//7876 3744//7876 
f 3744//7877 4003//7877 4004//7877 
f 3433//7878 4005//7878 4003//7878 
f 4003//7879 4005//7879 4004//7879 
f 3433//7880 4006//7880 4005//7880 
f 4005//7881 4006//7881 4004//7881 
f 4004//7882 4006//7882 4007//7882 
f 3432//7883 4006//7883 3433//7883 
f 4006//7884 4008//7884 4007//7884 
f 3432//7885 4008//7885 4006//7885 
f 4007//7886 4008//7886 4009//7886 
f 4008//7887 4010//7887 4009//7887 
f 3432//7888 4010//7888 4008//7888 
f 4010//7889 4011//7889 4009//7889 
f 3432//7890 4011//7890 4010//7890 
f 4009//7891 4011//7891 4012//7891 
f 3431//7892 4011//7892 3432//7892 
f 3744//7893 4013//7893 3742//7893 
f 3742//7894 4013//7894 3741//7894 
f 4007//7895 4013//7895 4004//7895 
f 4004//7896 4013//7896 3744//7896 
f 3741//7897 4013//7897 3879//7897 
f 4011//7898 4014//7898 4012//7898 
f 3431//7899 4014//7899 4011//7899 
f 4012//7900 4014//7900 4015//7900 
f 4007//7901 4016//7901 4013//7901 
f 4013//7902 4016//7902 3879//7902 
f 3431//7903 4017//7903 4014//7903 
f 4014//7904 4017//7904 4015//7904 
f 4009//7905 4018//7905 4007//7905 
f 4007//7906 4018//7906 4016//7906 
f 4016//7907 4018//7907 3879//7907 
f 3430//7908 4019//7908 3431//7908 
f 3431//7909 4019//7909 4017//7909 
f 4015//7910 4019//7910 4020//7910 
f 4017//7911 4019//7911 4015//7911 
f 4009//7912 4021//7912 4018//7912 
f 4018//7913 4021//7913 3879//7913 
f 4009//7914 4022//7914 4021//7914 
f 4012//7915 4022//7915 4009//7915 
f 4021//7916 4022//7916 3879//7916 
f 4020//7917 4023//7917 4024//7917 
f 3430//7918 4023//7918 4019//7918 
f 4019//7919 4023//7919 4020//7919 
f 4012//7920 4025//7920 4022//7920 
f 4022//7921 4025//7921 3879//7921 
f 3430//7922 4026//7922 4023//7922 
f 4023//7923 4026//7923 4024//7923 
f 4025//7924 4027//7924 3879//7924 
f 4015//7925 4027//7925 4012//7925 
f 4012//7926 4027//7926 4025//7926 
f 3429//7927 4028//7927 3430//7927 
f 4024//7928 4028//7928 3749//7928 
f 3430//7929 4028//7929 4026//7929 
f 4026//7930 4028//7930 4024//7930 
f 4015//7931 4029//7931 4027//7931 
f 4027//7932 4029//7932 3879//7932 
f 4029//7933 4030//7933 3879//7933 
f 4020//7934 4030//7934 4015//7934 
f 4024//7935 4030//7935 4020//7935 
f 3749//7936 4030//7936 4024//7936 
f 4015//7937 4030//7937 4029//7937 
f 3429//7938 4031//7938 4028//7938 
f 4028//7939 4031//7939 3749//7939 
f 3429//7940 3748//7940 4031//7940 
f 4031//7941 3748//7941 3749//7941 
f 3428//7942 3748//7942 3429//7942 
f 3428//7943 3746//7943 3748//7943 
f 3749//7944 3750//7944 4030//7944 
f 3879//7945 3750//7945 3767//7945 
f 4030//7946 3750//7946 3879//7946 
f 3426//7947 4032//7947 3755//7947 
f 3424//7948 4032//7948 3426//7948 
f 3755//7949 4032//7949 3754//7949 
f 3424//7950 4033//7950 4032//7950 
f 4032//7951 4033//7951 3754//7951 
f 4033//7952 4034//7952 3754//7952 
f 3423//7953 4034//7953 3424//7953 
f 3424//7954 4034//7954 4033//7954 
f 3754//7955 4034//7955 4035//7955 
f 4034//7956 4036//7956 4035//7956 
f 3423//7957 4036//7957 4034//7957 
f 3423//7958 4037//7958 4036//7958 
f 4036//7959 4037//7959 4035//7959 
f 4035//7960 4037//7960 4038//7960 
f 3423//7961 4039//7961 4037//7961 
f 4037//7962 4039//7962 4038//7962 
f 3422//7963 4039//7963 3423//7963 
f 4038//7964 4039//7964 3758//7964 
f 4039//7965 3756//7965 3758//7965 
f 3422//7966 3756//7966 4039//7966 
f 3422//7967 3759//7967 3756//7967 
f 3421//7968 3759//7968 3422//7968 
f 3760//7969 3759//7969 3421//7969 
f 3750//7970 4040//7970 3767//7970 
f 3754//7971 4040//7971 3750//7971 
f 4035//7972 4040//7972 3754//7972 
f 4038//7973 4040//7973 4035//7973 
f 3758//7974 4040//7974 4038//7974 
f 3758//7975 4041//7975 4040//7975 
f 4040//7976 4041//7976 3767//7976 
f 4041//7977 4042//7977 3767//7977 
f 3758//7978 4042//7978 4041//7978 
f 3762//7979 4042//7979 3758//7979 
f 4042//7980 4043//7980 3767//7980 
f 3762//7981 4043//7981 4042//7981 
f 3769//7982 3765//7982 3766//7982 
f 3770//7983 3765//7983 3769//7983 
f 3762//7984 3765//7984 4043//7984 
f 3770//7985 4044//7985 3765//7985 
f 3767//7986 4044//7986 3770//7986 
f 3765//7987 4044//7987 4043//7987 
f 4043//7988 4044//7988 3767//7988 
f 3766//7989 4045//7989 3769//7989 
f 3883//7990 4045//7990 3763//7990 
f 3763//7991 4045//7991 3766//7991 
f 3419//7992 4046//7992 3882//7992 
f 3882//7993 4046//7993 3884//7993 
f 3883//7994 4047//7994 4045//7994 
f 3884//7995 4048//7995 3774//7995 
f 3419//7996 4048//7996 4046//7996 
f 4046//7997 4048//7997 3884//7997 
f 3884//7998 4049//7998 3883//7998 
f 3883//7999 4049//7999 4047//7999 
f 3774//8000 3775//8000 3884//8000 
f 3884//8001 3775//8001 4049//8001 
f 3774//8002 4050//8002 3776//8002 
f 3418//8003 4050//8003 3419//8003 
f 4048//8004 4050//8004 3774//8004 
f 3419//8005 4050//8005 4048//8005 
f 4049//8006 3772//8006 4047//8006 
f 3775//8007 3772//8007 4049//8007 
f 4045//8008 3771//8008 3769//8008 
f 4047//8009 3771//8009 4045//8009 
f 3772//8010 3771//8010 4047//8010 
f 4050//8011 4051//8011 3776//8011 
f 3418//8012 4051//8012 4050//8012 
f 4051//8013 3778//8013 3776//8013 
f 3417//8014 3778//8014 3418//8014 
f 3418//8015 3778//8015 4051//8015 
f 3417//8016 3780//8016 3778//8016 
f 3767//8017 3490//8017 3491//8017 
f 3772//8018 3490//8018 3771//8018 
f 3414//8019 4052//8019 3782//8019 
f 3782//8020 4052//8020 3476//8020 
f 3413//8021 4052//8021 3414//8021 
f 4052//8022 3475//8022 3476//8022 
f 3413//8023 3475//8023 4052//8023 
f 1162//8024 1161//8024 3313//8024 
f 3610//8025 1161//8025 3561//8025 
f 3313//8026 1161//8026 3610//8026 
f 3561//8027 1167//8027 3546//8027 
f 1161//8028 1167//8028 3561//8028 
f 3546//8029 1170//8029 3491//8029 
f 1167//8030 1170//8030 3546//8030 
f 3491//8031 1174//8031 3767//8031 
f 1170//8032 1174//8032 3491//8032 
f 3767//8033 1176//8033 3879//8033 
f 1174//8034 1176//8034 3767//8034 
f 3879//8035 1180//8035 3878//8035 
f 1176//8036 1180//8036 3879//8036 
f 3878//8037 1184//8037 3936//8037 
f 1180//8038 1184//8038 3878//8038 
f 3936//8039 1188//8039 3895//8039 
f 1184//8040 1188//8040 3936//8040 
f 3895//8041 1191//8041 3891//8041 
f 1188//8042 1191//8042 3895//8042 
f 1191//8043 1195//8043 3891//8043 
f 1195//8044 4053//8044 3891//8044 
f 3891//8045 4053//8045 3843//8045 
f 1195//8046 1201//8046 4053//8046 
f 4054//8047 4055//8047 4056//8047 
f 1165//8048 1164//8048 4055//8048 
f 1165//8049 4054//8049 4057//8049 
f 1165//8050 4055//8050 4054//8050 
f 1171//8051 4057//8051 4058//8051 
f 1171//8052 1165//8052 4057//8052 
f 1177//8053 4058//8053 4059//8053 
f 1177//8054 1171//8054 4058//8054 
f 1181//8055 4059//8055 4060//8055 
f 1181//8056 1177//8056 4059//8056 
f 1185//8057 4060//8057 4061//8057 
f 1185//8058 1181//8058 4060//8058 
f 1189//8059 4061//8059 4062//8059 
f 1189//8060 1185//8060 4061//8060 
f 1193//8061 4062//8061 4063//8061 
f 1193//8062 1189//8062 4062//8062 
f 1197//8063 4063//8063 4064//8063 
f 1197//8064 1193//8064 4063//8064 
f 4053//8065 4064//8065 4065//8065 
f 1200//8066 1197//8066 4064//8066 
f 1200//8067 4064//8067 4053//8067 
f 1201//8068 1200//8068 4053//8068 
f 3473//8069 4066//8069 3469//8069 
f 4067//8070 4066//8070 4068//8070 
f 3469//8071 4066//8071 4067//8071 
f 4069//8072 4070//8072 4065//8072 
f 4071//8073 4070//8073 4069//8073 
f 4072//8074 4070//8074 4071//8074 
f 4073//8075 4070//8075 4072//8075 
f 4074//8076 4070//8076 4073//8076 
f 4065//8077 4070//8077 4053//8077 
f 4053//8078 4070//8078 3843//8078 
f 3486//8079 4075//8079 3473//8079 
f 3473//8080 4075//8080 4066//8080 
f 3843//8081 4076//8081 3835//8081 
f 3835//8082 4076//8082 3832//8082 
f 3832//8083 4076//8083 3830//8083 
f 3830//8084 4076//8084 3823//8084 
f 4070//8085 4076//8085 3843//8085 
f 4077//8086 4078//8086 4074//8086 
f 4079//8087 4078//8087 4077//8087 
f 4080//8088 4078//8088 4079//8088 
f 4081//8089 4078//8089 4080//8089 
f 4082//8090 4078//8090 4081//8090 
f 4068//8091 4078//8091 4082//8091 
f 4074//8092 4078//8092 4070//8092 
f 4066//8093 4078//8093 4068//8093 
f 4078//8094 4083//8094 4070//8094 
f 4066//8095 4083//8095 4078//8095 
f 4070//8096 4084//8096 4076//8096 
f 4066//8097 4084//8097 4083//8097 
f 4075//8098 4084//8098 4066//8098 
f 4083//8099 4084//8099 4070//8099 
f 4075//8100 4085//8100 4084//8100 
f 4084//8101 4085//8101 4076//8101 
f 3823//8102 4086//8102 3821//8102 
f 3821//8103 4086//8103 3684//8103 
f 3684//8104 4086//8104 3682//8104 
f 3682//8105 4086//8105 3685//8105 
f 3685//8106 4086//8106 3688//8106 
f 3688//8107 4086//8107 3887//8107 
f 4076//8108 4086//8108 3823//8108 
f 4075//8109 4086//8109 4085//8109 
f 4085//8110 4086//8110 4076//8110 
f 3887//8111 4087//8111 3846//8111 
f 3846//8112 4087//8112 3844//8112 
f 3844//8113 4087//8113 3486//8113 
f 4075//8114 4087//8114 4086//8114 
f 4086//8115 4087//8115 3887//8115 
f 3486//8116 4087//8116 4075//8116 
f 3404//8117 4088//8117 3393//8117 
f 4072//8118 4089//8118 4073//8118 
f 4073//8119 4089//8119 4074//8119 
f 4089//8120 4090//8120 4074//8120 
f 4074//8121 4091//8121 4077//8121 
f 4090//8122 4091//8122 4074//8122 
f 4077//8123 4092//8123 4079//8123 
f 4091//8124 4092//8124 4077//8124 
f 4079//8125 4093//8125 4080//8125 
f 4092//8126 4093//8126 4079//8126 
f 4061//8127 4094//8127 4062//8127 
f 4062//8128 4094//8128 4095//8128 
f 4095//8129 4094//8129 4096//8129 
f 4097//8130 4098//8130 4060//8130 
f 4099//8131 4098//8131 4097//8131 
f 4097//8132 4100//8132 4099//8132 
f 4099//8133 4100//8133 3415//8133 
f 4088//8134 4101//8134 4102//8134 
f 3404//8135 4101//8135 4088//8135 
f 4102//8136 4103//8136 4088//8136 
f 4058//8137 4103//8137 4102//8137 
f 4103//8138 4104//8138 4088//8138 
f 3372//8139 4105//8139 3365//8139 
f 4065//8140 4106//8140 4069//8140 
f 4069//8141 4106//8141 4071//8141 
f 4071//8142 4106//8142 4072//8142 
f 4072//8143 4106//8143 4089//8143 
f 4090//8144 4106//8144 4091//8144 
f 4089//8145 4106//8145 4090//8145 
f 4081//8146 4107//8146 4082//8146 
f 4064//8147 4108//8147 4065//8147 
f 4109//8148 4110//8148 4111//8148 
f 4109//8149 4112//8149 4110//8149 
f 4109//8150 4113//8150 4112//8150 
f 4109//8151 4114//8151 4113//8151 
f 4115//8152 4114//8152 4116//8152 
f 4116//8153 4114//8153 4109//8153 
f 4108//8154 4117//8154 4109//8154 
f 4064//8155 4117//8155 4108//8155 
f 4116//8156 4117//8156 4115//8156 
f 4109//8157 4117//8157 4116//8157 
f 4117//8158 4118//8158 4115//8158 
f 4118//8159 4119//8159 4115//8159 
f 4114//8160 4120//8160 3469//8160 
f 3469//8161 4120//8161 3458//8161 
f 4115//8162 4120//8162 4114//8162 
f 4120//8163 4121//8163 3458//8163 
f 4063//8164 4122//8164 4064//8164 
f 4064//8165 4122//8165 4123//8165 
f 4063//8166 4124//8166 4122//8166 
f 4122//8167 4124//8167 4125//8167 
f 3458//8168 4126//8168 3447//8168 
f 4125//8169 4126//8169 4127//8169 
f 4127//8170 4126//8170 3458//8170 
f 4126//8171 4128//8171 3447//8171 
f 4062//8172 4129//8172 4063//8172 
f 4063//8173 4129//8173 4130//8173 
f 4062//8174 4131//8174 4129//8174 
f 4129//8175 4131//8175 4132//8175 
f 4133//8176 4134//8176 3447//8176 
f 3447//8177 4134//8177 3437//8177 
f 4132//8178 4134//8178 4133//8178 
f 4095//8179 4135//8179 4062//8179 
f 4136//8180 4135//8180 4095//8180 
f 4134//8181 4137//8181 3437//8181 
f 3437//8182 4138//8182 4096//8182 
f 4096//8183 4138//8183 4095//8183 
f 4095//8184 4138//8184 4136//8184 
f 4137//8185 4138//8185 3437//8185 
f 4136//8186 4138//8186 4137//8186 
f 4096//8187 4139//8187 3437//8187 
f 3437//8188 4139//8188 3425//8188 
f 4094//8189 4139//8189 4096//8189 
f 4139//8190 4140//8190 3425//8190 
f 4061//8191 4141//8191 4142//8191 
f 4060//8192 4141//8192 4061//8192 
f 4060//8193 4143//8193 4141//8193 
f 4141//8194 4143//8194 4144//8194 
f 4145//8195 4146//8195 3425//8195 
f 3415//8196 4146//8196 4099//8196 
f 3425//8197 4146//8197 3415//8197 
f 4144//8198 4146//8198 4145//8198 
f 4059//8199 4147//8199 4060//8199 
f 4060//8200 4147//8200 4097//8200 
f 4147//8201 4148//8201 4149//8201 
f 4059//8202 4148//8202 4147//8202 
f 4150//8203 4151//8203 3415//8203 
f 4149//8204 4151//8204 4150//8204 
f 3415//8205 4151//8205 3404//8205 
f 4151//8206 4152//8206 3404//8206 
f 4059//8207 4153//8207 4154//8207 
f 4058//8208 4153//8208 4059//8208 
f 4101//8209 4153//8209 4102//8209 
f 4102//8210 4153//8210 4058//8210 
f 4058//8211 4155//8211 4103//8211 
f 4103//8212 4155//8212 4104//8212 
f 4104//8213 4156//8213 4088//8213 
f 4088//8214 4156//8214 3393//8214 
f 4057//8215 4157//8215 4058//8215 
f 4058//8216 4157//8216 4155//8216 
f 4057//8217 4158//8217 4157//8217 
f 4157//8218 4158//8218 4159//8218 
f 3393//8219 4160//8219 3383//8219 
f 4159//8220 4160//8220 4161//8220 
f 4161//8221 4160//8221 3393//8221 
f 4160//8222 4162//8222 3383//8222 
f 4054//8223 4163//8223 4057//8223 
f 4057//8224 4163//8224 4164//8224 
f 4163//8225 4165//8225 4166//8225 
f 4054//8226 4165//8226 4163//8226 
f 4167//8227 4168//8227 3383//8227 
f 3383//8228 4168//8228 3372//8228 
f 4166//8229 4168//8229 4167//8229 
f 4168//8230 4169//8230 3372//8230 
f 4056//8231 4170//8231 4054//8231 
f 4054//8232 4170//8232 4171//8232 
f 4172//8233 4173//8233 4174//8233 
f 4175//8234 4173//8234 4172//8234 
f 4173//8235 4176//8235 4177//8235 
f 4173//8236 4178//8236 4176//8236 
f 4179//8237 4180//8237 4181//8237 
f 4182//8238 4180//8238 4183//8238 
f 4105//8239 4180//8239 4182//8239 
f 3372//8240 4180//8240 4105//8240 
f 4184//8241 4180//8241 4185//8241 
f 4183//8242 4180//8242 4184//8242 
f 4175//8243 4180//8243 4173//8243 
f 4185//8244 4180//8244 4179//8244 
f 4173//8245 4180//8245 4178//8245 
f 4181//8246 4180//8246 4175//8246 
f 4170//8247 4186//8247 4174//8247 
f 4056//8248 4186//8248 4170//8248 
f 4109//8249 4187//8249 4108//8249 
f 4188//8250 4187//8250 4111//8250 
f 4111//8251 4187//8251 4109//8251 
f 4115//8252 4189//8252 4120//8252 
f 4119//8253 4189//8253 4115//8253 
f 4119//8254 4190//8254 4189//8254 
f 4191//8255 4192//8255 4123//8255 
f 4121//8256 4192//8256 4191//8256 
f 4120//8257 4192//8257 4121//8257 
f 4123//8258 4193//8258 4191//8258 
f 4191//8259 4193//8259 4121//8259 
f 4122//8260 4193//8260 4123//8260 
f 4194//8261 4195//8261 4127//8261 
f 4125//8262 4195//8262 4122//8262 
f 4127//8263 4195//8263 4125//8263 
f 4124//8264 4196//8264 4125//8264 
f 4125//8265 4196//8265 4126//8265 
f 4124//8266 4197//8266 4196//8266 
f 4198//8267 4199//8267 4130//8267 
f 4126//8268 4199//8268 4128//8268 
f 4128//8269 4199//8269 4198//8269 
f 4130//8270 4200//8270 4198//8270 
f 4198//8271 4200//8271 4128//8271 
f 4129//8272 4200//8272 4130//8272 
f 4201//8273 4202//8273 4133//8273 
f 4133//8274 4202//8274 4132//8274 
f 4132//8275 4202//8275 4129//8275 
f 4131//8276 4203//8276 4132//8276 
f 4132//8277 4203//8277 4134//8277 
f 4131//8278 4204//8278 4203//8278 
f 4134//8279 4205//8279 4137//8279 
f 4136//8280 4205//8280 4135//8280 
f 4137//8281 4205//8281 4136//8281 
f 4142//8282 4206//8282 4061//8282 
f 4061//8283 4206//8283 4094//8283 
f 4094//8284 4206//8284 4139//8284 
f 4140//8285 4207//8285 4208//8285 
f 4208//8286 4207//8286 4142//8286 
f 4139//8287 4207//8287 4140//8287 
f 4206//8288 4207//8288 4139//8288 
f 4142//8289 4207//8289 4206//8289 
f 4208//8290 4209//8290 4140//8290 
f 4142//8291 4209//8291 4208//8291 
f 4141//8292 4209//8292 4142//8292 
f 4144//8293 4210//8293 4141//8293 
f 4145//8294 4210//8294 4144//8294 
f 4211//8295 4210//8295 4145//8295 
f 4143//8296 4212//8296 4144//8296 
f 4144//8297 4212//8297 4146//8297 
f 4143//8298 4213//8298 4212//8298 
f 4146//8299 4214//8299 4099//8299 
f 4099//8300 4214//8300 4098//8300 
f 4147//8301 4215//8301 4097//8301 
f 4097//8302 4215//8302 4100//8302 
f 4216//8303 4217//8303 4150//8303 
f 4150//8304 4217//8304 4149//8304 
f 4149//8305 4217//8305 4147//8305 
f 4148//8306 4218//8306 4149//8306 
f 4149//8307 4218//8307 4151//8307 
f 4148//8308 4219//8308 4218//8308 
f 4220//8309 4221//8309 4154//8309 
f 4152//8310 4221//8310 4220//8310 
f 4151//8311 4221//8311 4152//8311 
f 4154//8312 4222//8312 4220//8312 
f 4220//8313 4222//8313 4152//8313 
f 4153//8314 4222//8314 4154//8314 
f 4222//8315 4223//8315 4152//8315 
f 4153//8316 4223//8316 4222//8316 
f 4152//8317 4223//8317 3404//8317 
f 4101//8318 4223//8318 4153//8318 
f 3404//8319 4223//8319 4101//8319 
f 4157//8320 4224//8320 4155//8320 
f 4104//8321 4224//8321 4156//8321 
f 4155//8322 4224//8322 4104//8322 
f 4225//8323 4226//8323 4161//8323 
f 4159//8324 4226//8324 4157//8324 
f 4161//8325 4226//8325 4159//8325 
f 4159//8326 4227//8326 4160//8326 
f 4158//8327 4227//8327 4159//8327 
f 4158//8328 4228//8328 4227//8328 
f 4229//8329 4230//8329 4164//8329 
f 4160//8330 4230//8330 4162//8330 
f 4162//8331 4230//8331 4229//8331 
f 4164//8332 4231//8332 4229//8332 
f 4229//8333 4231//8333 4162//8333 
f 4163//8334 4231//8334 4164//8334 
f 4232//8335 4233//8335 4167//8335 
f 4166//8336 4233//8336 4163//8336 
f 4167//8337 4233//8337 4166//8337 
f 4165//8338 4234//8338 4166//8338 
f 4166//8339 4234//8339 4168//8339 
f 4165//8340 4235//8340 4234//8340 
f 4169//8341 4236//8341 4237//8341 
f 4168//8342 4236//8342 4169//8342 
f 4237//8343 4236//8343 4171//8343 
f 4170//8344 4238//8344 4171//8344 
f 4237//8345 4238//8345 4169//8345 
f 4171//8346 4238//8346 4237//8346 
f 4177//8347 4239//8347 4173//8347 
f 4178//8348 4239//8348 4176//8348 
f 4176//8349 4239//8349 4177//8349 
f 4180//8350 4239//8350 4178//8350 
f 4174//8351 4240//8351 4170//8351 
f 4239//8352 4240//8352 4173//8352 
f 4173//8353 4240//8353 4174//8353 
f 4181//8354 4241//8354 4179//8354 
f 4242//8355 4241//8355 4186//8355 
f 4183//8356 4241//8356 4182//8356 
f 4185//8357 4241//8357 4184//8357 
f 4184//8358 4241//8358 4183//8358 
f 4179//8359 4241//8359 4185//8359 
f 4174//8360 4241//8360 4172//8360 
f 4172//8361 4241//8361 4175//8361 
f 4175//8362 4241//8362 4181//8362 
f 4186//8363 4241//8363 4174//8363 
f 4241//8364 4243//8364 4182//8364 
f 4182//8365 4243//8365 4105//8365 
f 4242//8366 4243//8366 4241//8366 
f 4243//8367 4244//8367 4105//8367 
f 4242//8368 4244//8368 4243//8368 
f 4245//8369 4246//8369 4247//8369 
f 4247//8370 4246//8370 4242//8370 
f 4244//8371 4246//8371 4105//8371 
f 4242//8372 4246//8372 4244//8372 
f 4245//8373 4248//8373 4246//8373 
f 4105//8374 4248//8374 4249//8374 
f 4249//8375 4248//8375 4250//8375 
f 4251//8376 4248//8376 4252//8376 
f 4253//8377 4248//8377 4251//8377 
f 4250//8378 4248//8378 4253//8378 
f 4246//8379 4248//8379 4105//8379 
f 4252//8380 4248//8380 4245//8380 
f 4254//8381 4255//8381 4056//8381 
f 4186//8382 4255//8382 4242//8382 
f 4256//8383 4255//8383 4254//8383 
f 4257//8384 4255//8384 4256//8384 
f 4242//8385 4255//8385 4247//8385 
f 4056//8386 4255//8386 4186//8386 
f 4258//8387 4259//8387 4257//8387 
f 4255//8388 4259//8388 4247//8388 
f 4247//8389 4259//8389 4245//8389 
f 4250//8390 4259//8390 4249//8390 
f 4252//8391 4259//8391 4251//8391 
f 4251//8392 4259//8392 4253//8392 
f 4257//8393 4259//8393 4255//8393 
f 4253//8394 4259//8394 4250//8394 
f 4245//8395 4259//8395 4252//8395 
f 4259//8396 4260//8396 4249//8396 
f 4261//8397 4260//8397 4258//8397 
f 4258//8398 4260//8398 4259//8398 
f 4105//8399 4262//8399 3365//8399 
f 4263//8400 4262//8400 4264//8400 
f 4249//8401 4262//8401 4105//8401 
f 4265//8402 4262//8402 4263//8402 
f 4266//8403 4262//8403 4265//8403 
f 3365//8404 4262//8404 4266//8404 
f 4065//8405 4267//8405 4106//8405 
f 4106//8406 4267//8406 4091//8406 
f 4092//8407 4267//8407 4093//8407 
f 4108//8408 4267//8408 4065//8408 
f 4268//8409 4267//8409 4108//8409 
f 4091//8410 4267//8410 4092//8410 
f 4269//8411 4270//8411 4188//8411 
f 4268//8412 4270//8412 4269//8412 
f 4187//8413 4270//8413 4108//8413 
f 4188//8414 4270//8414 4187//8414 
f 4108//8415 4270//8415 4268//8415 
f 4107//8416 4271//8416 4082//8416 
f 4188//8417 4271//8417 4269//8417 
f 4269//8418 4271//8418 4268//8418 
f 4082//8419 4271//8419 4068//8419 
f 4068//8420 4271//8420 4067//8420 
f 4268//8421 4271//8421 4107//8421 
f 4271//8422 4272//8422 4067//8422 
f 4110//8423 4272//8423 4111//8423 
f 4111//8424 4272//8424 4188//8424 
f 4188//8425 4272//8425 4271//8425 
f 4113//8426 4272//8426 4112//8426 
f 4114//8427 4272//8427 4113//8427 
f 3469//8428 4272//8428 4114//8428 
f 4067//8429 4272//8429 3469//8429 
f 4112//8430 4272//8430 4110//8430 
f 4119//8431 4273//8431 4190//8431 
f 4190//8432 4273//8432 4192//8432 
f 4117//8433 4273//8433 4118//8433 
f 4192//8434 4273//8434 4123//8434 
f 4118//8435 4273//8435 4119//8435 
f 4064//8436 4273//8436 4117//8436 
f 4123//8437 4273//8437 4064//8437 
f 4190//8438 4274//8438 4189//8438 
f 4192//8439 4274//8439 4190//8439 
f 4189//8440 4274//8440 4120//8440 
f 4120//8441 4274//8441 4192//8441 
f 4193//8442 4275//8442 4194//8442 
f 4122//8443 4275//8443 4193//8443 
f 4194//8444 4275//8444 4195//8444 
f 4195//8445 4275//8445 4122//8445 
f 4194//8446 4276//8446 4193//8446 
f 4127//8447 4276//8447 4194//8447 
f 4121//8448 4276//8448 3458//8448 
f 3458//8449 4276//8449 4127//8449 
f 4193//8450 4276//8450 4121//8450 
f 4063//8451 4277//8451 4124//8451 
f 4130//8452 4277//8452 4063//8452 
f 4197//8453 4277//8453 4199//8453 
f 4199//8454 4277//8454 4130//8454 
f 4124//8455 4277//8455 4197//8455 
f 4196//8456 4278//8456 4126//8456 
f 4197//8457 4278//8457 4196//8457 
f 4199//8458 4278//8458 4197//8458 
f 4126//8459 4278//8459 4199//8459 
f 4129//8460 4279//8460 4200//8460 
f 4200//8461 4279//8461 4201//8461 
f 4201//8462 4279//8462 4202//8462 
f 4202//8463 4279//8463 4129//8463 
f 3447//8464 4280//8464 4133//8464 
f 4200//8465 4280//8465 4128//8465 
f 4201//8466 4280//8466 4200//8466 
f 4133//8467 4280//8467 4201//8467 
f 4128//8468 4280//8468 3447//8468 
f 4131//8469 4281//8469 4204//8469 
f 4205//8470 4281//8470 4135//8470 
f 4204//8471 4281//8471 4205//8471 
f 4062//8472 4281//8472 4131//8472 
f 4135//8473 4281//8473 4062//8473 
f 4203//8474 4282//8474 4134//8474 
f 4204//8475 4282//8475 4203//8475 
f 4205//8476 4282//8476 4204//8476 
f 4134//8477 4282//8477 4205//8477 
f 4141//8478 4283//8478 4209//8478 
f 4209//8479 4283//8479 4211//8479 
f 4210//8480 4283//8480 4141//8480 
f 4211//8481 4283//8481 4210//8481 
f 4140//8482 4284//8482 3425//8482 
f 4209//8483 4284//8483 4140//8483 
f 3425//8484 4284//8484 4145//8484 
f 4211//8485 4284//8485 4209//8485 
f 4145//8486 4284//8486 4211//8486 
f 4143//8487 4285//8487 4213//8487 
f 4098//8488 4285//8488 4060//8488 
f 4060//8489 4285//8489 4143//8489 
f 4214//8490 4286//8490 4213//8490 
f 4146//8491 4286//8491 4214//8491 
f 4212//8492 4286//8492 4146//8492 
f 4213//8493 4286//8493 4212//8493 
f 4215//8494 4287//8494 4216//8494 
f 4216//8495 4287//8495 4217//8495 
f 4147//8496 4287//8496 4215//8496 
f 4217//8497 4287//8497 4147//8497 
f 4150//8498 4288//8498 4216//8498 
f 3415//8499 4288//8499 4150//8499 
f 4100//8500 4288//8500 3415//8500 
f 4154//8501 4289//8501 4059//8501 
f 4219//8502 4289//8502 4221//8502 
f 4221//8503 4289//8503 4154//8503 
f 4148//8504 4289//8504 4219//8504 
f 4059//8505 4289//8505 4148//8505 
f 4218//8506 4290//8506 4151//8506 
f 4219//8507 4290//8507 4218//8507 
f 4221//8508 4290//8508 4219//8508 
f 4151//8509 4290//8509 4221//8509 
f 4224//8510 4291//8510 4225//8510 
f 4225//8511 4291//8511 4226//8511 
f 4157//8512 4291//8512 4224//8512 
f 4226//8513 4291//8513 4157//8513 
f 4224//8514 4292//8514 4156//8514 
f 4225//8515 4292//8515 4224//8515 
f 4161//8516 4292//8516 4225//8516 
f 4156//8517 4292//8517 3393//8517 
f 3393//8518 4292//8518 4161//8518 
f 4158//8519 4293//8519 4228//8519 
f 4228//8520 4293//8520 4230//8520 
f 4230//8521 4293//8521 4164//8521 
f 4057//8522 4293//8522 4158//8522 
f 4164//8523 4293//8523 4057//8523 
f 4228//8524 4294//8524 4227//8524 
f 4230//8525 4294//8525 4228//8525 
f 4227//8526 4294//8526 4160//8526 
f 4160//8527 4294//8527 4230//8527 
f 4163//8528 4295//8528 4231//8528 
f 4231//8529 4295//8529 4232//8529 
f 4233//8530 4295//8530 4163//8530 
f 4232//8531 4295//8531 4233//8531 
f 4162//8532 4296//8532 3383//8532 
f 3383//8533 4296//8533 4167//8533 
f 4167//8534 4296//8534 4232//8534 
f 4232//8535 4296//8535 4231//8535 
f 4231//8536 4296//8536 4162//8536 
f 4165//8537 4297//8537 4235//8537 
f 4236//8538 4297//8538 4171//8538 
f 4054//8539 4297//8539 4165//8539 
f 4235//8540 4297//8540 4236//8540 
f 4171//8541 4297//8541 4054//8541 
f 4234//8542 4298//8542 4168//8542 
f 4235//8543 4298//8543 4234//8543 
f 4168//8544 4298//8544 4236//8544 
f 4236//8545 4298//8545 4235//8545 
f 4240//8546 4299//8546 4170//8546 
f 4239//8547 4299//8547 4240//8547 
f 4170//8548 4299//8548 4238//8548 
f 4238//8549 4299//8549 4239//8549 
f 4238//8550 4300//8550 4169//8550 
f 4169//8551 4300//8551 3372//8551 
f 4180//8552 4300//8552 4239//8552 
f 3372//8553 4300//8553 4180//8553 
f 4239//8554 4300//8554 4238//8554 
f 4260//8555 4301//8555 4249//8555 
f 4261//8556 4301//8556 4260//8556 
f 4249//8557 4301//8557 4262//8557 
f 4302//8558 4303//8558 4261//8558 
f 4304//8559 4303//8559 4302//8559 
f 4305//8560 4303//8560 4304//8560 
f 4261//8561 4303//8561 4301//8561 
f 4301//8562 4303//8562 4262//8562 
f 4303//8563 4306//8563 4262//8563 
f 4264//8564 4306//8564 4305//8564 
f 4305//8565 4306//8565 4303//8565 
f 4262//8566 4306//8566 4264//8566 
f 4268//8567 4307//8567 4267//8567 
f 4267//8568 4307//8568 4093//8568 
f 4081//8569 4307//8569 4107//8569 
f 4080//8570 4307//8570 4081//8570 
f 4093//8571 4307//8571 4080//8571 
f 4107//8572 4307//8572 4268//8572 
f 4285//8573 4308//8573 4213//8573 
f 4213//8574 4308//8574 4214//8574 
f 4098//8575 4308//8575 4285//8575 
f 4214//8576 4308//8576 4098//8576 
f 4216//8577 4309//8577 4215//8577 
f 4215//8578 4309//8578 4100//8578 
f 4288//8579 4309//8579 4216//8579 
f 4100//8580 4309//8580 4288//8580 
f 3365//8581 4266//8581 3369//8581 
f 3370//8582 4310//8582 3203//8582 
f 3154//8583 4311//8583 4055//8583 
f 4055//8584 4312//8584 4056//8584 
f 4056//8585 4312//8585 4254//8585 
f 4254//8586 4312//8586 4256//8586 
f 4256//8587 4312//8587 4257//8587 
f 4311//8588 4312//8588 4055//8588 
f 3208//8589 4313//8589 3206//8589 
f 4313//8590 4314//8590 4311//8590 
f 4310//8591 4315//8591 4314//8591 
f 4314//8592 4315//8592 4311//8592 
f 3370//8593 4316//8593 4310//8593 
f 3369//8594 4317//8594 3370//8594 
f 4318//8595 4317//8595 3369//8595 
f 4264//8596 4319//8596 4263//8596 
f 4263//8597 4319//8597 4265//8597 
f 4265//8598 4319//8598 4266//8598 
f 4266//8599 4319//8599 3369//8599 
f 4305//8600 4320//8600 4264//8600 
f 4264//8601 4320//8601 4319//8601 
f 4319//8602 4320//8602 3369//8602 
f 4304//8603 4321//8603 4305//8603 
f 4320//8604 4321//8604 3369//8604 
f 4305//8605 4321//8605 4320//8605 
f 3369//8606 4321//8606 4318//8606 
f 4257//8607 4322//8607 4258//8607 
f 4258//8608 4322//8608 4261//8608 
f 4261//8609 4322//8609 4302//8609 
f 4302//8610 4322//8610 4304//8610 
f 4318//8611 4322//8611 4323//8611 
f 4323//8612 4322//8612 4312//8612 
f 4304//8613 4322//8613 4321//8613 
f 4321//8614 4322//8614 4318//8614 
f 4312//8615 4322//8615 4257//8615 
f 3222//8616 4324//8616 3208//8616 
f 3208//8617 4324//8617 4313//8617 
f 4313//8618 4324//8618 4314//8618 
f 4324//8619 4325//8619 4314//8619 
f 3203//8620 4325//8620 3222//8620 
f 4314//8621 4325//8621 4310//8621 
f 4310//8622 4325//8622 3203//8622 
f 3222//8623 4325//8623 4324//8623 
f 3188//8624 4326//8624 3191//8624 
f 4313//8625 4327//8625 4326//8625 
f 4326//8626 4327//8626 3191//8626 
f 3191//8627 4328//8627 3193//8627 
f 4313//8628 4328//8628 4327//8628 
f 4327//8629 4328//8629 3191//8629 
f 3155//8630 4329//8630 3154//8630 
f 4328//8631 4329//8631 3193//8631 
f 4313//8632 4329//8632 4328//8632 
f 3193//8633 4329//8633 3196//8633 
f 3196//8634 4329//8634 3210//8634 
f 3210//8635 4329//8635 3211//8635 
f 3211//8636 4329//8636 3212//8636 
f 3212//8637 4329//8637 3155//8637 
f 4311//8638 4329//8638 4313//8638 
f 3154//8639 4329//8639 4311//8639 
f 4316//8640 4330//8640 4310//8640 
f 4310//8641 4330//8641 4315//8641 
f 4315//8642 4330//8642 4311//8642 
f 4330//8643 4331//8643 4311//8643 
f 4316//8644 4331//8644 4330//8644 
f 4311//8645 4331//8645 4312//8645 
f 4331//8646 4332//8646 4312//8646 
f 4323//8647 4332//8647 4318//8647 
f 4317//8648 4332//8648 4331//8648 
f 4312//8649 4332//8649 4323//8649 
f 4318//8650 4332//8650 4317//8650 
f 4326//8651 4333//8651 4313//8651 
f 3206//8652 4333//8652 3190//8652 
f 3190//8653 4333//8653 3188//8653 
f 3188//8654 4333//8654 4326//8654 
f 4313//8655 4333//8655 3206//8655 
f 4316//8656 4334//8656 4331//8656 
f 4331//8657 4334//8657 4317//8657 
f 4317//8658 4334//8658 3370//8658 
f 3370//8659 4334//8659 4316//8659 
f 1164//8660 3154//8660 4055//8660 
f 1164//8661 1163//8661 3154//8661 
f 4335//8662 4336//8662 4337//8662 
f 4335//8663 4338//8663 4336//8663 
f 4339//8664 4337//8664 4340//8664 
f 4339//8665 4340//8665 4341//8665 
f 4339//8666 4335//8666 4337//8666 
f 4342//8667 4339//8667 4341//8667 
f 4343//8668 4341//8668 4344//8668 
f 4343//8669 4344//8669 4345//8669 
f 4343//8670 4342//8670 4341//8670 
f 4346//8671 4343//8671 4345//8671 
f 4347//8672 4345//8672 4348//8672 
f 4347//8673 4348//8673 4349//8673 
f 4347//8674 4346//8674 4345//8674 
f 4350//8675 4349//8675 4351//8675 
f 4350//8676 4347//8676 4349//8676 
f 4352//8677 4350//8677 4351//8677 
f 4353//8678 4351//8678 4354//8678 
f 4353//8679 4352//8679 4351//8679 
f 4355//8680 4354//8680 4356//8680 
f 4355//8681 4356//8681 4357//8681 
f 4355//8682 4353//8682 4354//8682 
f 4358//8683 4355//8683 4357//8683 
f 4359//8684 4358//8684 4357//8684 
f 4359//8685 4357//8685 4360//8685 
f 4361//8686 4359//8686 4360//8686 
f 4361//8687 4360//8687 4362//8687 
f 4363//8688 4362//8688 4364//8688 
f 4363//8689 4361//8689 4362//8689 
f 4365//8690 4364//8690 4366//8690 
f 4365//8691 4363//8691 4364//8691 
f 4367//8692 4366//8692 4368//8692 
f 4367//8693 4365//8693 4366//8693 
f 4369//8694 4368//8694 4370//8694 
f 4369//8695 4370//8695 4371//8695 
f 4369//8696 4367//8696 4368//8696 
f 4372//8697 4371//8697 4373//8697 
f 4372//8698 4369//8698 4371//8698 
f 4374//8699 4372//8699 4373//8699 
f 4375//8700 4373//8700 4376//8700 
f 4375//8701 4376//8701 4377//8701 
f 4375//8702 4374//8702 4373//8702 
f 4378//8703 4375//8703 4377//8703 
f 4379//8704 4377//8704 4380//8704 
f 4379//8705 4380//8705 4381//8705 
f 4379//8706 4378//8706 4377//8706 
f 4382//8707 4381//8707 4383//8707 
f 4382//8708 4379//8708 4381//8708 
f 4384//8709 4382//8709 4383//8709 
f 4385//8710 4383//8710 4386//8710 
f 4385//8711 4384//8711 4383//8711 
f 4387//8712 4388//8712 4389//8712 
f 4387//8713 4390//8713 4388//8713 
f 4391//8714 4389//8714 4392//8714 
f 4391//8715 4387//8715 4389//8715 
f 4393//8716 4392//8716 4394//8716 
f 4393//8717 4391//8717 4392//8717 
f 4395//8718 4394//8718 4396//8718 
f 4395//8719 4393//8719 4394//8719 
f 4397//8720 4396//8720 4398//8720 
f 4397//8721 4395//8721 4396//8721 
f 4399//8722 4398//8722 4400//8722 
f 4399//8723 4397//8723 4398//8723 
f 4401//8724 4400//8724 4402//8724 
f 4401//8725 4399//8725 4400//8725 
f 4403//8726 4402//8726 4404//8726 
f 4403//8727 4401//8727 4402//8727 
f 4405//8728 4404//8728 4406//8728 
f 4405//8729 4403//8729 4404//8729 
f 4407//8730 4406//8730 4408//8730 
f 4407//8731 4405//8731 4406//8731 
f 4409//8732 4408//8732 4410//8732 
f 4409//8733 4407//8733 4408//8733 
f 4411//8734 4410//8734 4412//8734 
f 4411//8735 4409//8735 4410//8735 
f 4413//8736 4411//8736 4412//8736 
f 4413//8737 4412//8737 4414//8737 
f 4415//8738 4414//8738 4416//8738 
f 4415//8739 4413//8739 4414//8739 
f 4417//8740 4416//8740 4418//8740 
f 4417//8741 4415//8741 4416//8741 
f 4419//8742 4418//8742 4420//8742 
f 4419//8743 4417//8743 4418//8743 
f 4421//8744 4420//8744 4422//8744 
f 4421//8745 4419//8745 4420//8745 
f 4423//8746 4422//8746 4424//8746 
f 4423//8747 4421//8747 4422//8747 
f 4425//8748 4424//8748 4426//8748 
f 4425//8749 4423//8749 4424//8749 
f 4427//8750 4426//8750 4428//8750 
f 4427//8751 4425//8751 4426//8751 
f 4429//8752 4428//8752 4430//8752 
f 4429//8753 4427//8753 4428//8753 
f 4431//8754 4430//8754 4432//8754 
f 4431//8755 4429//8755 4430//8755 
f 4433//8756 4432//8756 4434//8756 
f 4433//8757 4431//8757 4432//8757 
f 4435//8758 4433//8758 4434//8758 
f 4435//8759 4434//8759 4436//8759 
f 4437//8760 4435//8760 4436//8760 
f 4437//8761 4436//8761 4438//8761 
f 4439//8762 4437//8762 4438//8762 
f 4439//8763 4438//8763 4440//8763 
f 4441//8764 4439//8764 4440//8764 
f 4441//8765 4440//8765 4442//8765 
f 4443//8766 4442//8766 4444//8766 
f 4443//8767 4441//8767 4442//8767 
f 4445//8768 4444//8768 4446//8768 
f 4445//8769 4443//8769 4444//8769 
f 4447//8770 4446//8770 4448//8770 
f 4447//8771 4445//8771 4446//8771 
f 4449//8772 4448//8772 4450//8772 
f 4449//8773 4447//8773 4448//8773 
f 4451//8774 4450//8774 4452//8774 
f 4451//8775 4449//8775 4450//8775 
f 4453//8776 4452//8776 4454//8776 
f 4453//8777 4451//8777 4452//8777 
f 4455//8778 4454//8778 4456//8778 
f 4455//8779 4453//8779 4454//8779 
f 4457//8780 4456//8780 4458//8780 
f 4457//8781 4455//8781 4456//8781 
f 4459//8782 4457//8782 4458//8782 
f 4460//8783 4457//8783 4459//8783 
f 4461//8784 4459//8784 4462//8784 
f 4461//8785 4460//8785 4459//8785 
f 4463//8786 4464//8786 4465//8786 
f 4463//8787 4462//8787 4464//8787 
f 4466//8788 4465//8788 4467//8788 
f 4466//8789 4463//8789 4465//8789 
f 4468//8790 4467//8790 4469//8790 
f 4468//8791 4466//8791 4467//8791 
f 4470//8792 4469//8792 4471//8792 
f 4470//8793 4468//8793 4469//8793 
f 4472//8794 4471//8794 4473//8794 
f 4472//8795 4470//8795 4471//8795 
f 4474//8796 4473//8796 4475//8796 
f 4474//8797 4472//8797 4473//8797 
f 4476//8798 4475//8798 4477//8798 
f 4476//8799 4474//8799 4475//8799 
f 4478//8800 4477//8800 4479//8800 
f 4478//8801 4476//8801 4477//8801 
f 4480//8802 4479//8802 4481//8802 
f 4480//8803 4478//8803 4479//8803 
f 4482//8804 4481//8804 4483//8804 
f 4482//8805 4480//8805 4481//8805 
f 4484//8806 4482//8806 4483//8806 
f 4484//8807 4483//8807 4485//8807 
f 4486//8808 4484//8808 4485//8808 
f 4486//8809 4485//8809 4487//8809 
f 4488//8810 4487//8810 4489//8810 
f 4488//8811 4486//8811 4487//8811 
f 4490//8812 4484//8812 4486//8812 
f 4491//8813 4488//8813 4489//8813 
f 4492//8814 4491//8814 4489//8814 
f 4492//8815 4489//8815 4493//8815 
f 4389//8816 4493//8816 4494//8816 
f 4389//8817 4492//8817 4493//8817 
f 4389//8818 4388//8818 4492//8818 
f 4392//8819 4494//8819 4495//8819 
f 4392//8820 4389//8820 4494//8820 
f 4394//8821 4495//8821 4496//8821 
f 4394//8822 4392//8822 4495//8822 
f 4396//8823 4496//8823 4497//8823 
f 4396//8824 4394//8824 4496//8824 
f 4398//8825 4497//8825 4498//8825 
f 4398//8826 4396//8826 4497//8826 
f 4400//8827 4498//8827 4499//8827 
f 4400//8828 4398//8828 4498//8828 
f 4402//8829 4499//8829 4500//8829 
f 4402//8830 4400//8830 4499//8830 
f 4404//8831 4500//8831 4501//8831 
f 4404//8832 4402//8832 4500//8832 
f 4406//8833 4501//8833 4502//8833 
f 4406//8834 4404//8834 4501//8834 
f 4408//8835 4502//8835 4503//8835 
f 4408//8836 4406//8836 4502//8836 
f 4410//8837 4503//8837 4504//8837 
f 4410//8838 4408//8838 4503//8838 
f 4412//8839 4410//8839 4504//8839 
f 4505//8840 4506//8840 4507//8840 
f 4508//8841 4509//8841 4510//8841 
f 4511//8842 4510//8842 4506//8842 
f 4511//8843 4508//8843 4510//8843 
f 4511//8844 4506//8844 4505//8844 
f 4512//8845 4505//8845 4513//8845 
f 4512//8846 4511//8846 4505//8846 
f 4514//8847 4513//8847 4515//8847 
f 4514//8848 4512//8848 4513//8848 
f 4516//8849 4517//8849 4518//8849 
f 4519//8850 4515//8850 4520//8850 
f 4519//8851 4520//8851 4517//8851 
f 4519//8852 4514//8852 4515//8852 
f 4521//8853 4519//8853 4517//8853 
f 4522//8854 4516//8854 4523//8854 
f 4522//8855 4517//8855 4516//8855 
f 4522//8856 4521//8856 4517//8856 
f 4524//8857 4522//8857 4523//8857 
f 4524//8858 4523//8858 4525//8858 
f 4526//8859 4524//8859 4525//8859 
f 4526//8860 4525//8860 4527//8860 
f 4528//8861 4526//8861 4527//8861 
f 4528//8862 4527//8862 4529//8862 
f 4530//8863 4528//8863 4529//8863 
f 4530//8864 4529//8864 4531//8864 
f 4532//8865 4530//8865 4531//8865 
f 4532//8866 4531//8866 4533//8866 
f 4534//8867 4532//8867 4533//8867 
f 4534//8868 4533//8868 4535//8868 
f 4536//8869 4534//8869 4535//8869 
f 4537//8870 4536//8870 4535//8870 
f 4537//8871 4535//8871 4538//8871 
f 4539//8872 4537//8872 4538//8872 
f 4539//8873 4538//8873 4540//8873 
f 4541//8874 4539//8874 4540//8874 
f 4541//8875 4540//8875 4542//8875 
f 4543//8876 4541//8876 4542//8876 
f 4543//8877 4542//8877 4544//8877 
f 4545//8878 4543//8878 4544//8878 
f 4545//8879 4544//8879 4546//8879 
f 4547//8880 4548//8880 4549//8880 
f 4550//8881 4548//8881 4547//8881 
f 4550//8882 4545//8882 4546//8882 
f 4550//8883 4546//8883 4548//8883 
f 4551//8884 4550//8884 4547//8884 
f 4552//8885 4547//8885 4553//8885 
f 4552//8886 4551//8886 4547//8886 
f 4552//8887 4553//8887 4554//8887 
f 4555//8888 4556//8888 4557//8888 
f 4558//8889 4554//8889 4559//8889 
f 4558//8890 4552//8890 4554//8890 
f 4560//8891 4559//8891 4556//8891 
f 4560//8892 4558//8892 4559//8892 
f 4561//8893 4555//8893 4562//8893 
f 4561//8894 4556//8894 4555//8894 
f 4561//8895 4560//8895 4556//8895 
f 4563//8896 4562//8896 4564//8896 
f 4563//8897 4561//8897 4562//8897 
f 4565//8898 4566//8898 4567//8898 
f 4568//8899 4567//8899 4569//8899 
f 4568//8900 4565//8900 4567//8900 
f 4570//8901 4569//8901 4571//8901 
f 4570//8902 4568//8902 4569//8902 
f 4572//8903 4571//8903 4573//8903 
f 4572//8904 4570//8904 4571//8904 
f 4574//8905 4572//8905 4573//8905 
f 4575//8906 4573//8906 4576//8906 
f 4575//8907 4574//8907 4573//8907 
f 4577//8908 4576//8908 4578//8908 
f 4577//8909 4575//8909 4576//8909 
f 4579//8910 4580//8910 4581//8910 
f 4579//8911 4582//8911 4580//8911 
f 4579//8912 4583//8912 4582//8912 
f 4584//8913 4581//8913 4585//8913 
f 4584//8914 4579//8914 4581//8914 
f 4586//8915 4585//8915 4587//8915 
f 4586//8916 4584//8916 4585//8916 
f 4588//8917 4587//8917 4589//8917 
f 4588//8918 4586//8918 4587//8918 
f 4590//8919 4588//8919 4589//8919 
f 4591//8920 4589//8920 4592//8920 
f 4591//8921 4590//8921 4589//8921 
f 4593//8922 4594//8922 4595//8922 
f 4593//8923 4595//8923 4596//8923 
f 4597//8924 4598//8924 4599//8924 
f 4598//8925 4600//8925 4599//8925 
f 4599//8926 4601//8926 4602//8926 
f 4600//8927 4601//8927 4599//8927 
f 4602//8928 4603//8928 4604//8928 
f 4601//8929 4603//8929 4602//8929 
f 4604//8930 4605//8930 4606//8930 
f 4603//8931 4605//8931 4604//8931 
f 4606//8932 4607//8932 4608//8932 
f 4605//8933 4607//8933 4606//8933 
f 4608//8934 4609//8934 4610//8934 
f 4607//8935 4609//8935 4608//8935 
f 4610//8936 4611//8936 4612//8936 
f 4609//8937 4611//8937 4610//8937 
f 4612//8938 4613//8938 4614//8938 
f 4611//8939 4613//8939 4612//8939 
f 4614//8940 4615//8940 4616//8940 
f 4613//8941 4615//8941 4614//8941 
f 4616//8942 4617//8942 4618//8942 
f 4615//8943 4617//8943 4616//8943 
f 4617//8944 4619//8944 4618//8944 
f 4618//8945 4619//8945 4620//8945 
f 4619//8946 4621//8946 4620//8946 
f 4620//8947 4621//8947 4622//8947 
f 4621//8948 4623//8948 4622//8948 
f 4622//8949 4623//8949 4624//8949 
f 4623//8950 4625//8950 4624//8950 
f 4624//8951 4625//8951 4626//8951 
f 4625//8952 4627//8952 4626//8952 
f 4626//8953 4627//8953 4628//8953 
f 4627//8954 4629//8954 4628//8954 
f 4628//8955 4629//8955 4630//8955 
f 4629//8956 4631//8956 4630//8956 
f 4630//8957 4631//8957 4632//8957 
f 4631//8958 4633//8958 4632//8958 
f 4632//8959 4633//8959 4634//8959 
f 4634//8960 4635//8960 4636//8960 
f 4633//8961 4635//8961 4634//8961 
f 4635//8962 4637//8962 4636//8962 
f 4636//8963 4637//8963 4638//8963 
f 4638//8964 4639//8964 4640//8964 
f 4637//8965 4639//8965 4638//8965 
f 4640//8966 4641//8966 4642//8966 
f 4639//8967 4641//8967 4640//8967 
f 4642//8968 4643//8968 4644//8968 
f 4641//8969 4643//8969 4642//8969 
f 4644//8970 4645//8970 4646//8970 
f 4643//8971 4645//8971 4644//8971 
f 4646//8972 4595//8972 4594//8972 
f 4645//8973 4595//8973 4646//8973 
f 4598//8974 4647//8974 4648//8974 
f 4597//8975 4647//8975 4598//8975 
f 4596//8976 4649//8976 4593//8976 
f 4593//8977 4649//8977 4650//8977 
f 4650//8978 4651//8978 4652//8978 
f 4649//8979 4651//8979 4650//8979 
f 4652//8980 4653//8980 4654//8980 
f 4651//8981 4653//8981 4652//8981 
f 4654//8982 4655//8982 4656//8982 
f 4653//8983 4655//8983 4654//8983 
f 4656//8984 4657//8984 4658//8984 
f 4655//8985 4657//8985 4656//8985 
f 4658//8986 4659//8986 4660//8986 
f 4657//8987 4659//8987 4658//8987 
f 4660//8988 4661//8988 4662//8988 
f 4659//8989 4661//8989 4660//8989 
f 4662//8990 4663//8990 4664//8990 
f 4661//8991 4663//8991 4662//8991 
f 4664//8992 4665//8992 4666//8992 
f 4663//8993 4665//8993 4664//8993 
f 4666//8994 4667//8994 4668//8994 
f 4665//8995 4667//8995 4666//8995 
f 4667//8996 4669//8996 4668//8996 
f 4668//8997 4669//8997 4670//8997 
f 4669//8998 4671//8998 4670//8998 
f 4670//8999 4671//8999 4672//8999 
f 4671//9000 4673//9000 4672//9000 
f 4672//9001 4673//9001 4674//9001 
f 4674//9002 4675//9002 4676//9002 
f 4673//9003 4675//9003 4674//9003 
f 4676//9004 4677//9004 4678//9004 
f 4675//9005 4677//9005 4676//9005 
f 4678//9006 4679//9006 4680//9006 
f 4677//9007 4679//9007 4678//9007 
f 4680//9008 4681//9008 4682//9008 
f 4679//9009 4681//9009 4680//9009 
f 4683//9010 4684//9010 4685//9010 
f 4682//9011 4684//9011 4683//9011 
f 4681//9012 4684//9012 4682//9012 
f 4685//9013 4686//9013 4687//9013 
f 4684//9014 4686//9014 4685//9014 
f 4687//9015 4688//9015 4689//9015 
f 4686//9016 4688//9016 4687//9016 
f 4688//9017 4690//9017 4689//9017 
f 4689//9018 4691//9018 4692//9018 
f 4690//9019 4691//9019 4689//9019 
f 4692//9020 4693//9020 4694//9020 
f 4691//9021 4693//9021 4692//9021 
f 4694//9022 4695//9022 4696//9022 
f 4693//9023 4695//9023 4694//9023 
f 4696//9024 4648//9024 4647//9024 
f 4695//9025 4648//9025 4696//9025 
f 4591//9026 4592//9026 4697//9026 
f 4698//9027 4697//9027 4699//9027 
f 4698//9028 4591//9028 4697//9028 
f 4700//9029 4699//9029 4701//9029 
f 4700//9030 4698//9030 4699//9030 
f 4702//9031 4701//9031 4703//9031 
f 4702//9032 4700//9032 4701//9032 
f 4704//9033 4703//9033 4705//9033 
f 4704//9034 4702//9034 4703//9034 
f 4706//9035 4704//9035 4705//9035 
f 4707//9036 4705//9036 4708//9036 
f 4707//9037 4706//9037 4705//9037 
f 4582//9038 4709//9038 4710//9038 
f 4583//9039 4709//9039 4582//9039 
f 4586//9040 4634//9040 4584//9040 
f 4584//9041 4634//9041 4636//9041 
f 4584//9042 4638//9042 4579//9042 
f 4636//9043 4638//9043 4584//9043 
f 4588//9044 4632//9044 4586//9044 
f 4586//9045 4632//9045 4634//9045 
f 4579//9046 4640//9046 4583//9046 
f 4638//9047 4640//9047 4579//9047 
f 4588//9048 4630//9048 4632//9048 
f 4640//9049 4642//9049 4583//9049 
f 4590//9050 4628//9050 4588//9050 
f 4588//9051 4628//9051 4630//9051 
f 4642//9052 4644//9052 4583//9052 
f 4590//9053 4626//9053 4628//9053 
f 4644//9054 4646//9054 4583//9054 
f 4591//9055 4624//9055 4590//9055 
f 4590//9056 4624//9056 4626//9056 
f 4646//9057 4594//9057 4583//9057 
f 4698//9058 4622//9058 4591//9058 
f 4591//9059 4622//9059 4624//9059 
f 4698//9060 4620//9060 4622//9060 
f 4700//9061 4618//9061 4698//9061 
f 4698//9062 4618//9062 4620//9062 
f 4700//9063 4616//9063 4618//9063 
f 4702//9064 4614//9064 4700//9064 
f 4700//9065 4614//9065 4616//9065 
f 4704//9066 4612//9066 4702//9066 
f 4702//9067 4612//9067 4614//9067 
f 4704//9068 4610//9068 4612//9068 
f 4704//9069 4608//9069 4610//9069 
f 4704//9070 4706//9070 4608//9070 
f 4706//9071 4606//9071 4608//9071 
f 4606//9072 4707//9072 4604//9072 
f 4706//9073 4707//9073 4606//9073 
f 4604//9074 4707//9074 4602//9074 
f 4707//9075 4599//9075 4602//9075 
f 4707//9076 4597//9076 4599//9076 
f 4594//9077 4709//9077 4583//9077 
f 4594//9078 4593//9078 4709//9078 
f 4593//9079 4650//9079 4709//9079 
f 4650//9080 4652//9080 4709//9080 
f 4652//9081 4654//9081 4709//9081 
f 4654//9082 4656//9082 4709//9082 
f 4656//9083 4658//9083 4709//9083 
f 4658//9084 4660//9084 4709//9084 
f 4660//9085 4662//9085 4709//9085 
f 4662//9086 4664//9086 4709//9086 
f 4664//9087 4666//9087 4709//9087 
f 4666//9088 4668//9088 4709//9088 
f 4668//9089 4670//9089 4709//9089 
f 4670//9090 4672//9090 4709//9090 
f 4597//9091 4711//9091 4647//9091 
f 4647//9092 4711//9092 4696//9092 
f 4696//9093 4711//9093 4694//9093 
f 4694//9094 4711//9094 4692//9094 
f 4692//9095 4711//9095 4689//9095 
f 4689//9096 4711//9096 4687//9096 
f 4687//9097 4711//9097 4685//9097 
f 4707//9098 4711//9098 4597//9098 
f 4685//9099 4711//9099 4683//9099 
f 4683//9100 4711//9100 4682//9100 
f 4682//9101 4711//9101 4680//9101 
f 4680//9102 4711//9102 4678//9102 
f 4678//9103 4711//9103 4676//9103 
f 4676//9104 4711//9104 4674//9104 
f 4711//9105 4709//9105 4672//9105 
f 4711//9106 4672//9106 4674//9106 
f 4712//9107 4707//9107 4708//9107 
f 4711//9108 4707//9108 4712//9108 
f 4633//9109 4585//9109 4581//9109 
f 4633//9110 4581//9110 4635//9110 
f 4637//9111 4581//9111 4580//9111 
f 4637//9112 4635//9112 4581//9112 
f 4631//9113 4587//9113 4585//9113 
f 4631//9114 4585//9114 4633//9114 
f 4639//9115 4580//9115 4582//9115 
f 4639//9116 4637//9116 4580//9116 
f 4629//9117 4587//9117 4631//9117 
f 4641//9118 4639//9118 4582//9118 
f 4627//9119 4587//9119 4629//9119 
f 4627//9120 4589//9120 4587//9120 
f 4643//9121 4641//9121 4582//9121 
f 4625//9122 4589//9122 4627//9122 
f 4645//9123 4643//9123 4582//9123 
f 4623//9124 4592//9124 4589//9124 
f 4623//9125 4589//9125 4625//9125 
f 4595//9126 4645//9126 4582//9126 
f 4621//9127 4697//9127 4592//9127 
f 4621//9128 4592//9128 4623//9128 
f 4619//9129 4697//9129 4621//9129 
f 4617//9130 4699//9130 4697//9130 
f 4617//9131 4697//9131 4619//9131 
f 4615//9132 4699//9132 4617//9132 
f 4613//9133 4701//9133 4699//9133 
f 4613//9134 4699//9134 4615//9134 
f 4611//9135 4701//9135 4613//9135 
f 4611//9136 4703//9136 4701//9136 
f 4609//9137 4703//9137 4611//9137 
f 4607//9138 4703//9138 4609//9138 
f 4705//9139 4703//9139 4607//9139 
f 4605//9140 4705//9140 4607//9140 
f 4708//9141 4605//9141 4603//9141 
f 4708//9142 4705//9142 4605//9142 
f 4708//9143 4603//9143 4601//9143 
f 4600//9144 4708//9144 4601//9144 
f 4598//9145 4708//9145 4600//9145 
f 4710//9146 4595//9146 4582//9146 
f 4596//9147 4595//9147 4710//9147 
f 4649//9148 4596//9148 4710//9148 
f 4651//9149 4649//9149 4710//9149 
f 4653//9150 4651//9150 4710//9150 
f 4655//9151 4653//9151 4710//9151 
f 4657//9152 4655//9152 4710//9152 
f 4659//9153 4657//9153 4710//9153 
f 4661//9154 4659//9154 4710//9154 
f 4663//9155 4661//9155 4710//9155 
f 4665//9156 4663//9156 4710//9156 
f 4713//9157 4667//9157 4665//9157 
f 4713//9158 4665//9158 4710//9158 
f 4669//9159 4667//9159 4713//9159 
f 4671//9160 4669//9160 4713//9160 
f 4712//9161 4598//9161 4648//9161 
f 4712//9162 4648//9162 4695//9162 
f 4712//9163 4695//9163 4693//9163 
f 4712//9164 4693//9164 4691//9164 
f 4712//9165 4691//9165 4690//9165 
f 4712//9166 4690//9166 4688//9166 
f 4712//9167 4688//9167 4686//9167 
f 4712//9168 4708//9168 4598//9168 
f 4712//9169 4686//9169 4684//9169 
f 4712//9170 4684//9170 4681//9170 
f 4712//9171 4681//9171 4679//9171 
f 4714//9172 4712//9172 4679//9172 
f 4714//9173 4679//9173 4677//9173 
f 4714//9174 4677//9174 4675//9174 
f 4714//9175 4675//9175 4673//9175 
f 4714//9176 4673//9176 4671//9176 
f 4714//9177 4671//9177 4713//9177 
f 4714//9178 4715//9178 4716//9178 
f 4712//9179 4714//9179 4716//9179 
f 4717//9180 4713//9180 4718//9180 
f 4714//9181 4717//9181 4719//9181 
f 4714//9182 4713//9182 4717//9182 
f 4720//9183 4714//9183 4719//9183 
f 4715//9184 4714//9184 4720//9184 
f 4713//9185 4710//9185 4721//9185 
f 4713//9186 4721//9186 4718//9186 
f 4722//9187 4723//9187 4724//9187 
f 4724//9188 4723//9188 4725//9188 
f 4725//9189 4726//9189 4727//9189 
f 4723//9190 4726//9190 4725//9190 
f 4727//9191 4728//9191 4729//9191 
f 4726//9192 4728//9192 4727//9192 
f 4729//9193 4730//9193 4731//9193 
f 4728//9194 4730//9194 4729//9194 
f 4731//9195 4732//9195 4733//9195 
f 4730//9196 4732//9196 4731//9196 
f 4733//9197 4734//9197 4735//9197 
f 4732//9198 4734//9198 4733//9198 
f 4735//9199 4736//9199 4737//9199 
f 4734//9200 4736//9200 4735//9200 
f 4737//9201 4738//9201 4739//9201 
f 4736//9202 4738//9202 4737//9202 
f 4739//9203 4740//9203 4741//9203 
f 4738//9204 4740//9204 4739//9204 
f 4741//9205 4742//9205 4743//9205 
f 4740//9206 4742//9206 4741//9206 
f 4742//9207 4744//9207 4743//9207 
f 4743//9208 4744//9208 4745//9208 
f 4744//9209 4746//9209 4745//9209 
f 4745//9210 4746//9210 4747//9210 
f 4746//9211 4748//9211 4747//9211 
f 4747//9212 4748//9212 4749//9212 
f 4749//9213 4750//9213 4751//9213 
f 4748//9214 4750//9214 4749//9214 
f 4751//9215 4752//9215 4753//9215 
f 4750//9216 4752//9216 4751//9216 
f 4753//9217 4754//9217 4755//9217 
f 4752//9218 4754//9218 4753//9218 
f 4755//9219 4756//9219 4757//9219 
f 4754//9220 4756//9220 4755//9220 
f 4757//9221 4758//9221 4759//9221 
f 4756//9222 4758//9222 4757//9222 
f 4759//9223 4760//9223 4761//9223 
f 4758//9224 4760//9224 4759//9224 
f 4762//9225 4763//9225 4764//9225 
f 4761//9226 4763//9226 4762//9226 
f 4760//9227 4763//9227 4761//9227 
f 4763//9228 4765//9228 4764//9228 
f 4764//9229 4766//9229 4767//9229 
f 4765//9230 4766//9230 4764//9230 
f 4768//9231 4769//9231 4770//9231 
f 4767//9232 4769//9232 4768//9232 
f 4766//9233 4769//9233 4767//9233 
f 4769//9234 4771//9234 4770//9234 
f 4770//9235 4772//9235 4773//9235 
f 4771//9236 4772//9236 4770//9236 
f 4774//9237 4722//9237 4775//9237 
f 4775//9238 4722//9238 4724//9238 
f 4776//9239 4777//9239 4778//9239 
f 4778//9240 4777//9240 4779//9240 
f 4779//9241 4780//9241 4781//9241 
f 4777//9242 4780//9242 4779//9242 
f 4781//9243 4782//9243 4783//9243 
f 4780//9244 4782//9244 4781//9244 
f 4783//9245 4784//9245 4785//9245 
f 4782//9246 4784//9246 4783//9246 
f 4785//9247 4786//9247 4787//9247 
f 4784//9248 4786//9248 4785//9248 
f 4787//9249 4788//9249 4789//9249 
f 4786//9250 4788//9250 4787//9250 
f 4790//9251 4791//9251 4792//9251 
f 4789//9252 4791//9252 4790//9252 
f 4788//9253 4791//9253 4789//9253 
f 4791//9254 4793//9254 4792//9254 
f 4794//9255 4795//9255 4796//9255 
f 4792//9256 4795//9256 4794//9256 
f 4793//9257 4795//9257 4792//9257 
f 4795//9258 4797//9258 4796//9258 
f 4797//9259 4798//9259 4796//9259 
f 4796//9260 4798//9260 4799//9260 
f 4798//9261 4800//9261 4799//9261 
f 4801//9262 4800//9262 4802//9262 
f 4799//9263 4800//9263 4801//9263 
f 4800//9264 4803//9264 4802//9264 
f 4803//9265 4804//9265 4802//9265 
f 4802//9266 4804//9266 4805//9266 
f 4804//9267 4806//9267 4805//9267 
f 4805//9268 4806//9268 4807//9268 
f 4806//9269 4808//9269 4807//9269 
f 4809//9270 4808//9270 4810//9270 
f 4807//9271 4808//9271 4809//9271 
f 4808//9272 4811//9272 4810//9272 
f 4811//9273 4812//9273 4810//9273 
f 4813//9274 4812//9274 4814//9274 
f 4810//9275 4812//9275 4813//9275 
f 4812//9276 4815//9276 4814//9276 
f 4814//9277 4815//9277 4816//9277 
f 4815//9278 4817//9278 4816//9278 
f 4817//9279 4818//9279 4816//9279 
f 4819//9280 4818//9280 4820//9280 
f 4816//9281 4818//9281 4819//9281 
f 4818//9282 4821//9282 4820//9282 
f 4820//9283 4822//9283 4823//9283 
f 4821//9284 4822//9284 4820//9284 
f 4824//9285 4825//9285 4775//9285 
f 4823//9286 4825//9286 4824//9286 
f 4822//9287 4825//9287 4823//9287 
f 4825//9288 4774//9288 4775//9288 
f 4772//9289 4776//9289 4773//9289 
f 4773//9290 4776//9290 4778//9290 
f 4826//9291 4827//9291 4828//9291 
f 4826//9292 4828//9292 4829//9292 
f 4830//9293 4829//9293 4831//9293 
f 4830//9294 4826//9294 4829//9294 
f 4832//9295 4831//9295 4833//9295 
f 4832//9296 4830//9296 4831//9296 
f 4834//9297 4833//9297 4835//9297 
f 4834//9298 4832//9298 4833//9298 
f 4836//9299 4835//9299 4837//9299 
f 4836//9300 4834//9300 4835//9300 
f 4838//9301 4837//9301 4839//9301 
f 4838//9302 4836//9302 4837//9302 
f 4840//9303 4839//9303 4841//9303 
f 4840//9304 4838//9304 4839//9304 
f 4842//9305 4841//9305 4843//9305 
f 4842//9306 4840//9306 4841//9306 
f 4844//9307 4843//9307 4845//9307 
f 4844//9308 4842//9308 4843//9308 
f 4846//9309 4845//9309 4847//9309 
f 4846//9310 4844//9310 4845//9310 
f 4848//9311 4847//9311 4849//9311 
f 4848//9312 4846//9312 4847//9312 
f 4850//9313 4827//9313 4851//9313 
f 4850//9314 4828//9314 4827//9314 
f 4852//9315 4813//9315 4814//9315 
f 4814//9316 4816//9316 4852//9316 
f 4852//9317 4810//9317 4813//9317 
f 4816//9318 4819//9318 4852//9318 
f 4852//9319 4809//9319 4810//9319 
f 4819//9320 4820//9320 4852//9320 
f 4852//9321 4807//9321 4809//9321 
f 4820//9322 4823//9322 4852//9322 
f 4852//9323 4805//9323 4807//9323 
f 4823//9324 4824//9324 4852//9324 
f 4852//9325 4802//9325 4805//9325 
f 4824//9326 4775//9326 4852//9326 
f 4801//9327 4851//9327 4799//9327 
f 4799//9328 4851//9328 4796//9328 
f 4796//9329 4851//9329 4794//9329 
f 4794//9330 4851//9330 4792//9330 
f 4792//9331 4851//9331 4790//9331 
f 4790//9332 4851//9332 4789//9332 
f 4789//9333 4851//9333 4787//9333 
f 4787//9334 4851//9334 4785//9334 
f 4785//9335 4851//9335 4783//9335 
f 4783//9336 4851//9336 4781//9336 
f 4781//9337 4851//9337 4779//9337 
f 4779//9338 4851//9338 4778//9338 
f 4775//9339 4724//9339 4852//9339 
f 4724//9340 4848//9340 4852//9340 
f 4725//9341 4848//9341 4724//9341 
f 4725//9342 4727//9342 4848//9342 
f 4727//9343 4729//9343 4848//9343 
f 4729//9344 4731//9344 4848//9344 
f 4733//9345 4846//9345 4731//9345 
f 4731//9346 4846//9346 4848//9346 
f 4733//9347 4735//9347 4846//9347 
f 4737//9348 4844//9348 4735//9348 
f 4735//9349 4844//9349 4846//9349 
f 4851//9350 4773//9350 4778//9350 
f 4741//9351 4842//9351 4739//9351 
f 4739//9352 4842//9352 4737//9352 
f 4737//9353 4842//9353 4844//9353 
f 4745//9354 4840//9354 4743//9354 
f 4743//9355 4840//9355 4741//9355 
f 4741//9356 4840//9356 4842//9356 
f 4747//9357 4838//9357 4745//9357 
f 4745//9358 4838//9358 4840//9358 
f 4751//9359 4836//9359 4749//9359 
f 4749//9360 4836//9360 4747//9360 
f 4747//9361 4836//9361 4838//9361 
f 4755//9362 4834//9362 4753//9362 
f 4753//9363 4834//9363 4751//9363 
f 4751//9364 4834//9364 4836//9364 
f 4759//9365 4832//9365 4757//9365 
f 4757//9366 4832//9366 4755//9366 
f 4755//9367 4832//9367 4834//9367 
f 4761//9368 4830//9368 4759//9368 
f 4759//9369 4830//9369 4832//9369 
f 4764//9370 4826//9370 4762//9370 
f 4762//9371 4826//9371 4761//9371 
f 4761//9372 4826//9372 4830//9372 
f 4773//9373 4827//9373 4770//9373 
f 4770//9374 4827//9374 4768//9374 
f 4768//9375 4827//9375 4767//9375 
f 4767//9376 4827//9376 4764//9376 
f 4764//9377 4827//9377 4826//9377 
f 4851//9378 4827//9378 4773//9378 
f 4852//9379 4851//9379 4802//9379 
f 4802//9380 4851//9380 4801//9380 
f 4849//9381 4852//9381 4848//9381 
f 4849//9382 4853//9382 4852//9382 
f 4812//9383 4853//9383 4815//9383 
f 4817//9384 4815//9384 4853//9384 
f 4811//9385 4853//9385 4812//9385 
f 4818//9386 4817//9386 4853//9386 
f 4808//9387 4854//9387 4853//9387 
f 4808//9388 4853//9388 4811//9388 
f 4821//9389 4818//9389 4853//9389 
f 4806//9390 4854//9390 4808//9390 
f 4822//9391 4821//9391 4853//9391 
f 4804//9392 4854//9392 4806//9392 
f 4825//9393 4822//9393 4853//9393 
f 4803//9394 4854//9394 4804//9394 
f 4774//9395 4825//9395 4853//9395 
f 4855//9396 4803//9396 4800//9396 
f 4855//9397 4800//9397 4798//9397 
f 4855//9398 4854//9398 4803//9398 
f 4797//9399 4855//9399 4798//9399 
f 4795//9400 4855//9400 4797//9400 
f 4850//9401 4855//9401 4795//9401 
f 4850//9402 4795//9402 4793//9402 
f 4850//9403 4793//9403 4791//9403 
f 4850//9404 4791//9404 4788//9404 
f 4850//9405 4788//9405 4786//9405 
f 4850//9406 4786//9406 4784//9406 
f 4850//9407 4784//9407 4782//9407 
f 4850//9408 4782//9408 4780//9408 
f 4850//9409 4780//9409 4777//9409 
f 4776//9410 4850//9410 4777//9410 
f 4722//9411 4774//9411 4853//9411 
f 4849//9412 4722//9412 4853//9412 
f 4849//9413 4723//9413 4722//9413 
f 4726//9414 4723//9414 4849//9414 
f 4728//9415 4726//9415 4849//9415 
f 4730//9416 4728//9416 4849//9416 
f 4847//9417 4730//9417 4849//9417 
f 4847//9418 4732//9418 4730//9418 
f 4734//9419 4732//9419 4847//9419 
f 4845//9420 4734//9420 4847//9420 
f 4845//9421 4736//9421 4734//9421 
f 4772//9422 4850//9422 4776//9422 
f 4843//9423 4736//9423 4845//9423 
f 4843//9424 4740//9424 4738//9424 
f 4843//9425 4738//9425 4736//9425 
f 4841//9426 4740//9426 4843//9426 
f 4841//9427 4744//9427 4742//9427 
f 4841//9428 4742//9428 4740//9428 
f 4839//9429 4746//9429 4744//9429 
f 4839//9430 4744//9430 4841//9430 
f 4837//9431 4750//9431 4748//9431 
f 4837//9432 4748//9432 4746//9432 
f 4837//9433 4746//9433 4839//9433 
f 4835//9434 4754//9434 4752//9434 
f 4835//9435 4752//9435 4750//9435 
f 4835//9436 4750//9436 4837//9436 
f 4833//9437 4758//9437 4756//9437 
f 4833//9438 4756//9438 4754//9438 
f 4833//9439 4754//9439 4835//9439 
f 4831//9440 4760//9440 4758//9440 
f 4831//9441 4758//9441 4833//9441 
f 4829//9442 4765//9442 4763//9442 
f 4829//9443 4763//9443 4760//9443 
f 4829//9444 4760//9444 4831//9444 
f 4828//9445 4850//9445 4772//9445 
f 4828//9446 4772//9446 4771//9446 
f 4828//9447 4771//9447 4769//9447 
f 4828//9448 4769//9448 4766//9448 
f 4828//9449 4766//9449 4765//9449 
f 4828//9450 4765//9450 4829//9450 
f 4854//9451 4856//9451 4853//9451 
f 4857//9452 4856//9452 4854//9452 
f 4854//9453 4858//9453 4857//9453 
f 4855//9454 4859//9454 4858//9454 
f 4855//9455 4860//9455 4859//9455 
f 4855//9456 4861//9456 4860//9456 
f 4855//9457 4858//9457 4854//9457 
f 4850//9458 4862//9458 4855//9458 
f 4862//9459 4861//9459 4855//9459 
f 4863//9460 4864//9460 4865//9460 
f 4866//9461 4864//9461 4863//9461 
f 4867//9462 4868//9462 4869//9462 
f 4869//9463 4868//9463 4870//9463 
f 4870//9464 4871//9464 4872//9464 
f 4868//9465 4871//9465 4870//9465 
f 4872//9466 4873//9466 4874//9466 
f 4871//9467 4873//9467 4872//9467 
f 4874//9468 4875//9468 4876//9468 
f 4873//9469 4875//9469 4874//9469 
f 4876//9470 4877//9470 4878//9470 
f 4875//9471 4877//9471 4876//9471 
f 4878//9472 4879//9472 4880//9472 
f 4877//9473 4879//9473 4878//9473 
f 4880//9474 4881//9474 4882//9474 
f 4879//9475 4881//9475 4880//9475 
f 4882//9476 4883//9476 4884//9476 
f 4881//9477 4883//9477 4882//9477 
f 4884//9478 4885//9478 4886//9478 
f 4883//9479 4885//9479 4884//9479 
f 4886//9480 4887//9480 4888//9480 
f 4885//9481 4887//9481 4886//9481 
f 4887//9482 4889//9482 4888//9482 
f 4888//9483 4889//9483 4890//9483 
f 4889//9484 4891//9484 4890//9484 
f 4890//9485 4891//9485 4892//9485 
f 4891//9486 4893//9486 4892//9486 
f 4892//9487 4893//9487 4894//9487 
f 4893//9488 4895//9488 4894//9488 
f 4896//9489 4895//9489 4897//9489 
f 4894//9490 4895//9490 4896//9490 
f 4895//9491 4898//9491 4897//9491 
f 4898//9492 4899//9492 4897//9492 
f 4897//9493 4899//9493 4900//9493 
f 4899//9494 4901//9494 4900//9494 
f 4900//9495 4901//9495 4902//9495 
f 4901//9496 4903//9496 4902//9496 
f 4902//9497 4903//9497 4904//9497 
f 4904//9498 4905//9498 4906//9498 
f 4903//9499 4905//9499 4904//9499 
f 4905//9500 4907//9500 4906//9500 
f 4906//9501 4907//9501 4908//9501 
f 4908//9502 4909//9502 4910//9502 
f 4907//9503 4909//9503 4908//9503 
f 4910//9504 4911//9504 4912//9504 
f 4909//9505 4911//9505 4910//9505 
f 4912//9506 4913//9506 4914//9506 
f 4911//9507 4913//9507 4912//9507 
f 4915//9508 4916//9508 4863//9508 
f 4914//9509 4916//9509 4915//9509 
f 4913//9510 4916//9510 4914//9510 
f 4916//9511 4866//9511 4863//9511 
f 4917//9512 4869//9512 4918//9512 
f 4917//9513 4867//9513 4869//9513 
f 4864//9514 4919//9514 4865//9514 
f 4865//9515 4919//9515 4920//9515 
f 4920//9516 4921//9516 4922//9516 
f 4919//9517 4921//9517 4920//9517 
f 4922//9518 4923//9518 4924//9518 
f 4921//9519 4923//9519 4922//9519 
f 4924//9520 4925//9520 4926//9520 
f 4923//9521 4925//9521 4924//9521 
f 4926//9522 4927//9522 4928//9522 
f 4925//9523 4927//9523 4926//9523 
f 4928//9524 4929//9524 4930//9524 
f 4927//9525 4929//9525 4928//9525 
f 4930//9526 4931//9526 4932//9526 
f 4929//9527 4931//9527 4930//9527 
f 4932//9528 4933//9528 4934//9528 
f 4931//9529 4933//9529 4932//9529 
f 4934//9530 4935//9530 4936//9530 
f 4933//9531 4935//9531 4934//9531 
f 4936//9532 4937//9532 4938//9532 
f 4935//9533 4937//9533 4936//9533 
f 4937//9534 4939//9534 4938//9534 
f 4938//9535 4939//9535 4940//9535 
f 4939//9536 4941//9536 4940//9536 
f 4940//9537 4941//9537 4942//9537 
f 4941//9538 4943//9538 4942//9538 
f 4942//9539 4943//9539 4944//9539 
f 4943//9540 4945//9540 4944//9540 
f 4944//9541 4945//9541 4946//9541 
f 4945//9542 4947//9542 4946//9542 
f 4946//9543 4947//9543 4948//9543 
f 4947//9544 4949//9544 4948//9544 
f 4948//9545 4949//9545 4950//9545 
f 4949//9546 4951//9546 4950//9546 
f 4950//9547 4951//9547 4952//9547 
f 4951//9548 4953//9548 4952//9548 
f 4952//9549 4953//9549 4954//9549 
f 4954//9550 4955//9550 4956//9550 
f 4953//9551 4955//9551 4954//9551 
f 4955//9552 4957//9552 4956//9552 
f 4958//9553 4957//9553 4959//9553 
f 4956//9554 4957//9554 4958//9554 
f 4957//9555 4960//9555 4959//9555 
f 4959//9556 4961//9556 4962//9556 
f 4960//9557 4961//9557 4959//9557 
f 4962//9558 4963//9558 4964//9558 
f 4961//9559 4963//9559 4962//9559 
f 4964//9560 4965//9560 4966//9560 
f 4963//9561 4965//9561 4964//9561 
f 4966//9562 4917//9562 4918//9562 
f 4965//9563 4917//9563 4966//9563 
f 4967//9564 4968//9564 4969//9564 
f 4970//9565 4969//9565 4971//9565 
f 4970//9566 4967//9566 4969//9566 
f 4972//9567 4971//9567 4973//9567 
f 4972//9568 4970//9568 4971//9568 
f 4974//9569 4973//9569 4975//9569 
f 4974//9570 4972//9570 4973//9570 
f 4976//9571 4975//9571 4977//9571 
f 4976//9572 4974//9572 4975//9572 
f 4978//9573 4977//9573 4979//9573 
f 4978//9574 4976//9574 4977//9574 
f 4980//9575 4979//9575 4981//9575 
f 4980//9576 4978//9576 4979//9576 
f 4982//9577 4981//9577 4983//9577 
f 4982//9578 4980//9578 4981//9578 
f 4984//9579 4983//9579 4985//9579 
f 4984//9580 4982//9580 4983//9580 
f 4986//9581 4985//9581 4987//9581 
f 4986//9582 4984//9582 4985//9582 
f 4988//9583 4987//9583 4989//9583 
f 4988//9584 4986//9584 4987//9584 
f 4990//9585 4988//9585 4989//9585 
f 4991//9586 4968//9586 4967//9586 
f 4992//9587 4968//9587 4991//9587 
f 4993//9588 4954//9588 4956//9588 
f 4956//9589 4958//9589 4993//9589 
f 4993//9590 4952//9590 4954//9590 
f 4958//9591 4959//9591 4993//9591 
f 4993//9592 4950//9592 4952//9592 
f 4959//9593 4962//9593 4993//9593 
f 4993//9594 4948//9594 4950//9594 
f 4962//9595 4964//9595 4993//9595 
f 4993//9596 4946//9596 4948//9596 
f 4964//9597 4966//9597 4993//9597 
f 4993//9598 4944//9598 4946//9598 
f 4966//9599 4918//9599 4993//9599 
f 4942//9600 4991//9600 4940//9600 
f 4940//9601 4991//9601 4938//9601 
f 4938//9602 4991//9602 4936//9602 
f 4936//9603 4991//9603 4934//9603 
f 4934//9604 4991//9604 4932//9604 
f 4932//9605 4991//9605 4930//9605 
f 4930//9606 4991//9606 4928//9606 
f 4928//9607 4991//9607 4926//9607 
f 4926//9608 4991//9608 4924//9608 
f 4924//9609 4991//9609 4922//9609 
f 4922//9610 4991//9610 4920//9610 
f 4920//9611 4991//9611 4865//9611 
f 4918//9612 4869//9612 4993//9612 
f 4869//9613 4990//9613 4993//9613 
f 4870//9614 4990//9614 4869//9614 
f 4870//9615 4872//9615 4990//9615 
f 4872//9616 4874//9616 4990//9616 
f 4874//9617 4876//9617 4990//9617 
f 4878//9618 4988//9618 4876//9618 
f 4876//9619 4988//9619 4990//9619 
f 4878//9620 4880//9620 4988//9620 
f 4882//9621 4986//9621 4880//9621 
f 4880//9622 4986//9622 4988//9622 
f 4991//9623 4863//9623 4865//9623 
f 4886//9624 4984//9624 4884//9624 
f 4884//9625 4984//9625 4882//9625 
f 4882//9626 4984//9626 4986//9626 
f 4890//9627 4982//9627 4888//9627 
f 4888//9628 4982//9628 4886//9628 
f 4886//9629 4982//9629 4984//9629 
f 4894//9630 4980//9630 4892//9630 
f 4892//9631 4980//9631 4890//9631 
f 4890//9632 4980//9632 4982//9632 
f 4896//9633 4978//9633 4894//9633 
f 4894//9634 4978//9634 4980//9634 
f 4900//9635 4976//9635 4897//9635 
f 4897//9636 4976//9636 4896//9636 
f 4896//9637 4976//9637 4978//9637 
f 4904//9638 4974//9638 4902//9638 
f 4902//9639 4974//9639 4900//9639 
f 4900//9640 4974//9640 4976//9640 
f 4906//9641 4972//9641 4904//9641 
f 4904//9642 4972//9642 4974//9642 
f 4910//9643 4970//9643 4908//9643 
f 4908//9644 4970//9644 4906//9644 
f 4906//9645 4970//9645 4972//9645 
f 4863//9646 4967//9646 4915//9646 
f 4991//9647 4967//9647 4863//9647 
f 4915//9648 4967//9648 4914//9648 
f 4914//9649 4967//9649 4912//9649 
f 4912//9650 4967//9650 4910//9650 
f 4910//9651 4967//9651 4970//9651 
f 4993//9652 4991//9652 4944//9652 
f 4944//9653 4991//9653 4942//9653 
f 4990//9654 4994//9654 4993//9654 
f 4989//9655 4994//9655 4990//9655 
f 4953//9656 4994//9656 4955//9656 
f 4957//9657 4955//9657 4994//9657 
f 4951//9658 4994//9658 4953//9658 
f 4960//9659 4957//9659 4994//9659 
f 4949//9660 4995//9660 4994//9660 
f 4949//9661 4994//9661 4951//9661 
f 4961//9662 4960//9662 4994//9662 
f 4947//9663 4995//9663 4949//9663 
f 4963//9664 4961//9664 4994//9664 
f 4945//9665 4995//9665 4947//9665 
f 4965//9666 4963//9666 4994//9666 
f 4943//9667 4995//9667 4945//9667 
f 4917//9668 4965//9668 4994//9668 
f 4941//9669 4995//9669 4943//9669 
f 4996//9670 4995//9670 4941//9670 
f 4996//9671 4941//9671 4939//9671 
f 4937//9672 4996//9672 4939//9672 
f 4935//9673 4996//9673 4937//9673 
f 4992//9674 4935//9674 4933//9674 
f 4992//9675 4933//9675 4931//9675 
f 4992//9676 4931//9676 4929//9676 
f 4992//9677 4929//9677 4927//9677 
f 4992//9678 4927//9678 4925//9678 
f 4992//9679 4925//9679 4923//9679 
f 4992//9680 4923//9680 4921//9680 
f 4992//9681 4921//9681 4919//9681 
f 4992//9682 4919//9682 4864//9682 
f 4992//9683 4996//9683 4935//9683 
f 4867//9684 4917//9684 4994//9684 
f 4989//9685 4867//9685 4994//9685 
f 4989//9686 4868//9686 4867//9686 
f 4871//9687 4868//9687 4989//9687 
f 4873//9688 4871//9688 4989//9688 
f 4875//9689 4873//9689 4989//9689 
f 4987//9690 4875//9690 4989//9690 
f 4987//9691 4877//9691 4875//9691 
f 4879//9692 4877//9692 4987//9692 
f 4985//9693 4881//9693 4879//9693 
f 4985//9694 4879//9694 4987//9694 
f 4866//9695 4992//9695 4864//9695 
f 4983//9696 4881//9696 4985//9696 
f 4983//9697 4885//9697 4883//9697 
f 4983//9698 4883//9698 4881//9698 
f 4981//9699 4889//9699 4887//9699 
f 4981//9700 4887//9700 4885//9700 
f 4981//9701 4885//9701 4983//9701 
f 4979//9702 4893//9702 4891//9702 
f 4979//9703 4891//9703 4889//9703 
f 4979//9704 4889//9704 4981//9704 
f 4977//9705 4895//9705 4893//9705 
f 4977//9706 4893//9706 4979//9706 
f 4975//9707 4899//9707 4898//9707 
f 4975//9708 4898//9708 4895//9708 
f 4975//9709 4895//9709 4977//9709 
f 4973//9710 4903//9710 4901//9710 
f 4973//9711 4901//9711 4899//9711 
f 4973//9712 4899//9712 4975//9712 
f 4971//9713 4905//9713 4903//9713 
f 4971//9714 4903//9714 4973//9714 
f 4969//9715 4909//9715 4907//9715 
f 4969//9716 4907//9716 4905//9716 
f 4969//9717 4905//9717 4971//9717 
f 4968//9718 4866//9718 4916//9718 
f 4968//9719 4916//9719 4913//9719 
f 4968//9720 4913//9720 4911//9720 
f 4968//9721 4911//9721 4909//9721 
f 4968//9722 4992//9722 4866//9722 
f 4968//9723 4909//9723 4969//9723 
f 4507//9724 4994//9724 4995//9724 
f 4505//9725 4507//9725 4995//9725 
f 4995//9726 4513//9726 4505//9726 
f 4515//9727 4513//9727 4995//9727 
f 4520//9728 4515//9728 4995//9728 
f 4996//9729 4517//9729 4520//9729 
f 4996//9730 4520//9730 4995//9730 
f 4518//9731 4517//9731 4996//9731 
f 4518//9732 4996//9732 4992//9732 
f 4997//9733 4998//9733 4999//9733 
f 4999//9734 4998//9734 5000//9734 
f 5000//9735 5001//9735 5002//9735 
f 4998//9736 5001//9736 5000//9736 
f 5002//9737 5003//9737 5004//9737 
f 5001//9738 5003//9738 5002//9738 
f 5004//9739 5005//9739 5006//9739 
f 5003//9740 5005//9740 5004//9740 
f 5006//9741 5007//9741 5008//9741 
f 5005//9742 5007//9742 5006//9742 
f 5008//9743 5009//9743 5010//9743 
f 5007//9744 5009//9744 5008//9744 
f 5010//9745 5011//9745 5012//9745 
f 5009//9746 5011//9746 5010//9746 
f 5012//9747 5013//9747 5014//9747 
f 5011//9748 5013//9748 5012//9748 
f 5014//9749 5015//9749 5016//9749 
f 5013//9750 5015//9750 5014//9750 
f 5016//9751 5017//9751 5018//9751 
f 5015//9752 5017//9752 5016//9752 
f 5017//9753 5019//9753 5018//9753 
f 5020//9754 5019//9754 5021//9754 
f 5018//9755 5019//9755 5020//9755 
f 5019//9756 5022//9756 5021//9756 
f 5022//9757 5023//9757 5021//9757 
f 5021//9758 5023//9758 5024//9758 
f 5023//9759 5025//9759 5024//9759 
f 5026//9760 5025//9760 5027//9760 
f 5024//9761 5025//9761 5026//9761 
f 5025//9762 5028//9762 5027//9762 
f 5028//9763 5029//9763 5027//9763 
f 5027//9764 5029//9764 5030//9764 
f 5029//9765 5031//9765 5030//9765 
f 5030//9766 5031//9766 5032//9766 
f 5031//9767 5033//9767 5032//9767 
f 5034//9768 5033//9768 5035//9768 
f 5032//9769 5033//9769 5034//9769 
f 5033//9770 5036//9770 5035//9770 
f 5035//9771 5037//9771 5038//9771 
f 5036//9772 5037//9772 5035//9772 
f 5038//9773 5039//9773 5040//9773 
f 5037//9774 5039//9774 5038//9774 
f 5040//9775 5041//9775 5042//9775 
f 5039//9776 5041//9776 5040//9776 
f 5042//9777 5043//9777 5044//9777 
f 5041//9778 5043//9778 5042//9778 
f 5044//9779 5045//9779 5046//9779 
f 5043//9780 5045//9780 5044//9780 
f 5046//9781 5047//9781 5048//9781 
f 5045//9782 5047//9782 5046//9782 
f 4997//9783 5049//9783 5050//9783 
f 4999//9784 5049//9784 4997//9784 
f 5051//9785 5052//9785 5053//9785 
f 5053//9786 5052//9786 5054//9786 
f 5054//9787 5055//9787 5056//9787 
f 5052//9788 5055//9788 5054//9788 
f 5056//9789 5057//9789 5058//9789 
f 5055//9790 5057//9790 5056//9790 
f 5058//9791 5059//9791 5060//9791 
f 5057//9792 5059//9792 5058//9792 
f 5060//9793 5061//9793 5062//9793 
f 5059//9794 5061//9794 5060//9794 
f 5062//9795 5063//9795 5064//9795 
f 5061//9796 5063//9796 5062//9796 
f 5064//9797 5065//9797 5066//9797 
f 5063//9798 5065//9798 5064//9798 
f 5066//9799 5067//9799 5068//9799 
f 5065//9800 5067//9800 5066//9800 
f 5068//9801 5069//9801 5070//9801 
f 5067//9802 5069//9802 5068//9802 
f 5070//9803 5071//9803 5072//9803 
f 5069//9804 5071//9804 5070//9804 
f 5071//9805 5073//9805 5072//9805 
f 5074//9806 5073//9806 5075//9806 
f 5072//9807 5073//9807 5074//9807 
f 5073//9808 5076//9808 5075//9808 
f 5076//9809 5077//9809 5075//9809 
f 5075//9810 5077//9810 5078//9810 
f 5078//9811 5079//9811 5080//9811 
f 5077//9812 5079//9812 5078//9812 
f 5080//9813 5081//9813 5082//9813 
f 5079//9814 5081//9814 5080//9814 
f 5082//9815 5083//9815 5084//9815 
f 5081//9816 5083//9816 5082//9816 
f 5084//9817 5085//9817 5086//9817 
f 5083//9818 5085//9818 5084//9818 
f 5087//9819 5088//9819 5089//9819 
f 5086//9820 5088//9820 5087//9820 
f 5085//9821 5088//9821 5086//9821 
f 5088//9822 5090//9822 5089//9822 
f 5089//9823 5091//9823 5092//9823 
f 5090//9824 5091//9824 5089//9824 
f 5093//9825 5094//9825 5095//9825 
f 5092//9826 5094//9826 5093//9826 
f 5091//9827 5094//9827 5092//9827 
f 5094//9828 5096//9828 5095//9828 
f 5095//9829 5097//9829 5098//9829 
f 5096//9830 5097//9830 5095//9830 
f 5098//9831 5099//9831 5100//9831 
f 5097//9832 5099//9832 5098//9832 
f 5100//9833 5050//9833 5049//9833 
f 5099//9834 5050//9834 5100//9834 
f 5051//9835 5048//9835 5047//9835 
f 5053//9836 5048//9836 5051//9836 
f 5101//9837 4577//9837 4578//9837 
f 5101//9838 4578//9838 5102//9838 
f 5103//9839 5102//9839 5104//9839 
f 5103//9840 5101//9840 5102//9840 
f 5105//9841 5104//9841 5106//9841 
f 5105//9842 5103//9842 5104//9842 
f 5107//9843 5106//9843 5108//9843 
f 5107//9844 5105//9844 5106//9844 
f 5109//9845 5110//9845 5111//9845 
f 5109//9846 5108//9846 5110//9846 
f 5109//9847 5107//9847 5108//9847 
f 5112//9848 5109//9848 5111//9848 
f 4572//9849 5034//9849 4570//9849 
f 4570//9850 5034//9850 5035//9850 
f 4570//9851 5038//9851 4568//9851 
f 5035//9852 5038//9852 4570//9852 
f 4574//9853 5032//9853 4572//9853 
f 4572//9854 5032//9854 5034//9854 
f 4568//9855 5040//9855 4565//9855 
f 5038//9856 5040//9856 4568//9856 
f 4574//9857 5030//9857 5032//9857 
f 5040//9858 5042//9858 4565//9858 
f 4575//9859 5027//9859 4574//9859 
f 4574//9860 5027//9860 5030//9860 
f 5042//9861 5044//9861 4565//9861 
f 4575//9862 5026//9862 5027//9862 
f 5044//9863 5046//9863 4565//9863 
f 4577//9864 5024//9864 4575//9864 
f 4575//9865 5024//9865 5026//9865 
f 5046//9866 5048//9866 4565//9866 
f 4577//9867 5021//9867 5024//9867 
f 5101//9868 5021//9868 4577//9868 
f 5101//9869 5020//9869 5021//9869 
f 5103//9870 5018//9870 5101//9870 
f 5101//9871 5018//9871 5020//9871 
f 5103//9872 5016//9872 5018//9872 
f 5105//9873 5014//9873 5103//9873 
f 5103//9874 5014//9874 5016//9874 
f 5107//9875 5012//9875 5105//9875 
f 5105//9876 5012//9876 5014//9876 
f 5107//9877 5010//9877 5012//9877 
f 5107//9878 5008//9878 5010//9878 
f 5107//9879 5109//9879 5008//9879 
f 5109//9880 5006//9880 5008//9880 
f 5006//9881 5112//9881 5004//9881 
f 5109//9882 5112//9882 5006//9882 
f 5004//9883 5112//9883 5002//9883 
f 5112//9884 5000//9884 5002//9884 
f 5112//9885 4999//9885 5000//9885 
f 5048//9886 5113//9886 4565//9886 
f 5048//9887 5053//9887 5113//9887 
f 5053//9888 5054//9888 5113//9888 
f 5054//9889 5056//9889 5113//9889 
f 5056//9890 5058//9890 5113//9890 
f 5058//9891 5060//9891 5113//9891 
f 5060//9892 5062//9892 5113//9892 
f 5062//9893 5064//9893 5113//9893 
f 5064//9894 5066//9894 5113//9894 
f 5066//9895 5068//9895 5113//9895 
f 5068//9896 5070//9896 5113//9896 
f 5070//9897 5072//9897 5113//9897 
f 5072//9898 5074//9898 5113//9898 
f 5074//9899 5075//9899 5113//9899 
f 4999//9900 5114//9900 5049//9900 
f 5049//9901 5114//9901 5100//9901 
f 5100//9902 5114//9902 5098//9902 
f 5098//9903 5114//9903 5095//9903 
f 5095//9904 5114//9904 5093//9904 
f 5093//9905 5114//9905 5092//9905 
f 5092//9906 5114//9906 5089//9906 
f 5089//9907 5114//9907 5087//9907 
f 5112//9908 5114//9908 4999//9908 
f 5087//9909 5114//9909 5086//9909 
f 5086//9910 5114//9910 5084//9910 
f 5084//9911 5114//9911 5082//9911 
f 5082//9912 5114//9912 5080//9912 
f 5080//9913 5114//9913 5078//9913 
f 5114//9914 5113//9914 5078//9914 
f 5078//9915 5113//9915 5075//9915 
f 5114//9916 5111//9916 5115//9916 
f 5114//9917 5112//9917 5111//9917 
f 4556//9918 5116//9918 4557//9918 
f 5117//9919 5116//9919 4556//9919 
f 5033//9920 4571//9920 4569//9920 
f 5033//9921 4569//9921 5036//9921 
f 5037//9922 4569//9922 4567//9922 
f 5037//9923 5036//9923 4569//9923 
f 5031//9924 4573//9924 4571//9924 
f 5031//9925 4571//9925 5033//9925 
f 5039//9926 4567//9926 4566//9926 
f 5039//9927 5037//9927 4567//9927 
f 5029//9928 4573//9928 5031//9928 
f 5041//9929 5039//9929 4566//9929 
f 5028//9930 4576//9930 4573//9930 
f 5028//9931 4573//9931 5029//9931 
f 5043//9932 5041//9932 4566//9932 
f 5025//9933 4576//9933 5028//9933 
f 5045//9934 5043//9934 4566//9934 
f 5023//9935 4578//9935 4576//9935 
f 5023//9936 4576//9936 5025//9936 
f 5047//9937 5045//9937 4566//9937 
f 5022//9938 4578//9938 5023//9938 
f 5022//9939 5102//9939 4578//9939 
f 5019//9940 5102//9940 5022//9940 
f 5017//9941 5104//9941 5102//9941 
f 5017//9942 5102//9942 5019//9942 
f 5015//9943 5104//9943 5017//9943 
f 5013//9944 5106//9944 5104//9944 
f 5013//9945 5104//9945 5015//9945 
f 5011//9946 5108//9946 5106//9946 
f 5011//9947 5106//9947 5013//9947 
f 5009//9948 5108//9948 5011//9948 
f 5007//9949 5108//9949 5009//9949 
f 5110//9950 5108//9950 5007//9950 
f 5005//9951 5110//9951 5007//9951 
f 5111//9952 5005//9952 5003//9952 
f 5111//9953 5110//9953 5005//9953 
f 5111//9954 5003//9954 5001//9954 
f 4998//9955 5111//9955 5001//9955 
f 4997//9956 5111//9956 4998//9956 
f 5116//9957 5047//9957 4566//9957 
f 5051//9958 5047//9958 5116//9958 
f 5052//9959 5051//9959 5116//9959 
f 5055//9960 5052//9960 5116//9960 
f 5057//9961 5055//9961 5116//9961 
f 5059//9962 5057//9962 5116//9962 
f 5061//9963 5059//9963 5116//9963 
f 5063//9964 5061//9964 5116//9964 
f 5065//9965 5063//9965 5116//9965 
f 5067//9966 5065//9966 5116//9966 
f 5069//9967 5067//9967 5116//9967 
f 5117//9968 5071//9968 5069//9968 
f 5117//9969 5069//9969 5116//9969 
f 5073//9970 5071//9970 5117//9970 
f 5076//9971 5073//9971 5117//9971 
f 5077//9972 5076//9972 5117//9972 
f 5115//9973 4997//9973 5050//9973 
f 5115//9974 5050//9974 5099//9974 
f 5115//9975 5099//9975 5097//9975 
f 5115//9976 5097//9976 5096//9976 
f 5115//9977 5096//9977 5094//9977 
f 5115//9978 5094//9978 5091//9978 
f 5115//9979 5091//9979 5090//9979 
f 5115//9980 5090//9980 5088//9980 
f 5115//9981 5111//9981 4997//9981 
f 5115//9982 5088//9982 5085//9982 
f 5115//9983 5085//9983 5083//9983 
f 5118//9984 5115//9984 5083//9984 
f 5118//9985 5083//9985 5081//9985 
f 5118//9986 5081//9986 5079//9986 
f 5118//9987 5079//9987 5077//9987 
f 5118//9988 5077//9988 5117//9988 
f 4565//9989 5113//9989 4566//9989 
f 4566//9990 5113//9990 5116//9990 
f 4853//9991 4856//9991 5119//9991 
f 4852//9992 5120//9992 5121//9992 
f 4852//9993 5122//9993 5120//9993 
f 4852//9994 5123//9994 5122//9994 
f 4852//9995 5119//9995 5123//9995 
f 4852//9996 4853//9996 5119//9996 
f 4850//9997 5124//9997 4862//9997 
f 4850//9998 5125//9998 5124//9998 
f 4850//9999 4509//9999 5125//9999 
f 4851//10000 5126//10000 5127//10000 
f 4851//10001 5121//10001 5126//10001 
f 4851//10002 4852//10002 5121//10002 
f 4994//10003 4510//10003 4509//10003 
f 4994//10004 4506//10004 4510//10004 
f 4994//10005 4507//10005 4506//10005 
f 4994//10006 4509//10006 4850//10006 
f 4993//10007 4994//10007 4850//10007 
f 4993//10008 4850//10008 4851//10008 
f 4516//10009 4518//10009 4992//10009 
f 4516//10010 4992//10010 4991//10010 
f 4523//10011 4516//10011 4991//10011 
f 4709//10012 5128//10012 5129//10012 
f 4709//10013 5130//10013 5128//10013 
f 4709//10014 5131//10014 5130//10014 
f 4709//10015 5132//10015 5131//10015 
f 4710//10016 4709//10016 5129//10016 
f 4721//10017 4710//10017 5129//10017 
f 4525//10018 4523//10018 4991//10018 
f 4527//10019 4525//10019 4991//10019 
f 4711//10020 4851//10020 5127//10020 
f 4711//10021 4993//10021 4851//10021 
f 4711//10022 5132//10022 4709//10022 
f 4711//10023 5133//10023 5132//10023 
f 4711//10024 5134//10024 5133//10024 
f 4711//10025 5127//10025 5134//10025 
f 4529//10026 4991//10026 4993//10026 
f 4529//10027 4527//10027 4991//10027 
f 4531//10028 4529//10028 4993//10028 
f 5135//10029 4712//10029 4716//10029 
f 5113//10030 4993//10030 4711//10030 
f 4533//10031 4531//10031 4993//10031 
f 5136//10032 4712//10032 5135//10032 
f 5116//10033 5113//10033 4711//10033 
f 5116//10034 4711//10034 4712//10034 
f 4564//10035 5116//10035 4712//10035 
f 4564//10036 4712//10036 5136//10036 
f 4562//10037 5116//10037 4564//10037 
f 4535//10038 4993//10038 5113//10038 
f 4535//10039 4533//10039 4993//10039 
f 4555//10040 5116//10040 4562//10040 
f 4557//10041 5116//10041 4555//10041 
f 4538//10042 4535//10042 5113//10042 
f 4540//10043 5113//10043 5114//10043 
f 4540//10044 4538//10044 5113//10044 
f 4542//10045 4540//10045 5114//10045 
f 4544//10046 4542//10046 5114//10046 
f 4546//10047 4544//10047 5114//10047 
f 4548//10048 5114//10048 5115//10048 
f 4548//10049 5115//10049 4549//10049 
f 4548//10050 4546//10050 5114//10050 
f 5115//10051 5118//10051 4549//10051 
f 4549//10052 5118//10052 4547//10052 
f 4559//10053 5117//10053 4556//10053 
f 4554//10054 5117//10054 4559//10054 
f 4553//10055 5118//10055 5117//10055 
f 4553//10056 5117//10056 4554//10056 
f 4547//10057 5118//10057 4553//10057 
f 4715//10058 5135//10058 4716//10058 
f 4563//10059 4564//10059 5136//10059 
f 5137//10060 5136//10060 5135//10060 
f 5137//10061 4563//10061 5136//10061 
f 5137//10062 5135//10062 4715//10062 
f 5138//10063 4715//10063 4720//10063 
f 5138//10064 5137//10064 4715//10064 
f 5139//10065 4720//10065 4719//10065 
f 5139//10066 5138//10066 4720//10066 
f 5129//10067 4718//10067 4721//10067 
f 5140//10068 4719//10068 4717//10068 
f 5140//10069 4717//10069 4718//10069 
f 5140//10070 5139//10070 4719//10070 
f 5141//10071 5140//10071 4718//10071 
f 5142//10072 5129//10072 5128//10072 
f 5142//10073 4718//10073 5129//10073 
f 5142//10074 5141//10074 4718//10074 
f 5143//10075 5142//10075 5128//10075 
f 5143//10076 5128//10076 5130//10076 
f 5144//10077 5143//10077 5130//10077 
f 5144//10078 5130//10078 5131//10078 
f 5145//10079 5144//10079 5131//10079 
f 5145//10080 5131//10080 5132//10080 
f 5146//10081 5145//10081 5132//10081 
f 5146//10082 5132//10082 5133//10082 
f 5147//10083 5133//10083 5134//10083 
f 5147//10084 5146//10084 5133//10084 
f 5148//10085 5134//10085 5127//10085 
f 5148//10086 5147//10086 5134//10086 
f 5149//10087 5148//10087 5127//10087 
f 5150//10088 5127//10088 5126//10088 
f 5150//10089 5149//10089 5127//10089 
f 5151//10090 5126//10090 5121//10090 
f 5151//10091 5150//10091 5126//10091 
f 5152//10092 5121//10092 5120//10092 
f 5152//10093 5151//10093 5121//10093 
f 5153//10094 5120//10094 5122//10094 
f 5153//10095 5152//10095 5120//10095 
f 5154//10096 5122//10096 5123//10096 
f 5154//10097 5153//10097 5122//10097 
f 4857//10098 5119//10098 4856//10098 
f 5155//10099 5123//10099 5119//10099 
f 5155//10100 5154//10100 5123//10100 
f 5155//10101 5119//10101 4857//10101 
f 5156//10102 5155//10102 4857//10102 
f 5157//10103 4857//10103 4858//10103 
f 5157//10104 4858//10104 4859//10104 
f 5157//10105 5156//10105 4857//10105 
f 5124//10106 4861//10106 4862//10106 
f 5158//10107 4859//10107 4860//10107 
f 5158//10108 5157//10108 4859//10108 
f 5159//10109 4860//10109 4861//10109 
f 5159//10110 5158//10110 4860//10110 
f 5160//10111 5124//10111 5125//10111 
f 5160//10112 4861//10112 5124//10112 
f 5160//10113 5159//10113 4861//10113 
f 4508//10114 5125//10114 4509//10114 
f 4508//10115 5160//10115 5125//10115 
f 5161//10116 5142//10116 5162//10116 
f 5162//10117 5143//10117 5163//10117 
f 5142//10118 5143//10118 5162//10118 
f 5164//10119 5141//10119 5161//10119 
f 5161//10120 5141//10120 5142//10120 
f 5163//10121 5144//10121 5165//10121 
f 5143//10122 5144//10122 5163//10122 
f 5166//10123 5140//10123 5164//10123 
f 5164//10124 5140//10124 5141//10124 
f 5165//10125 5145//10125 5167//10125 
f 5144//10126 5145//10126 5165//10126 
f 5168//10127 5139//10127 5166//10127 
f 5166//10128 5139//10128 5140//10128 
f 5167//10129 5146//10129 5169//10129 
f 5145//10130 5146//10130 5167//10130 
f 5168//10131 5138//10131 5139//10131 
f 5168//10132 5170//10132 5138//10132 
f 5169//10133 5147//10133 5171//10133 
f 5146//10134 5147//10134 5169//10134 
f 5170//10135 5137//10135 5138//10135 
f 5170//10136 4504//10136 5137//10136 
f 5171//10137 5148//10137 5172//10137 
f 5147//10138 5148//10138 5171//10138 
f 4504//10139 4563//10139 5137//10139 
f 5172//10140 5149//10140 5173//10140 
f 5148//10141 5149//10141 5172//10141 
f 4503//10142 4561//10142 4504//10142 
f 4504//10143 4561//10143 4563//10143 
f 5173//10144 5150//10144 5174//10144 
f 5149//10145 5150//10145 5173//10145 
f 4503//10146 4502//10146 4561//10146 
f 4502//10147 4560//10147 4561//10147 
f 5174//10148 5151//10148 5175//10148 
f 5150//10149 5151//10149 5174//10149 
f 4501//10150 4558//10150 4502//10150 
f 4502//10151 4558//10151 4560//10151 
f 5175//10152 5152//10152 5176//10152 
f 5151//10153 5152//10153 5175//10153 
f 4500//10154 4552//10154 4501//10154 
f 4501//10155 4552//10155 4558//10155 
f 5176//10156 5153//10156 5177//10156 
f 5152//10157 5153//10157 5176//10157 
f 4500//10158 4499//10158 4552//10158 
f 4499//10159 4551//10159 4552//10159 
f 5177//10160 5154//10160 5178//10160 
f 5153//10161 5154//10161 5177//10161 
f 4499//10162 4498//10162 4551//10162 
f 4498//10163 4550//10163 4551//10163 
f 5154//10164 5155//10164 5178//10164 
f 5155//10165 5179//10165 5178//10165 
f 4498//10166 4545//10166 4550//10166 
f 4498//10167 4497//10167 4545//10167 
f 5155//10168 5156//10168 5179//10168 
f 5156//10169 5180//10169 5179//10169 
f 4497//10170 4496//10170 4545//10170 
f 4545//10171 4496//10171 4543//10171 
f 5156//10172 5157//10172 5180//10172 
f 5157//10173 5181//10173 5180//10173 
f 4496//10174 4495//10174 4543//10174 
f 4543//10175 4495//10175 4541//10175 
f 5157//10176 5158//10176 5181//10176 
f 5158//10177 5182//10177 5181//10177 
f 4495//10178 4494//10178 4541//10178 
f 4541//10179 4494//10179 4539//10179 
f 5158//10180 5159//10180 5182//10180 
f 5159//10181 5183//10181 5182//10181 
f 4494//10182 4493//10182 4539//10182 
f 4539//10183 4493//10183 4537//10183 
f 5159//10184 5184//10184 5183//10184 
f 5160//10185 5184//10185 5159//10185 
f 4493//10186 4489//10186 4537//10186 
f 4537//10187 4489//10187 4536//10187 
f 5160//10188 4508//10188 5184//10188 
f 4508//10189 4464//10189 5184//10189 
f 4489//10190 4487//10190 4536//10190 
f 4536//10191 4487//10191 4534//10191 
f 4487//10192 4532//10192 4534//10192 
f 4508//10193 4465//10193 4464//10193 
f 4511//10194 4465//10194 4508//10194 
f 4487//10195 4485//10195 4532//10195 
f 4485//10196 4530//10196 4532//10196 
f 4511//10197 4467//10197 4465//10197 
f 4514//10198 4467//10198 4512//10198 
f 4512//10199 4467//10199 4511//10199 
f 4485//10200 4483//10200 4530//10200 
f 4514//10201 4469//10201 4467//10201 
f 4530//10202 4481//10202 4528//10202 
f 4483//10203 4481//10203 4530//10203 
f 4519//10204 4471//10204 4514//10204 
f 4514//10205 4471//10205 4469//10205 
f 4528//10206 4479//10206 4526//10206 
f 4481//10207 4479//10207 4528//10207 
f 4522//10208 4473//10208 4521//10208 
f 4521//10209 4473//10209 4519//10209 
f 4519//10210 4473//10210 4471//10210 
f 4526//10211 4477//10211 4524//10211 
f 4479//10212 4477//10212 4526//10212 
f 4522//10213 4475//10213 4473//10213 
f 4524//10214 4475//10214 4522//10214 
f 4477//10215 4475//10215 4524//10215 
f 4412//10216 4504//10216 5170//10216 
f 4414//10217 5170//10217 5168//10217 
f 4414//10218 4412//10218 5170//10218 
f 4416//10219 4414//10219 5168//10219 
f 4418//10220 5168//10220 5166//10220 
f 4418//10221 4416//10221 5168//10221 
f 4420//10222 5166//10222 5164//10222 
f 4420//10223 4418//10223 5166//10223 
f 4422//10224 5164//10224 5161//10224 
f 4422//10225 4420//10225 5164//10225 
f 4424//10226 5161//10226 5162//10226 
f 4424//10227 4422//10227 5161//10227 
f 4426//10228 5162//10228 5163//10228 
f 4426//10229 4424//10229 5162//10229 
f 4428//10230 5163//10230 5165//10230 
f 4428//10231 4426//10231 5163//10231 
f 4430//10232 5165//10232 5167//10232 
f 4430//10233 4428//10233 5165//10233 
f 4432//10234 5167//10234 5169//10234 
f 4432//10235 5169//10235 5171//10235 
f 4432//10236 4430//10236 5167//10236 
f 4434//10237 4432//10237 5171//10237 
f 4436//10238 4434//10238 5171//10238 
f 4436//10239 5171//10239 5172//10239 
f 4438//10240 4436//10240 5172//10240 
f 4438//10241 5172//10241 5173//10241 
f 4438//10242 5173//10242 5174//10242 
f 4440//10243 4438//10243 5174//10243 
f 4442//10244 4440//10244 5174//10244 
f 4442//10245 5174//10245 5175//10245 
f 4444//10246 5175//10246 5176//10246 
f 4444//10247 4442//10247 5175//10247 
f 4446//10248 5176//10248 5177//10248 
f 4446//10249 4444//10249 5176//10249 
f 4448//10250 5177//10250 5178//10250 
f 4448//10251 5178//10251 5179//10251 
f 4448//10252 4446//10252 5177//10252 
f 4450//10253 4448//10253 5179//10253 
f 4452//10254 5179//10254 5180//10254 
f 4452//10255 5180//10255 5181//10255 
f 4452//10256 4450//10256 5179//10256 
f 4454//10257 5181//10257 5182//10257 
f 4454//10258 4452//10258 5181//10258 
f 4456//10259 4454//10259 5182//10259 
f 4458//10260 5182//10260 5183//10260 
f 4458//10261 4456//10261 5182//10261 
f 4459//10262 5183//10262 5184//10262 
f 4459//10263 4458//10263 5183//10263 
f 4462//10264 5184//10264 4464//10264 
f 4462//10265 4459//10265 5184//10265 
f 4390//10266 5185//10266 4388//10266 
f 4388//10267 5186//10267 4492//10267 
f 5185//10268 5186//10268 4388//10268 
f 4463//10269 4461//10269 4462//10269 
f 5187//10270 4461//10270 4463//10270 
f 4466//10271 5187//10271 4463//10271 
f 5188//10272 5187//10272 4466//10272 
f 4468//10273 5188//10273 4466//10273 
f 5189//10274 5188//10274 4468//10274 
f 4470//10275 5189//10275 4468//10275 
f 5190//10276 5189//10276 4470//10276 
f 4472//10277 5190//10277 4470//10277 
f 5191//10278 5190//10278 4472//10278 
f 4474//10279 5191//10279 4472//10279 
f 5192//10280 5191//10280 4474//10280 
f 4476//10281 5192//10281 4474//10281 
f 5193//10282 5192//10282 4476//10282 
f 4478//10283 5193//10283 4476//10283 
f 5194//10284 5193//10284 4478//10284 
f 4480//10285 5194//10285 4478//10285 
f 5195//10286 5194//10286 4480//10286 
f 4482//10287 5195//10287 4480//10287 
f 5196//10288 5195//10288 4482//10288 
f 4484//10289 5196//10289 4482//10289 
f 5197//10290 5196//10290 4484//10290 
f 4490//10291 5197//10291 4484//10291 
f 5198//10292 5197//10292 4490//10292 
f 5199//10293 4385//10293 4386//10293 
f 5199//10294 4386//10294 5200//10294 
f 5201//10295 5200//10295 5202//10295 
f 5201//10296 5199//10296 5200//10296 
f 5203//10297 5202//10297 5204//10297 
f 5203//10298 5204//10298 5205//10298 
f 5203//10299 5201//10299 5202//10299 
f 5206//10300 5203//10300 5205//10300 
f 5207//10301 5205//10301 5208//10301 
f 5207//10302 5206//10302 5205//10302 
f 5209//10303 5208//10303 5210//10303 
f 5209//10304 5210//10304 5211//10304 
f 5209//10305 5207//10305 5208//10305 
f 5212//10306 5209//10306 5211//10306 
f 5213//10307 5211//10307 5214//10307 
f 5213//10308 5212//10308 5211//10308 
f 5215//10309 5214//10309 5216//10309 
f 5215//10310 5213//10310 5214//10310 
f 5217//10311 5216//10311 5218//10311 
f 5217//10312 5215//10312 5216//10312 
f 5219//10313 5217//10313 5218//10313 
f 5219//10314 5218//10314 5220//10314 
f 5221//10315 5219//10315 5220//10315 
f 5221//10316 5220//10316 5222//10316 
f 5223//10317 5221//10317 5222//10317 
f 5223//10318 5222//10318 5224//10318 
f 5225//10319 5223//10319 5224//10319 
f 5225//10320 5224//10320 5226//10320 
f 5227//10321 5225//10321 5226//10321 
f 5227//10322 5226//10322 5228//10322 
f 5229//10323 5228//10323 5230//10323 
f 5229//10324 5227//10324 5228//10324 
f 5231//10325 5230//10325 5232//10325 
f 5231//10326 5229//10326 5230//10326 
f 5233//10327 5232//10327 5234//10327 
f 5233//10328 5231//10328 5232//10328 
f 5235//10329 5234//10329 5236//10329 
f 5235//10330 5233//10330 5234//10330 
f 5237//10331 5236//10331 5238//10331 
f 5237//10332 5238//10332 5239//10332 
f 5237//10333 5235//10333 5236//10333 
f 5240//10334 5237//10334 5239//10334 
f 5241//10335 5239//10335 5242//10335 
f 5241//10336 5242//10336 5243//10336 
f 5241//10337 5240//10337 5239//10337 
f 5244//10338 5241//10338 5243//10338 
f 5245//10339 5243//10339 5246//10339 
f 5245//10340 5244//10340 5243//10340 
f 4338//10341 5246//10341 4336//10341 
f 4338//10342 5245//10342 5246//10342 
f 5210//10343 4425//10343 5211//10343 
f 4423//10344 4425//10344 5210//10344 
f 5205//10345 4421//10345 5208//10345 
f 5208//10346 4421//10346 5210//10346 
f 5210//10347 4421//10347 4423//10347 
f 5211//10348 4427//10348 5214//10348 
f 4425//10349 4427//10349 5211//10349 
f 5205//10350 4419//10350 4421//10350 
f 5214//10351 4429//10351 5216//10351 
f 4427//10352 4429//10352 5214//10352 
f 5202//10353 4417//10353 5204//10353 
f 5204//10354 4417//10354 5205//10354 
f 5205//10355 4417//10355 4419//10355 
f 5216//10356 4431//10356 5218//10356 
f 4429//10357 4431//10357 5216//10357 
f 5200//10358 4415//10358 5202//10358 
f 5202//10359 4415//10359 4417//10359 
f 5218//10360 4433//10360 5220//10360 
f 4431//10361 4433//10361 5218//10361 
f 5200//10362 4413//10362 4415//10362 
f 5220//10363 4435//10363 5222//10363 
f 4433//10364 4435//10364 5220//10364 
f 4386//10365 4411//10365 5200//10365 
f 5200//10366 4411//10366 4413//10366 
f 5222//10367 4437//10367 5224//10367 
f 4435//10368 4437//10368 5222//10368 
f 4383//10369 4409//10369 4386//10369 
f 4386//10370 4409//10370 4411//10370 
f 5224//10371 4439//10371 5226//10371 
f 4437//10372 4439//10372 5224//10372 
f 4381//10373 4407//10373 4383//10373 
f 4383//10374 4407//10374 4409//10374 
f 5226//10375 4441//10375 5228//10375 
f 4439//10376 4441//10376 5226//10376 
f 4380//10377 4405//10377 4381//10377 
f 4381//10378 4405//10378 4407//10378 
f 5228//10379 4443//10379 5230//10379 
f 4441//10380 4443//10380 5228//10380 
f 4377//10381 4403//10381 4380//10381 
f 4380//10382 4403//10382 4405//10382 
f 5230//10383 4445//10383 5232//10383 
f 4443//10384 4445//10384 5230//10384 
f 4376//10385 4401//10385 4377//10385 
f 4377//10386 4401//10386 4403//10386 
f 4445//10387 4447//10387 5232//10387 
f 5232//10388 4447//10388 5234//10388 
f 4376//10389 4399//10389 4401//10389 
f 4376//10390 4373//10390 4399//10390 
f 4447//10391 4449//10391 5234//10391 
f 4449//10392 5236//10392 5234//10392 
f 4373//10393 4397//10393 4399//10393 
f 4373//10394 4371//10394 4397//10394 
f 4371//10395 4395//10395 4397//10395 
f 4449//10396 5238//10396 5236//10396 
f 4451//10397 5238//10397 4449//10397 
f 4371//10398 4370//10398 4395//10398 
f 4395//10399 4370//10399 4393//10399 
f 4451//10400 5239//10400 5238//10400 
f 4455//10401 5239//10401 4453//10401 
f 4453//10402 5239//10402 4451//10402 
f 4370//10403 4368//10403 4393//10403 
f 4393//10404 4368//10404 4391//10404 
f 4455//10405 5242//10405 5239//10405 
f 4457//10406 5242//10406 4455//10406 
f 4368//10407 4366//10407 4391//10407 
f 4366//10408 5185//10408 4391//10408 
f 4391//10409 5185//10409 4387//10409 
f 4387//10410 5185//10410 4390//10410 
f 4457//10411 5243//10411 5242//10411 
f 4460//10412 5243//10412 4457//10412 
f 5198//10413 5247//10413 5197//10413 
f 4366//10414 4364//10414 5185//10414 
f 5185//10415 4364//10415 5248//10415 
f 5247//10416 5196//10416 5197//10416 
f 4460//10417 5246//10417 5243//10417 
f 4364//10418 4362//10418 5248//10418 
f 5248//10419 4362//10419 5249//10419 
f 5249//10420 4362//10420 5250//10420 
f 5250//10421 4362//10421 5251//10421 
f 5251//10422 4362//10422 5252//10422 
f 5187//10423 4336//10423 4461//10423 
f 4461//10424 4336//10424 4460//10424 
f 4460//10425 4336//10425 5246//10425 
f 4362//10426 4360//10426 5252//10426 
f 5252//10427 4360//10427 5253//10427 
f 5253//10428 4360//10428 5254//10428 
f 5254//10429 4360//10429 5255//10429 
f 5255//10430 4360//10430 5256//10430 
f 5188//10431 4337//10431 5187//10431 
f 5187//10432 4337//10432 4336//10432 
f 4360//10433 4357//10433 5256//10433 
f 5256//10434 4357//10434 5247//10434 
f 5189//10435 4340//10435 5188//10435 
f 5188//10436 4340//10436 4337//10436 
f 4357//10437 4356//10437 5247//10437 
f 5247//10438 4356//10438 5196//10438 
f 5190//10439 4341//10439 5189//10439 
f 5189//10440 4341//10440 4340//10440 
f 5196//10441 4354//10441 5195//10441 
f 4356//10442 4354//10442 5196//10442 
f 5191//10443 4344//10443 5190//10443 
f 5190//10444 4344//10444 4341//10444 
f 5195//10445 4351//10445 5194//10445 
f 4354//10446 4351//10446 5195//10446 
f 5192//10447 4345//10447 5191//10447 
f 5191//10448 4345//10448 4344//10448 
f 5194//10449 4349//10449 5193//10449 
f 4351//10450 4349//10450 5194//10450 
f 5193//10451 4348//10451 5192//10451 
f 5192//10452 4348//10452 4345//10452 
f 4349//10453 4348//10453 5193//10453 
f 5256//10454 5247//10454 5257//10454 
f 5256//10455 5257//10455 5258//10455 
f 5255//10456 5258//10456 5259//10456 
f 5255//10457 5256//10457 5258//10457 
f 5254//10458 5259//10458 5260//10458 
f 5254//10459 5255//10459 5259//10459 
f 5253//10460 5260//10460 5261//10460 
f 5253//10461 5254//10461 5260//10461 
f 5252//10462 5261//10462 5262//10462 
f 5252//10463 5253//10463 5261//10463 
f 5251//10464 5262//10464 5263//10464 
f 5251//10465 5252//10465 5262//10465 
f 5250//10466 5263//10466 5264//10466 
f 5250//10467 5251//10467 5263//10467 
f 5249//10468 5264//10468 5265//10468 
f 5249//10469 5250//10469 5264//10469 
f 5248//10470 5265//10470 5266//10470 
f 5248//10471 5249//10471 5265//10471 
f 5185//10472 5266//10472 5186//10472 
f 5185//10473 5248//10473 5266//10473 
f 5257//10474 4490//10474 4486//10474 
f 4490//10475 5247//10475 5198//10475 
f 5257//10476 5247//10476 4490//10476 
