# FreeCAD v1.1 build1 Arch module
# https://www.freecad.org
mtllib Bouton_FreeDrive.mtl
o Part (Meshed)
usemtl color_727980
v -5.705639 0.810097 13.886225
v -5.770912 0.088982 13.856216
v -5.645968 0.09099 14.062889
v -5.570309 1.519486 13.879333
v -5.659662 1.540578 13.68885
v -5.477682 1.49722 14.035504
v -5.797162 0.81981 13.695854
v -4.378512 1.831614 14.779915
v -3.924654 2.256314 14.847643
v -4.126712 2.366692 14.774716
v -4.583283 1.911722 14.680012
v -5.610761 0.799627 14.042282
v -4.974769 1.373186 14.560294
v -5.004809 2.075441 14.352429
v -5.213698 1.432577 14.358676
v -4.775453 1.986589 14.554334
v -4.164126 1.747435 14.852588
v -5.501508 0.787257 14.189747
v -5.37102 1.471266 14.183101
v -5.497022 0.092837 14.252996
v -4.774579 1.323003 14.685732
v -3.94325 1.660411 14.896969
v -3.719106 1.571812 14.912413
v -3.716481 2.142298 14.892287
v -5.340364 0.768603 14.365127
v -5.326245 0.094496 14.423764
v -4.561261 1.269198 14.785379
v -5.09563 0.739641 14.566449
v -5.136129 0.095943 14.572703
v -4.337927 1.212556 14.857784
v -4.890576 0.714951 14.69164
v -4.929446 0.097157 14.697642
v -4.70921 0.09812 14.796758
v -4.107832 1.153903 14.901891
v -3.874333 1.094095 14.917054
v -3.968459 0.600692 14.921848
v -4.672076 0.688313 14.791023
v -4.443316 0.660113 14.863152
v -4.478631 0.098818 14.868606
v -4.207631 0.630764 14.906973
v -4.241073 0.099241 14.912138
v -4.0 0.099383 14.92672
v -5.985418 0.082294 13.167875
v -5.958006 0.788551 12.919929
v -6.0 0.079952 12.926814
v 5.950054 0.789342 13.098731
v 5.985418 0.082294 13.167875
v 6.0 0.079952 12.926814
v 5.958006 0.788551 12.919929
v 5.924944 0.788149 13.283365
v 5.941884 0.084602 13.405422
v 5.87816 0.784509 13.481397
v 5.870032 0.086842 13.63599
v 5.824828 1.48709 13.091951
v 5.832613 1.487231 12.91314
v 5.802341 0.777578 13.696264
v 5.770912 0.088982 13.856216
v 5.800247 1.482953 13.276614
v 5.710736 0.768532 13.886628
v 5.645968 0.09099 14.062889
v 5.754447 1.473826 13.474699
v 5.615773 0.758753 14.04268
v 5.506423 0.747179 14.190136
v 5.497022 0.092837 14.252996
v 5.618067 2.165165 13.085363
v 5.625576 2.166213 12.906543
v 5.680224 1.458004 13.689653
v 5.594359 2.158166 13.270054
v 5.345135 0.729699 14.365505
v 5.326245 0.094496 14.423764
v 5.590547 1.438216 13.880122
v 5.550184 2.143708 13.468191
v 5.497583 1.417301 14.036281
v 5.100182 0.702519 14.56681
v 5.136129 0.095943 14.572703
v 4.929446 0.097157 14.697642
v 5.390534 1.392904 14.183862
v 5.332665 2.814076 13.079059
v 5.339792 2.815991 12.900229
v 5.478596 2.119246 13.683228
v 4.894946 0.679324 14.691986
v 5.310161 2.804339 13.263776
v 5.23264 1.35651 14.359415
v 5.392102 2.089018 13.873798
v 5.26823 2.784778 13.461962
v 5.302438 2.057281 14.030063
v 4.67625 0.654277 14.791354
v 4.70921 0.09812 14.796758
v 4.992843 1.300605 14.560999
v 5.199189 2.020422 14.177765
v 4.972617 3.424739 13.073125
v 4.979263 3.42747 12.894289
v 5.20028 2.752047 13.67708
v 4.447286 0.627744 14.863466
v 4.478631 0.098818 14.868606
v 4.791926 1.253342 14.686408
v 4.951632 3.412425 13.257868
v 5.0469 1.965647 14.353497
v 5.118179 2.711829 13.867747
v 4.21139 0.600111 14.907271
v 3.968459 0.600692 14.921848
v 4.0 0.099383 14.92672
v 4.241073 0.099241 14.912138
v 4.912533 3.388062 13.4561
v 5.03307 2.669735 14.024112
v 4.577833 1.202649 14.786026
v 4.815614 1.881828 14.555352
v 4.935066 2.620951 14.17193
v 4.542963 3.988607 13.067647
v 4.549035 3.992091 12.888803
v 4.84917 3.347551 13.671294
v 4.353687 1.149266 14.858399
v 4.621829 1.811176 14.680988
v 4.523791 3.973913 13.252412
v 4.790514 2.548586 14.347833
v 4.772613 3.297931 13.862053
v 4.122757 1.093971 14.902472
v 3.874333 1.094095 14.917054
v 4.48807 3.945117 13.450688
v 4.69325 3.246091 14.018512
v 4.415336 1.73556 14.780849
v 4.570978 2.438052 14.549948
v 4.601863 3.186083 14.166439
v 4.049717 4.497786 13.062699
v 4.05513 4.501951 12.883849
v 4.430182 3.89742 13.665952
v 4.199147 1.656084 14.853475
v 4.387037 2.345017 14.675801
v 4.032627 4.480944 13.247485
v 4.46707 3.097165 14.342503
v 4.36024 3.839119 13.856794
v 3.819439 4.69838 13.06075
v 3.504461 4.949912 12.879497
v 3.976413 1.573906 14.89781
v 3.719106 1.571812 14.912413
v 4.000784 4.448143 13.445801
v 4.287735 3.77828 14.013341
v 4.191034 2.245551 14.775893
v 3.803321 4.680691 13.245544
v 4.262357 2.961491 14.544862
v 4.204243 3.70791 14.161369
v 3.499784 4.945149 13.058352
v 3.949181 4.393959 13.661127
v 3.773289 4.646314 13.443875
v 3.985827 2.141104 14.848763
v 4.090835 2.847393 14.67092
v 3.485014 4.926419 13.243157
v 4.081097 3.603707 14.337581
v 3.886833 4.327818 13.852046
v 3.72462 4.589572 13.659226
v 3.774409 2.033198 14.893347
v 3.505227 2.026307 14.907997
v 3.21067 5.140656 13.056453
v 2.904737 5.329704 12.875806
v 2.900503 5.330578 12.965809
v 3.457496 4.890101 13.441506
v 3.822199 4.258852 14.008672
v 3.908066 2.725482 14.77123
v 3.665817 4.520344 13.850176
v 3.19712 5.1211 13.241265
v 3.894072 3.444819 14.540166
v 3.747773 4.179124 14.156791
v 2.90086 5.324434 13.054667
v 2.888051 5.331441 13.054594
v 2.855594 5.33268 13.182079
v 3.4129 4.830215 13.656888
v 3.716714 2.597535 14.844328
v 3.604859 4.448177 14.006832
v 3.171875 5.083246 13.43963
v 3.73737 3.311271 14.666413
v 2.888619 5.304103 13.239488
v 2.807375 5.33387 13.304666
v 3.637998 4.06112 14.333137
v 3.359018 4.757188 13.847875
v 3.534665 4.364762 14.154987
v 3.51957 2.46542 14.889148
v 3.236068 2.450413 14.903876
v 3.130963 5.020869 13.655036
v 2.865809 5.264803 13.437866
v 2.734704 5.335158 13.437175
v 3.303162 4.681082 14.00457
v 3.570393 3.168635 14.766924
v 3.431131 4.24132 14.331386
v 3.081533 4.944831 13.846051
v 3.471278 3.88127 14.535925
v 3.238842 4.593132 14.152768
v 2.828845 5.200085 13.653295
v 2.632539 5.336515 13.576853
v 2.500906 5.337861 13.715382
v 3.395575 3.01899 14.840233
v 3.030291 4.865605 14.002777
v 3.331591 3.730159 14.662343
v 3.273892 4.053212 14.534254
v 3.143974 4.463001 14.329231
v 2.784185 5.121218 13.844337
v 2.971285 4.774063 14.151011
v 3.215465 2.86452 14.88527
v 2.915874 2.837442 14.900116
v 2.737887 5.039059 14.001091
v 3.182743 3.568807 14.763036
v 3.142147 3.895182 14.66074
v 2.884253 4.638631 14.327525
v 2.473282 5.281084 13.842784
v 2.318758 5.339301 13.863535
v 2.999894 4.264734 14.532199
v 2.684575 4.944139 14.149358
v 3.026905 3.399569 14.836535
v 3.001763 3.726457 14.761504
v 2.432154 5.196266 13.999564
v 2.102934 5.34061 13.998269
v 2.879175 4.098192 14.658768
v 2.605941 4.803725 14.325921
v 2.752076 4.432316 14.530571
v 2.86635 3.224912 14.881768
v 2.549696 3.18129 14.896775
v 2.384795 5.098285 14.147861
v 2.854787 3.5495 14.835078
v 2.75054 3.920398 14.75962
v 2.64133 4.25903 14.657205
v 2.314942 4.953357 14.324468
v 2.486518 4.589844 14.52904
v 2.703362 3.36689 14.880388
v 2.061928 5.239673 14.146486
v 1.785246 5.34204 14.145494
v 2.615865 3.733944 14.833286
v 2.523321 4.07405 14.758127
v 2.386458 4.410219 14.655736
v 2.208855 4.732618 14.527653
v 2.001532 5.090603 14.323133
v 2.477113 3.541551 14.878692
v 2.143307 3.476535 14.893907
v 2.399771 3.880073 14.831866
v 2.279836 4.218484 14.756723
v 2.119968 4.547248 14.654405
v 1.732958 5.189972 14.322168
v 1.500734 5.342983 14.242486
v 1.909808 4.863575 14.526381
v 2.272481 3.679929 14.877347
v 2.168208 4.017436 14.830532
v 2.025253 4.349391 14.755452
v 1.479442 5.269254 14.321398
v 1.01075 5.344073 14.354676
v 1.832955 4.672935 14.653183
v 1.653542 4.958391 14.525459
v 2.053201 3.810005 14.876083
v 1.703117 3.71852 14.891555
v 1.92609 4.141932 14.829322
v 1.751063 4.469462 14.754285
v 1.587002 4.763935 14.652299
v 1.411643 5.034039 14.524724
v 1.823925 3.927899 14.874938
v 1.665325 4.256125 14.828213
v 1.516098 4.556396 14.753441
v 1.354837 4.836539 14.651593
v 1.576992 4.036034 14.873887
v 1.236068 3.90343 14.889758
v 0.970992 5.139216 14.523703
v 0.39745 5.344756 14.425001
v 1.441865 4.338803 14.82741
v 1.294306 4.625757 14.752767
v 0.931919 4.937483 14.650613
v 1.365385 4.114326 14.873127
v 1.230933 4.404767 14.826768
v 0.890283 4.722191 14.75183
v 1.165641 4.176791 14.872519
v 0.749525 4.028347 14.888545
v 0.38772 5.217176 14.522945
v -0.223853 5.344836 14.43322
v 0.846691 4.49648 14.825877
v 0.372118 5.012306 14.649886
v 0.801781 4.263639 14.871675
v 0.355492 4.793671 14.751135
v -0.218798 5.227168 14.522848
v 0.338086 4.56446 14.825217
v -0.209994 5.021896 14.649793
v 0.320153 4.328014 14.87105
v 0.251162 4.091301 14.887933
v -0.200612 4.802833 14.751046
v -0.753308 5.17629 14.523342
v -0.778428 5.344409 14.38927
v -0.190789 4.573173 14.825132
v -0.722994 4.973065 14.650267
v -1.134377 5.105 14.524035
v -1.188887 5.343743 14.320802
v -3.21067 5.140656 13.056453
v -2.904737 5.329704 12.875806
v -3.504461 4.949912 12.879497
v -2.896695 5.3309 12.998943
v -2.873202 5.332083 13.120713
v -1.519992 5.25749 14.321512
v -1.545382 5.342853 14.229126
v -1.806379 5.341959 14.137136
v -0.180669 4.336265 14.87097
v -0.251162 4.091301 14.887933
v -0.690692 4.756183 14.751499
v -2.688499 5.275253 13.652564
v -2.647386 5.336341 13.558917
v -2.720618 5.335371 13.459099
v -2.565336 5.337245 13.65196
v -3.19712 5.1211 13.241265
v -2.835211 5.333234 13.239199
v -2.001522 5.263458 14.146255
v -2.031937 5.340974 14.035731
v -1.088729 4.904644 14.650932
v -2.308947 5.253151 13.999011
v -2.194205 5.340099 13.945712
v -2.348064 5.339095 13.842319
v -3.499784 4.945149 13.058352
v -1.450335 5.022815 14.524834
v -0.656874 4.528807 14.825563
v -2.646054 5.195199 13.843618
v -2.475955 5.338083 13.738166
v -3.171875 5.083246 13.43963
v -2.783733 5.334335 13.352477
v -1.942895 5.113692 14.322909
v -2.263987 5.154062 14.147318
v -1.040087 4.690819 14.752134
v -3.485014 4.926419 13.243157
v -1.391972 4.825766 14.651698
v -2.602053 5.11181 14.000384
v -0.622031 4.294252 14.871378
v -0.749525 4.028347 14.888545
v -3.130963 5.020869 13.655036
v -3.819439 4.69838 13.06075
v -4.05513 4.501951 12.883849
v -3.457496 4.890101 13.441506
v -2.197673 5.0075 14.323941
v -0.989161 4.466644 14.826167
v -1.853858 4.885606 14.526167
v -2.551386 5.015473 14.148664
v -1.329782 4.615466 14.752867
v -3.081533 4.944831 13.846051
v -3.803321 4.680691 13.245544
v -4.049717 4.497786 13.062699
v -3.4129 4.830215 13.656888
v -0.936693 4.235386 14.87195
v -1.236068 3.90343 14.889758
v -2.476654 4.872971 14.325249
v -1.779257 4.694079 14.652978
v -2.09696 4.784281 14.527151
v -3.030291 4.865605 14.002777
v -3.773289 4.646314 13.443875
v -1.264672 4.394979 14.826863
v -4.032627 4.480944 13.247485
v -3.359018 4.757188 13.847875
v -2.971285 4.774063 14.151011
v -1.699763 4.489662 14.754089
v -2.012576 4.596831 14.653923
v -3.72462 4.589572 13.659226
v -1.19759 4.167523 14.87261
v -4.367974 4.183296 13.065755
v -4.549035 3.992091 12.888803
v -4.000784 4.448143 13.445801
v -2.363155 4.655917 14.528399
v -3.303162 4.681082 14.00457
v -2.884253 4.638631 14.327525
v -1.616537 4.275336 14.828026
v -3.665817 4.520344 13.850176
v -4.349541 4.16778 13.250528
v -1.922658 4.396759 14.754992
v -3.238842 4.593132 14.152768
v -3.949181 4.393959 13.661127
v -2.268059 4.473633 14.65512
v -3.604859 4.448177 14.006832
v -4.315196 4.137453 13.448819
v -1.530792 4.054226 14.873711
v -1.703117 3.71852 14.891555
v -3.143974 4.463001 14.329231
v -1.828519 4.186982 14.828884
v -3.886833 4.327818 13.852046
v -2.752076 4.432316 14.530571
v -2.166728 4.279065 14.756135
v -3.534665 4.364762 14.154987
v -4.259537 4.087276 13.664106
v -3.822199 4.258852 14.008672
v -4.847623 3.603527 13.071388
v -4.979263 3.42747 12.894289
v -1.731529 3.970558 14.874523
v -2.64133 4.25903 14.657205
v -2.060638 4.07505 14.829972
v -2.999894 4.264734 14.532199
v -3.431131 4.24132 14.331386
v -3.747773 4.179124 14.156791
v -4.192289 4.025977 13.854979
v -4.827166 3.590458 13.256138
v -2.523321 4.07405 14.758127
v -1.951336 3.864563 14.875553
v -2.143307 3.476535 14.893907
v -2.879175 4.098192 14.658768
v -4.122576 3.962031 14.011556
v -4.789049 3.56469 13.454384
v -3.637998 4.06112 14.333137
v -3.273892 4.053212 14.534254
v -2.399771 3.880073 14.831866
v -4.042301 3.888082 14.159618
v -2.75054 3.920398 14.75962
v -4.727279 3.5219 13.6696
v -5.250822 2.968216 13.07756
v -5.339792 2.815991 12.900229
v -3.142147 3.895182 14.66074
v -3.471278 3.88127 14.535925
v -2.272481 3.679929 14.877347
v -3.923898 3.778602 14.335881
v -4.652646 3.469527 13.860385
v -5.228663 2.957829 13.262284
v -2.615865 3.733944 14.833286
v -3.001763 3.726457 14.761504
v -3.331591 3.730159 14.662343
v -4.575278 3.414834 14.016872
v -5.187376 2.937056 13.460483
v -2.477113 3.541551 14.878692
v -2.549696 3.18129 14.896775
v -3.744077 3.6117 14.538544
v -2.854787 3.5495 14.835078
v -4.486188 3.351541 14.164832
v -3.182743 3.568807 14.763036
v -5.120468 2.902361 13.675619
v -5.571213 2.287384 13.084176
v -5.625576 2.166213 12.906543
v -3.593412 3.471436 14.664857
v -2.703362 3.36689 14.880388
v -4.354784 3.257776 14.340941
v -3.026905 3.399569 14.836535
v -5.039629 2.85977 13.86631
v -5.547702 2.279869 13.268871
v -3.432866 3.321644 14.765438
v -4.955825 2.815216 14.022698
v -5.503896 2.26445 13.467017
v -2.86635 3.224912 14.881768
v -2.915874 2.837442 14.900116
v -4.155216 3.114742 14.543372
v -3.264782 3.164508 14.838819
v -4.859325 2.763598 14.170545
v -5.432905 2.238431 13.682071
v -5.803742 1.571766 13.091129
v -5.832613 1.487231 12.91314
v -3.988006 2.994476 14.669492
v -3.091609 3.002319 14.883931
v -4.716991 2.687056 14.346487
v -5.347133 2.206321 13.872659
v -5.77925 1.567272 13.275795
v -3.809831 2.865993 14.769865
v -5.258216 2.172633 14.028942
v -5.733615 1.557479 13.473886
v -4.500824 2.570176 14.548664
v -3.623289 2.731168 14.843029
v -5.155828 2.133528 14.176666
v -5.944743 0.832649 13.09831
v -4.319707 2.471824 14.674569
v -3.4311 2.591964 14.887918
v -3.236068 2.450413 14.903876
v -5.919656 0.831274 13.282947
v -5.941884 0.084602 13.405422
v -5.872913 0.827292 13.480981
v -5.870032 0.086842 13.63599
v -3.505227 2.026307 14.907997
v 6.425893 -0.02885 1.7288
v 6.39914 0.779497 1.719488
v 6.45 -0.028864 1.727342
v -6.375223 0.77649 1.720976
v -6.45 -0.028864 1.727342
v -6.39914 0.779497 1.719488
v -6.425893 -0.02885 1.7288
v -6.351654 0.773555 1.725358
v -6.402137 -0.028808 1.733154
v -6.328778 0.770735 1.732571
v -6.379079 -0.028738 1.740338
v -6.306928 0.768071 1.742509
v -6.357055 -0.028642 1.75025
v -6.286423 0.765602 1.755028
v -6.336387 -0.02852 1.762744
v -6.267561 0.763364 1.769945
v -6.317376 -0.028376 1.777638
v -6.250618 0.76139 1.787043
v -6.300298 -0.02821 1.794715
v -6.235841 0.759708 1.806072
v -6.285403 -0.028025 1.813725
v -6.223445 0.758343 1.826754
v -6.272909 -0.027824 1.834393
v -6.213611 0.757314 1.848789
v -6.262997 -0.02761 1.856415
v -6.206483 0.756638 1.871854
v -6.255812 -0.027386 1.879472
v -6.202164 0.756323 1.895614
v -6.200717 0.756375 1.919722
v -6.25 -0.026921 1.927333
v -6.251458 -0.027155 1.903227
v -6.224011 1.569129 1.713274
v -6.247361 1.57511 1.711758
v -6.201002 1.563264 1.717685
v -6.178668 1.5576 1.724925
v -6.157337 1.552219 1.73489
v -6.137318 1.547201 1.747434
v -6.118904 1.542618 1.762374
v -6.102363 1.538537 1.779492
v -6.087936 1.535017 1.798538
v -6.075834 1.532111 1.819236
v -6.066233 1.52986 1.841283
v -6.059274 1.528298 1.864357
v -6.055057 1.527446 1.888122
v -6.053645 1.527317 1.912232
v -5.974644 2.336567 1.705818
v -5.997058 2.345427 1.704273
v -5.952556 2.327865 1.710256
v -5.931118 2.319447 1.717523
v -5.910641 2.311436 1.727513
v -5.891424 2.303949 1.740081
v -5.873747 2.297096 1.755043
v -5.857869 2.290975 1.772181
v -5.84402 2.285677 1.791245
v -5.832403 2.281279 1.811957
v -5.823187 2.277844 1.834015
v -5.816506 2.275423 1.857098
v -5.812459 2.274051 1.880868
v -5.811103 2.273749 1.904979
v -5.631052 3.066701 1.698724
v -5.652178 3.0783 1.697153
v -5.610235 3.0553 1.703188
v -5.59003 3.044262 1.710481
v -5.57073 3.033749 1.720495
v -5.552619 3.023913 1.733086
v -5.535958 3.0149 1.748069
v -5.520993 3.006839 1.765226
v -5.507941 2.999848 1.784306
v -5.496992 2.99403 1.805032
v -5.488306 2.989469 1.827101
v -5.482009 2.986232 1.850191
v -5.478195 2.984365 1.873966
v -5.476917 2.983897 1.898079
v -5.198657 3.748017 1.692104
v -5.21816 3.762172 1.690508
v -5.179438 3.734096 1.696593
v -5.160783 3.720614 1.703909
v -5.142966 3.707765 1.713946
v -5.126245 3.695739 1.726558
v -5.110864 3.684709 1.741561
v -5.097048 3.674838 1.758735
v -5.084998 3.666268 1.777831
v -5.07489 3.659125 1.79857
v -5.066871 3.653513 1.820649
v -5.061058 3.649514 1.843747
v -5.057536 3.647186 1.867526
v -5.056356 3.646563 1.891641
v -4.684274 4.369769 1.686063
v -4.701848 4.386256 1.684444
v -4.666957 4.353549 1.690574
v -4.650148 4.337836 1.697912
v -4.634094 4.322857 1.70797
v -4.619027 4.30883 1.720601
v -4.605168 4.295961 1.735622
v -4.59272 4.284438 1.752812
v -4.581862 4.274426 1.771922
v -4.572754 4.266075 1.792672
v -4.565528 4.259504 1.814761
v -4.56029 4.254809 1.837865
v -4.557117 4.25206 1.861649
v -4.556054 4.251297 1.885765
v -4.096018 4.922152 1.680696
v -4.111385 4.940711 1.679057
v -4.080875 4.903891 1.685227
v -4.066178 4.886195 1.692584
v -4.05214 4.869322 1.702661
v -4.038965 4.853519 1.715309
v -4.026847 4.839016 1.730345
v -4.015961 4.826024 1.74755
v -4.006467 4.814733 1.766672
v -3.998502 4.805307 1.787433
v -3.992184 4.797884 1.80953
v -3.987604 4.792572 1.832641
v -3.984829 4.789449 1.856428
v -3.9839 4.788559 1.880545
v -3.443166 5.396454 1.676087
v -3.456083 5.416794 1.674431
v -3.430436 5.37644 1.680635
v -3.418082 5.357042 1.688009
v -3.406281 5.338544 1.698102
v -3.395206 5.321216 1.710765
v -3.385019 5.305309 1.725815
v -3.375868 5.291057 1.743032
v -3.367887 5.278666 1.762165
v -3.361193 5.268318 1.782934
v -3.355881 5.260163 1.805038
v -3.352031 5.254321 1.828154
v -3.349699 5.250876 1.851944
v -3.348917 5.249879 1.876063
v -2.736012 5.785197 1.67231
v -2.746276 5.806995 1.67064
v -2.725897 5.763745 1.676872
v -2.71608 5.742953 1.68426
v -2.706702 5.723123 1.694365
v -2.697902 5.704544 1.707041
v -2.689808 5.687487 1.722102
v -2.682536 5.672201 1.739329
v -2.676194 5.658909 1.75847
v -2.670875 5.647806 1.779247
v -2.666654 5.639051 1.801357
v -2.663595 5.632774 1.824477
v -2.661741 5.629066 1.84827
v -2.661121 5.627981 1.872389
v -1.98571 6.082249 1.669424
v -1.99316 6.105161 1.667743
v -1.978369 6.059699 1.673997
v -1.971244 6.03784 1.681395
v -1.964438 6.016992 1.69151
v -1.958051 5.997458 1.704195
v -1.952176 5.979522 1.719264
v -1.946899 5.963447 1.736499
v -1.942296 5.949467 1.755647
v -1.938435 5.937785 1.77643
v -1.935372 5.928573 1.798544
v -1.933152 5.921964 1.821667
v -1.931807 5.918054 1.845462
v -1.931356 5.916902 1.869582
v -1.204092 6.282925 1.667474
v -1.208609 6.30659 1.665786
v -1.199641 6.259633 1.672054
v -1.19532 6.237054 1.679459
v -1.191193 6.215518 1.689581
v -1.187321 6.195338 1.702272
v -1.183758 6.176809 1.717347
v -1.180558 6.160201 1.734587
v -1.177767 6.145755 1.75374
v -1.175426 6.133683 1.774526
v -1.173569 6.124161 1.796644
v -1.172222 6.117328 1.819769
v -1.171407 6.113283 1.843565
v -1.171133 6.112084 1.867685
v -0.403485 6.38406 1.666492
v -0.404999 6.408104 1.6648
v -0.401994 6.360394 1.671075
v -0.400546 6.337453 1.678483
v -0.399163 6.31557 1.688609
v -0.397865 6.295065 1.701303
v -0.396671 6.276237 1.716381
v -0.395599 6.259359 1.733624
v -0.394664 6.244679 1.752779
v -0.393879 6.232411 1.773567
v -0.393257 6.222733 1.795686
v -0.392806 6.215786 1.818812
v -0.392532 6.211673 1.842609
v -0.392441 6.210452 1.86673
v 0.403485 6.38406 1.666492
v 0.404999 6.408104 1.6648
v 0.401994 6.360394 1.671075
v 0.400546 6.337453 1.678483
v 0.399163 6.31557 1.688609
v 0.397865 6.295065 1.701303
v 0.396671 6.276237 1.716381
v 0.395599 6.259359 1.733624
v 0.394664 6.244679 1.752779
v 0.393879 6.232411 1.773567
v 0.393257 6.222733 1.795686
v 0.392806 6.215786 1.818812
v 0.392532 6.211673 1.842609
v 0.392441 6.210452 1.86673
v 1.204092 6.282925 1.667474
v 1.208609 6.30659 1.665786
v 1.99316 6.105161 1.667743
v 1.199641 6.259633 1.672054
v 1.19532 6.237054 1.679459
v 1.191193 6.215518 1.689581
v 1.187321 6.195338 1.702272
v 1.183758 6.176809 1.717347
v 1.180558 6.160201 1.734587
v 1.177767 6.145755 1.75374
v 1.175426 6.133683 1.774526
v 1.173569 6.124161 1.796644
v 1.172222 6.117328 1.819769
v 1.171407 6.113283 1.843565
v 1.171133 6.112084 1.867685
v 1.98571 6.082249 1.669424
v 1.978369 6.059699 1.673997
v 1.971244 6.03784 1.681395
v 1.964438 6.016992 1.69151
v 1.958051 5.997458 1.704195
v 1.952176 5.979522 1.719264
v 1.946899 5.963447 1.736499
v 1.942296 5.949467 1.755647
v 1.938435 5.937785 1.77643
v 1.935372 5.928573 1.798544
v 1.933152 5.921964 1.821667
v 1.931807 5.918054 1.845462
v 1.931356 5.916902 1.869582
v 2.736012 5.785197 1.67231
v 2.746276 5.806995 1.67064
v 3.456083 5.416794 1.674431
v 2.725897 5.763745 1.676872
v 2.71608 5.742953 1.68426
v 2.706702 5.723123 1.694365
v 2.697902 5.704544 1.707041
v 2.689808 5.687487 1.722102
v 2.682536 5.672201 1.739329
v 2.676194 5.658909 1.75847
v 2.670875 5.647806 1.779247
v 2.666654 5.639051 1.801357
v 2.663595 5.632774 1.824477
v 2.661741 5.629066 1.84827
v 2.661121 5.627981 1.872389
v 3.443166 5.396454 1.676087
v 4.111385 4.940711 1.679057
v 3.430436 5.37644 1.680635
v 3.418082 5.357042 1.688009
v 3.406281 5.338544 1.698102
v 3.395206 5.321216 1.710765
v 3.385019 5.305309 1.725815
v 3.375868 5.291057 1.743032
v 3.367887 5.278666 1.762165
v 3.361193 5.268318 1.782934
v 3.355881 5.260163 1.805038
v 3.352031 5.254321 1.828154
v 3.349699 5.250876 1.851944
v 3.348917 5.249879 1.876063
v 4.096018 4.922152 1.680696
v 4.701848 4.386256 1.684444
v 4.080875 4.903891 1.685227
v 4.066178 4.886195 1.692584
v 4.05214 4.869322 1.702661
v 4.038965 4.853519 1.715309
v 4.026847 4.839016 1.730345
v 4.015961 4.826024 1.74755
v 4.006467 4.814733 1.766672
v 3.998502 4.805307 1.787433
v 3.992184 4.797884 1.80953
v 3.987604 4.792572 1.832641
v 3.984829 4.789449 1.856428
v 3.9839 4.788559 1.880545
v 4.684274 4.369769 1.686063
v 4.666957 4.353549 1.690574
v 4.650148 4.337836 1.697912
v 4.634094 4.322857 1.70797
v 4.619027 4.30883 1.720601
v 4.605168 4.295961 1.735622
v 4.59272 4.284438 1.752812
v 4.581862 4.274426 1.771922
v 4.572754 4.266075 1.792672
v 4.565528 4.259504 1.814761
v 4.56029 4.254809 1.837865
v 4.557117 4.25206 1.861649
v 4.556054 4.251297 1.885765
v 5.198657 3.748017 1.692104
v 5.21816 3.762172 1.690508
v 5.652178 3.0783 1.697153
v 5.179438 3.734096 1.696593
v 5.160783 3.720614 1.703909
v 5.142966 3.707765 1.713946
v 5.126245 3.695739 1.726558
v 5.110864 3.684709 1.741561
v 5.097048 3.674838 1.758735
v 5.084998 3.666268 1.777831
v 5.07489 3.659125 1.79857
v 5.066871 3.653513 1.820649
v 5.061058 3.649514 1.843747
v 5.057536 3.647186 1.867526
v 5.056356 3.646563 1.891641
v 5.631052 3.066701 1.698724
v 5.610235 3.0553 1.703188
v 5.59003 3.044262 1.710481
v 5.57073 3.033749 1.720495
v 5.552619 3.023913 1.733086
v 5.535958 3.0149 1.748069
v 5.520993 3.006839 1.765226
v 5.507941 2.999848 1.784306
v 5.496992 2.99403 1.805032
v 5.488306 2.989469 1.827101
v 5.482009 2.986232 1.850191
v 5.478195 2.984365 1.873966
v 5.476917 2.983897 1.898079
v 5.811103 2.273749 1.904979
v 5.974644 2.336567 1.705818
v 5.997058 2.345427 1.704273
v 6.247361 1.57511 1.711758
v 5.952556 2.327865 1.710256
v 5.931118 2.319447 1.717523
v 5.910641 2.311436 1.727513
v 5.891424 2.303949 1.740081
v 5.873747 2.297096 1.755043
v 5.857869 2.290975 1.772181
v 5.84402 2.285677 1.791245
v 5.832403 2.281279 1.811957
v 5.823187 2.277844 1.834015
v 5.816506 2.275423 1.857098
v 5.812459 2.274051 1.880868
v 6.224011 1.569129 1.713274
v 6.201002 1.563264 1.717685
v 6.178668 1.5576 1.724925
v 6.157337 1.552219 1.73489
v 6.137318 1.547201 1.747434
v 6.118904 1.542618 1.762374
v 6.102363 1.538537 1.779492
v 6.087936 1.535017 1.798538
v 6.075834 1.532111 1.819236
v 6.066233 1.52986 1.841283
v 6.059274 1.528298 1.864357
v 6.055057 1.527446 1.888122
v 6.053645 1.527317 1.912232
v 6.375223 0.77649 1.720976
v 6.351654 0.773555 1.725358
v 6.402137 -0.028808 1.733154
v 6.379079 -0.028738 1.740338
v 6.328778 0.770735 1.732571
v 6.306928 0.768071 1.742509
v 6.357055 -0.028642 1.75025
v 6.336387 -0.02852 1.762744
v 6.286423 0.765602 1.755028
v 6.267561 0.763364 1.769945
v 6.317376 -0.028376 1.777638
v 6.300298 -0.02821 1.794715
v 6.250618 0.76139 1.787043
v 6.235841 0.759708 1.806072
v 6.285403 -0.028025 1.813725
v 6.223445 0.758343 1.826754
v 6.272909 -0.027824 1.834393
v 6.262997 -0.02761 1.856415
v 6.213611 0.757314 1.848789
v 6.255812 -0.027386 1.879472
v 6.206483 0.756638 1.871854
v 6.251458 -0.027155 1.903227
v 6.202164 0.756323 1.895614
v 6.25 -0.026921 1.927333
v 6.200717 0.756375 1.919722
v 5.546682 2.074029 1.64657
v 5.811499 1.464077 1.802601
v 5.759799 1.390146 1.653215
v 5.252682 2.72724 1.640224
v 5.578659 2.180651 1.795639
v 4.882086 3.340251 1.634267
v 5.25784 2.862393 1.789015
v 4.440299 3.904125 1.628789
v 4.854102 3.498553 1.782834
v 3.933761 4.410638 1.623868
v 4.373812 4.079097 1.777193
v -4.854102 3.498553 1.782834
v -4.373812 4.079097 1.777193
v -4.440299 3.904125 1.628789
v -5.25784 2.862393 1.789015
v -4.882086 3.340251 1.634267
v -5.578659 2.180651 1.795639
v -5.252682 2.72724 1.640224
v -5.811499 1.464077 1.802601
v -5.546682 2.074029 1.64657
v -5.952688 0.723972 1.809792
v -5.759799 1.390146 1.653215
v -5.949363 -0.029284 1.684097
v -5.888925 0.685561 1.660061
v -5.932178 -0.02945 1.667008
v -5.964355 -0.029099 1.70314
v -5.976933 -0.028898 1.723856
v -5.986912 -0.028684 1.745941
v -5.994147 -0.028459 1.769072
v -5.998531 -0.028227 1.792907
v 5.905985 0.687798 1.67713
v 5.949363 -0.029284 1.684097
v 5.932178 -0.02945 1.667008
v 5.888925 0.685561 1.660061
v 5.920867 0.68979 1.696155
v 5.964355 -0.029099 1.70314
v 5.952688 0.723972 1.809792
v 5.933354 0.691508 1.716856
v 5.976933 -0.028898 1.723856
v 5.943261 0.692925 1.73893
v 5.986912 -0.028684 1.745941
v 5.950443 0.694022 1.762052
v 5.994147 -0.028459 1.769072
v 5.954795 0.694782 1.785882
v 6.0 -0.027992 1.817098
v 5.998531 -0.028227 1.792907
v 5.776485 1.394424 1.670264
v 5.791041 1.398197 1.689272
v 5.803254 1.401408 1.709959
v 5.812943 1.404011 1.732021
v 5.819969 1.405967 1.755135
v 5.824225 1.407248 1.77896
v 5.562751 2.080289 1.663601
v 5.576768 2.08579 1.682591
v 5.588529 2.090451 1.703264
v 5.59786 2.094205 1.725315
v 5.604625 2.096995 1.74842
v 5.608725 2.098781 1.772241
v 5.267899 2.735392 1.657236
v 5.281173 2.742543 1.67621
v 5.292311 2.74859 1.69687
v 5.301147 2.753442 1.71891
v 5.307554 2.757029 1.742007
v 5.311436 2.759298 1.765823
v 4.896229 3.350179 1.651262
v 4.908567 3.35888 1.670222
v 4.918919 3.366226 1.690868
v 4.927132 3.37211 1.712899
v 4.933087 3.376444 1.735989
v 4.936695 3.379166 1.759801
v 4.453162 3.915687 1.645768
v 4.464383 3.925812 1.664714
v 4.473798 3.934354 1.685349
v 4.481268 3.941186 1.70737
v 4.486684 3.946209 1.730453
v 4.489965 3.949347 1.754261
v 3.945157 4.423667 1.640832
v 3.955098 4.435073 1.659765
v 3.963439 4.444689 1.68039
v 3.970057 4.452374 1.702403
v 3.974855 4.458013 1.72548
v 3.977762 4.461526 1.749284
v 3.824544 4.594869 1.772182
v 3.816202 4.584094 1.701123
v 3.369861 4.852406 1.619575
v 3.820813 4.589893 1.724199
v 3.823608 4.593503 1.748002
v 3.379623 4.866714 1.636527
v 3.388139 4.879236 1.65545
v 3.395285 4.889789 1.676065
v 3.400954 4.898216 1.698071
v 3.405064 4.904395 1.721143
v 3.407554 4.908235 1.744944
v 3.214961 5.037736 1.767879
v 3.207948 5.025995 1.696829
v 2.75682 5.222984 1.615975
v 3.211825 5.032329 1.7199
v 3.214174 5.036262 1.7437
v 2.764807 5.238366 1.632916
v 2.771774 5.251825 1.65183
v 2.777619 5.263163 1.672438
v 2.782257 5.272214 1.694437
v 2.785619 5.278845 1.717505
v 2.787657 5.282958 1.741303
v 2.554676 5.400714 1.764352
v 2.549103 5.388181 1.69331
v 2.103579 5.51697 1.613118
v 2.552184 5.394952 1.716377
v 2.55405 5.39915 1.740174
v 2.109673 5.533204 1.630051
v 2.114989 5.547406 1.648958
v 2.119449 5.559367 1.66956
v 2.122988 5.568913 1.691554
v 2.125554 5.575902 1.714619
v 2.127109 5.580233 1.738415
v 1.854102 5.678078 1.761657
v 1.850058 5.66494 1.690621
v 1.419663 5.730077 1.611048
v 1.852293 5.672045 1.713685
v 1.853648 5.676446 1.73748
v 1.423776 5.746928 1.627975
v 1.427363 5.761668 1.646876
v 1.430374 5.774082 1.667473
v 1.432762 5.783986 1.689465
v 1.434493 5.791235 1.712527
v 1.435543 5.795723 1.736321
v 1.124288 5.865453 1.759836
v 1.121835 5.851907 1.688805
v 0.715045 5.859197 1.609793
v 1.123191 5.859238 1.711866
v 1.124013 5.863776 1.73566
v 0.717116 5.876422 1.626717
v 0.718923 5.891489 1.645615
v 0.72044 5.904176 1.666209
v 0.721643 5.914297 1.688199
v 0.722515 5.921704 1.711259
v 0.723043 5.926287 1.735052
v 0.376743 5.959886 1.758919
v 0.375921 5.946133 1.687889
v 0.0 5.902447 1.609373
v 0.376376 5.953578 1.710949
v 0.376651 5.958185 1.734742
v 0.0 5.919797 1.626295
v 0.0 5.934973 1.645192
v 0.0 5.947752 1.665786
v 0.0 5.957946 1.687774
v 0.0 5.965406 1.710834
v 0.0 5.970021 1.734627
v -0.376743 5.959886 1.758919
v -0.375921 5.946133 1.687889
v -0.715045 5.859197 1.609793
v -0.376376 5.953578 1.710949
v -0.376651 5.958185 1.734742
v -0.717116 5.876422 1.626717
v -0.718923 5.891489 1.645615
v -0.72044 5.904176 1.666209
v -0.721643 5.914297 1.688199
v -0.722515 5.921704 1.711259
v -0.723043 5.926287 1.735052
v -1.124288 5.865453 1.759836
v -1.121835 5.851907 1.688805
v -1.419663 5.730077 1.611048
v -1.123191 5.859238 1.711866
v -1.124013 5.863776 1.73566
v -1.423776 5.746928 1.627975
v -1.427363 5.761668 1.646876
v -1.430374 5.774082 1.667473
v -1.432762 5.783986 1.689465
v -1.434493 5.791235 1.712527
v -1.435543 5.795723 1.736321
v -1.854102 5.678078 1.761657
v -1.850058 5.66494 1.690621
v -2.103579 5.51697 1.613118
v -1.852293 5.672045 1.713685
v -1.853648 5.676446 1.73748
v -2.109673 5.533204 1.630051
v -2.114989 5.547406 1.648958
v -2.119449 5.559367 1.66956
v -2.122988 5.568913 1.691554
v -2.125554 5.575902 1.714619
v -2.127109 5.580233 1.738415
v -2.554676 5.400714 1.764352
v -2.549103 5.388181 1.69331
v -2.75682 5.222984 1.615975
v -2.552184 5.394952 1.716377
v -2.55405 5.39915 1.740174
v -2.764807 5.238366 1.632916
v -2.771774 5.251825 1.65183
v -2.777619 5.263163 1.672438
v -2.782257 5.272214 1.694437
v -2.785619 5.278845 1.717505
v -2.787657 5.282958 1.741303
v -3.214961 5.037736 1.767879
v -3.207948 5.025995 1.696829
v -3.369861 4.852406 1.619575
v -3.211825 5.032329 1.7199
v -3.214174 5.036262 1.7437
v -3.379623 4.866714 1.636527
v -3.388139 4.879236 1.65545
v -3.395285 4.889789 1.676065
v -3.400954 4.898216 1.698071
v -3.405064 4.904395 1.721143
v -3.407554 4.908235 1.744944
v -3.824544 4.594869 1.772182
v -3.816202 4.584094 1.701123
v -3.933761 4.410638 1.623868
v -3.820813 4.589893 1.724199
v -3.823608 4.593503 1.748002
v -3.945157 4.423667 1.640832
v -3.955098 4.435073 1.659765
v -3.963439 4.444689 1.68039
v -3.970057 4.452374 1.702403
v -3.974855 4.458013 1.72548
v -3.977762 4.461526 1.749284
v -4.356996 4.062401 1.684104
v -4.364271 4.069447 1.706123
v -4.369545 4.074624 1.729205
v -4.372741 4.077857 1.753012
v -4.83544 3.484089 1.689723
v -4.843514 3.490169 1.711752
v -4.849367 3.494647 1.734841
v -4.852914 3.497455 1.758651
v -5.237626 2.850375 1.695881
v -5.246371 2.855397 1.717919
v -5.252711 2.859107 1.741016
v -5.256553 2.861451 1.764831
v -5.557211 2.171254 1.702479
v -5.56649 2.175142 1.724529
v -5.573217 2.17803 1.747633
v -5.577293 2.179875 1.771453
v -5.776973 1.454105 1.688729
v -5.789156 1.457434 1.709415
v -5.798822 1.460131 1.731476
v -5.80583 1.462155 1.754589
v -5.810077 1.463477 1.778414
v -5.917324 0.718397 1.695877
v -5.929802 0.720175 1.716578
v -5.939704 0.72164 1.738651
v -5.946882 0.722772 1.761773
v -5.951231 0.723553 1.785603
v -6.0 -0.027992 1.817098
v 7.108505 -0.026738 1.946225
v 7.083279 0.868555 1.989814
v 7.139577 -0.02623 1.998508
v -7.052453 0.864152 1.937569
v -7.139577 -0.02623 1.998508
v -7.083279 0.868555 1.989814
v -7.108505 -0.026738 1.946225
v -7.015555 0.859024 1.889491
v -7.071315 -0.027205 1.898102
v -6.973135 0.853245 1.846291
v -7.028556 -0.027625 1.85485
v -6.925817 0.846901 1.808609
v -6.980863 -0.027992 1.817109
v -6.874302 0.840086 1.777001
v -6.928939 -0.0283 1.785438
v -6.819355 0.8329 1.751936
v -6.873554 -0.028544 1.760306
v -6.761785 0.825451 1.733784
v -6.815527 -0.028721 1.742084
v -6.702446 0.817848 1.722815
v -6.642217 0.810203 1.71919
v -6.695009 -0.028864 1.727342
v -6.755717 -0.028828 1.731041
v -6.885179 1.740992 1.92905
v -6.915274 1.749227 1.981257
v -6.849156 1.731276 1.881016
v -6.807742 1.720223 1.837867
v -6.761546 1.707996 1.800242
v -6.711254 1.694776 1.768697
v -6.657609 1.680759 1.743698
v -6.601405 1.666152 1.725616
v -6.543474 1.651171 1.714718
v -6.484673 1.636038 1.711166
v -6.609321 2.589954 1.920801
v -6.638211 2.6019 1.972972
v -6.574742 2.575797 1.872811
v -6.534986 2.559637 1.829712
v -6.490642 2.541714 1.792142
v -6.442365 2.522293 1.760656
v -6.390869 2.501661 1.735722
v -6.336917 2.480124 1.717707
v -6.281307 2.458 1.706879
v -6.224862 2.435617 1.703397
v -6.22923 3.397649 1.912953
v -6.256459 3.413126 1.965091
v -6.19664 3.379266 1.865004
v -6.159171 3.358248 1.821952
v -6.117377 3.334906 1.784435
v -6.071876 3.309585 1.753007
v -6.023342 3.28266 1.728134
v -5.972492 3.254529 1.710183
v -5.92008 3.22561 1.699421
v -5.866881 3.196329 1.696006
v -5.750902 4.15134 1.90563
v -5.776039 4.170111 1.957735
v -5.720814 4.129014 1.857719
v -5.686222 4.103462 1.814712
v -5.647636 4.075062 1.777243
v -5.605629 4.044236 1.745869
v -5.560822 4.011439 1.721053
v -5.513878 3.977157 1.703162
v -5.46549 3.941895 1.692461
v -5.416376 3.906178 1.689109
v -5.181877 4.839139 1.898948
v -5.204528 4.860917 1.951023
v -5.154767 4.813215 1.851072
v -5.123597 4.783525 1.808104
v -5.08883 4.750512 1.770681
v -5.050979 4.714662 1.739355
v -5.010605 4.676506 1.714591
v -4.968306 4.636609 1.696755
v -4.924706 4.595561 1.68611
v -4.880452 4.553968 1.682815
v -4.531132 5.450202 1.89301
v -4.550938 5.474649 1.94506
v -4.507426 5.42108 1.845165
v -4.480171 5.387715 1.802234
v -4.449769 5.350601 1.76485
v -4.416672 5.310288 1.733568
v -4.381369 5.267371 1.70885
v -4.344381 5.222486 1.691062
v -4.306256 5.176296 1.680467
v -4.26756 5.129486 1.677223
v -3.808928 5.974889 1.887912
v -3.825577 6.00163 1.93994
v -3.789 5.943022 1.840094
v -3.766089 5.906501 1.797193
v -3.740533 5.865867 1.759844
v -3.712711 5.821721 1.728599
v -3.683035 5.774716 1.70392
v -3.651942 5.725548 1.686174
v -3.619895 5.674943 1.675623
v -3.587365 5.623652 1.672422
v -3.026654 6.404927 1.883734
v -3.039884 6.433548 1.935744
v -3.010819 6.37081 1.835938
v -2.992614 6.331703 1.793062
v -2.972307 6.288183 1.75574
v -2.950199 6.240896 1.724526
v -2.926617 6.19054 1.69988
v -2.901911 6.137862 1.682168
v -2.876445 6.083639 1.671652
v -2.850596 6.028675 1.668486
v -2.196649 6.733533 1.880541
v -2.206251 6.763591 1.932537
v -2.185157 6.697698 1.832762
v -2.171943 6.656614 1.789905
v -2.157205 6.610889 1.752605
v -2.14116 6.561202 1.721414
v -2.124045 6.508286 1.696793
v -2.106114 6.452925 1.679107
v -2.087631 6.395937 1.668617
v -2.068871 6.338167 1.665479
v -1.332001 6.955527 1.878384
v -1.337823 6.986555 1.93037
v -1.325032 6.91853 1.830616
v -1.31702 6.87611 1.787772
v -1.308083 6.828897 1.750487
v -1.298354 6.777588 1.719311
v -1.287976 6.722942 1.694707
v -1.277102 6.665769 1.677039
v -1.265895 6.606914 1.666567
v -1.25452 6.547247 1.663448
v -0.446347 7.067406 1.877297
v -0.448298 7.098923 1.929279
v 0.448298 7.098923 1.929279
v -0.444012 7.029823 1.829535
v -0.441327 6.986731 1.786697
v -0.438332 6.938767 1.749419
v -0.435072 6.886641 1.718252
v -0.431594 6.831123 1.693656
v -0.427951 6.773036 1.675997
v -0.424195 6.71324 1.665534
v -0.420383 6.652618 1.662424
v 0.446347 7.067406 1.877297
v 0.444012 7.029823 1.829535
v 0.441327 6.986731 1.786697
v 0.438332 6.938767 1.749419
v 0.435072 6.886641 1.718252
v 0.431594 6.831123 1.693656
v 0.427951 6.773036 1.675997
v 0.424195 6.71324 1.665534
v 0.420383 6.652618 1.662424
v 1.332001 6.955527 1.878384
v 1.337823 6.986555 1.93037
v 1.325032 6.91853 1.830616
v 1.31702 6.87611 1.787772
v 1.308083 6.828897 1.750487
v 1.298354 6.777588 1.719311
v 1.287976 6.722942 1.694707
v 1.277102 6.665769 1.677039
v 1.265895 6.606914 1.666567
v 1.25452 6.547247 1.663448
v 2.196649 6.733533 1.880541
v 2.206251 6.763591 1.932537
v 3.039884 6.433548 1.935744
v 2.185157 6.697698 1.832762
v 2.171943 6.656614 1.789905
v 2.157205 6.610889 1.752605
v 2.14116 6.561202 1.721414
v 2.124045 6.508286 1.696793
v 2.106114 6.452925 1.679107
v 2.087631 6.395937 1.668617
v 2.068871 6.338167 1.665479
v 3.026654 6.404927 1.883734
v 3.010819 6.37081 1.835938
v 2.992614 6.331703 1.793062
v 2.972307 6.288183 1.75574
v 2.950199 6.240896 1.724526
v 2.926617 6.19054 1.69988
v 2.901911 6.137862 1.682168
v 2.876445 6.083639 1.671652
v 2.850596 6.028675 1.668486
v 3.808928 5.974889 1.887912
v 3.825577 6.00163 1.93994
v 3.789 5.943022 1.840094
v 3.766089 5.906501 1.797193
v 3.740533 5.865867 1.759844
v 3.712711 5.821721 1.728599
v 3.683035 5.774716 1.70392
v 3.651942 5.725548 1.686174
v 3.619895 5.674943 1.675623
v 3.587365 5.623652 1.672422
v 4.531132 5.450202 1.89301
v 4.550938 5.474649 1.94506
v 4.507426 5.42108 1.845165
v 4.480171 5.387715 1.802234
v 4.449769 5.350601 1.76485
v 4.416672 5.310288 1.733568
v 4.381369 5.267371 1.70885
v 4.344381 5.222486 1.691062
v 4.306256 5.176296 1.680467
v 4.26756 5.129486 1.677223
v 5.181877 4.839139 1.898948
v 5.204528 4.860917 1.951023
v 5.154767 4.813215 1.851072
v 5.123597 4.783525 1.808104
v 5.08883 4.750512 1.770681
v 5.050979 4.714662 1.739355
v 5.010605 4.676506 1.714591
v 4.968306 4.636609 1.696755
v 4.924706 4.595561 1.68611
v 4.880452 4.553968 1.682815
v 5.750902 4.15134 1.90563
v 5.776039 4.170111 1.957735
v 6.256459 3.413126 1.965091
v 5.720814 4.129014 1.857719
v 5.686222 4.103462 1.814712
v 5.647636 4.075062 1.777243
v 5.605629 4.044236 1.745869
v 5.560822 4.011439 1.721053
v 5.513878 3.977157 1.703162
v 5.46549 3.941895 1.692461
v 5.416376 3.906178 1.689109
v 6.22923 3.397649 1.912953
v 6.19664 3.379266 1.865004
v 6.159171 3.358248 1.821952
v 6.117377 3.334906 1.784435
v 6.071876 3.309585 1.753007
v 6.023342 3.28266 1.728134
v 5.972492 3.254529 1.710183
v 5.92008 3.22561 1.699421
v 5.866881 3.196329 1.696006
v 6.609321 2.589954 1.920801
v 6.638211 2.6019 1.972972
v 6.574742 2.575797 1.872811
v 6.534986 2.559637 1.829712
v 6.490642 2.541714 1.792142
v 6.442365 2.522293 1.760656
v 6.390869 2.501661 1.735722
v 6.336917 2.480124 1.717707
v 6.281307 2.458 1.706879
v 6.224862 2.435617 1.703397
v 6.484673 1.636038 1.711166
v 6.885179 1.740992 1.92905
v 6.915274 1.749227 1.981257
v 6.849156 1.731276 1.881016
v 6.807742 1.720223 1.837867
v 6.761546 1.707996 1.800242
v 6.711254 1.694776 1.768697
v 6.657609 1.680759 1.743698
v 6.601405 1.666152 1.725616
v 6.543474 1.651171 1.714718
v 7.052453 0.864152 1.937569
v 7.015555 0.859024 1.889491
v 7.071315 -0.027205 1.898102
v 7.028556 -0.027625 1.85485
v 6.973135 0.853245 1.846291
v 6.925817 0.846901 1.808609
v 6.980863 -0.027992 1.817109
v 6.874302 0.840086 1.777001
v 6.928939 -0.0283 1.785438
v 6.819355 0.8329 1.751936
v 6.873554 -0.028544 1.760306
v 6.761785 0.825451 1.733784
v 6.815527 -0.028721 1.742084
v 6.702446 0.817848 1.722815
v 6.755717 -0.028828 1.731041
v 6.695009 -0.028864 1.727342
v 6.642217 0.810203 1.71919
v -8.681004 1.10196 5.237646
v -8.746473 0.00477 5.189026
v -8.75 0.005346 5.248301
v -8.677505 1.100942 5.178375
v -8.667059 1.099055 5.119949
v -8.735945 0.004202 5.130587
v -8.649813 1.096324 5.063191
v -8.626009 1.09279 5.008903
v -8.694568 0.003123 5.01949
v -8.718561 0.003651 5.073808
v -8.471687 2.179827 5.167892
v -8.475102 2.18128 5.22716
v -8.461489 2.176641 5.109479
v -8.444652 2.171766 5.052742
v -8.421412 2.165272 4.998482
v -8.132265 3.22441 5.157743
v -8.135544 3.226284 5.217006
v -7.667684 4.220491 5.207346
v -8.122476 3.219966 5.099342
v -8.106313 3.213015 5.042625
v -8.084004 3.203656 4.988393
v -7.664593 4.218217 5.148088
v -7.655366 4.212577 5.089697
v -7.640133 4.203651 5.033
v -7.619108 4.191565 4.978795
v -7.076046 5.145576 5.139077
v -7.078899 5.148224 5.198332
v -6.378476 5.994851 5.190106
v -7.067527 5.138819 5.080698
v -7.053464 5.12805 5.024018
v -7.034053 5.11342 4.969838
v -6.375905 5.991861 5.130854
v -5.57746 6.747019 5.182798
v -6.368229 5.984086 5.072485
v -6.355557 5.971634 5.015822
v -6.338067 5.954683 4.961664
v -5.575212 6.743726 5.123549
v -5.568501 6.735045 5.065189
v -5.55742 6.7211 5.00854
v -5.542126 6.702086 4.954402
v -4.686595 7.389313 5.117277
v -4.688485 7.392867 5.176523
v -3.725569 7.922209 5.17138
v -4.680953 7.379856 5.058924
v -4.671638 7.364627 5.002287
v -4.658782 7.343843 4.948167
v -3.724067 7.918442 5.112135
v -3.719584 7.908348 5.053789
v -3.712183 7.892068 4.997163
v -3.701967 7.869832 4.943056
v -2.702809 8.322768 5.108207
v -2.703899 8.326697 5.167449
v -2.699555 8.312187 5.049865
v -2.694183 8.295103 4.993247
v -2.686769 8.271758 4.939151
v -1.638926 8.595914 5.105553
v -1.639586 8.599954 5.164794
v -1.636953 8.585004 5.047214
v -1.633695 8.567377 4.990602
v -1.6292 8.543283 4.936513
v -0.549196 8.733573 5.104216
v -0.549417 8.737668 5.163456
v -0.548535 8.722497 5.045878
v -0.547443 8.704597 4.989268
v -0.545936 8.680124 4.935183
v 0.549196 8.733573 5.104216
v 0.549417 8.737668 5.163456
v 1.639586 8.599954 5.164794
v 0.548535 8.722497 5.045878
v 0.547443 8.704597 4.989268
v 0.545936 8.680124 4.935183
v 1.638926 8.595914 5.105553
v 1.636953 8.585004 5.047214
v 1.633695 8.567377 4.990602
v 1.6292 8.543283 4.936513
v 2.702809 8.322768 5.108207
v 2.703899 8.326697 5.167449
v 2.699555 8.312187 5.049865
v 2.694183 8.295103 4.993247
v 2.686769 8.271758 4.939151
v 3.724067 7.918442 5.112135
v 3.725569 7.922209 5.17138
v 3.719584 7.908348 5.053789
v 3.712183 7.892068 4.997163
v 3.701967 7.869832 4.943056
v 4.686595 7.389313 5.117277
v 4.688485 7.392867 5.176523
v 4.680953 7.379856 5.058924
v 4.671638 7.364627 5.002287
v 4.658782 7.343843 4.948167
v 5.575212 6.743726 5.123549
v 5.57746 6.747019 5.182798
v 5.568501 6.735045 5.065189
v 5.55742 6.7211 5.00854
v 5.542126 6.702086 4.954402
v 6.375905 5.991861 5.130854
v 6.378476 5.994851 5.190106
v 6.368229 5.984086 5.072485
v 6.355557 5.971634 5.015822
v 6.338067 5.954683 4.961664
v 7.076046 5.145576 5.139077
v 7.078899 5.148224 5.198332
v 7.067527 5.138819 5.080698
v 7.053464 5.12805 5.024018
v 7.034053 5.11342 4.969838
v 7.664593 4.218217 5.148088
v 7.667684 4.220491 5.207346
v 7.655366 4.212577 5.089697
v 7.640133 4.203651 5.033
v 7.619108 4.191565 4.978795
v 8.132265 3.22441 5.157743
v 8.135544 3.226284 5.217006
v 8.122476 3.219966 5.099342
v 8.106313 3.213015 5.042625
v 8.084004 3.203656 4.988393
v 8.471687 2.179827 5.167892
v 8.475102 2.18128 5.22716
v 8.461489 2.176641 5.109479
v 8.444652 2.171766 5.052742
v 8.421412 2.165272 4.998482
v 8.677505 1.100942 5.178375
v 8.681004 1.10196 5.237646
v 8.75 0.005346 5.248301
v 8.746473 0.00477 5.189026
v 8.667059 1.099055 5.119949
v 8.735945 0.004202 5.130587
v 8.649813 1.096324 5.063191
v 8.718561 0.003651 5.073808
v 8.694568 0.003123 5.01949
v 8.626009 1.09279 5.008903
v 0.0 5.044483 0.954274
v -0.715045 -5.918097 1.724223
v 0.0 -5.116275 1.052997
v 0.0 -5.961348 1.724643
v -1.6114 5.181298 1.226805
v -1.6114 3.809407 0.419699
v 0.0 4.114083 0.406905
v 0.0 3.124703 -0.024818
v -3.170442 4.294147 1.165255
v -1.6114 2.31491 -0.128011
v 0.0 2.090653 -0.334651
v -3.170442 2.925618 0.518412
v -1.6114 0.746368 -0.398528
v 0.0 1.026887 -0.518112
v 0.0 -0.05121 -0.572549
v -4.626471 3.32297 1.448855
v -3.170442 1.463201 0.127758
v -1.6114 -0.845256 -0.383064
v 0.0 -1.128046 -0.497174
v -4.626471 2.021132 0.971752
v -3.170442 -0.045589 0.005985
v -1.6114 -2.408247 -0.08212
v 0.0 -2.188047 -0.293078
v 0.0 -3.215882 0.036788
v -4.626471 0.654793 0.736107
v -3.170442 -1.551728 0.157051
v -1.6114 -3.891819 0.494525
v 0.0 -4.196686 0.487654
v -4.626471 -0.731652 0.749578
v -5.759799 -1.449046 1.680801
v -5.888925 -0.744462 1.673955
v -3.170442 -3.006279 0.576047
v -1.6114 -5.247769 1.328135
v -1.419663 -5.788978 1.722968
v -2.103579 -5.575871 1.720898
v -2.75682 -5.281885 1.718041
v -4.626471 -2.093155 1.011727
v -5.252682 -2.786141 1.693792
v -5.546682 -2.13293 1.687446
v -3.170442 -4.36198 1.249359
v -3.369861 -4.911306 1.714441
v -3.933761 -4.469539 1.710149
v -4.440299 -3.963026 1.705227
v -4.626471 -3.385477 1.514035
v -4.882086 -3.399152 1.699749
v 5.952688 0.732815 2.719989
v 6.0 -0.019149 2.727295
v 5.811499 1.47292 2.712798
v 5.578659 2.189495 2.705836
v 5.25784 2.871237 2.699212
v 4.854102 3.507396 2.693031
v 4.373812 4.08794 2.68739
v 3.824544 4.603713 2.682379
v 3.214961 5.04658 2.678076
v 2.554676 5.409557 2.674549
v 1.854102 5.686921 2.671854
v 1.124288 5.874297 2.670033
v 0.376743 5.968729 2.669116
v -0.376743 5.968729 2.669116
v -1.124288 5.874297 2.670033
v -1.854102 5.686921 2.671854
v -2.554676 5.409557 2.674549
v -3.214961 5.04658 2.678076
v -3.824544 4.603713 2.682379
v -4.373812 4.08794 2.68739
v -4.854102 3.507396 2.693031
v -5.25784 2.871237 2.699212
v -5.578659 2.189495 2.705836
v -5.811499 1.47292 2.712798
v -5.952688 0.732815 2.719989
v -6.0 -0.019149 2.727295
v -6.25 -0.019149 2.727295
v -6.200717 -0.810217 1.934943
v -6.200717 -0.802444 2.734906
v -6.053645 -1.581159 1.942434
v -6.053645 -1.573387 2.742396
v -5.811103 -2.327591 1.949687
v -5.811103 -2.319818 2.749649
v -5.476917 -3.03774 1.956586
v -5.476917 -3.029967 2.756549
v -5.056356 -3.700406 1.963025
v -5.056356 -3.692633 2.762987
v -4.556054 -4.305139 1.968901
v -4.556054 -4.297366 2.768863
v -3.9839 -4.842402 1.974121
v -3.9839 -4.834629 2.774083
v -3.348917 -5.303721 1.978603
v -3.348917 -5.295949 2.778565
v -2.661121 -5.681823 1.982277
v -2.661121 -5.674051 2.782239
v -1.931356 -5.970744 1.985084
v -1.931356 -5.962971 2.785046
v -1.171133 -6.165926 1.98698
v -1.171133 -6.158154 2.786942
v -0.392441 -6.264294 1.987936
v -0.392441 -6.256521 2.787898
v 0.392441 -6.264294 1.987936
v 0.392441 -6.256521 2.787898
v 1.171133 -6.165926 1.98698
v 1.171133 -6.158154 2.786942
v 1.931356 -5.970744 1.985084
v 1.931356 -5.962971 2.785046
v 2.661121 -5.681823 1.982277
v 2.661121 -5.674051 2.782239
v 3.348917 -5.303721 1.978603
v 3.348917 -5.295949 2.778565
v 3.9839 -4.842402 1.974121
v 3.9839 -4.834629 2.774083
v 4.556054 -4.305139 1.968901
v 4.556054 -4.297366 2.768863
v 5.056356 -3.700406 1.963025
v 5.056356 -3.692633 2.762987
v 5.476917 -3.03774 1.956586
v 5.476917 -3.029967 2.756549
v 5.811103 -2.327591 1.949687
v 5.811103 -2.319818 2.749649
v 6.053645 -1.581159 1.942434
v 6.053645 -1.573387 2.742396
v 6.200717 -0.810217 1.934943
v 6.200717 -0.802444 2.734906
v 6.25 -0.019149 2.727295
v 7.687017 1.883037 3.490591
v 7.01022 3.66752 3.473253
v 5.926014 5.238189 3.457992
v 4.49741 6.503762 3.445695
v 2.807433 7.390688 3.437078
v 0.954298 7.847424 3.43264
v -0.954298 7.847424 3.43264
v -2.807433 7.390688 3.437078
v -4.49741 6.503762 3.445695
v -5.926014 5.238189 3.457992
v -7.01022 3.66752 3.473253
v -7.687017 1.883037 3.490591
v 8.681004 1.115357 6.616456
v 8.75 0.018743 6.627111
v 8.475102 2.194676 6.605969
v 8.135544 3.239681 6.595816
v 7.667684 4.233888 6.586156
v 7.078899 5.161621 6.577142
v 6.378476 6.008247 6.568916
v 5.57746 6.760416 6.561608
v 4.688485 7.406263 6.555333
v 3.725569 7.935606 6.550189
v 2.703899 8.340095 6.546259
v 1.639586 8.613351 6.543604
v 0.549417 8.751064 6.542266
v -0.549417 8.751064 6.542266
v -1.639586 8.613351 6.543604
v -2.703899 8.340095 6.546259
v -3.725569 7.935606 6.550189
v -4.688485 7.406263 6.555333
v -5.57746 6.760416 6.561608
v -6.378476 6.008247 6.568916
v -7.078899 5.161621 6.577142
v -7.667684 4.233888 6.586156
v -8.135544 3.239681 6.595816
v -8.475102 2.194676 6.605969
v -8.681004 1.115357 6.616456
v -8.75 0.018743 6.627111
v -8.25 0.013885 6.127135
v -8.25 0.018743 6.627111
v -8.184946 -1.020066 6.137181
v -8.184946 -1.015208 6.637157
v -7.990811 -2.03771 6.147068
v -7.990811 -2.032852 6.647045
v -7.670656 -3.018142 6.656618
v -7.670656 -3.022999 6.156641
v -7.22953 -3.955538 6.665726
v -7.22953 -3.960395 6.165749
v -6.67439 -4.835114 6.174248
v -6.67439 -4.830257 6.674224
v -6.013991 -5.628504 6.681981
v -6.013991 -5.633362 6.182004
v -5.258748 -6.337692 6.688871
v -5.258748 -6.342549 6.188895
v -4.420571 -6.946634 6.694788
v -4.420571 -6.951492 6.194811
v -3.512679 -7.445728 6.699637
v -3.512679 -7.450586 6.19966
v -2.54939 -7.827103 6.703342
v -2.54939 -7.831961 6.203366
v -1.545896 -8.084744 6.705846
v -1.545896 -8.089602 6.205869
v -0.518022 -8.214589 6.707107
v -0.518022 -8.219447 6.207131
v 0.518022 -8.219447 6.207131
v 0.518022 -8.214589 6.707107
v 1.545896 -8.084744 6.705846
v 1.545896 -8.089602 6.205869
v 2.54939 -7.827103 6.703342
v 2.54939 -7.831961 6.203366
v 3.512679 -7.450586 6.19966
v 3.512679 -7.445728 6.699637
v 4.420571 -6.951492 6.194811
v 4.420571 -6.946634 6.694788
v 5.258748 -6.337692 6.688871
v 5.258748 -6.342549 6.188895
v 6.013991 -5.628504 6.681981
v 6.013991 -5.633362 6.182004
v 6.67439 -4.835114 6.174248
v 6.67439 -4.830257 6.674224
v 7.22953 -3.960395 6.165749
v 7.22953 -3.955538 6.665726
v 7.670656 -3.018142 6.656618
v 7.670656 -3.022999 6.156641
v 7.990811 -2.032852 6.647045
v 7.990811 -2.03771 6.147068
v 8.184946 -1.015208 6.637157
v 8.184946 -1.020066 6.137181
v 8.25 0.018743 6.627111
v 8.25 0.013885 6.127135
v 6.75 0.030402 7.827055
v 6.75 0.013885 6.127135
v 6.696774 0.859844 6.118915
v 6.695355 0.887519 7.818727
v 6.537936 1.692462 6.110825
v 6.532305 1.73076 7.810534
v 6.275991 2.498608 6.102993
v 6.26349 2.546469 7.802608
v 5.91507 3.265569 6.095541
v 5.893262 3.321441 7.795078
v 5.460865 3.981248 6.088587
v 5.427616 4.043127 7.788066
v 4.920538 4.63436 6.082242
v 4.874091 4.699843 7.781685
v 4.302612 5.214604 6.076603
v 4.241649 5.280955 7.776039
v 3.616831 5.712829 6.071763
v 2.782086 6.168452 6.567359
v 2.87401 6.121179 6.067795
v 2.085865 6.433213 6.064764
v 3.540529 5.777056 7.771219
v 2.016971 6.460048 6.564526
v 1.264824 6.644011 6.062715
v 2.782086 6.180111 7.767303
v 1.222178 6.656861 6.562614
v 0.423836 6.750247 6.061683
v 0.409401 6.755998 6.561651
v -0.423836 6.750247 6.061683
v -0.409401 6.755998 6.561651
v -1.222178 6.656861 6.562614
v -1.264824 6.644011 6.062715
v -2.016971 6.460048 6.564526
v -2.085865 6.433213 6.064764
v -2.782086 6.168452 6.567359
v -2.87401 6.121179 6.067795
v -3.616831 5.712829 6.071763
v -3.540529 5.777056 7.771219
v -2.782086 6.180111 7.767303
v -4.241649 5.280955 7.776039
v -4.302612 5.214604 6.076603
v -4.874091 4.699843 7.781685
v -4.920538 4.63436 6.082242
v -5.427616 4.043127 7.788066
v -5.460865 3.981248 6.088587
v -5.893262 3.321441 7.795078
v -5.91507 3.265569 6.095541
v -6.26349 2.546469 7.802608
v -6.275991 2.498608 6.102993
v -6.532305 1.73076 7.810534
v -6.537936 1.692462 6.110825
v -6.695355 0.887519 7.818727
v -6.696774 0.859844 6.118915
v -6.75 0.030402 7.827055
v -6.75 0.013885 6.127135
v 2.904737 -5.169801 12.977821
v 2.904737 -5.219351 7.878062
v 3.504461 -4.839559 7.874372
v 3.504461 -4.790009 12.974131
v 4.05513 -4.342048 12.969778
v 4.05513 -4.391598 7.870019
v 4.549035 -3.832188 12.964825
v 4.549035 -3.881738 7.865065
v 4.979263 -3.267567 12.959338
v 4.979263 -3.317117 7.85958
v 5.339792 -2.656088 12.953398
v 5.339792 -2.705638 7.853638
v 5.625576 -2.00631 12.947084
v 5.625576 -2.05586 7.847325
v 5.832613 -1.327328 12.940487
v 5.832613 -1.376878 7.840728
v 5.958006 -0.628648 12.933699
v 5.958006 -0.678198 7.833939
v 6.0 0.030402 7.827055
v 3.621219 0.561686 15.422251
v 3.65 0.099383 14.92672
v 3.621219 0.556828 14.922275
v 3.65 0.104241 15.426696
v 3.535329 1.011916 15.417876
v 3.535329 1.007058 14.9179
v 3.393684 1.447832 15.413641
v 3.393684 1.442974 14.913665
v 3.198519 1.862559 15.409612
v 3.198519 1.857701 14.909636
v 2.952912 2.249556 15.405851
v 2.952912 2.244698 14.905875
v 2.660736 2.60272 15.40242
v 2.660736 2.597862 14.902444
v 2.326597 2.916481 15.399371
v 2.326597 2.911623 14.899395
v 1.955768 3.185892 15.396754
v 1.955768 3.181034 14.896777
v 1.554094 3.406704 15.394608
v 1.554094 3.401846 14.894632
v 1.127912 3.575433 15.392969
v 1.127912 3.570575 14.892993
v 0.683942 3.68942 15.391862
v 0.683942 3.684562 14.891885
v 0.229185 3.746866 15.391303
v 0.229185 3.742008 14.891327
v -0.229185 3.746866 15.391303
v -0.229185 3.742008 14.891327
v -0.683942 3.68942 15.391862
v -0.683942 3.684562 14.891885
v -1.127912 3.575433 15.392969
v -1.127912 3.570575 14.892993
v -1.554094 3.406704 15.394608
v -1.554094 3.401846 14.894632
v -1.955768 3.185892 15.396754
v -1.955768 3.181034 14.896777
v -2.326597 2.916481 15.399371
v -2.326597 2.911623 14.899395
v -2.660736 2.60272 15.40242
v -2.660736 2.597862 14.902444
v -2.952912 2.249556 15.405851
v -2.952912 2.244698 14.905875
v -3.198519 1.862559 15.409612
v -3.198519 1.857701 14.909636
v -3.393684 1.447832 15.413641
v -3.393684 1.442974 14.913665
v -3.535329 1.007058 14.9179
v -3.535329 1.011916 15.417876
v -3.621219 0.561686 15.422251
v -3.621219 0.556828 14.922275
v -3.65 0.104241 15.426696
v -3.65 0.099383 14.92672
v -2.904737 5.280154 7.776047
v -3.53829 4.875841 7.779975
v -4.116323 4.3955 7.784642
v -4.629768 3.846666 7.789975
v -5.070568 3.237951 7.795889
v -5.431805 2.578907 7.802293
v -5.707813 1.879875 7.809084
v -5.894259 1.151822 7.816158
v -5.98822 0.406174 7.823403
v -5.98822 -0.345371 7.830706
v -5.958006 -0.628648 12.933699
v -5.894259 -1.091019 7.83795
v -5.832613 -1.327328 12.940487
v -5.707813 -1.819072 7.845024
v -5.625576 -2.00631 12.947084
v -5.431805 -2.518104 7.851816
v -5.339792 -2.656088 12.953398
v -5.070568 -3.177148 7.85822
v -4.979263 -3.267567 12.959338
v -4.629768 -3.785863 7.864134
v -4.549035 -3.832188 12.964825
v -4.116323 -4.334697 7.869466
v -4.05513 -4.342048 12.969778
v -3.53829 -4.815038 7.874134
v -3.504461 -4.790009 12.974131
v -2.904737 -5.219351 7.878062
v -2.904737 -5.169801 12.977821
v -3.0 -1.295693 15.440298
v -3.535329 -0.803434 15.435514
v -3.393684 -1.23935 15.43975
v -3.198519 -1.654077 15.44378
v -2.952912 -2.041074 15.44754
v -2.5 -1.295693 15.440298
v -2.660736 -2.394238 15.450972
v -2.326597 -2.708 15.45402
v -1.955768 -2.977411 15.456637
v -1.554094 -3.198222 15.458783
v -1.127912 -3.366952 15.460423
v -0.683942 -3.480938 15.46153
v -0.229185 -3.538385 15.462088
v -3.0 1.504175 15.413094
v -2.5 1.504175 15.413094
v 2.5 -1.295693 15.440298
v 0.229185 -3.538385 15.462088
v 0.683942 -3.480938 15.46153
v 1.127912 -3.366952 15.460423
v 1.554094 -3.198222 15.458783
v 1.955768 -2.977411 15.456637
v 2.326597 -2.708 15.45402
v 2.660736 -2.394238 15.450972
v 2.952912 -2.041074 15.44754
v 3.0 -1.295693 15.440298
v 3.198519 -1.654077 15.44378
v 3.393684 -1.23935 15.43975
v 3.535329 -0.803434 15.435514
v 2.5 1.504175 15.413094
v 3.0 1.504175 15.413094
v 3.621219 -0.353204 15.43114
v -3.621219 -0.353204 15.43114
v -3.621219 -0.358062 14.931164
v -3.535329 -0.808292 14.935538
v -3.393684 -1.244208 14.939774
v -3.198519 -1.658935 14.943804
v -2.952912 -2.045932 14.947563
v -2.660736 -2.399096 14.950994
v -2.326597 -2.712858 14.954043
v -1.955768 -2.982269 14.956661
v -1.554094 -3.20308 14.958806
v -1.127912 -3.371809 14.960445
v -0.683942 -3.485796 14.961554
v -0.229185 -3.543243 14.962111
v 0.229185 -3.543243 14.962111
v 0.683942 -3.485796 14.961554
v 1.127912 -3.371809 14.960445
v 1.554094 -3.20308 14.958806
v 1.955768 -2.982269 14.956661
v 2.326597 -2.712858 14.954043
v 2.660736 -2.399096 14.950994
v 2.952912 -2.045932 14.947563
v 3.198519 -1.658935 14.943804
v 3.393684 -1.244208 14.939774
v 3.535329 -0.808292 14.935538
v 3.621219 -0.358062 14.931164
v -2.915874 -2.638676 14.953322
v -2.549696 -2.982525 14.956663
v -3.236068 -2.251647 14.949562
v -2.143307 -3.277769 14.959532
v -3.505227 -1.827541 14.945441
v -1.703117 -3.519754 14.961884
v -3.719106 -1.373046 14.941026
v -1.236068 -3.704664 14.96368
v -3.968459 -0.401926 14.93159
v -3.874333 -0.89533 14.936384
v -0.749525 -3.829581 14.964893
v -0.251162 -3.892536 14.965506
v 0.251162 -3.892536 14.965506
v 0.749525 -3.829581 14.964893
v 1.236068 -3.704664 14.96368
v 1.703117 -3.519754 14.961884
v 2.143307 -3.277769 14.959532
v 2.549696 -2.982525 14.956663
v 2.915874 -2.638676 14.953322
v 3.236068 -2.251647 14.949562
v 3.505227 -1.827541 14.945441
v 3.719106 -1.373046 14.941026
v 3.874333 -0.89533 14.936384
v 3.968459 -0.401926 14.93159
v 5.958006 0.739001 7.820169
v 5.832613 1.437681 7.813381
v 5.625576 2.116663 7.806784
v 5.339792 2.766441 7.80047
v 4.979263 3.37792 7.794529
v 4.549035 3.942541 7.789043
v 4.05513 4.452401 7.78409
v 3.504461 4.900362 7.779737
v 2.904737 5.280154 7.776047
v -4.920538 -4.590074 7.871948
v -4.302612 -5.170317 7.877585
v -5.460865 -3.936962 7.865602
v -3.616831 -5.668543 7.882426
v -5.91507 -3.221282 7.858648
v -2.87401 -6.076893 7.886394
v -2.085865 -6.388927 7.889426
v -6.275991 -2.454322 7.851196
v -1.264824 -6.599724 7.891474
v -6.537936 -1.648176 7.843364
v -0.423836 -6.705961 7.892506
v -6.696774 -0.815558 7.835274
v 0.423836 -6.705961 7.892506
v 1.264824 -6.599724 7.891474
v 2.085865 -6.388927 7.889426
v 2.87401 -6.076893 7.886394
v 3.616831 -5.668543 7.882426
v 4.302612 -5.170317 7.877585
v 4.920538 -4.590074 7.871948
v 5.460865 -3.936962 7.865602
v 5.91507 -3.221282 7.858648
v 6.275991 -2.454322 7.851196
v 6.537936 -1.648176 7.843364
v 6.696774 -0.815558 7.835274
v -6.696774 -0.832075 6.135354
v -6.537936 -1.664693 6.143444
v -6.275991 -2.470839 6.151277
v -5.91507 -3.237799 6.158729
v -5.460865 -3.953478 6.165682
v -4.920538 -4.60659 6.172028
v -4.302612 -5.186834 6.177666
v -3.616831 -5.68506 6.182507
v -2.87401 -6.09341 6.186474
v -2.085865 -6.405444 6.189506
v -1.264824 -6.616241 6.191554
v -0.423836 -6.722477 6.192586
v 0.423836 -6.722477 6.192586
v 1.264824 -6.616241 6.191554
v 2.085865 -6.405444 6.189506
v 2.87401 -6.09341 6.186474
v 3.616831 -5.68506 6.182507
v 4.302612 -5.186834 6.177666
v 4.920538 -4.60659 6.172028
v 5.460865 -3.953478 6.165682
v 5.91507 -3.237799 6.158729
v 6.275991 -2.470839 6.151277
v 6.537936 -1.664693 6.143444
v 6.696774 -0.832075 6.135354
v -7.990811 2.06548 6.107201
v -8.184946 1.047835 6.117089
v -7.670656 3.050769 6.097628
v -7.22953 3.988165 6.08852
v -6.67439 4.862884 6.080021
v -6.013991 5.661132 6.072265
v -5.258748 6.370319 6.065374
v -4.420571 6.979261 6.059458
v -3.512679 7.478356 6.054609
v -2.54939 7.859731 6.050903
v -1.545896 8.117373 6.0484
v -0.518022 8.247217 6.047138
v 0.518022 8.247217 6.047138
v 8.184946 1.047835 6.117089
v 1.545896 8.117373 6.0484
v 7.990811 2.06548 6.107201
v 2.54939 7.859731 6.050903
v 7.670656 3.050769 6.097628
v 3.512679 7.478356 6.054609
v 7.22953 3.988165 6.08852
v 4.420571 6.979261 6.059458
v 6.67439 4.862884 6.080021
v 5.258748 6.370319 6.065374
v 6.013991 5.661132 6.072265
v 8.184946 1.052693 6.617065
v 7.990811 2.070337 6.607177
v 7.670656 3.055627 6.597604
v 7.22953 3.993023 6.588496
v 6.67439 4.867742 6.579998
v 6.013991 5.66599 6.572241
v 5.258748 6.375177 6.565351
v 4.420571 6.984119 6.559434
v 3.512679 7.483213 6.554585
v 2.54939 7.864589 6.550879
v 1.545896 8.12223 6.548376
v 0.518022 8.252074 6.547115
v -0.518022 8.252074 6.547115
v -1.545896 8.12223 6.548376
v -2.54939 7.864589 6.550879
v -3.512679 7.483213 6.554585
v -4.420571 6.984119 6.559434
v -5.258748 6.375177 6.565351
v -6.013991 5.66599 6.572241
v -6.67439 4.867742 6.579998
v -7.22953 3.993023 6.588496
v -7.670656 3.055627 6.597604
v -7.990811 2.070337 6.607177
v -8.184946 1.052693 6.617065
v -6.378476 -5.970762 6.685306
v -5.57746 -6.72293 6.692614
v -7.078899 -5.124135 6.67708
v -4.688485 -7.368778 6.698889
v -8.135544 -3.202195 6.658406
v -7.667684 -4.196403 6.668066
v -3.725569 -7.89812 6.704032
v -8.475102 -2.157191 6.648252
v -2.703899 -8.302609 6.707963
v -1.639586 -8.575865 6.710618
v -0.549417 -8.713579 6.711956
v -8.681004 -1.077871 6.637766
v 0.549417 -8.713579 6.711956
v 1.639586 -8.575865 6.710618
v 2.703899 -8.302609 6.707963
v 3.725569 -7.89812 6.704032
v 4.688485 -7.368778 6.698889
v 5.57746 -6.72293 6.692614
v 6.378476 -5.970762 6.685306
v 7.078899 -5.124135 6.67708
v 7.667684 -4.196403 6.668066
v 8.135544 -3.202195 6.658406
v 8.475102 -2.157191 6.648252
v 8.681004 -1.077871 6.637766
v -8.681004 -1.091268 5.258956
v -8.475102 -2.170588 5.269443
v -8.135544 -3.215592 5.279596
v -7.667684 -4.2098 5.289256
v -7.078899 -5.137532 5.29827
v -6.378476 -5.984159 5.306496
v -5.57746 -6.736327 5.313804
v -4.688485 -7.382174 5.320079
v -3.725569 -7.911517 5.325222
v -2.703899 -8.316006 5.329153
v -1.639586 -8.589262 5.331808
v -0.549417 -8.726975 5.333146
v 0.549417 -8.726975 5.333146
v 1.639586 -8.589262 5.331808
v 2.703899 -8.316006 5.329153
v 3.725569 -7.911517 5.325222
v 4.688485 -7.382174 5.320079
v 5.57746 -6.736327 5.313804
v 6.378476 -5.984159 5.306496
v 7.078899 -5.137532 5.29827
v 7.667684 -4.2098 5.289256
v 8.135544 -3.215592 5.279596
v 8.475102 -2.170588 5.269443
v 8.681004 -1.091268 5.258956
v -7.687017 -1.906143 3.527407
v -7.083279 -0.921014 2.007202
v -6.915274 -1.801686 2.015758
v -6.638211 -2.654359 2.024043
v -8.084004 -3.19741 5.050587
v -8.421412 -2.159026 5.040498
v -8.626009 -1.086544 5.030077
v -7.01022 -3.690627 3.544745
v -6.256459 -3.465585 2.031925
v -5.776039 -4.222569 2.03928
v -7.034053 -5.107175 5.069143
v -7.619108 -4.185319 5.060186
v -5.926014 -5.261296 3.560006
v -5.204528 -4.913376 2.045992
v -4.550938 -5.527109 2.051955
v -5.542126 -6.695841 5.084579
v -6.338067 -5.948438 5.077316
v -4.49741 -6.526869 3.572303
v -3.825577 -6.054089 2.057075
v -3.039884 -6.486007 2.061272
v -3.701967 -7.863586 5.095924
v -4.658782 -7.337597 5.090814
v -2.807433 -7.413795 3.58092
v -2.206251 -6.816051 2.064479
v -1.337823 -7.039014 2.066645
v -1.6292 -8.537037 5.102468
v -2.686769 -8.265512 5.09983
v -0.954298 -7.870531 3.585358
v -0.448298 -7.151382 2.067737
v 0.448298 -7.151382 2.067737
v 0.545936 -8.673879 5.103797
v -0.545936 -8.673879 5.103797
v 0.954298 -7.870531 3.585358
v 1.337823 -7.039014 2.066645
v 1.6292 -8.537037 5.102468
v 2.807433 -7.413795 3.58092
v 2.206251 -6.816051 2.064479
v 3.039884 -6.486007 2.061272
v 3.701967 -7.863586 5.095924
v 2.686769 -8.265512 5.09983
v 4.49741 -6.526869 3.572303
v 3.825577 -6.054089 2.057075
v 4.550938 -5.527109 2.051955
v 5.542126 -6.695841 5.084579
v 4.658782 -7.337597 5.090814
v 5.926014 -5.261296 3.560006
v 5.204528 -4.913376 2.045992
v 5.776039 -4.222569 2.03928
v 7.034053 -5.107175 5.069143
v 6.338067 -5.948438 5.077316
v 7.01022 -3.690627 3.544745
v 6.256459 -3.465585 2.031925
v 6.638211 -2.654359 2.024043
v 8.084004 -3.19741 5.050587
v 7.619108 -4.185319 5.060186
v 7.687017 -1.906143 3.527407
v 6.915274 -1.801686 2.015758
v 7.083279 -0.921014 2.007202
v 8.626009 -1.086544 5.030077
v 8.421412 -2.159026 5.040498
v 4.701848 -4.443985 1.77024
v 5.416376 -3.963906 1.765576
v 4.880452 -4.611697 1.77187
v 4.111385 -4.99844 1.775627
v 4.26756 -5.187214 1.777462
v 5.21816 -3.8199 1.764176
v 5.866881 -3.254057 1.758679
v 3.456083 -5.474522 1.780253
v 3.587365 -5.681381 1.782263
v 5.652178 -3.136029 1.757532
v 6.224862 -2.493345 1.751288
v 2.746276 -5.864723 1.784044
v 2.850596 -6.086404 1.786198
v 5.997058 -2.403156 1.750411
v 6.484673 -1.693767 1.743519
v 1.99316 -6.162889 1.786941
v 2.068871 -6.395896 1.789205
v 6.247361 -1.632838 1.742927
v 1.208609 -6.364318 1.788898
v 1.25452 -6.604976 1.791237
v 6.642217 -0.867932 1.735495
v 6.39914 -0.837225 1.735196
v 0.404999 -6.465833 1.789885
v 0.420383 -6.710347 1.792261
v -0.404999 -6.465833 1.789885
v -0.420383 -6.710347 1.792261
v -1.208609 -6.364318 1.788898
v -1.25452 -6.604976 1.791237
v -1.99316 -6.162889 1.786941
v -2.068871 -6.395896 1.789205
v -2.746276 -5.864723 1.784044
v -2.850596 -6.086404 1.786198
v -3.456083 -5.474522 1.780253
v -3.587365 -5.681381 1.782263
v -4.111385 -4.99844 1.775627
v -4.26756 -5.187214 1.777462
v -4.880452 -4.611697 1.77187
v -4.701848 -4.443985 1.77024
v -5.21816 -3.8199 1.764176
v -5.416376 -3.963906 1.765576
v -5.652178 -3.136029 1.757532
v -5.866881 -3.254057 1.758679
v -6.224862 -2.493345 1.751288
v -5.997058 -2.403156 1.750411
v -6.247361 -1.632838 1.742927
v -6.484673 -1.693767 1.743519
v -6.39914 -0.837225 1.735196
v -6.642217 -0.867932 1.735495
v 6.200717 0.764147 2.719684
v 6.053645 1.53509 2.712194
v 5.811103 2.281521 2.704942
v 5.476917 2.99167 2.698041
v 5.056356 3.654336 2.691603
v 4.556054 4.259069 2.685727
v 3.9839 4.796332 2.680507
v 3.348917 5.257652 2.676025
v 2.661121 5.635754 2.672351
v 1.931356 5.924674 2.669544
v 1.171133 6.119857 2.667648
v 0.392441 6.218224 2.666692
v -0.392441 6.218224 2.666692
v -1.171133 6.119857 2.667648
v -1.931356 5.924674 2.669544
v -2.661121 5.635754 2.672351
v -3.348917 5.257652 2.676025
v -3.9839 4.796332 2.680507
v -4.556054 4.259069 2.685727
v -5.056356 3.654336 2.691603
v -5.476917 2.99167 2.698041
v -5.811103 2.281521 2.704942
v -6.053645 1.53509 2.712194
v -6.200717 0.764147 2.719684
v 3.824544 -4.64201 2.772212
v 4.373812 -4.126237 2.7672
v 4.854102 -3.545694 2.761559
v 3.214961 -5.084877 2.776515
v 5.25784 -2.909534 2.755378
v 2.554676 -5.447855 2.780041
v 5.578659 -2.227792 2.748755
v 1.854102 -5.725218 2.782736
v 5.811499 -1.511217 2.741792
v 1.124288 -5.912594 2.784557
v 5.952688 -0.771112 2.734601
v 0.376743 -6.007026 2.785474
v -0.376743 -6.007026 2.785474
v -1.124288 -5.912594 2.784557
v -1.854102 -5.725218 2.782736
v -2.554676 -5.447855 2.780041
v -3.214961 -5.084877 2.776515
v -3.824544 -4.64201 2.772212
v -4.373812 -4.126237 2.7672
v -4.854102 -3.545694 2.761559
v -5.25784 -2.909534 2.755378
v -5.578659 -2.227792 2.748755
v -5.811499 -1.511217 2.741792
v -5.952688 -0.771112 2.734601
v -5.952688 -0.779956 1.824404
v -5.811499 -1.520061 1.831595
v -5.578659 -2.236635 1.838558
v -5.25784 -2.918378 1.845181
v -4.854102 -3.554537 1.851362
v -4.373812 -4.135081 1.857003
v -3.824544 -4.650853 1.862015
v -3.214961 -5.09372 1.866317
v -2.554676 -5.456698 1.869844
v -1.854102 -5.734062 1.872539
v -1.124288 -5.921437 1.87436
v -0.376743 -6.01587 1.875277
v 0.376743 -6.01587 1.875277
v 1.124288 -5.921437 1.87436
v 1.854102 -5.734062 1.872539
v 2.554676 -5.456698 1.869844
v 3.214961 -5.09372 1.866317
v 3.824544 -4.650853 1.862015
v 4.373812 -4.135081 1.857003
v 4.854102 -3.554537 1.851362
v 5.25784 -2.918378 1.845181
v 5.578659 -2.236635 1.838558
v 5.811499 -1.520061 1.831595
v 5.952688 -0.779956 1.824404
v 0.715045 -5.918097 1.724223
v 4.626471 3.32297 1.448855
v 3.170442 4.294147 1.165255
v 4.626471 2.021132 0.971752
v 1.6114 5.181298 1.226805
v 3.170442 2.925618 0.518412
v 4.626471 0.654793 0.736107
v 1.6114 3.809407 0.419699
v 3.170442 1.463201 0.127758
v 4.626471 -0.731652 0.749578
v 5.888925 -0.744462 1.673955
v 5.759799 -1.449046 1.680801
v 1.6114 2.31491 -0.128011
v 3.170442 -0.045589 0.005985
v 4.626471 -2.093155 1.011727
v 5.546682 -2.13293 1.687446
v 5.252682 -2.786141 1.693792
v 1.6114 0.746368 -0.398528
v 3.170442 -1.551728 0.157051
v 4.626471 -3.385477 1.514035
v 4.882086 -3.399152 1.699749
v 4.440299 -3.963026 1.705227
v 1.6114 -0.845256 -0.383064
v 3.170442 -3.006279 0.576047
v 1.6114 -2.408247 -0.08212
v 3.170442 -4.36198 1.249359
v 3.933761 -4.469539 1.710149
v 3.369861 -4.911306 1.714441
v 2.75682 -5.281885 1.718041
v 1.6114 -3.891819 0.494525
v 1.6114 -5.247769 1.328135
v 2.103579 -5.575871 1.720898
v 1.419663 -5.788978 1.722968
v 8.677505 -1.091402 5.199677
v 8.667059 -1.09065 5.141224
v 8.649813 -1.089023 5.084424
v 8.471687 -2.170287 5.210159
v 8.461489 -2.168236 5.151694
v 8.444652 -2.164465 5.094873
v 8.132265 -3.21487 5.220308
v 8.122476 -3.211562 5.161831
v 8.106313 -3.205714 5.10499
v 7.664593 -4.208677 5.229964
v 7.655366 -4.204173 5.171476
v 7.640133 -4.19635 5.114615
v 7.076046 -5.136035 5.238975
v 7.067527 -5.130414 5.180475
v 7.053464 -5.120749 5.123597
v 6.375905 -5.982321 5.247197
v 6.368229 -5.975681 5.188688
v 6.355557 -5.964334 5.131793
v 5.575212 -6.734186 5.254503
v 5.568501 -6.726641 5.195984
v 5.55742 -6.713799 5.139076
v 4.686595 -7.379774 5.260775
v 4.680953 -7.371451 5.20225
v 4.671638 -7.357327 5.145328
v 3.724067 -7.908903 5.265916
v 3.719584 -7.899943 5.207385
v 3.712183 -7.884767 5.150453
v 2.702809 -8.313229 5.269845
v 2.699555 -8.303782 5.211308
v 2.694183 -8.287802 5.154369
v 1.638926 -8.586374 5.272499
v 1.636953 -8.576599 5.213959
v 1.633695 -8.560077 5.157014
v 0.549196 -8.724032 5.273836
v 0.548535 -8.714092 5.215295
v 0.547443 -8.697295 5.158348
v -0.549196 -8.724032 5.273836
v -0.548535 -8.714092 5.215295
v -0.547443 -8.697295 5.158348
v -1.638926 -8.586374 5.272499
v -1.636953 -8.576599 5.213959
v -1.633695 -8.560077 5.157014
v -2.702809 -8.313229 5.269845
v -2.699555 -8.303782 5.211308
v -2.694183 -8.287802 5.154369
v -3.724067 -7.908903 5.265916
v -3.719584 -7.899943 5.207385
v -3.712183 -7.884767 5.150453
v -4.686595 -7.379774 5.260775
v -4.680953 -7.371451 5.20225
v -4.671638 -7.357327 5.145328
v -5.575212 -6.734186 5.254503
v -5.568501 -6.726641 5.195984
v -5.55742 -6.713799 5.139076
v -6.375905 -5.982321 5.247197
v -6.368229 -5.975681 5.188688
v -6.355557 -5.964334 5.131793
v -7.076046 -5.136035 5.238975
v -7.067527 -5.130414 5.180475
v -7.053464 -5.120749 5.123597
v -7.664593 -4.208677 5.229964
v -7.655366 -4.204173 5.171476
v -7.640133 -4.19635 5.114615
v -8.132265 -3.21487 5.220308
v -8.122476 -3.211562 5.161831
v -8.106313 -3.205714 5.10499
v -8.471687 -2.170287 5.210159
v -8.461489 -2.168236 5.151694
v -8.444652 -2.164465 5.094873
v -8.677505 -1.091402 5.199677
v -8.667059 -1.09065 5.141224
v -8.649813 -1.089023 5.084424
v 7.052453 -0.917627 1.954881
v 7.015555 -0.913434 1.906713
v 6.973135 -0.908495 1.863408
v 6.925817 -0.902885 1.82561
v 6.874302 -0.896685 1.793876
v 6.819355 -0.889988 1.768676
v 6.761785 -0.882893 1.750383
v 6.702446 -0.875504 1.739268
v 6.885179 -1.794467 1.963401
v 6.849156 -1.785687 1.915187
v 6.807742 -1.775474 1.871832
v 6.761546 -1.76398 1.833976
v 6.711254 -1.751376 1.80218
v 6.657609 -1.737847 1.776914
v 6.601405 -1.723594 1.758551
v 6.543474 -1.708828 1.747364
v 6.609321 -2.643429 1.971649
v 6.574742 -2.630207 1.923393
v 6.534986 -2.614887 1.879988
v 6.490642 -2.597698 1.842077
v 6.442365 -2.578892 1.81022
v 6.390869 -2.558749 1.78489
v 6.336917 -2.537566 1.76646
v 6.281307 -2.515656 1.755204
v 6.22923 -3.451124 1.979497
v 6.19664 -3.433676 1.9312
v 6.159171 -3.413498 1.887748
v 6.117377 -3.39089 1.849784
v 6.071876 -3.366184 1.81787
v 6.023342 -3.339748 1.792478
v 5.972492 -3.311971 1.773984
v 5.92008 -3.283266 1.762662
v 5.750902 -4.204815 1.98682
v 5.720814 -4.183424 1.938484
v 5.686222 -4.158712 1.894988
v 5.647636 -4.131047 1.856975
v 5.605629 -4.100836 1.825008
v 5.560822 -4.068527 1.799559
v 5.513878 -4.034598 1.781005
v 5.46549 -3.999552 1.769621
v 5.181877 -4.892614 1.993503
v 5.154767 -4.867625 1.945132
v 5.123597 -4.838776 1.901596
v 5.08883 -4.806496 1.863538
v 5.050979 -4.771261 1.831522
v 5.010605 -4.733593 1.806021
v 4.968306 -4.69405 1.787413
v 4.924706 -4.653217 1.775972
v 4.531132 -5.503676 1.99944
v 4.507426 -5.47549 1.951038
v 4.480171 -5.442966 1.907466
v 4.449769 -5.406585 1.869368
v 4.416672 -5.366887 1.837309
v 4.381369 -5.324459 1.811762
v 4.344381 -5.279927 1.793105
v 4.306256 -5.233953 1.781615
v 3.808928 -6.028364 2.004538
v 3.789 -5.997432 1.956109
v 3.766089 -5.961752 1.912507
v 3.740533 -5.921851 1.874375
v 3.712711 -5.878321 1.842278
v 3.683035 -5.831804 1.816691
v 3.651942 -5.78299 1.797993
v 3.619895 -5.7326 1.78646
v 3.026654 -6.458402 2.008716
v 3.010819 -6.42522 1.960266
v 2.992614 -6.386953 1.916638
v 2.972307 -6.344167 1.878478
v 2.950199 -6.297495 1.846351
v 2.926617 -6.247628 1.820731
v 2.901911 -6.195303 1.801999
v 2.876445 -6.141296 1.790431
v 2.196649 -6.787009 2.011909
v 2.185157 -6.752108 1.963442
v 2.171943 -6.711864 1.919795
v 2.157205 -6.666874 1.881614
v 2.14116 -6.617802 1.849463
v 2.124045 -6.565374 1.823819
v 2.106114 -6.510367 1.80506
v 2.087631 -6.453594 1.793465
v 1.332001 -7.009002 2.014066
v 1.325032 -6.97294 1.965588
v 1.31702 -6.931361 1.921928
v 1.308083 -6.884881 1.883732
v 1.298354 -6.834187 1.851565
v 1.287976 -6.78003 1.825904
v 1.277102 -6.723211 1.807128
v 1.265895 -6.66457 1.795515
v 0.446347 -7.120881 2.015153
v 0.444012 -7.084233 1.966669
v 0.441327 -7.041982 1.923002
v 0.438332 -6.994751 1.884799
v 0.435072 -6.94324 1.852625
v 0.431594 -6.888211 1.826955
v 0.427951 -6.830479 1.80817
v 0.424195 -6.770897 1.796548
v -0.446347 -7.120881 2.015153
v -0.444012 -7.084233 1.966669
v -0.441327 -7.041982 1.923002
v -0.438332 -6.994751 1.884799
v -0.435072 -6.94324 1.852625
v -0.431594 -6.888211 1.826955
v -0.427951 -6.830479 1.80817
v -0.424195 -6.770897 1.796548
v -1.332001 -7.009002 2.014066
v -1.325032 -6.97294 1.965588
v -1.31702 -6.931361 1.921928
v -1.308083 -6.884881 1.883732
v -1.298354 -6.834187 1.851565
v -1.287976 -6.78003 1.825904
v -1.277102 -6.723211 1.807128
v -1.265895 -6.66457 1.795515
v -2.196649 -6.787009 2.011909
v -2.185157 -6.752108 1.963442
v -2.171943 -6.711864 1.919795
v -2.157205 -6.666874 1.881614
v -2.14116 -6.617802 1.849463
v -2.124045 -6.565374 1.823819
v -2.106114 -6.510367 1.80506
v -2.087631 -6.453594 1.793465
v -3.026654 -6.458402 2.008716
v -3.010819 -6.42522 1.960266
v -2.992614 -6.386953 1.916638
v -2.972307 -6.344167 1.878478
v -2.950199 -6.297495 1.846351
v -2.926617 -6.247628 1.820731
v -2.901911 -6.195303 1.801999
v -2.876445 -6.141296 1.790431
v -3.808928 -6.028364 2.004538
v -3.789 -5.997432 1.956109
v -3.766089 -5.961752 1.912507
v -3.740533 -5.921851 1.874375
v -3.712711 -5.878321 1.842278
v -3.683035 -5.831804 1.816691
v -3.651942 -5.78299 1.797993
v -3.619895 -5.7326 1.78646
v -4.531132 -5.503676 1.99944
v -4.507426 -5.47549 1.951038
v -4.480171 -5.442966 1.907466
v -4.449769 -5.406585 1.869368
v -4.416672 -5.366887 1.837309
v -4.381369 -5.324459 1.811762
v -4.344381 -5.279927 1.793105
v -4.306256 -5.233953 1.781615
v -5.181877 -4.892614 1.993503
v -5.154767 -4.867625 1.945132
v -5.123597 -4.838776 1.901596
v -5.08883 -4.806496 1.863538
v -5.050979 -4.771261 1.831522
v -5.010605 -4.733593 1.806021
v -4.968306 -4.69405 1.787413
v -4.924706 -4.653217 1.775972
v -5.750902 -4.204815 1.98682
v -5.720814 -4.183424 1.938484
v -5.686222 -4.158712 1.894988
v -5.647636 -4.131047 1.856975
v -5.605629 -4.100836 1.825008
v -5.560822 -4.068527 1.799559
v -5.513878 -4.034598 1.781005
v -5.46549 -3.999552 1.769621
v -6.22923 -3.451124 1.979497
v -6.19664 -3.433676 1.9312
v -6.159171 -3.413498 1.887748
v -6.117377 -3.39089 1.849784
v -6.071876 -3.366184 1.81787
v -6.023342 -3.339748 1.792478
v -5.972492 -3.311971 1.773984
v -5.92008 -3.283266 1.762662
v -6.609321 -2.643429 1.971649
v -6.574742 -2.630207 1.923393
v -6.534986 -2.614887 1.879988
v -6.490642 -2.597698 1.842077
v -6.442365 -2.578892 1.81022
v -6.390869 -2.558749 1.78489
v -6.336917 -2.537566 1.76646
v -6.281307 -2.515656 1.755204
v -6.885179 -1.794467 1.963401
v -6.849156 -1.785687 1.915187
v -6.807742 -1.775474 1.871832
v -6.761546 -1.76398 1.833976
v -6.711254 -1.751376 1.80218
v -6.657609 -1.737847 1.776914
v -6.601405 -1.723594 1.758551
v -6.543474 -1.708828 1.747364
v -7.052453 -0.917627 1.954881
v -7.015555 -0.913434 1.906713
v -6.973135 -0.908495 1.863408
v -6.925817 -0.902885 1.82561
v -6.874302 -0.896685 1.793876
v -6.819355 -0.889988 1.768676
v -6.761785 -0.882893 1.750383
v -6.702446 -0.875504 1.739268
v -5.905985 -0.746367 1.691065
v -5.920867 -0.747989 1.710125
v -5.933354 -0.749304 1.730856
v -5.943261 -0.750292 1.752953
v -5.950443 -0.750939 1.776091
v -5.954795 -0.751236 1.799932
v -5.776485 -1.452993 1.69793
v -5.791041 -1.456395 1.717008
v -5.803254 -1.459204 1.737753
v -5.812943 -1.461378 1.759862
v -5.819969 -1.462884 1.783009
v -5.824225 -1.463702 1.806855
v -5.562751 -2.138858 1.704594
v -5.576768 -2.143989 1.723689
v -5.588529 -2.148247 1.744448
v -5.59786 -2.151572 1.766568
v -5.604625 -2.153913 1.789723
v -5.608725 -2.155235 1.813574
v -5.267899 -2.793961 1.710959
v -5.281173 -2.800742 1.73007
v -5.292311 -2.806386 1.750843
v -5.301147 -2.810809 1.772973
v -5.307554 -2.813946 1.796136
v -5.311436 -2.815752 1.819991
v -4.896229 -3.408748 1.716933
v -4.908567 -3.417079 1.736058
v -4.918919 -3.424022 1.756844
v -4.927132 -3.429477 1.778984
v -4.933087 -3.433362 1.802154
v -4.936695 -3.435621 1.826014
v -4.453162 -3.974255 1.722427
v -4.464383 -3.984011 1.741567
v -4.473798 -3.99215 1.762364
v -4.481268 -3.998554 1.784513
v -4.486684 -4.003126 1.80769
v -4.489965 -4.005802 1.831554
v -3.945157 -4.482236 1.727363
v -3.955098 -4.493272 1.746515
v -3.963439 -4.502485 1.767322
v -3.970057 -4.50974 1.78948
v -3.974855 -4.514931 1.812663
v -3.977762 -4.517981 1.83653
v -3.816202 -4.641461 1.79076
v -3.820813 -4.646811 1.813944
v -3.823608 -4.649957 1.837813
v -3.379623 -4.925282 1.731668
v -3.388139 -4.937435 1.75083
v -3.395285 -4.947585 1.771647
v -3.400954 -4.955583 1.793812
v -3.405064 -4.961313 1.817
v -3.407554 -4.964689 1.840871
v -3.207948 -5.083362 1.795053
v -3.211825 -5.089246 1.818243
v -3.214174 -5.092716 1.842115
v -2.764807 -5.296935 1.735279
v -2.771774 -5.310024 1.75445
v -2.777619 -5.320959 1.775275
v -2.782257 -5.329581 1.797446
v -2.785619 -5.335763 1.820638
v -2.787657 -5.339412 1.844512
v -2.549103 -5.445548 1.798573
v -2.552184 -5.451869 1.821766
v -2.55405 -5.455605 1.845641
v -2.109673 -5.591773 1.738143
v -2.114989 -5.605604 1.757322
v -2.119449 -5.617163 1.778152
v -2.122988 -5.62628 1.800328
v -2.125554 -5.63282 1.823524
v -2.127109 -5.636687 1.8474
v -1.850058 -5.722307 1.801262
v -1.852293 -5.728963 1.824459
v -1.853648 -5.7329 1.848335
v -1.423776 -5.805497 1.74022
v -1.427363 -5.819867 1.759404
v -1.430374 -5.831878 1.780239
v -1.432762 -5.841353 1.802418
v -1.434493 -5.848153 1.825617
v -1.435543 -5.852177 1.849494
v -1.121835 -5.909274 1.803078
v -1.123191 -5.916155 1.826277
v -1.124013 -5.92023 1.850155
v -0.717116 -5.93499 1.741478
v -0.718923 -5.949687 1.760665
v -0.72044 -5.961972 1.781503
v -0.721643 -5.971664 1.803684
v -0.722515 -5.978621 1.826884
v -0.723043 -5.982741 1.850762
v -0.375921 -6.0035 1.803994
v -0.376376 -6.010496 1.827194
v -0.376651 -6.014639 1.851072
v 0.0 -5.978366 1.7419
v 0.0 -5.993172 1.761088
v 0.0 -6.005548 1.781926
v 0.0 -6.015313 1.804108
v 0.0 -6.022323 1.827309
v 0.0 -6.026475 1.851187
v 0.375921 -6.0035 1.803994
v 0.376376 -6.010496 1.827194
v 0.376651 -6.014639 1.851072
v 0.717116 -5.93499 1.741478
v 0.718923 -5.949687 1.760665
v 0.72044 -5.961972 1.781503
v 0.721643 -5.971664 1.803684
v 0.722515 -5.978621 1.826884
v 0.723043 -5.982741 1.850762
v 1.121835 -5.909274 1.803078
v 1.123191 -5.916155 1.826277
v 1.124013 -5.92023 1.850155
v 1.423776 -5.805497 1.74022
v 1.427363 -5.819867 1.759404
v 1.430374 -5.831878 1.780239
v 1.432762 -5.841353 1.802418
v 1.434493 -5.848153 1.825617
v 1.435543 -5.852177 1.849494
v 1.850058 -5.722307 1.801262
v 1.852293 -5.728963 1.824459
v 1.853648 -5.7329 1.848335
v 2.109673 -5.591773 1.738143
v 2.114989 -5.605604 1.757322
v 2.119449 -5.617163 1.778152
v 2.122988 -5.62628 1.800328
v 2.125554 -5.63282 1.823524
v 2.127109 -5.636687 1.8474
v 2.549103 -5.445548 1.798573
v 2.552184 -5.451869 1.821766
v 2.55405 -5.455605 1.845641
v 2.764807 -5.296935 1.735279
v 2.771774 -5.310024 1.75445
v 2.777619 -5.320959 1.775275
v 2.782257 -5.329581 1.797446
v 2.785619 -5.335763 1.820638
v 2.787657 -5.339412 1.844512
v 3.207948 -5.083362 1.795053
v 3.211825 -5.089246 1.818243
v 3.214174 -5.092716 1.842115
v 3.379623 -4.925282 1.731668
v 3.388139 -4.937435 1.75083
v 3.395285 -4.947585 1.771647
v 3.400954 -4.955583 1.793812
v 3.405064 -4.961313 1.817
v 3.407554 -4.964689 1.840871
v 3.816202 -4.641461 1.79076
v 3.820813 -4.646811 1.813944
v 3.823608 -4.649957 1.837813
v 3.945157 -4.482236 1.727363
v 3.955098 -4.493272 1.746515
v 3.963439 -4.502485 1.767322
v 3.970057 -4.50974 1.78948
v 3.974855 -4.514931 1.812663
v 3.977762 -4.517981 1.83653
v 4.356996 -4.120197 1.763608
v 4.364271 -4.126813 1.785759
v 4.369545 -4.131541 1.808938
v 4.372741 -4.134311 1.832803
v 4.83544 -3.541885 1.757989
v 4.843514 -3.547536 1.780131
v 4.849367 -3.551564 1.803303
v 4.852914 -3.553909 1.827163
v 5.237626 -2.908171 1.751832
v 5.246371 -2.912765 1.773964
v 5.252711 -2.916025 1.797128
v 5.256553 -2.917905 1.820984
v 5.557211 -2.22905 1.745233
v 5.56649 -2.232509 1.767354
v 5.573217 -2.234947 1.79051
v 5.577293 -2.23633 1.814362
v 5.776973 -1.512304 1.717551
v 5.789156 -1.515231 1.738297
v 5.798822 -1.517498 1.760407
v 5.80583 -1.519072 1.783555
v 5.810077 -1.519931 1.807401
v 5.917324 -0.776596 1.710403
v 5.929802 -0.777971 1.731134
v 5.939704 -0.779007 1.753232
v 5.946882 -0.779689 1.776371
v 5.951231 -0.780007 1.800212
v 6.375223 -0.83419 1.736625
v 6.351654 -0.83117 1.74095
v 6.328778 -0.828211 1.748106
v 6.306928 -0.825354 1.757991
v 6.286423 -0.822643 1.77046
v 6.267561 -0.820115 1.78533
v 6.250618 -0.817809 1.802386
v 6.235841 -0.815758 1.821379
v 6.223445 -0.813991 1.842031
v 6.213611 -0.812535 1.864042
v 6.206483 -0.81141 1.88709
v 6.202164 -0.810634 1.910839
v 6.224011 -1.626829 1.744327
v 6.201002 -1.620879 1.748622
v 6.178668 -1.615075 1.755751
v 6.157337 -1.609502 1.76561
v 6.137318 -1.604241 1.778054
v 6.118904 -1.599369 1.792902
v 6.102363 -1.594956 1.809937
v 6.087936 -1.591067 1.828912
v 6.075834 -1.587759 1.849549
v 6.066233 -1.585081 1.871548
v 6.059274 -1.58307 1.894587
v 6.055057 -1.581756 1.918331
v 5.974644 -2.394267 1.751783
v 5.952556 -2.38548 1.756051
v 5.931118 -2.376923 1.763154
v 5.910641 -2.368719 1.772987
v 5.891424 -2.36099 1.785406
v 5.873747 -2.353847 1.800232
v 5.857869 -2.347394 1.817248
v 5.84402 -2.341727 1.836205
v 5.832403 -2.336927 1.856828
v 5.823187 -2.333064 1.878815
v 5.816506 -2.330195 1.901846
v 5.812459 -2.328362 1.925586
v 5.631052 -3.124401 1.758877
v 5.610235 -3.112915 1.763119
v 5.59003 -3.101738 1.770196
v 5.57073 -3.091032 1.780005
v 5.552619 -3.080954 1.792402
v 5.535958 -3.071651 1.807207
v 5.520993 -3.063258 1.824203
v 5.507941 -3.055898 1.843145
v 5.496992 -3.049678 1.863753
v 5.488306 -3.044689 1.88573
v 5.482009 -3.041004 1.908753
v 5.478195 -3.038676 1.932487
v 5.198657 -3.805717 1.765497
v 5.179438 -3.791712 1.769715
v 5.160783 -3.77809 1.776768
v 5.142966 -3.765049 1.786554
v 5.126245 -3.752779 1.798929
v 5.110864 -3.74146 1.813715
v 5.097048 -3.731257 1.830694
v 5.084998 -3.722318 1.84962
v 5.07489 -3.714773 1.870216
v 5.066871 -3.708734 1.892182
v 5.061058 -3.704286 1.915197
v 5.057536 -3.701497 1.938927
v 4.684274 -4.427469 1.771538
v 4.666957 -4.411165 1.775733
v 4.650148 -4.395312 1.782765
v 4.634094 -4.38014 1.79253
v 4.619027 -4.365871 1.804886
v 4.605168 -4.352713 1.819654
v 4.59272 -4.340857 1.836617
v 4.581862 -4.330476 1.855528
v 4.572754 -4.321723 1.876113
v 4.565528 -4.314724 1.89807
v 4.56029 -4.309582 1.921078
v 4.557117 -4.306371 1.944804
v 4.096018 -4.979852 1.776905
v 4.080875 -4.961506 1.78108
v 4.066178 -4.943671 1.788093
v 4.05214 -4.926606 1.797839
v 4.038965 -4.91056 1.810178
v 4.026847 -4.895767 1.82493
v 4.015961 -4.882443 1.841879
v 4.006467 -4.870783 1.860778
v 3.998502 -4.860955 1.881352
v 3.992184 -4.853104 1.9033
v 3.987604 -4.847344 1.926303
v 3.984829 -4.84376 1.950025
v 3.443166 -5.454154 1.781513
v 3.430436 -5.434055 1.785672
v 3.418082 -5.414518 1.792668
v 3.406281 -5.395828 1.802398
v 3.395206 -5.378256 1.814723
v 3.385019 -5.362061 1.829461
v 3.375868 -5.347476 1.846397
v 3.367887 -5.334716 1.865286
v 3.361193 -5.323966 1.885851
v 3.355881 -5.315383 1.907792
v 3.352031 -5.309093 1.93079
v 3.349699 -5.305187 1.954509
v 2.736012 -5.842897 1.785291
v 2.725897 -5.821361 1.789435
v 2.71608 -5.800429 1.796417
v 2.706702 -5.780406 1.806135
v 2.697902 -5.761584 1.818447
v 2.689808 -5.744238 1.833174
v 2.682536 -5.728621 1.850101
v 2.676194 -5.714959 1.86898
v 2.670875 -5.703454 1.889538
v 2.666654 -5.694272 1.911473
v 2.663595 -5.687547 1.934467
v 2.661741 -5.683377 1.958183
v 1.98571 -6.139949 1.788177
v 1.978369 -6.117314 1.79231
v 1.971244 -6.095316 1.799282
v 1.964438 -6.074275 1.80899
v 1.958051 -6.054498 1.821293
v 1.952176 -6.036273 1.836011
v 1.946899 -6.019866 1.85293
v 1.942296 -6.005517 1.871803
v 1.938435 -5.993433 1.892355
v 1.935372 -5.983793 1.914286
v 1.933152 -5.976736 1.937277
v 1.931807 -5.972365 1.960991
v 1.204092 -6.340625 1.790127
v 1.199641 -6.317248 1.794253
v 1.19532 -6.29453 1.801218
v 1.191193 -6.272801 1.810919
v 1.187321 -6.252378 1.823216
v 1.183758 -6.23356 1.837928
v 1.180558 -6.21662 1.854842
v 1.177767 -6.201805 1.873711
v 1.175426 -6.189332 1.894259
v 1.173569 -6.179382 1.916187
v 1.172222 -6.1721 1.939175
v 1.171407 -6.167593 1.962888
v 0.403485 -6.44176 1.791109
v 0.401994 -6.41801 1.795232
v 0.400546 -6.394929 1.802193
v 0.399163 -6.372853 1.811891
v 0.397865 -6.352106 1.824185
v 0.396671 -6.332987 1.838894
v 0.395599 -6.315779 1.855806
v 0.394664 -6.300729 1.874672
v 0.393879 -6.288059 1.895218
v 0.393257 -6.277953 1.917144
v 0.392806 -6.270559 1.940132
v 0.392532 -6.265983 1.963844
v -0.403485 -6.44176 1.791109
v -0.401994 -6.41801 1.795232
v -0.400546 -6.394929 1.802193
v -0.399163 -6.372853 1.811891
v -0.397865 -6.352106 1.824185
v -0.396671 -6.332987 1.838894
v -0.395599 -6.315779 1.855806
v -0.394664 -6.300729 1.874672
v -0.393879 -6.288059 1.895218
v -0.393257 -6.277953 1.917144
v -0.392806 -6.270559 1.940132
v -0.392532 -6.265983 1.963844
v -1.204092 -6.340625 1.790127
v -1.199641 -6.317248 1.794253
v -1.19532 -6.29453 1.801218
v -1.191193 -6.272801 1.810919
v -1.187321 -6.252378 1.823216
v -1.183758 -6.23356 1.837928
v -1.180558 -6.21662 1.854842
v -1.177767 -6.201805 1.873711
v -1.175426 -6.189332 1.894259
v -1.173569 -6.179382 1.916187
v -1.172222 -6.1721 1.939175
v -1.171407 -6.167593 1.962888
v -1.98571 -6.139949 1.788177
v -1.978369 -6.117314 1.79231
v -1.971244 -6.095316 1.799282
v -1.964438 -6.074275 1.80899
v -1.958051 -6.054498 1.821293
v -1.952176 -6.036273 1.836011
v -1.946899 -6.019866 1.85293
v -1.942296 -6.005517 1.871803
v -1.938435 -5.993433 1.892355
v -1.935372 -5.983793 1.914286
v -1.933152 -5.976736 1.937277
v -1.931807 -5.972365 1.960991
v -2.736012 -5.842897 1.785291
v -2.725897 -5.821361 1.789435
v -2.71608 -5.800429 1.796417
v -2.706702 -5.780406 1.806135
v -2.697902 -5.761584 1.818447
v -2.689808 -5.744238 1.833174
v -2.682536 -5.728621 1.850101
v -2.676194 -5.714959 1.86898
v -2.670875 -5.703454 1.889538
v -2.666654 -5.694272 1.911473
v -2.663595 -5.687547 1.934467
v -2.661741 -5.683377 1.958183
v -3.443166 -5.454154 1.781513
v -3.430436 -5.434055 1.785672
v -3.418082 -5.414518 1.792668
v -3.406281 -5.395828 1.802398
v -3.395206 -5.378256 1.814723
v -3.385019 -5.362061 1.829461
v -3.375868 -5.347476 1.846397
v -3.367887 -5.334716 1.865286
v -3.361193 -5.323966 1.885851
v -3.355881 -5.315383 1.907792
v -3.352031 -5.309093 1.93079
v -3.349699 -5.305187 1.954509
v -4.096018 -4.979852 1.776905
v -4.080875 -4.961506 1.78108
v -4.066178 -4.943671 1.788093
v -4.05214 -4.926606 1.797839
v -4.038965 -4.91056 1.810178
v -4.026847 -4.895767 1.82493
v -4.015961 -4.882443 1.841879
v -4.006467 -4.870783 1.860778
v -3.998502 -4.860955 1.881352
v -3.992184 -4.853104 1.9033
v -3.987604 -4.847344 1.926303
v -3.984829 -4.84376 1.950025
v -4.684274 -4.427469 1.771538
v -4.666957 -4.411165 1.775733
v -4.650148 -4.395312 1.782765
v -4.634094 -4.38014 1.79253
v -4.619027 -4.365871 1.804886
v -4.605168 -4.352713 1.819654
v -4.59272 -4.340857 1.836617
v -4.581862 -4.330476 1.855528
v -4.572754 -4.321723 1.876113
v -4.565528 -4.314724 1.89807
v -4.56029 -4.309582 1.921078
v -4.557117 -4.306371 1.944804
v -5.198657 -3.805717 1.765497
v -5.179438 -3.791712 1.769715
v -5.160783 -3.77809 1.776768
v -5.142966 -3.765049 1.786554
v -5.126245 -3.752779 1.798929
v -5.110864 -3.74146 1.813715
v -5.097048 -3.731257 1.830694
v -5.084998 -3.722318 1.84962
v -5.07489 -3.714773 1.870216
v -5.066871 -3.708734 1.892182
v -5.061058 -3.704286 1.915197
v -5.057536 -3.701497 1.938927
v -5.631052 -3.124401 1.758877
v -5.610235 -3.112915 1.763119
v -5.59003 -3.101738 1.770196
v -5.57073 -3.091032 1.780005
v -5.552619 -3.080954 1.792402
v -5.535958 -3.071651 1.807207
v -5.520993 -3.063258 1.824203
v -5.507941 -3.055898 1.843145
v -5.496992 -3.049678 1.863753
v -5.488306 -3.044689 1.88573
v -5.482009 -3.041004 1.908753
v -5.478195 -3.038676 1.932487
v -5.974644 -2.394267 1.751783
v -5.952556 -2.38548 1.756051
v -5.931118 -2.376923 1.763154
v -5.910641 -2.368719 1.772987
v -5.891424 -2.36099 1.785406
v -5.873747 -2.353847 1.800232
v -5.857869 -2.347394 1.817248
v -5.84402 -2.341727 1.836205
v -5.832403 -2.336927 1.856828
v -5.823187 -2.333064 1.878815
v -5.816506 -2.330195 1.901846
v -5.812459 -2.328362 1.925586
v -6.224011 -1.626829 1.744327
v -6.201002 -1.620879 1.748622
v -6.178668 -1.615075 1.755751
v -6.157337 -1.609502 1.76561
v -6.137318 -1.604241 1.778054
v -6.118904 -1.599369 1.792902
v -6.102363 -1.594956 1.809937
v -6.087936 -1.591067 1.828912
v -6.075834 -1.587759 1.849549
v -6.066233 -1.585081 1.871548
v -6.059274 -1.58307 1.894587
v -6.055057 -1.581756 1.918331
v -6.375223 -0.83419 1.736625
v -6.351654 -0.83117 1.74095
v -6.328778 -0.828211 1.748106
v -6.306928 -0.825354 1.757991
v -6.286423 -0.822643 1.77046
v -6.267561 -0.820115 1.78533
v -6.250618 -0.817809 1.802386
v -6.235841 -0.815758 1.821379
v -6.223445 -0.813991 1.842031
v -6.213611 -0.812535 1.864042
v -6.206483 -0.81141 1.88709
v -6.202164 -0.810634 1.910839
v 5.705639 -0.631414 13.90023
v 5.797162 -0.644825 13.710085
v 5.659662 -1.365593 13.717088
v 4.378512 -1.635374 14.813601
v 3.924654 -2.058677 14.889568
v 4.126712 -2.170452 14.8188
v 4.583283 -1.717407 14.715273
v 5.610761 -0.617914 14.056055
v 5.477682 -1.315507 14.062834
v 4.974769 -1.1813 14.585114
v 4.775453 -1.794703 14.591073
v 5.004809 -1.88746 14.390934
v 5.213698 -1.244597 14.384687
v 4.164126 -1.549798 14.884624
v 5.501508 -0.602681 14.203252
v 5.37102 -1.28669 14.209897
v 4.774579 -1.128688 14.709553
v 3.94325 -1.461928 14.927306
v 3.716481 -1.943815 14.931989
v 5.340364 -0.580623 14.378236
v 4.561261 -1.072957 14.808136
v 5.09563 -0.547754 14.578958
v 4.337927 -1.01492 14.879427
v 4.890576 -0.520637 14.703645
v 4.107832 -0.955421 14.922385
v 4.672076 -0.492072 14.802492
v 4.443316 -0.462477 14.87406
v 4.207631 -0.432281 14.917302
v -5.950054 -0.625965 13.112482
v -5.924944 -0.621185 13.297058
v -5.87816 -0.613697 13.494982
v -5.824828 -1.323712 13.119262
v -5.802341 -0.602593 13.709674
v -5.800247 -1.315988 13.303809
v -5.710736 -0.589849 13.899827
v -5.754447 -1.303014 13.501679
v -5.615773 -0.57704 14.055658
v -5.506423 -0.562603 14.202862
v -5.618067 -2.001788 13.125851
v -5.680224 -1.283019 13.716286
v -5.594359 -1.991202 13.310369
v -5.345135 -0.541719 14.377858
v -5.590547 -1.259533 13.906334
v -5.550184 -1.972896 13.508188
v -5.497583 -1.235588 14.062057
v -5.100182 -0.510633 14.578597
v -5.390534 -1.208328 14.209136
v -5.332665 -2.650698 13.132155
v -5.478596 -1.94426 13.72271
v -4.894946 -0.48501 14.703299
v -5.310161 -2.637374 13.316648
v -5.23264 -1.168529 14.383948
v -5.392102 -1.910335 13.912657
v -5.26823 -2.613966 13.514417
v -5.302438 -1.875568 14.068275
v -4.67625 -0.458037 14.802161
v -4.992843 -1.108718 14.584409
v -5.199189 -1.835846 14.215233
v -4.972617 -3.261362 13.138088
v -5.20028 -2.577062 13.728858
v -4.447286 -0.430108 14.873745
v -4.791926 -1.059028 14.708876
v -4.951632 -3.24546 13.322556
v -5.0469 -1.777667 14.389867
v -5.118179 -2.533146 13.918708
v -4.21139 -0.401629 14.917005
v -4.912533 -3.217251 13.520279
v -5.03307 -2.488022 14.074225
v -4.577833 -1.006409 14.807489
v -4.815614 -1.689941 14.590055
v -4.935066 -2.436375 14.221068
v -4.542963 -3.825229 13.143567
v -4.84917 -3.172565 13.734644
v -4.353687 -0.951629 14.878812
v -4.621829 -1.616861 14.714295
v -4.523791 -3.806948 13.328012
v -4.790514 -2.360606 14.395531
v -4.772613 -3.119248 13.924403
v -4.122757 -0.895488 14.921803
v -4.48807 -3.774305 13.525691
v -4.69325 -3.064378 14.079825
v -4.415336 -1.53932 14.812668
v -4.570978 -2.246165 14.59546
v -4.601863 -3.001507 14.226559
v -4.049717 -4.334408 13.148515
v -4.430182 -3.722435 13.739987
v -4.199147 -1.458447 14.883737
v -4.387037 -2.150702 14.719482
v -4.032627 -4.313979 13.332938
v -4.46707 -2.909185 14.400861
v -4.36024 -3.660436 13.929661
v -3.819439 -4.535002 13.150463
v -3.976413 -1.375423 14.926466
v -4.000784 -4.277332 13.530579
v -4.287735 -3.596567 14.084996
v -4.191034 -2.04931 14.817622
v -3.803321 -4.513726 13.334879
v -4.262357 -2.769605 14.600546
v -4.204243 -3.523334 14.231629
v -3.499784 -4.781772 13.152861
v -3.949181 -4.218973 13.744811
v -3.773289 -4.475502 13.532504
v -3.985827 -1.943467 14.888449
v -4.090835 -2.653078 14.724364
v -3.485014 -4.759454 13.337267
v -4.081097 -3.415726 14.405783
v -3.886833 -4.149136 13.934409
v -3.72462 -4.414587 13.746712
v -3.774409 -1.834716 14.930928
v -3.21067 -4.977278 13.15476
v -2.900503 -5.168926 13.067823
v -3.457496 -4.719289 13.534873
v -3.822199 -4.077139 14.089665
v -3.908066 -2.529241 14.822286
v -3.665817 -4.341661 13.93628
v -3.19712 -4.954135 13.339158
v -3.894072 -3.252933 14.605242
v -3.747773 -3.994549 14.236207
v -2.90086 -5.161057 13.156547
v -2.888051 -5.168064 13.156609
v -2.855594 -5.166825 13.284094
v -3.4129 -4.65523 13.74905
v -3.716714 -2.399899 14.892883
v -3.604859 -4.266464 14.091505
v -3.171875 -4.912434 13.536749
v -3.73737 -3.116957 14.728871
v -2.888619 -5.137138 13.340937
v -2.807375 -5.165634 13.40668
v -3.637998 -3.873139 14.410227
v -3.359018 -4.578505 13.938581
v -3.534665 -4.180186 14.238011
v -3.51957 -2.266937 14.935128
v -3.130963 -4.845883 13.750902
v -2.865809 -5.093991 13.538513
v -2.734704 -5.164346 13.539189
v -3.303162 -4.499369 14.093768
v -3.570393 -2.972394 14.826591
v -3.431131 -4.053339 14.411978
v -3.081533 -4.766149 13.940404
v -3.471278 -3.689384 14.609483
v -3.238842 -4.408556 14.24023
v -2.828845 -5.025099 13.752644
v -2.632539 -5.162989 13.678867
v -2.500906 -5.161643 13.817396
v -3.395575 -2.821354 14.896978
v -3.030291 -4.683892 14.095561
v -3.331591 -3.535844 14.732941
v -3.273892 -3.861326 14.611153
v -3.143974 -4.275021 14.414131
v -2.784185 -4.942535 13.942119
v -2.971285 -4.589487 14.241988
v -3.215465 -2.666037 14.939006
v -2.737887 -4.857346 14.097246
v -3.182743 -3.372567 14.83048
v -3.142147 -3.700867 14.734545
v -2.884253 -4.450651 14.415838
v -2.473282 -5.102401 13.943671
v -2.318758 -5.160204 13.965549
v -2.999894 -4.072848 14.613208
v -2.684575 -4.759562 14.243641
v -3.026905 -3.201933 14.900676
v -3.001763 -3.530217 14.832011
v -2.432154 -5.014553 14.098774
v -2.102934 -5.158895 14.100284
v -2.879175 -3.903877 14.736517
v -2.605941 -4.615745 14.417442
v -2.752076 -4.240429 14.614837
v -2.86635 -3.026429 14.942507
v -2.384795 -4.913709 14.245138
v -2.854787 -3.351864 14.902133
v -2.75054 -3.724157 14.833896
v -2.64133 -4.064715 14.738079
v -2.314942 -4.765377 14.418896
v -2.486518 -4.397958 14.616367
v -2.703362 -3.168408 14.943887
v -2.061928 -5.055097 14.246511
v -1.785246 -5.157464 14.247508
v -2.615865 -3.536308 14.903925
v -2.523321 -3.87781 14.835388
v -2.386458 -4.215905 14.739549
v -2.208855 -4.540732 14.617754
v -2.001532 -4.902623 14.42023
v -2.477113 -3.343069 14.945583
v -2.399771 -3.682437 14.905345
v -2.279836 -4.022244 14.836792
v -2.119968 -4.352933 14.74088
v -1.732958 -5.001992 14.421195
v -1.500734 -5.156522 14.344501
v -1.909808 -4.671689 14.619027
v -2.272481 -3.481447 14.946928
v -2.168208 -3.819799 14.906679
v -2.025253 -4.153151 14.838064
v -1.479442 -5.081273 14.421966
v -1.01075 -5.155432 14.456691
v -1.832955 -4.478621 14.742101
v -1.653542 -4.766504 14.619948
v -2.053201 -3.611523 14.948192
v -1.92609 -3.944296 14.907889
v -1.751063 -4.273222 14.839231
v -1.587002 -4.56962 14.742985
v -1.411643 -4.842152 14.620683
v -1.823925 -3.729416 14.949338
v -1.665325 -4.058488 14.908998
v -1.516098 -4.360156 14.840075
v -1.354837 -4.642224 14.74369
v -1.576992 -3.837552 14.950388
v -0.970992 -4.94733 14.621705
v -0.39745 -5.154748 14.527016
v -1.441865 -4.141166 14.909801
v -1.294306 -4.429516 14.840749
v -0.931919 -4.743169 14.744672
v -1.365385 -3.915843 14.951149
v -1.230933 -4.20713 14.910443
v -0.890283 -4.525951 14.841686
v -1.165641 -3.978309 14.951756
v -0.38772 -5.02529 14.622462
v 0.223853 -5.154669 14.535234
v -0.846691 -4.298843 14.911334
v -0.372118 -4.817992 14.745399
v -0.801781 -4.065157 14.9526
v -0.355492 -4.597431 14.842381
v 0.218798 -5.035282 14.62256
v -0.338086 -4.366823 14.911995
v 0.209994 -4.827582 14.745492
v -0.320153 -4.129531 14.953225
v 0.200612 -4.606593 14.842469
v 0.753308 -4.984403 14.622066
v 0.778428 -5.155096 14.491284
v 0.190789 -4.375536 14.912079
v 0.722994 -4.77875 14.745017
v 1.134377 -4.913113 14.621372
v 1.188887 -5.155761 14.422817
v 3.21067 -4.977278 13.15476
v 2.896695 -5.168604 13.100958
v 2.873202 -5.167421 13.222728
v 1.519992 -5.06951 14.421851
v 1.545382 -5.156651 14.331141
v 1.806379 -5.157546 14.239151
v 0.180669 -4.137782 14.953305
v 0.690692 -4.559943 14.842016
v 2.688499 -5.100268 13.753374
v 2.647386 -5.163164 13.660932
v 2.720618 -5.164133 13.561114
v 2.565336 -5.16226 13.753976
v 3.19712 -4.954135 13.339158
v 2.835211 -5.16627 13.341213
v 2.001522 -5.078882 14.246743
v 2.031937 -5.158531 14.137747
v 1.088729 -4.71033 14.744352
v 2.308947 -5.071438 14.099326
v 2.194205 -5.159405 14.047727
v 2.348064 -5.16041 13.944333
v 3.499784 -4.781772 13.152861
v 1.450335 -4.830928 14.620574
v 0.656874 -4.331171 14.911648
v 2.646054 -5.016517 13.942837
v 2.475955 -5.161422 13.84018
v 3.171875 -4.912434 13.536749
v 2.783733 -5.165169 13.454492
v 1.942895 -4.925712 14.420454
v 2.263987 -4.969486 14.24568
v 1.040087 -4.494579 14.841381
v 3.485014 -4.759454 13.337267
v 1.391972 -4.631452 14.743586
v 2.602053 -4.930098 14.097953
v 0.622031 -4.09577 14.952897
v 3.130963 -4.845883 13.750902
v 3.819439 -4.535002 13.150463
v 3.457496 -4.719289 13.534873
v 2.197673 -4.81952 14.419422
v 0.989161 -4.269007 14.911044
v 1.853858 -4.69372 14.619241
v 2.551386 -4.830898 14.244333
v 1.329782 -4.419225 14.840649
v 3.081533 -4.766149 13.940404
v 3.803321 -4.513726 13.334879
v 4.049717 -4.334408 13.148515
v 3.4129 -4.65523 13.74905
v 0.936693 -4.036903 14.952325
v 2.476654 -4.684991 14.418115
v 1.779257 -4.499765 14.742307
v 2.09696 -4.592394 14.618257
v 3.030291 -4.683892 14.095561
v 3.773289 -4.475502 13.532504
v 1.264672 -4.197343 14.910348
v 4.032627 -4.313979 13.332938
v 3.359018 -4.578505 13.938581
v 2.971285 -4.589487 14.241988
v 1.699763 -4.293422 14.839427
v 2.012576 -4.402517 14.741362
v 3.72462 -4.414587 13.746712
v 1.19759 -3.969041 14.951666
v 4.367974 -4.019918 13.145458
v 4.000784 -4.277332 13.530579
v 2.363155 -4.46403 14.617009
v 3.303162 -4.499369 14.093768
v 2.884253 -4.450651 14.415838
v 1.616537 -4.077699 14.909185
v 3.665817 -4.341661 13.93628
v 4.349541 -4.000815 13.329896
v 1.922658 -4.200519 14.838524
v 3.238842 -4.408556 14.24023
v 3.949181 -4.218973 13.744811
v 2.268059 -4.279318 14.740165
v 3.604859 -4.266464 14.091505
v 4.315196 -3.966641 13.52756
v 1.530792 -3.855743 14.950565
v 3.143974 -4.275021 14.414131
v 1.828519 -3.989345 14.908327
v 3.886833 -4.149136 13.934409
v 2.752076 -4.240429 14.614837
v 2.166728 -4.082824 14.83738
v 3.534665 -4.180186 14.238011
v 4.259537 -3.91229 13.741832
v 3.822199 -4.077139 14.089665
v 4.847623 -3.440149 13.139826
v 1.731529 -3.772076 14.949752
v 2.64133 -4.064715 14.738079
v 2.060638 -3.877414 14.907239
v 2.999894 -4.072848 14.613208
v 3.431131 -4.053339 14.411978
v 3.747773 -3.994549 14.236207
v 4.192289 -3.847294 13.931477
v 4.827166 -3.423493 13.324286
v 2.523321 -3.87781 14.835388
v 1.951336 -3.666081 14.948722
v 2.879175 -3.903877 14.736517
v 4.122576 -3.780318 14.086782
v 4.789049 -3.393878 13.521995
v 3.637998 -3.873139 14.410227
v 3.273892 -3.861326 14.611153
v 2.399771 -3.682437 14.905345
v 4.042301 -3.703506 14.233379
v 2.75054 -3.724157 14.833896
v 4.727279 -3.346914 13.736339
v 5.250822 -2.804839 13.133653
v 3.142147 -3.700867 14.734545
v 3.471278 -3.689384 14.609483
v 2.272481 -3.481447 14.946928
v 3.923898 -3.590622 14.407482
v 4.652646 -3.290844 13.92607
v 5.228663 -2.790864 13.318139
v 2.615865 -3.536308 14.903925
v 3.001763 -3.530217 14.832011
v 3.331591 -3.535844 14.732941
v 4.575278 -3.233121 14.081465
v 5.187376 -2.766244 13.515897
v 2.477113 -3.343069 14.945583
v 3.744077 -3.419813 14.606863
v 2.854787 -3.351864 14.902133
v 4.486188 -3.166965 14.228167
v 3.182743 -3.372567 14.83048
v 5.120468 -2.727376 13.730319
v 5.571213 -2.124006 13.127038
v 3.593412 -3.277122 14.730427
v 2.703362 -3.168408 14.943887
v 4.354784 -3.069796 14.402421
v 3.026905 -3.201933 14.900676
v 5.039629 -2.681087 13.920146
v 5.547702 -2.112905 13.311552
v 3.432866 -3.125404 14.828078
v 4.955825 -2.633503 14.075639
v 5.503896 -2.093638 13.509361
v 2.86635 -3.026429 14.942507
v 4.155216 -2.922855 14.602035
v 3.264782 -2.966871 14.898393
v 4.859325 -2.579023 14.222454
v 5.432905 -2.063445 13.723868
v 5.803742 -1.408389 13.120085
v 3.988006 -2.800162 14.725793
v 3.091609 -2.803836 14.940345
v 4.716991 -2.499075 14.396876
v 5.347133 -2.027638 13.913796
v 5.77925 -1.400307 13.304628
v 3.809831 -2.669753 14.823651
v 5.258216 -1.99092 14.069396
v 5.733615 -1.386667 13.502493
v 4.500824 -2.378289 14.596744
v 3.623289 -2.533531 14.894182
v 5.155828 -1.948952 14.216332
v 5.944743 -0.669272 13.112904
v 4.319707 -2.27751 14.720715
v 3.4311 -2.393481 14.936357
v 5.570309 -1.340804 13.907124
v 5.919656 -0.664309 13.297478
v 5.872913 -0.65648 13.495398
v -3.0 -0.763655 18.735285
v -3.0 1.531379 18.212961
v -3.0 -1.268489 18.240166
v -3.0 1.03626 18.717796
v -2.5 -0.763655 18.735285
v -2.5 1.03626 18.717796
v -2.5 1.531379 18.212961
v -2.5 -1.268489 18.240166
v 2.5 1.531379 18.212961
v 2.5 -0.763655 18.735285
v 2.5 1.03626 18.717796
v 2.5 -1.268489 18.240166
v 3.0 1.03626 18.717796
v 3.0 -0.763655 18.735285
v 3.0 1.531379 18.212961
v 3.0 -1.268489 18.240166
vn -0.854673 0.055884 0.51615
vn -0.884209 0.172896 0.433915
vn -0.837829 0.164889 0.520437
vn -0.89819 0.063198 0.435041
vn -0.884208 0.172896 0.433916
vn -0.269673 0.136166 0.953276
vn -0.371962 0.18388 0.909853
vn -0.837829 0.164888 0.520437
vn -0.851346 0.057461 0.521448
vn -0.60153 0.202966 0.772636
vn -0.60153 0.202966 0.772636
vn -0.269675 0.136168 0.953275
vn -0.720989 0.144128 0.677792
vn -0.786386 0.050993 0.615627
vn -0.787364 0.155999 0.596424
vn -0.799897 0.057114 0.597414
vn -0.787363 0.156 0.596426
vn -0.492729 0.1684 0.853733
vn -0.49273 0.1684 0.853732
vn -0.163409 0.086448 0.982764
vn -0.05474 0.035454 0.997871
vn -0.163414 0.086448 0.982763
vn -0.720987 0.144127 0.677795
vn -0.732126 0.057095 0.678772
vn -0.706546 0.046625 0.706129
vn -0.621284 0.126035 0.773383
vn -0.390966 0.135883 0.910319
vn -0.390966 0.135883 0.910319
vn -0.616255 0.046412 0.786178
vn -0.630527 0.054145 0.774277
vn -0.621284 0.126035 0.773383
vn -0.171759 0.06536 0.982969
vn -0.283452 0.101369 0.953614
vn -0.283454 0.101369 0.953613
vn -0.508909 0.105385 0.854345
vn -0.508912 0.105385 0.854344
vn -0.517066 0.040839 0.854971
vn -0.410275 0.034667 0.911303
vn -0.403804 0.085883 0.910805
vn -0.517066 0.040839 0.854971
vn -0.057536 0.028393 0.99794
vn -0.171762 0.065363 0.982968
vn -0.057534 0.028391 0.99794
vn -0.059423 0.021033 0.998011
vn -0.410274 0.034668 0.911303
vn -0.403803 0.085883 0.910806
vn -0.297452 0.027988 0.954327
vn -0.29276 0.065118 0.953966
vn -0.29745 0.027987 0.954327
vn -0.292759 0.065118 0.953966
vn -0.180244 0.020897 0.9834
vn -0.060379 0.013498 0.998084
vn -0.177401 0.043395 0.983181
vn -0.177403 0.043394 0.983181
vn -0.059427 0.021032 0.998011
vn -0.060379 0.013498 0.998084
vn -0.180243 0.020896 0.9834
vn -0.996434 0.059632 0.059696
vn 0.996659 0.055692 0.059748
vn 0.997252 0.059528 0.044092
vn 0.988878 0.062651 0.134887
vn 0.982235 0.054786 0.179478
vn 0.953443 0.054613 0.296588
vn 0.970991 0.063378 0.230562
vn 0.983293 0.17689 0.042952
vn 0.983293 0.17689 0.042952
vn 0.9405 0.063031 0.333897
vn 0.91078 0.05353 0.409407
vn 0.975202 0.17632 0.133761
vn 0.975202 0.17632 0.133762
vn 0.898351 0.060077 0.435151
vn 0.854812 0.052591 0.516266
vn 0.957626 0.174096 0.229439
vn 0.957626 0.174096 0.22944
vn 0.851485 0.054287 0.521561
vn 0.800009 0.054258 0.59753
vn 0.786494 0.047853 0.615741
vn 0.95557 0.291782 0.041835
vn 0.95557 0.291782 0.041834
vn 0.927604 0.169712 0.332788
vn 0.927604 0.169712 0.332788
vn 0.947707 0.290267 0.132654
vn 0.947707 0.290267 0.132655
vn 0.732215 0.054697 0.678873
vn 0.706624 0.043761 0.706235
vn 0.88596 0.163222 0.434089
vn 0.88596 0.163222 0.43409
vn 0.930627 0.285988 0.228352
vn 0.930627 0.285988 0.228352
vn 0.839475 0.15572 0.520609
vn 0.839473 0.155719 0.520611
vn 0.616307 0.044164 0.786267
vn 0.517096 0.038952 0.85504
vn 0.630579 0.05227 0.774363
vn 0.788894 0.147381 0.596594
vn 0.788893 0.14738 0.596596
vn 0.91447 0.402596 0.040758
vn 0.91447 0.402596 0.040757
vn 0.901451 0.278096 0.331737
vn 0.901451 0.278097 0.331735
vn 0.517098 0.038952 0.85504
vn 0.906945 0.400169 0.131587
vn 0.906946 0.400169 0.131586
vn 0.722374 0.136232 0.67795
vn 0.722374 0.136232 0.67795
vn 0.860981 0.266741 0.433083
vn 0.860981 0.266741 0.433083
vn 0.8906 0.393909 0.227305
vn 0.8906 0.39391 0.227304
vn 0.815805 0.253808 0.519657
vn 0.815805 0.253807 0.519658
vn 0.41029 0.033169 0.911352
vn 0.410291 0.03317 0.911351
vn 0.622456 0.119228 0.77352
vn 0.622457 0.119229 0.773519
vn 0.766652 0.239558 0.595698
vn 0.766652 0.239558 0.595698
vn 0.86057 0.507779 0.039736
vn 0.86057 0.507779 0.039735
vn 0.862679 0.382635 0.330718
vn 0.862679 0.382634 0.330721
vn 0.297456 0.0269 0.954357
vn 0.297457 0.026901 0.954356
vn 0.509857 0.099806 0.85445
vn 0.509859 0.099808 0.854448
vn 0.853489 0.504487 0.130573
vn 0.853489 0.504487 0.130573
vn 0.838107 0.496348 0.22631
vn 0.702007 0.220637 0.67713
vn 0.702007 0.220638 0.67713
vn 0.780717 0.348413 0.518738
vn 0.82395 0.366586 0.432113
vn 0.823949 0.366585 0.432114
vn 0.059923 0.013469 0.998112
vn 0.180247 0.020237 0.983413
vn 0.180246 0.020237 0.983413
vn 0.060379 0.013276 0.998087
vn 0.838107 0.496348 0.226308
vn 0.780717 0.348413 0.518738
vn 0.404549 0.081456 0.910882
vn 0.404547 0.081455 0.910882
vn 0.604908 0.191959 0.772812
vn 0.604907 0.191958 0.772813
vn 0.733678 0.328464 0.594834
vn 0.733678 0.328464 0.594834
vn 0.794624 0.605862 0.038783
vn 0.794624 0.605862 0.038782
vn 0.811832 0.481862 0.329754
vn 0.811832 0.481861 0.329757
vn 0.293292 0.061906 0.954017
vn 0.293294 0.061907 0.954016
vn 0.495481 0.15938 0.853871
vn 0.49548 0.159379 0.853872
vn 0.788085 0.601763 0.129628
vn 0.788085 0.601762 0.129629
vn 0.671813 0.302046 0.676339
vn 0.671813 0.302046 0.676339
vn 0.775385 0.461357 0.431194
vn 0.775385 0.461358 0.431191
vn 0.177724 0.04145 0.983207
vn 0.177721 0.041448 0.983208
vn 0.058594 0.020875 0.998064
vn 0.059933 0.020454 0.997993
vn 0.773882 0.59187 0.22538
vn 0.773882 0.59187 0.22538
vn 0.734701 0.438212 0.517866
vn 0.690434 0.412852 0.594014
vn 0.7347 0.438212 0.517867
vn 0.393144 0.128724 0.910422
vn 0.393143 0.128724 0.910422
vn 0.578891 0.262108 0.77213
vn 0.578891 0.262108 0.77213
vn 0.690434 0.412852 0.594015
vn 0.717555 0.695469 0.037911
vn 0.71165 0.690632 0.128766
vn 0.717555 0.69547 0.03791
vn 0.74962 0.574388 0.328858
vn 0.74962 0.574389 0.328857
vn 0.285022 0.096175 0.953684
vn 0.285024 0.096177 0.953683
vn 0.474169 0.216839 0.853314
vn 0.474169 0.216839 0.853314
vn 0.711651 0.690632 0.128765
vn 0.54477 0.328693 0.771483
vn 0.632216 0.37932 0.675588
vn 0.632216 0.37932 0.675588
vn 0.715967 0.549732 0.430333
vn 0.715967 0.549731 0.430334
vn 0.656195 0.753664 0.037408
vn 0.631019 0.775499 -0.02038
vn 0.172713 0.062216 0.983005
vn 0.17271 0.062213 0.983006
vn 0.056411 0.028027 0.998014
vn 0.058587 0.027559 0.997902
vn 0.676916 0.658921 0.328036
vn 0.698825 0.679138 0.224533
vn 0.698825 0.679139 0.224532
vn 0.6784 0.521949 0.517052
vn 0.6784 0.521948 0.517053
vn 0.376234 0.174316 0.909979
vn 0.376234 0.174316 0.909979
vn 0.65078 0.748331 0.128394
vn 0.65078 0.748332 0.128393
vn 0.54477 0.328693 0.771483
vn 0.637526 0.491544 0.59325
vn 0.637526 0.491544 0.59325
vn 0.610486 0.79116 0.037035
vn 0.676916 0.658921 0.328036
vn 0.63902 0.735762 0.224295
vn 0.63902 0.735762 0.224294
vn 0.272765 0.12923 0.953362
vn 0.272763 0.129228 0.953363
vn 0.446222 0.271379 0.852783
vn 0.446221 0.271378 0.852784
vn 0.605451 0.785522 0.128
vn 0.605451 0.785522 0.128
vn 0.583768 0.451374 0.67489
vn 0.583768 0.451376 0.674888
vn 0.646526 0.630469 0.429549
vn 0.646526 0.630469 0.429549
vn 0.612603 0.59845 0.516308
vn 0.618934 0.713712 0.327928
vn 0.618934 0.713711 0.327929
vn 0.165282 0.082242 0.982811
vn 0.053423 0.034835 0.997964
vn 0.165285 0.082246 0.982811
vn 0.056347 0.034479 0.997816
vn 0.534985 0.844571 -0.022166
vn 0.559628 0.827931 0.036684
vn 0.51871 0.854799 0.016099
vn 0.594514 0.772287 0.223886
vn 0.575835 0.749099 0.327513
vn 0.594514 0.772287 0.223888
vn 0.612603 0.59845 0.51631
vn 0.354057 0.21759 0.909559
vn 0.354058 0.217591 0.909558
vn 0.591082 0.682725 0.429545
vn 0.591082 0.682725 0.429546
vn 0.555012 0.821988 0.127665
vn 0.544983 0.80809 0.223572
vn 0.555011 0.821988 0.127664
vn 0.503024 0.390784 0.770879
vn 0.503024 0.390782 0.77088
vn 0.575693 0.563436 0.592552
vn 0.575693 0.563436 0.592552
vn 0.50549 0.853381 0.127356
vn 0.509104 0.858793 0.057337
vn 0.476346 0.871993 0.112798
vn 0.478822 0.875951 0.058646
vn 0.575836 0.749099 0.327512
vn 0.15554 0.101253 0.982627
vn 0.256689 0.160605 0.953057
vn 0.256688 0.160603 0.953057
vn 0.526197 0.609822 0.59265
vn 0.560002 0.647888 0.516372
vn 0.560002 0.647888 0.516371
vn 0.544984 0.80809 0.223569
vn 0.412028 0.322236 0.852289
vn 0.412028 0.322236 0.852289
vn 0.496357 0.838918 0.223264
vn 0.50549 0.853382 0.127356
vn 0.513111 0.848821 0.127359
vn 0.457234 0.872678 0.171378
vn 0.52715 0.517206 0.674249
vn 0.527149 0.517204 0.67425
vn 0.549934 0.716533 0.42913
vn 0.549934 0.716533 0.429131
vn 0.526198 0.609822 0.592649
vn 0.049662 0.041214 0.997915
vn 0.05325 0.041089 0.997735
vn 0.155541 0.101254 0.982626
vn 0.527857 0.78377 0.327218
vn 0.527857 0.78377 0.327218
vn 0.496357 0.838918 0.223265
vn 0.480759 0.81363 0.326919
vn 0.488237 0.843667 0.223272
vn 0.457715 0.85533 0.242709
vn 0.521028 0.679933 0.515966
vn 0.521028 0.679932 0.515967
vn 0.326924 0.257942 0.909168
vn 0.326925 0.257943 0.909167
vn 0.481756 0.559599 0.674359
vn 0.481756 0.559597 0.674361
vn 0.504108 0.749637 0.428859
vn 0.504108 0.749637 0.428859
vn 0.454237 0.447508 0.770328
vn 0.454237 0.447507 0.770329
vn 0.489585 0.639946 0.592263
vn 0.489585 0.639943 0.592266
vn 0.48076 0.81363 0.326919
vn 0.418448 0.820412 0.389648
vn 0.452219 0.831487 0.322688
vn 0.445541 0.83347 0.326836
vn 0.237019 0.18986 0.952772
vn 0.237019 0.18986 0.952772
vn 0.477604 0.711288 0.515716
vn 0.477604 0.711288 0.515716
vn 0.372065 0.3687 0.851838
vn 0.372065 0.3687 0.851838
vn 0.415038 0.483943 0.770417
vn 0.415038 0.483942 0.770418
vn 0.448246 0.587192 0.674004
vn 0.448246 0.587192 0.674004
vn 0.386183 0.507732 0.770111
vn 0.417727 0.801225 0.428418
vn 0.434992 0.738309 0.515443
vn 0.45913 0.778155 0.428572
vn 0.45913 0.778155 0.428572
vn 0.410879 0.61415 0.673794
vn 0.448777 0.6694 0.592034
vn 0.448777 0.669398 0.592035
vn 0.045193 0.047084 0.997868
vn 0.143622 0.118983 0.982454
vn 0.049328 0.04728 0.997663
vn 0.143622 0.118982 0.982454
vn 0.434991 0.738308 0.515445
vn 0.408737 0.694791 0.591776
vn 0.214031 0.216588 0.952513
vn 0.295217 0.294809 0.90881
vn 0.295217 0.29481 0.908809
vn 0.339896 0.398469 0.851876
vn 0.269654 0.318386 0.9088
vn 0.339895 0.398472 0.851875
vn 0.410879 0.61415 0.673794
vn 0.407988 0.797759 0.443989
vn 0.367511 0.817246 0.443897
vn 0.386185 0.507732 0.77011
vn 0.408738 0.694792 0.591775
vn 0.214032 0.216589 0.952512
vn 0.269654 0.318386 0.9088
vn 0.195476 0.233656 0.952467
vn 0.389891 0.763253 0.515199
vn 0.38989 0.763255 0.515197
vn 0.361889 0.776899 0.515233
vn 0.337831 0.775316 0.533624
vn 0.316276 0.417966 0.85163
vn 0.316276 0.417967 0.85163
vn 0.374221 0.637399 0.673558
vn 0.374221 0.637399 0.673558
vn 0.353984 0.530947 0.769929
vn 0.353984 0.530947 0.769929
vn 0.289899 0.436971 0.851478
vn 0.322403 0.550979 0.769726
vn 0.044649 0.052946 0.997599
vn 0.040075 0.052372 0.997823
vn 0.129692 0.135179 0.982297
vn 0.129691 0.135176 0.982297
vn 0.366359 0.718232 0.591543
vn 0.366359 0.718232 0.591544
vn 0.321863 0.739414 0.591329
vn 0.335422 0.658861 0.673346
vn 0.195473 0.233656 0.952468
vn 0.118436 0.145509 0.982242
vn 0.25092 0.333861 0.908612
vn 0.25092 0.33386 0.908613
vn 0.289896 0.43697 0.85148
vn 0.229988 0.348933 0.908488
vn 0.335423 0.658861 0.673345
vn 0.322402 0.550979 0.769726
vn 0.039673 0.055241 0.997685
vn 0.118435 0.145509 0.982243
vn 0.32113 0.739072 0.592156
vn 0.277775 0.756521 0.592045
vn 0.181898 0.244877 0.952338
vn 0.181898 0.244878 0.952338
vn 0.229992 0.348934 0.908487
vn 0.264036 0.453376 0.851314
vn 0.264036 0.453379 0.851312
vn 0.288975 0.56947 0.769544
vn 0.288976 0.569468 0.769545
vn 0.254513 0.694434 0.673041
vn 0.29424 0.678459 0.673139
vn 0.294241 0.678457 0.673141
vn 0.036921 0.057517 0.997662
vn 0.110214 0.152309 0.982168
vn 0.034375 0.05701 0.997782
vn 0.110214 0.152308 0.982169
vn 0.166723 0.255802 0.952244
vn 0.166723 0.255799 0.952245
vn 0.151849 0.265237 0.952151
vn 0.209473 0.361953 0.908356
vn 0.209473 0.36195 0.908358
vn 0.236661 0.468524 0.851162
vn 0.236661 0.468522 0.851163
vn 0.254514 0.694435 0.67304
vn 0.231788 0.702303 0.673086
vn 0.253498 0.586358 0.769366
vn 0.2535 0.586354 0.769368
vn 0.101018 0.158928 0.982109
vn 0.101018 0.158928 0.982109
vn 0.033838 0.059734 0.997641
vn 0.092008 0.164645 0.982052
vn 0.151853 0.265238 0.95215
vn 0.187756 0.373964 0.908239
vn 0.187756 0.373967 0.908238
vn 0.212062 0.684878 0.697116
vn 0.161064 0.699102 0.696645
vn 0.207608 0.482356 0.851018
vn 0.207609 0.482353 0.851019
vn 0.164706 0.384943 0.908125
vn 0.219269 0.600109 0.769279
vn 0.219268 0.60011 0.769279
vn 0.028169 0.060939 0.997744
vn 0.030821 0.061649 0.997622
vn 0.092007 0.164644 0.982052
vn 0.136106 0.27395 0.952064
vn 0.136107 0.273944 0.952066
vn 0.164705 0.384942 0.908126
vn 0.119396 0.281903 0.951985
vn 0.17957 0.493607 0.850945
vn 0.14246 0.393863 0.908062
vn 0.17957 0.493607 0.850945
vn 0.153652 0.620478 0.769024
vn 0.188598 0.610551 0.769193
vn 0.188598 0.610551 0.769193
vn 0.027553 0.063276 0.997616
vn 0.082468 0.169922 0.982001
vn 0.082467 0.169926 0.982
vn 0.119401 0.281905 0.951984
vn 0.142463 0.393864 0.908061
vn 0.103274 0.288369 0.951934
vn 0.154451 0.502155 0.850873
vn 0.154451 0.502155 0.850873
vn 0.024288 0.065157 0.997579
vn 0.021527 0.064068 0.997713
vn 0.072345 0.174747 0.981952
vn 0.072346 0.174744 0.981952
vn 0.144493 0.612913 0.776826
vn 0.089757 0.623436 0.776705
vn 0.103273 0.288369 0.951934
vn 0.062573 0.178659 0.981919
vn 0.122532 0.400645 0.908003
vn 0.122533 0.400645 0.908003
vn 0.088824 0.293283 0.95189
vn 0.120199 0.511848 0.850626
vn 0.095365 0.408361 0.907825
vn 0.120199 0.511848 0.850625
vn 0.020804 0.065914 0.997608
vn 0.062575 0.178659 0.981919
vn 0.088821 0.293282 0.951891
vn 0.095366 0.408361 0.907825
vn 0.053817 0.181638 0.981892
vn 0.014633 0.066684 0.997667
vn 0.053816 0.181639 0.981892
vn 0.018097 0.067569 0.99755
vn 0.079592 0.603193 0.793614
vn 0.010575 0.60841 0.793553
vn 0.069135 0.29889 0.95178
vn 0.069135 0.29889 0.95178
vn 0.068624 0.521681 0.850376
vn 0.068624 0.521681 0.850376
vn 0.041891 0.185041 0.981838
vn 0.014014 0.068409 0.997559
vn 0.04189 0.185044 0.981837
vn 0.054448 0.41619 0.907646
vn 0.054449 0.416186 0.907648
vn 0.009859 0.606182 0.795265
vn 0.039475 0.304581 0.951668
vn 0.039474 0.304586 0.951666
vn 0.008533 0.526216 0.850308
vn 0.008533 0.526215 0.850308
vn 0.023919 0.188497 0.981782
vn 0.008025 0.069737 0.997533
vn 0.02392 0.188494 0.981783
vn 0.007487 0.068968 0.997591
vn 0.006771 0.419788 0.907597
vn 0.00677 0.419791 0.907596
vn -0.056703 0.603426 0.795401
vn -0.062673 0.616528 0.784835
vn 0.004908 0.3072 0.951632
vn 0.004909 0.307197 0.951633
vn -0.038937 0.417869 0.907673
vn -0.049075 0.523813 0.850419
vn -0.049074 0.523812 0.850419
vn -0.112542 0.6092 0.78499
vn -0.129366 0.625466 0.769452
vn -0.534985 0.844571 -0.022166
vn -0.514658 0.857022 0.025288
vn -0.504198 0.858997 0.088928
vn -0.246697 0.677041 0.693366
vn -0.180155 0.697286 0.693784
vn 0.002974 0.190079 0.981764
vn 0.0 0.069082 0.997611
vn 0.001008 0.070849 0.997487
vn 0.002974 0.190081 0.981764
vn -0.038937 0.417869 0.907672
vn -0.463696 0.821353 0.332211
vn -0.417956 0.833891 0.360471
vn -0.507616 0.852116 0.127377
vn -0.499181 0.853103 0.151769
vn -0.273754 0.750402 0.601627
vn -0.095184 0.517068 0.850635
vn -0.095188 0.517072 0.850633
vn -0.351949 0.78085 0.516145
vn -0.316624 0.763157 0.56333
vn -0.559628 0.827931 0.036684
vn -0.158977 0.618664 0.769403
vn -0.159584 0.618938 0.769057
vn -0.028228 0.305795 0.951679
vn -0.017104 0.189227 0.981784
vn -0.028229 0.305796 0.951678
vn -0.404566 0.80795 0.428419
vn -0.414987 0.805809 0.422443
vn -0.383698 0.798779 0.463388
vn -0.491978 0.84151 0.223201
vn -0.495412 0.841128 0.216957
vn -0.477977 0.834267 0.274838
vn -0.233727 0.693995 0.680987
vn -0.248738 0.696514 0.673051
vn -0.305216 0.738126 0.601675
vn -0.313882 0.742763 0.591422
vn -0.075518 0.412493 0.907825
vn -0.075515 0.41249 0.907827
vn -0.555012 0.821988 0.127664
vn -0.555011 0.821988 0.127665
vn -0.13029 0.509153 0.850757
vn -0.130285 0.50915 0.85076
vn -0.370081 0.772468 0.516074
vn -0.370885 0.772712 0.515132
vn -0.34798 0.72737 0.591474
vn -0.007356 0.067937 0.997662
vn -0.005812 0.070745 0.997478
vn -0.017104 0.189227 0.981784
vn -0.468728 0.818511 0.332164
vn -0.471683 0.818993 0.326749
vn -0.631019 0.775499 -0.02038
vn -0.610486 0.79116 0.037035
vn -0.544983 0.80809 0.223572
vn -0.527858 0.78377 0.327218
vn -0.544984 0.80809 0.223569
vn -0.282177 0.683548 0.673156
vn -0.282179 0.683548 0.673154
vn -0.054745 0.301881 0.951772
vn -0.054746 0.301883 0.951772
vn -0.166656 0.498392 0.850783
vn -0.2431 0.590729 0.769377
vn -0.203486 0.605914 0.769065
vn -0.203487 0.605915 0.769065
vn -0.34798 0.727371 0.591474
vn -0.318594 0.667225 0.673282
vn -0.103363 0.4062 0.90792
vn -0.103366 0.406202 0.907918
vn -0.448585 0.784411 0.428335
vn -0.448586 0.784411 0.428334
vn -0.605451 0.785522 0.128
vn -0.605451 0.785522 0.128
vn -0.656195 0.753664 0.037408
vn -0.527857 0.78377 0.327218
vn -0.011242 0.06979 0.997498
vn -0.033172 0.18685 0.981828
vn -0.014644 0.066727 0.997664
vn -0.03317 0.186849 0.981829
vn -0.318593 0.667228 0.67328
vn -0.166655 0.498394 0.850782
vn -0.243101 0.590728 0.769378
vn -0.42502 0.744267 0.515194
vn -0.425019 0.744266 0.515195
vn -0.594514 0.772287 0.223888
vn -0.594515 0.772287 0.223886
vn -0.074931 0.297316 0.951834
vn -0.074929 0.297315 0.951835
vn -0.65078 0.748332 0.128394
vn -0.65078 0.748331 0.128393
vn -0.63902 0.735762 0.224294
vn -0.504108 0.749637 0.428859
vn -0.504108 0.749637 0.428859
vn -0.399384 0.700419 0.591529
vn -0.399384 0.700419 0.591528
vn -0.132222 0.397682 0.907946
vn -0.095852 0.291146 0.951865
vn -0.132222 0.397682 0.907946
vn -0.199087 0.485923 0.851025
vn -0.199088 0.485923 0.851025
vn -0.575835 0.749099 0.327513
vn -0.575836 0.749099 0.327512
vn -0.045399 0.184083 0.981862
vn -0.01489 0.066948 0.997645
vn -0.045402 0.184085 0.981861
vn -0.702199 0.710976 0.037807
vn -0.718236 0.695599 -0.016712
vn -0.63902 0.735762 0.224295
vn -0.618934 0.713711 0.327929
vn -0.274474 0.576672 0.769489
vn -0.274476 0.576672 0.769488
vn -0.477604 0.711288 0.515716
vn -0.477605 0.711288 0.515716
vn -0.315064 0.555483 0.769527
vn -0.365679 0.642586 0.673322
vn -0.365677 0.642585 0.673324
vn -0.095852 0.291145 0.951865
vn -0.05808 0.180351 0.981886
vn -0.521028 0.679933 0.515966
vn -0.549934 0.716533 0.42913
vn -0.549934 0.716533 0.429131
vn -0.696409 0.706 0.128757
vn -0.776965 0.616134 0.129247
vn -0.696409 0.706 0.128756
vn -0.683833 0.694205 0.224617
vn -0.157943 0.387765 0.908126
vn -0.157946 0.387766 0.908125
vn -0.448776 0.669399 0.592035
vn -0.448777 0.669399 0.592034
vn -0.618934 0.713712 0.327928
vn -0.224785 0.474418 0.851117
vn -0.224785 0.474417 0.851117
vn -0.521028 0.679932 0.515967
vn -0.683833 0.694204 0.224618
vn -0.058081 0.18035 0.981886
vn -0.021534 0.064087 0.997712
vn -0.019705 0.067641 0.997515
vn -0.410879 0.61415 0.673794
vn -0.410879 0.61415 0.673794
vn -0.114494 0.283946 0.95198
vn -0.114496 0.283947 0.951979
vn -0.591082 0.682725 0.429545
vn -0.591082 0.682725 0.429546
vn -0.315064 0.555485 0.769526
vn -0.178332 0.37864 0.908201
vn -0.129275 0.277335 0.952036
vn -0.178332 0.37864 0.908201
vn -0.489584 0.639944 0.592266
vn -0.448246 0.587192 0.674004
vn -0.489587 0.639945 0.592263
vn -0.662353 0.673474 0.328208
vn -0.662354 0.673474 0.328207
vn -0.560002 0.647888 0.516371
vn -0.560001 0.647888 0.516372
vn -0.795406 0.605973 -0.011168
vn -0.069375 0.175982 0.981946
vn -0.022981 0.064825 0.997632
vn -0.069374 0.175982 0.981946
vn -0.258044 0.457097 0.851161
vn -0.258042 0.457096 0.851162
vn -0.129274 0.277338 0.952036
vn -0.078327 0.171977 0.981982
vn -0.353984 0.530947 0.769929
vn -0.353984 0.530947 0.769929
vn -0.386184 0.507732 0.77011
vn -0.448246 0.587192 0.674004
vn -0.526197 0.609822 0.59265
vn -0.526198 0.609822 0.592649
vn -0.632566 0.644317 0.429786
vn -0.632565 0.644317 0.429787
vn -0.599322 0.611519 0.516583
vn -0.756056 0.641648 0.129103
vn -0.852417 0.50639 0.130206
vn -0.764935 0.633946 0.11396
vn -0.20473 0.364921 0.90825
vn -0.204728 0.364919 0.908251
vn -0.028312 0.061199 0.997724
vn -0.026398 0.064436 0.997573
vn -0.078328 0.171974 0.981982
vn -0.289896 0.43697 0.85148
vn -0.289899 0.436971 0.851478
vn -0.22999 0.348935 0.908487
vn -0.599322 0.611519 0.516583
vn -0.749661 0.622389 0.225036
vn -0.74966 0.622389 0.225037
vn -0.481755 0.559598 0.674361
vn -0.481757 0.559598 0.674359
vn -0.386184 0.507731 0.770111
vn -0.148419 0.267401 0.952086
vn -0.148416 0.267399 0.952087
vn -0.515619 0.528347 0.674527
vn -0.563162 0.575666 0.592838
vn -0.563161 0.575666 0.592839
vn -0.166723 0.255799 0.952245
vn -0.22999 0.348932 0.908488
vn -0.726168 0.603958 0.328503
vn -0.726168 0.603958 0.328503
vn -0.86143 0.507863 -0.003769
vn -0.25092 0.33386 0.908613
vn -0.316276 0.417966 0.85163
vn -0.316276 0.417966 0.85163
vn -0.415038 0.483942 0.770418
vn -0.415039 0.483942 0.770417
vn -0.08993 0.16596 0.982023
vn -0.030125 0.06209 0.997616
vn -0.089929 0.165959 0.982024
vn -0.444236 0.457042 0.770563
vn -0.515619 0.528347 0.674527
vn -0.693579 0.577983 0.429981
vn -0.69358 0.577983 0.42998
vn -0.821477 0.523545 0.225998
vn -0.82986 0.542602 0.130059
vn -0.914863 0.381847 0.131215
vn -0.838486 0.533235 0.112258
vn -0.101018 0.158928 0.982109
vn -0.166723 0.255802 0.952244
vn -0.25092 0.333861 0.908612
vn -0.339897 0.398471 0.851875
vn -0.339894 0.398471 0.851876
vn -0.6572 0.548729 0.516706
vn -0.657199 0.548728 0.516708
vn -0.821478 0.523546 0.225995
vn -0.034375 0.05701 0.997782
vn -0.101018 0.158928 0.982109
vn -0.033838 0.059734 0.997641
vn -0.444235 0.457042 0.770563
vn -0.181899 0.244877 0.952338
vn -0.181898 0.244877 0.952338
vn -0.617613 0.516719 0.592921
vn -0.617614 0.51672 0.59292
vn -0.269654 0.318386 0.9088
vn -0.269654 0.318386 0.9088
vn -0.195475 0.233655 0.952468
vn -0.795734 0.508213 0.329435
vn -0.795734 0.508213 0.329434
vn -0.915343 0.402637 0.005478
vn -0.363825 0.376459 0.852004
vn -0.363823 0.376458 0.852005
vn -0.036921 0.057517 0.997662
vn -0.110213 0.152308 0.982169
vn -0.110215 0.152309 0.982168
vn -0.565548 0.474438 0.674584
vn -0.565547 0.474438 0.674585
vn -0.195474 0.233658 0.952467
vn -0.760023 0.486535 0.430869
vn -0.720159 0.462078 0.517548
vn -0.760025 0.486535 0.430866
vn -0.898939 0.424096 0.109777
vn -0.890589 0.435509 0.131085
vn -0.288646 0.300937 0.908912
vn -0.288649 0.300937 0.908911
vn -0.209249 0.221013 0.952559
vn -0.720158 0.462076 0.517551
vn -0.88034 0.416481 0.227036
vn -0.852751 0.404503 0.330443
vn -0.880339 0.416482 0.227038
vn -0.040075 0.052372 0.997823
vn -0.039673 0.055241 0.997685
vn -0.118435 0.145509 0.982243
vn -0.118436 0.145509 0.982242
vn -0.487339 0.410669 0.770618
vn -0.487339 0.410668 0.770618
vn -0.209248 0.221006 0.952561
vn -0.676781 0.435287 0.593711
vn -0.676781 0.435287 0.593711
vn -0.852752 0.404505 0.330439
vn -0.956344 0.291773 0.016552
vn -0.947818 0.308751 0.07946
vn -0.399194 0.338537 0.852078
vn -0.399192 0.338536 0.852079
vn -0.126786 0.137849 0.982305
vn -0.12679 0.13785 0.982304
vn -0.042469 0.052672 0.997708
vn -0.619726 0.399871 0.67531
vn -0.619727 0.399871 0.675309
vn -0.814482 0.387481 0.431832
vn -0.77176 0.368217 0.518462
vn -0.814483 0.38748 0.431829
vn -0.925317 0.302884 0.228142
vn -0.942293 0.307471 0.132457
vn -0.942293 0.307471 0.132457
vn -0.316747 0.270882 0.909008
vn -0.31675 0.270882 0.909006
vn -0.77176 0.368217 0.518461
vn -0.925318 0.302885 0.228141
vn -0.534026 0.346413 0.771242
vn -0.534026 0.346413 0.771242
vn -0.22964 0.199241 0.952664
vn -0.229642 0.199241 0.952663
vn -0.725274 0.347081 0.594569
vn -0.725275 0.347081 0.594568
vn -0.664133 0.319101 0.676094
vn -0.896321 0.294467 0.331509
vn -0.89632 0.294467 0.33151
vn -0.983798 0.176849 0.029432
vn -0.996459 0.059521 0.059378
vn -0.979762 0.187587 0.069834
vn -0.437433 0.285901 0.852592
vn -0.437437 0.285902 0.852589
vn -0.139156 0.124671 0.982391
vn -0.046613 0.048259 0.997747
vn -0.139157 0.124671 0.982391
vn -0.046613 0.048257 0.997747
vn -0.572291 0.276813 0.771918
vn -0.664133 0.319101 0.676093
vn -0.856096 0.282381 0.432851
vn -0.856095 0.282381 0.432853
vn -0.982025 0.058661 0.179402
vn -0.973236 0.186962 0.133628
vn -0.988663 0.066093 0.134824
vn -0.955703 0.184547 0.229291
vn -0.973236 0.186962 0.133628
vn -0.347095 0.229118 0.909412
vn -0.347092 0.229118 0.909413
vn -0.811191 0.268631 0.519429
vn -0.811191 0.268631 0.519429
vn -0.953251 0.058361 0.296492
vn -0.925754 0.179838 0.332624
vn -0.970788 0.066705 0.23048
vn -0.955703 0.184547 0.229289
vn -0.572291 0.276812 0.771918
vn -0.251641 0.168963 0.952958
vn -0.251641 0.168963 0.952958
vn -0.76233 0.253493 0.595478
vn -0.698065 0.233403 0.676926
vn -0.76233 0.253493 0.595478
vn -0.910613 0.057103 0.409297
vn -0.940314 0.066221 0.333802
vn -0.925753 0.179837 0.332625
vn -0.468776 0.22889 0.853146
vn -0.371964 0.183883 0.909851
vn -0.46878 0.22889 0.853144
vn -0.051079 0.042113 0.997806
vn -0.05474 0.035454 0.997871
vn -0.152487 0.106323 0.98257
vn -0.152488 0.106323 0.982569
vn -0.051078 0.042111 0.997806
vn -0.698066 0.233404 0.676925
vn -0.060379 -0.013496 -0.998084
vn 0.060377 -0.013496 -0.998084
vn 0.060379 -0.013496 -0.998084
vn 0.18024 -0.020895 -0.983401
vn 0.180242 -0.020895 -0.9834
vn 0.297455 -0.027987 -0.954326
vn 0.297453 -0.027987 -0.954326
vn 0.410273 -0.034668 -0.911304
vn 0.410274 -0.034668 -0.911303
vn 0.517062 -0.040839 -0.854973
vn 0.517069 -0.04084 -0.854969
vn 0.616256 -0.046412 -0.786177
vn 0.616252 -0.046412 -0.78618
vn 0.706403 -0.051304 -0.705949
vn 0.70641 -0.051305 -0.705941
vn 0.786219 -0.055447 -0.615455
vn 0.786222 -0.055447 -0.615451
vn 0.854541 -0.05878 -0.516047
vn 0.854545 -0.05878 -0.516041
vn 0.910403 -0.061256 -0.409162
vn 0.910404 -0.061256 -0.409161
vn 0.953006 -0.06284 -0.296362
vn 0.953005 -0.06284 -0.296366
vn 0.996213 -0.063259 -0.059648
vn 0.981741 -0.063511 -0.179306
vn 0.996213 -0.063259 -0.059645
vn 0.981741 -0.063511 -0.179307
vn 0.059429 -0.021034 -0.998011
vn 0.059425 -0.021033 -0.998011
vn 0.1774 -0.043395 -0.983182
vn 0.177403 -0.043396 -0.983181
vn 0.292764 -0.065119 -0.953965
vn 0.292755 -0.065118 -0.953968
vn 0.403806 -0.085883 -0.910804
vn 0.403803 -0.085883 -0.910806
vn 0.508908 -0.105385 -0.854346
vn 0.508909 -0.105385 -0.854345
vn 0.606533 -0.123339 -0.785433
vn 0.60654 -0.123341 -0.785428
vn 0.695269 -0.139486 -0.705085
vn 0.69527 -0.139487 -0.705084
vn 0.77382 -0.153591 -0.614502
vn 0.77382 -0.153591 -0.614502
vn 0.841064 -0.165453 -0.515012
vn 0.841068 -0.165454 -0.515005
vn 0.896045 -0.174902 -0.40806
vn 0.896046 -0.174903 -0.408057
vn 0.937976 -0.181806 -0.295206
vn 0.937973 -0.181805 -0.295218
vn 0.966258 -0.186063 -0.178116
vn 0.980502 -0.187618 -0.05844
vn 0.966259 -0.186063 -0.178112
vn 0.980502 -0.187618 -0.058439
vn 0.057535 -0.028391 -0.99794
vn 0.057539 -0.028393 -0.99794
vn 0.171761 -0.065362 -0.982968
vn 0.171763 -0.065362 -0.982968
vn 0.283448 -0.101368 -0.953615
vn 0.283452 -0.101369 -0.953614
vn 0.390971 -0.135885 -0.910317
vn 0.390968 -0.135884 -0.910319
vn 0.492729 -0.1684 -0.853733
vn 0.492727 -0.168399 -0.853734
vn 0.587256 -0.198444 -0.784697
vn 0.587255 -0.198444 -0.784698
vn 0.673157 -0.225575 -0.704256
vn 0.673164 -0.225578 -0.704247
vn 0.749216 -0.249408 -0.613573
vn 0.749217 -0.249409 -0.613571
vn 0.814323 -0.269596 -0.514
vn 0.814331 -0.269599 -0.513986
vn 0.867556 -0.285854 -0.406982
vn 0.867552 -0.285852 -0.406992
vn 0.908153 -0.297948 -0.294085
vn 0.908151 -0.297948 -0.294089
vn 0.935538 -0.305708 -0.17695
vn 0.949328 -0.309026 -0.057272
vn 0.93554 -0.305709 -0.176936
vn 0.949328 -0.309026 -0.057259
vn 0.054737 -0.035454 -0.997871
vn 0.054738 -0.035455 -0.997871
vn 0.163412 -0.086448 -0.982763
vn 0.163412 -0.086448 -0.982763
vn 0.269678 -0.136169 -0.953274
vn 0.269673 -0.136167 -0.953276
vn 0.371963 -0.183881 -0.909852
vn 0.371967 -0.183883 -0.909851
vn 0.468776 -0.228889 -0.853146
vn 0.468778 -0.22889 -0.853145
vn 0.55871 -0.270539 -0.783997
vn 0.558705 -0.270536 -0.784002
vn 0.640436 -0.308215 -0.703452
vn 0.640443 -0.308219 -0.703444
vn 0.712797 -0.341386 -0.612679
vn 0.712797 -0.341385 -0.61268
vn 0.774747 -0.36957 -0.513016
vn 0.774748 -0.36957 -0.513014
vn 0.825383 -0.392358 -0.405952
vn 0.825382 -0.392357 -0.405956
vn 0.864008 -0.409438 -0.293002
vn 0.864006 -0.409436 -0.293011
vn 0.903183 -0.425571 -0.05613
vn 0.890065 -0.420561 -0.175821
vn 0.890064 -0.420561 -0.175825
vn 0.903182 -0.425571 -0.056139
vn 0.051077 -0.042111 -0.997806
vn 0.051081 -0.042113 -0.997806
vn 0.152486 -0.106322 -0.98257
vn 0.152484 -0.10632 -0.98257
vn 0.251647 -0.168966 -0.952956
vn 0.251642 -0.168963 -0.952957
vn 0.347093 -0.229118 -0.909413
vn 0.347091 -0.229117 -0.909414
vn 0.437434 -0.285901 -0.852591
vn 0.437438 -0.285904 -0.852588
vn 0.521348 -0.338484 -0.783342
vn 0.521348 -0.338484 -0.783342
vn 0.597617 -0.386104 -0.702693
vn 0.597621 -0.386107 -0.702688
vn 0.665145 -0.428079 -0.611826
vn 0.665138 -0.428074 -0.611838
vn 0.722937 -0.463787 -0.512116
vn 0.722945 -0.463793 -0.5121
vn 0.770198 -0.492741 -0.404971
vn 0.770195 -0.492739 -0.404978
vn 0.806241 -0.514517 -0.291972
vn 0.806236 -0.514514 -0.29199
vn 0.830552 -0.528807 -0.174779
vn 0.842794 -0.535413 -0.055062
vn 0.842794 -0.535413 -0.055063
vn 0.830552 -0.528807 -0.174773
vn 0.046615 -0.048259 -0.997747
vn 0.046615 -0.048259 -0.997746
vn 0.139151 -0.124666 -0.982393
vn 0.139153 -0.124668 -0.982392
vn 0.229643 -0.199242 -0.952663
vn 0.229646 -0.199245 -0.952662
vn 0.316746 -0.270879 -0.909008
vn 0.316746 -0.27088 -0.909008
vn 0.399189 -0.338532 -0.852082
vn 0.399195 -0.338538 -0.852077
vn 0.47577 -0.401215 -0.782732
vn 0.475773 -0.401218 -0.782728
vn 0.545371 -0.458012 -0.701994
vn 0.54538 -0.458019 -0.701983
vn 0.606989 -0.508105 -0.611059
vn 0.606995 -0.508111 -0.611049
vn 0.659735 -0.550774 -0.511271
vn 0.659739 -0.550776 -0.511263
vn 0.702864 -0.585413 -0.404071
vn 0.702862 -0.585411 -0.404079
vn 0.735756 -0.611527 -0.291031
vn 0.757941 -0.628742 -0.173807
vn 0.735753 -0.611525 -0.29104
vn 0.769113 -0.636821 -0.054077
vn 0.769113 -0.636821 -0.054069
vn 0.757942 -0.628743 -0.1738
vn 0.041414 -0.053797 -0.997693
vn 0.041414 -0.053797 -0.997693
vn 0.123625 -0.141197 -0.982232
vn 0.123627 -0.141199 -0.982232
vn 0.204025 -0.226529 -0.952396
vn 0.20402 -0.226523 -0.952398
vn 0.281407 -0.308511 -0.908643
vn 0.28141 -0.308514 -0.908641
vn 0.354652 -0.385958 -0.851621
vn 0.354656 -0.385963 -0.851617
vn 0.422692 -0.457742 -0.782179
vn 0.422689 -0.457738 -0.782183
vn 0.484532 -0.522813 -0.701353
vn 0.539267 -0.580218 -0.610359
vn 0.484528 -0.522808 -0.701359
vn 0.539269 -0.580221 -0.610355
vn 0.586132 -0.629157 -0.510501
vn 0.586129 -0.629153 -0.510509
vn 0.624444 -0.668915 -0.403265
vn 0.653665 -0.698935 -0.290193
vn 0.624447 -0.668919 -0.403254
vn 0.653665 -0.698935 -0.290193
vn 0.683303 -0.728195 -0.05319
vn 0.683303 -0.728195 -0.053181
vn 0.673379 -0.718789 -0.172925
vn 0.673378 -0.718789 -0.172932
vn 0.03556 -0.05864 -0.997646
vn 0.03556 -0.05864 -0.997646
vn 0.106153 -0.155656 -0.982091
vn 0.106154 -0.155657 -0.982091
vn 0.175183 -0.250382 -0.952166
vn 0.175182 -0.250379 -0.952167
vn 0.241631 -0.341418 -0.908322
vn 0.304525 -0.427433 -0.851214
vn 0.241632 -0.341419 -0.908321
vn 0.304523 -0.42743 -0.851217
vn 0.362943 -0.507167 -0.781699
vn 0.36294 -0.507163 -0.781703
vn 0.416039 -0.579465 -0.700808
vn 0.416035 -0.57946 -0.700815
vn 0.463043 -0.643278 -0.609741
vn 0.463043 -0.643279 -0.609741
vn 0.503284 -0.697697 -0.509828
vn 0.503278 -0.697689 -0.509844
vn 0.536177 -0.74193 -0.402559
vn 0.536181 -0.741936 -0.402544
vn 0.561269 -0.77537 -0.289445
vn 0.561268 -0.775368 -0.28945
vn 0.578195 -0.797527 -0.172169
vn 0.586717 -0.808094 -0.052414
vn 0.586717 -0.808094 -0.052413
vn 0.578195 -0.797527 -0.172168
vn 0.029143 -0.062707 -0.997606
vn 0.087005 -0.167809 -0.981973
vn 0.029145 -0.06271 -0.997606
vn 0.087003 -0.167806 -0.981973
vn 0.143581 -0.270436 -0.951971
vn 0.143582 -0.270437 -0.95197
vn 0.198043 -0.369078 -0.908053
vn 0.198045 -0.369082 -0.908051
vn 0.249589 -0.462289 -0.850878
vn 0.24959 -0.462291 -0.850877
vn 0.297471 -0.548714 -0.781296
vn 0.297471 -0.548715 -0.781295
vn 0.340985 -0.627083 -0.700355
vn 0.340986 -0.627085 -0.700352
vn 0.379514 -0.696285 -0.609227
vn 0.379512 -0.696282 -0.609231
vn 0.412496 -0.755311 -0.509267
vn 0.412496 -0.755311 -0.509267
vn 0.439455 -0.803309 -0.401962
vn 0.439457 -0.803314 -0.401951
vn 0.460021 -0.839621 -0.288821
vn 0.46002 -0.839618 -0.28883
vn 0.473894 -0.863717 -0.171517
vn 0.473893 -0.863715 -0.171526
vn 0.480878 -0.875258 -0.051762
vn 0.480878 -0.875258 -0.051762
vn 0.02227 -0.065942 -0.997575
vn 0.022269 -0.065942 -0.997575
vn 0.066482 -0.177462 -0.981879
vn 0.066484 -0.177468 -0.981878
vn 0.109716 -0.286373 -0.951815
vn 0.109714 -0.286366 -0.951818
vn 0.151333 -0.391062 -0.907838
vn 0.151333 -0.391063 -0.907837
vn 0.19072 -0.489992 -0.850608
vn 0.190719 -0.489989 -0.85061
vn 0.227308 -0.58173 -0.780974
vn 0.227305 -0.581723 -0.78098
vn 0.289998 -0.738402 -0.608822
vn 0.260558 -0.664926 -0.699987
vn 0.260563 -0.664939 -0.699973
vn 0.289999 -0.738402 -0.608821
vn 0.315202 -0.801091 -0.508822
vn 0.3152 -0.801086 -0.508832
vn 0.335804 -0.852086 -0.401478
vn 0.335805 -0.852087 -0.401477
vn 0.362119 -0.916312 -0.171006
vn 0.351517 -0.890673 -0.288334
vn 0.351518 -0.890676 -0.288324
vn 0.367455 -0.928629 -0.051238
vn 0.367455 -0.928628 -0.051244
vn 0.362117 -0.916309 -0.171026
vn 0.015045 -0.068293 -0.997552
vn 0.044914 -0.184476 -0.98181
vn 0.015045 -0.06829 -0.997552
vn 0.044913 -0.184473 -0.981811
vn 0.074119 -0.297933 -0.951705
vn 0.074118 -0.297931 -0.951706
vn 0.102233 -0.40701 -0.907684
vn 0.102234 -0.407015 -0.907682
vn 0.128842 -0.510093 -0.850415
vn 0.128843 -0.510097 -0.850412
vn 0.153559 -0.605687 -0.780745
vn 0.153558 -0.605684 -0.780747
vn 0.176026 -0.692406 -0.699706
vn 0.176025 -0.692402 -0.69971
vn 0.195911 -0.768971 -0.608525
vn 0.195912 -0.768974 -0.60852
vn 0.212935 -0.834307 -0.508517
vn 0.212936 -0.834312 -0.508509
vn 0.226856 -0.887484 -0.401134
vn 0.226856 -0.887484 -0.401134
vn 0.237471 -0.927731 -0.287963
vn 0.244631 -0.95448 -0.170655
vn 0.237471 -0.927729 -0.287969
vn 0.244633 -0.954483 -0.170635
vn 0.248238 -0.967362 -0.050872
vn 0.248238 -0.967363 -0.050862
vn 0.007582 -0.069716 -0.997538
vn 0.007582 -0.069716 -0.997538
vn 0.022635 -0.188723 -0.98177
vn 0.022635 -0.188726 -0.981769
vn 0.037354 -0.304946 -0.951637
vn 0.037354 -0.304944 -0.951638
vn 0.051523 -0.416683 -0.90759
vn 0.051523 -0.416682 -0.907591
vn 0.064933 -0.522287 -0.850294
vn 0.064934 -0.52229 -0.850292
vn 0.07739 -0.620217 -0.780604
vn 0.07739 -0.62022 -0.780601
vn 0.088712 -0.709058 -0.699548
vn 0.098734 -0.787511 -0.60834
vn 0.088712 -0.709055 -0.699551
vn 0.098734 -0.787507 -0.608345
vn 0.114329 -0.908949 -0.400925
vn 0.107314 -0.854458 -0.508316
vn 0.107314 -0.854455 -0.508322
vn 0.119679 -0.950198 -0.287751
vn 0.11433 -0.90895 -0.400922
vn 0.119679 -0.950199 -0.287748
vn 0.123288 -0.97763 -0.17041
vn 0.123289 -0.977629 -0.170415
vn 0.125105 -0.99085 -0.050643
vn 0.125106 -0.99085 -0.05064
vn -0.0 -0.070193 -0.997533
vn 0.0 -0.070193 -0.997533
vn -0.0 -0.19015 -0.981755
vn -0.0 -0.19015 -0.981755
vn 0.0 -0.307294 -0.951615
vn -0.0 -0.307294 -0.951615
vn 0.0 -0.419923 -0.90756
vn -0.0 -0.419923 -0.90756
vn -0.0 -0.526376 -0.850252
vn -0.0 -0.526376 -0.850252
vn -0.0 -0.625089 -0.780553
vn 0.0 -0.625089 -0.780553
vn -0.0 -0.793719 -0.608285
vn 0.0 -0.714636 -0.699497
vn -0.0 -0.714636 -0.699497
vn -0.0 -0.793719 -0.608285
vn -0.0 -0.861209 -0.50825
vn 0.0 -0.861209 -0.50825
vn -0.0 -0.916143 -0.400852
vn 0.0 -0.916143 -0.400852
vn -0.0 -0.957728 -0.287675
vn 0.0 -0.957728 -0.287675
vn 0.0 -0.985385 -0.170339
vn -0.0 -0.985385 -0.170339
vn 0.0 -0.998721 -0.050564
vn -0.0 -0.998721 -0.050564
vn -0.015045 -0.068293 -0.997552
vn -0.007582 -0.069716 -0.997538
vn -0.007582 -0.069716 -0.997538
vn -0.022635 -0.188725 -0.981769
vn -0.022635 -0.188723 -0.98177
vn -0.037354 -0.304946 -0.951637
vn -0.037354 -0.304944 -0.951637
vn -0.051523 -0.416682 -0.907591
vn -0.051523 -0.416683 -0.90759
vn -0.064933 -0.522287 -0.850294
vn -0.064934 -0.522291 -0.850292
vn -0.07739 -0.62022 -0.780601
vn -0.07739 -0.620217 -0.780604
vn -0.088712 -0.709057 -0.699548
vn -0.088712 -0.709055 -0.699551
vn -0.098734 -0.787511 -0.60834
vn -0.098734 -0.787507 -0.608346
vn -0.107314 -0.854458 -0.508316
vn -0.107314 -0.854455 -0.508322
vn -0.119679 -0.950199 -0.287748
vn -0.11433 -0.90895 -0.400922
vn -0.114329 -0.908949 -0.400925
vn -0.119679 -0.950198 -0.287751
vn -0.123289 -0.97763 -0.170409
vn -0.123288 -0.977629 -0.170415
vn -0.125106 -0.99085 -0.05064
vn -0.125106 -0.99085 -0.050643
vn -0.044913 -0.184473 -0.981811
vn -0.015045 -0.06829 -0.997552
vn -0.044914 -0.184476 -0.98181
vn -0.074119 -0.297933 -0.951705
vn -0.074118 -0.297931 -0.951706
vn -0.102233 -0.40701 -0.907685
vn -0.102234 -0.407015 -0.907682
vn -0.128843 -0.510097 -0.850412
vn -0.128842 -0.510093 -0.850415
vn -0.153559 -0.605687 -0.780745
vn -0.153558 -0.605684 -0.780747
vn -0.176025 -0.692402 -0.699711
vn -0.195912 -0.768974 -0.60852
vn -0.176026 -0.692406 -0.699706
vn -0.195911 -0.768971 -0.608524
vn -0.212935 -0.834307 -0.508518
vn -0.212936 -0.834312 -0.508509
vn -0.226856 -0.887484 -0.401134
vn -0.237471 -0.927729 -0.287969
vn -0.226856 -0.887484 -0.401134
vn -0.237471 -0.927731 -0.287963
vn -0.244633 -0.954484 -0.170634
vn -0.244631 -0.95448 -0.170655
vn -0.248238 -0.967362 -0.050872
vn -0.248238 -0.967363 -0.050861
vn -0.029143 -0.062707 -0.997606
vn -0.022269 -0.065942 -0.997575
vn -0.02227 -0.065942 -0.997575
vn -0.066482 -0.177462 -0.981879
vn -0.066484 -0.177468 -0.981878
vn -0.109714 -0.286366 -0.951818
vn -0.109717 -0.286373 -0.951816
vn -0.151333 -0.391063 -0.907837
vn -0.151333 -0.391062 -0.907838
vn -0.190719 -0.489989 -0.85061
vn -0.19072 -0.489992 -0.850608
vn -0.227305 -0.581724 -0.78098
vn -0.227308 -0.58173 -0.780974
vn -0.260563 -0.664939 -0.699973
vn -0.260558 -0.664927 -0.699987
vn -0.289999 -0.738402 -0.608821
vn -0.289998 -0.738402 -0.608822
vn -0.3152 -0.801086 -0.508832
vn -0.315203 -0.801091 -0.508822
vn -0.335805 -0.852086 -0.401477
vn -0.335804 -0.852086 -0.401478
vn -0.351517 -0.890674 -0.288334
vn -0.351518 -0.890676 -0.288324
vn -0.362119 -0.916312 -0.171006
vn -0.362117 -0.916309 -0.171025
vn -0.367455 -0.928628 -0.051244
vn -0.367455 -0.928629 -0.051238
vn -0.03556 -0.05864 -0.997646
vn -0.029145 -0.06271 -0.997606
vn -0.087005 -0.167809 -0.981973
vn -0.087003 -0.167807 -0.981973
vn -0.143582 -0.270438 -0.95197
vn -0.143581 -0.270436 -0.951971
vn -0.198043 -0.369079 -0.908053
vn -0.198045 -0.369082 -0.908051
vn -0.24959 -0.462291 -0.850877
vn -0.249589 -0.462289 -0.850878
vn -0.297471 -0.548715 -0.781296
vn -0.297471 -0.548715 -0.781295
vn -0.340984 -0.627082 -0.700355
vn -0.379512 -0.696281 -0.609231
vn -0.340986 -0.627085 -0.700352
vn -0.379514 -0.696285 -0.609226
vn -0.412496 -0.755311 -0.509267
vn -0.412495 -0.75531 -0.509268
vn -0.439458 -0.803313 -0.401951
vn -0.439455 -0.803309 -0.401962
vn -0.460019 -0.839618 -0.288831
vn -0.473894 -0.863717 -0.171517
vn -0.460021 -0.839621 -0.288821
vn -0.480878 -0.875258 -0.051762
vn -0.473893 -0.863715 -0.171526
vn -0.480878 -0.875258 -0.051762
vn -0.041414 -0.053797 -0.997693
vn -0.03556 -0.05864 -0.997646
vn -0.106154 -0.155657 -0.982091
vn -0.106153 -0.155656 -0.982091
vn -0.175183 -0.250382 -0.952166
vn -0.175182 -0.250379 -0.952167
vn -0.241631 -0.341418 -0.908322
vn -0.241632 -0.341419 -0.908321
vn -0.362943 -0.507167 -0.781699
vn -0.304522 -0.427429 -0.851217
vn -0.304525 -0.427433 -0.851214
vn -0.416035 -0.57946 -0.700815
vn -0.36294 -0.507163 -0.781703
vn -0.416039 -0.579465 -0.700808
vn -0.463043 -0.643278 -0.609741
vn -0.463043 -0.643279 -0.609741
vn -0.503284 -0.697697 -0.509828
vn -0.503278 -0.69769 -0.509843
vn -0.536177 -0.74193 -0.402559
vn -0.536181 -0.741935 -0.402544
vn -0.561269 -0.77537 -0.289445
vn -0.561268 -0.775368 -0.289451
vn -0.578194 -0.797527 -0.172169
vn -0.586717 -0.808094 -0.052414
vn -0.586717 -0.808094 -0.052413
vn -0.578195 -0.797527 -0.172166
vn -0.041414 -0.053797 -0.997693
vn -0.123627 -0.141199 -0.982232
vn -0.123626 -0.141198 -0.982232
vn -0.20402 -0.226523 -0.952398
vn -0.204025 -0.226528 -0.952396
vn -0.28141 -0.308514 -0.908641
vn -0.281407 -0.308511 -0.908643
vn -0.354656 -0.385963 -0.851617
vn -0.354651 -0.385958 -0.851622
vn -0.422689 -0.457739 -0.782183
vn -0.422692 -0.457742 -0.782179
vn -0.484532 -0.522812 -0.701353
vn -0.484528 -0.522808 -0.701359
vn -0.539266 -0.580218 -0.61036
vn -0.539269 -0.58022 -0.610355
vn -0.586129 -0.629153 -0.510509
vn -0.586132 -0.629157 -0.510502
vn -0.624444 -0.668915 -0.403265
vn -0.624448 -0.668918 -0.403253
vn -0.653665 -0.698935 -0.290192
vn -0.653665 -0.698935 -0.290194
vn -0.673378 -0.718788 -0.172932
vn -0.673379 -0.718789 -0.172925
vn -0.683303 -0.728195 -0.053182
vn -0.683303 -0.728195 -0.053189
vn -0.051081 -0.042113 -0.997806
vn -0.046615 -0.048259 -0.997746
vn -0.046615 -0.048259 -0.997747
vn -0.139153 -0.124668 -0.982392
vn -0.139151 -0.124666 -0.982393
vn -0.229646 -0.199245 -0.952662
vn -0.229643 -0.199242 -0.952663
vn -0.316746 -0.27088 -0.909008
vn -0.316746 -0.27088 -0.909008
vn -0.475773 -0.401218 -0.782728
vn -0.399189 -0.338532 -0.852082
vn -0.399195 -0.338537 -0.852077
vn -0.47577 -0.401215 -0.782732
vn -0.54538 -0.458019 -0.701983
vn -0.606988 -0.508105 -0.61106
vn -0.545371 -0.458012 -0.701994
vn -0.606995 -0.508111 -0.611049
vn -0.659739 -0.550776 -0.511263
vn -0.659735 -0.550774 -0.511271
vn -0.702862 -0.585411 -0.404079
vn -0.702864 -0.585413 -0.404071
vn -0.735756 -0.611527 -0.29103
vn -0.735753 -0.611525 -0.29104
vn -0.757942 -0.628743 -0.173801
vn -0.769113 -0.636821 -0.054069
vn -0.769113 -0.636821 -0.054077
vn -0.757941 -0.628742 -0.173808
vn -0.051077 -0.042111 -0.997806
vn -0.251642 -0.168963 -0.952957
vn -0.152486 -0.106321 -0.98257
vn -0.152484 -0.10632 -0.98257
vn -0.251647 -0.168966 -0.952956
vn -0.34709 -0.229117 -0.909414
vn -0.347093 -0.229118 -0.909413
vn -0.437438 -0.285904 -0.852588
vn -0.521348 -0.338484 -0.783342
vn -0.437434 -0.285901 -0.852592
vn -0.521348 -0.338484 -0.783342
vn -0.597617 -0.386105 -0.702693
vn -0.597621 -0.386107 -0.702688
vn -0.665146 -0.428079 -0.611825
vn -0.722938 -0.463788 -0.512115
vn -0.665137 -0.428074 -0.611837
vn -0.722946 -0.463793 -0.512099
vn -0.770195 -0.492739 -0.404978
vn -0.770198 -0.492741 -0.404972
vn -0.806241 -0.514517 -0.291972
vn -0.830551 -0.528807 -0.17478
vn -0.806236 -0.514515 -0.29199
vn -0.830552 -0.528807 -0.174774
vn -0.842794 -0.535413 -0.055063
vn -0.903183 -0.425571 -0.05613
vn -0.842794 -0.535413 -0.055061
vn -0.057535 -0.028391 -0.99794
vn -0.054738 -0.035455 -0.997871
vn -0.054737 -0.035454 -0.997871
vn -0.163412 -0.086448 -0.982763
vn -0.163412 -0.086448 -0.982763
vn -0.269678 -0.136169 -0.953274
vn -0.269673 -0.136167 -0.953276
vn -0.371963 -0.183881 -0.909852
vn -0.371967 -0.183883 -0.90985
vn -0.468778 -0.22889 -0.853145
vn -0.468776 -0.228889 -0.853146
vn -0.558711 -0.270539 -0.783997
vn -0.558704 -0.270536 -0.784002
vn -0.640436 -0.308215 -0.703452
vn -0.640443 -0.308219 -0.703444
vn -0.712797 -0.341386 -0.612679
vn -0.712797 -0.341385 -0.61268
vn -0.774748 -0.36957 -0.513014
vn -0.774747 -0.36957 -0.513016
vn -0.825382 -0.392358 -0.405956
vn -0.825384 -0.392358 -0.405952
vn -0.864009 -0.409437 -0.293002
vn -0.864006 -0.409436 -0.293011
vn -0.890065 -0.420561 -0.175821
vn -0.890064 -0.420561 -0.175825
vn -0.903182 -0.425571 -0.056139
vn -0.059429 -0.021034 -0.998011
vn -0.057539 -0.028393 -0.997939
vn -0.17176 -0.065362 -0.982968
vn -0.283452 -0.101369 -0.953614
vn -0.171763 -0.065362 -0.982968
vn -0.283448 -0.101368 -0.953615
vn -0.390971 -0.135885 -0.910317
vn -0.390968 -0.135884 -0.910319
vn -0.492727 -0.168399 -0.853734
vn -0.492729 -0.1684 -0.853733
vn -0.587256 -0.198444 -0.784697
vn -0.673157 -0.225575 -0.704256
vn -0.587255 -0.198444 -0.784698
vn -0.673164 -0.225578 -0.704247
vn -0.749216 -0.249408 -0.613572
vn -0.814331 -0.269599 -0.513986
vn -0.749217 -0.249409 -0.613571
vn -0.867552 -0.285852 -0.406992
vn -0.814323 -0.269596 -0.513999
vn -0.867556 -0.285854 -0.406982
vn -0.908153 -0.297948 -0.294084
vn -0.908151 -0.297948 -0.294089
vn -0.93554 -0.305709 -0.176937
vn -0.949328 -0.309026 -0.057272
vn -0.949328 -0.309026 -0.057259
vn -0.935538 -0.305708 -0.17695
vn -0.060377 -0.013496 -0.998084
vn -0.059425 -0.021033 -0.998011
vn -0.177403 -0.043396 -0.983181
vn -0.18024 -0.020895 -0.983401
vn -0.297453 -0.027987 -0.954326
vn -0.180242 -0.020895 -0.9834
vn -0.1774 -0.043395 -0.983182
vn -0.292755 -0.065118 -0.953968
vn -0.292764 -0.065119 -0.953965
vn -0.297455 -0.027987 -0.954326
vn -0.403803 -0.085883 -0.910806
vn -0.410274 -0.034668 -0.911303
vn -0.51707 -0.04084 -0.854969
vn -0.508909 -0.105385 -0.854345
vn -0.403806 -0.085883 -0.910804
vn -0.410273 -0.034668 -0.911304
vn -0.517062 -0.040839 -0.854973
vn -0.508908 -0.105385 -0.854346
vn -0.616256 -0.046412 -0.786177
vn -0.706403 -0.051305 -0.705948
vn -0.60654 -0.12334 -0.785428
vn -0.606533 -0.123339 -0.785433
vn -0.616252 -0.046412 -0.78618
vn -0.70641 -0.051305 -0.705941
vn -0.69527 -0.139487 -0.705084
vn -0.695269 -0.139486 -0.705085
vn -0.77382 -0.153591 -0.614502
vn -0.786222 -0.055447 -0.615451
vn -0.77382 -0.153591 -0.614502
vn -0.841064 -0.165453 -0.515011
vn -0.786219 -0.055447 -0.615455
vn -0.854541 -0.05878 -0.516047
vn -0.910403 -0.061256 -0.409162
vn -0.854545 -0.05878 -0.516041
vn -0.841068 -0.165454 -0.515004
vn -0.953005 -0.06284 -0.296367
vn -0.896045 -0.174903 -0.40806
vn -0.910404 -0.061256 -0.409161
vn -0.937973 -0.181805 -0.295218
vn -0.896046 -0.174903 -0.408057
vn -0.981741 -0.063511 -0.179306
vn -0.966259 -0.186063 -0.178112
vn -0.953006 -0.06284 -0.296362
vn -0.937976 -0.181806 -0.295206
vn -0.996213 -0.063259 -0.059645
vn -0.980502 -0.187618 -0.05844
vn -0.996213 -0.063259 -0.059648
vn -0.980502 -0.187618 -0.058439
vn -0.981741 -0.063511 -0.179307
vn -0.966258 -0.186063 -0.178116
vn 0.863212 0.264824 -0.429806
vn 0.82151 0.365497 -0.437645
vn 0.768412 0.460222 -0.444678
vn 0.704724 0.547761 -0.450913
vn 0.631381 0.626977 -0.456353
vn -0.716486 0.589127 -0.373599
vn -0.783257 0.493418 -0.378216
vn -0.837086 0.390196 -0.383451
vn -0.877129 0.281227 -0.389302
vn -0.902782 0.168377 -0.395769
vn -0.704503 0.03573 -0.708801
vn -0.784692 0.045556 -0.61821
vn -0.853049 0.05878 -0.51851
vn -0.908429 0.075182 -0.411224
vn -0.949869 0.094477 -0.298032
vn -0.976624 0.116324 -0.180759
vn 0.704503 0.03573 -0.708801
vn 0.704507 0.03573 -0.708797
vn 0.784851 0.04147 -0.618296
vn 0.784847 0.04147 -0.6183
vn 0.339742 0.870178 -0.356882
vn 0.517919 0.7683 -0.376131
vn 0.853651 0.046599 -0.518757
vn 0.853647 0.046598 -0.518763
vn 0.909905 0.051042 -0.411665
vn 0.909908 0.051042 -0.411658
vn 0.713137 0.602275 -0.358748
vn 0.871395 0.396084 -0.289463
vn 0.952819 0.054736 -0.298563
vn 0.952817 0.054737 -0.298569
vn 0.997958 0.062898 0.011161
vn 0.958742 0.218331 -0.182056
vn 0.981768 0.057629 -0.181135
vn 0.996348 0.059677 -0.06107
vn 0.981768 0.057629 -0.181136
vn 0.694234 0.120334 -0.709619
vn 0.694228 0.120333 -0.709625
vn 0.915568 0.164225 -0.367104
vn 0.310396 0.804894 -0.505766
vn 0.472438 0.722245 -0.505139
vn 0.784008 0.077884 -0.615845
vn 0.84821 0.110776 -0.517947
vn 0.635986 0.611738 -0.470424
vn 0.900727 0.137991 -0.411885
vn 0.776956 0.487196 -0.398722
vn 0.878881 0.372018 -0.298616
vn 0.94077 0.159083 -0.299406
vn 0.979287 0.187559 0.076285
vn 0.94026 0.286844 -0.183391
vn 0.967786 0.173732 -0.182228
vn 0.698818 0.123152 -0.704618
vn 0.34638 0.726266 -0.593766
vn 0.501616 0.658538 -0.560989
vn 0.768389 0.171068 -0.616696
vn 0.644764 0.580197 -0.497646
vn 0.827982 0.212434 -0.518959
vn 0.876724 0.246593 -0.412974
vn 0.762836 0.50148 -0.408166
vn 0.913872 0.272979 -0.300532
vn 0.849361 0.433548 -0.301035
vn 0.941981 0.307393 0.134841
vn 0.938917 0.291191 -0.183418
vn 0.904357 0.384839 -0.184493
vn 0.343929 0.689094 -0.637858
vn 0.678907 0.204373 -0.705207
vn 0.488938 0.646453 -0.585695
vn 0.74182 0.261496 -0.617513
vn 0.79569 0.310762 -0.519908
vn 0.618292 0.599141 -0.508671
vn 0.839713 0.351371 -0.414029
vn 0.724144 0.552996 -0.412081
vn 0.873251 0.382674 -0.301649
vn 0.802847 0.513755 -0.302477
vn 0.888242 0.419807 0.186516
vn 0.895863 0.404209 -0.184513
vn 0.854174 0.485779 -0.185489
vn 0.319713 0.677849 -0.662046
vn 0.649777 0.282402 -0.705719
vn 0.704781 0.347872 -0.618279
vn 0.454449 0.659753 -0.5985
vn 0.751855 0.404308 -0.520816
vn 0.572979 0.638101 -0.514317
vn 0.790294 0.450775 -0.415015
vn 0.669934 0.616077 -0.414292
vn 0.819553 0.486533 -0.302685
vn 0.742694 0.596864 -0.303576
vn 0.839268 0.511066 -0.185583
vn 0.790765 0.58303 -0.186461
vn 0.820383 0.522903 0.231397
vn 0.281198 0.680638 -0.676506
vn 0.61196 0.356169 -0.706151
vn 0.405599 0.684316 -0.605971
vn 0.657918 0.428995 -0.618957
vn 0.51428 0.683751 -0.517688
vn 0.697197 0.491721 -0.521658
vn 0.603272 0.680571 -0.415796
vn 0.729236 0.543327 -0.415946
vn 0.670468 0.676577 -0.304494
vn 0.753603 0.582999 -0.303638
vn 0.740653 0.615371 0.269726
vn 0.715185 0.673357 -0.18735
vn 0.77 0.610155 -0.186574
vn 0.566135 0.424701 -0.706484
vn 0.602007 0.50373 -0.61955
vn 0.632601 0.571762 -0.522403
vn 0.657501 0.627677 -0.41679
vn 0.676412 0.670629 -0.304506
vn 0.651132 0.696351 0.301866
vn 0.689117 0.699978 -0.18748
vn 0.39257 0.582917 -0.711405
vn 0.47798 0.618578 -0.623615
vn 0.544943 0.653661 -0.525133
vn 0.592682 0.688214 -0.418436
vn 0.480705 0.607458 -0.632391
vn 0.620723 0.722062 -0.305498
vn 0.63964 0.745298 -0.188126
vn 0.620719 0.72206 -0.305513
vn 0.649171 0.757602 -0.067949
vn 0.639641 0.745303 -0.188105
vn 0.452389 0.5359 -0.71285
vn 0.487708 0.610832 -0.623719
vn 0.520356 0.673449 -0.525069
vn 0.54988 0.722836 -0.418497
vn 0.575854 0.75827 -0.305646
vn 0.593382 0.78258 -0.188327
vn 0.575855 0.75827 -0.305642
vn 0.55369 0.765313 0.328213
vn 0.602209 0.795414 -0.068269
vn 0.593381 0.782579 -0.188332
vn 0.32628 0.621359 -0.712358
vn 0.401499 0.658003 -0.637048
vn 0.402162 0.66978 -0.624228
vn 0.461352 0.714681 -0.525724
vn 0.503089 0.755828 -0.419077
vn 0.526886 0.792869 -0.306185
vn 0.526886 0.792868 -0.30619
vn 0.551035 0.831652 -0.068665
vn 0.542946 0.818266 -0.188812
vn 0.542947 0.818267 -0.188808
vn 0.383881 0.586345 -0.713326
vn 0.409005 0.665567 -0.624288
vn 0.433268 0.732079 -0.525679
vn 0.477903 0.823277 -0.306307
vn 0.456345 0.78491 -0.419124
vn 0.492452 0.849571 -0.188997
vn 0.477902 0.823276 -0.306311
vn 0.449981 0.821944 0.349177
vn 0.499779 0.863406 -0.068934
vn 0.492452 0.849571 -0.188997
vn 0.317413 0.699069 -0.640743
vn 0.25417 0.653405 -0.713064
vn 0.319835 0.712337 -0.624725
vn 0.370639 0.765331 -0.526209
vn 0.405865 0.81192 -0.419594
vn 0.425057 0.851605 -0.306751
vn 0.42506 0.851609 -0.306735
vn 0.438014 0.878792 -0.189387
vn 0.438011 0.87879 -0.189403
vn 0.444539 0.893078 -0.069252
vn 0.310029 0.628095 -0.713708
vn 0.324344 0.710275 -0.624748
vn 0.339694 0.779586 -0.526169
vn 0.355888 0.835009 -0.419647
vn 0.372706 0.875754 -0.306831
vn 0.384052 0.903644 -0.189555
vn 0.372703 0.87575 -0.306845
vn 0.389768 0.918289 -0.069466
vn 0.384052 0.903646 -0.189545
vn 0.341483 0.866076 0.365104
vn 0.177422 0.677738 -0.713577
vn 0.232292 0.745187 -0.625089
vn 0.274189 0.804702 -0.526569
vn 0.302479 0.855631 -0.420002
vn 0.316782 0.89738 -0.307179
vn 0.229489 0.730239 -0.643495
vn 0.316782 0.897382 -0.307173
vn 0.326435 0.925959 -0.189842
vn 0.331298 0.940947 -0.069724
vn 0.326436 0.92596 -0.189835
vn 0.231984 0.660605 -0.713992
vn 0.235022 0.74433 -0.62509
vn 0.241054 0.815248 -0.526558
vn 0.250036 0.872382 -0.420038
vn 0.261853 0.914896 -0.307244
vn 0.269827 0.943988 -0.189946
vn 0.261852 0.914894 -0.30725
vn 0.273843 0.959232 -0.06988
vn 0.229523 0.897633 0.376263
vn 0.269827 0.943987 -0.18995
vn 0.097261 0.693427 -0.713932
vn 0.140881 0.767543 -0.625324
vn 0.17346 0.832085 -0.526827
vn 0.194503 0.886304 -0.420277
vn 0.138804 0.751194 -0.645322
vn 0.203699 0.929498 -0.307474
vn 0.209906 0.959053 -0.190149
vn 0.203699 0.929498 -0.307472
vn 0.213032 0.974531 -0.070043
vn 0.209906 0.959054 -0.190143
vn 0.150962 0.683506 -0.714164
vn 0.142407 0.767262 -0.625324
vn 0.138851 0.838564 -0.526812
vn 0.140394 0.896454 -0.420309
vn 0.14703 0.940115 -0.307516
vn 0.14703 0.940116 -0.307513
vn 0.115315 0.916572 0.382881
vn 0.153764 0.985615 -0.070137
vn 0.151509 0.969982 -0.19021
vn 0.151509 0.969981 -0.190214
vn 0.01495 0.699841 -0.714143
vn 0.046453 0.761725 -0.646233
vn 0.046996 0.778854 -0.625443
vn 0.069994 0.847011 -0.526947
vn 0.083573 0.903468 -0.420429
vn 0.087524 0.947473 -0.307626
vn 0.087524 0.947472 -0.307631
vn 0.091534 0.993324 -0.070212
vn 0.090191 0.977571 -0.190315
vn 0.090191 0.977571 -0.190317
vn 0.068222 0.696591 -0.714217
vn 0.047918 0.778797 -0.625443
vn 0.034641 0.849189 -0.526952
vn 0.028627 0.906875 -0.420427
vn 0.02998 0.951028 -0.307646
vn 0.030893 0.981232 -0.19034
vn 0.02998 0.951028 -0.307647
vn 0.030893 0.981233 -0.190337
vn 0.0 0.922885 0.385075
vn 0.031353 0.997037 -0.070244
vn -0.034641 0.849189 -0.526952
vn -0.046453 0.761725 -0.646233
vn -0.068222 0.696591 -0.714217
vn -0.047918 0.778797 -0.625443
vn -0.028627 0.906874 -0.420427
vn -0.02998 0.951028 -0.307647
vn -0.02998 0.951028 -0.307646
vn -0.030893 0.981232 -0.19034
vn -0.030893 0.981233 -0.190337
vn -0.031353 0.997037 -0.070244
vn -0.01495 0.699841 -0.714143
vn -0.046996 0.778854 -0.625443
vn -0.069994 0.847011 -0.526947
vn -0.083573 0.903468 -0.420429
vn -0.087524 0.947472 -0.307631
vn -0.087524 0.947473 -0.307626
vn -0.090191 0.977571 -0.190317
vn -0.091534 0.993324 -0.070212
vn -0.090191 0.977571 -0.190315
vn -0.115315 0.916572 0.382881
vn -0.138804 0.751194 -0.645322
vn -0.150962 0.683506 -0.714164
vn -0.142407 0.767262 -0.625324
vn -0.138851 0.838564 -0.526812
vn -0.140394 0.896454 -0.420309
vn -0.14703 0.940116 -0.307513
vn -0.14703 0.940115 -0.307516
vn -0.151509 0.969981 -0.190214
vn -0.153764 0.985615 -0.070137
vn -0.151509 0.969982 -0.19021
vn -0.097261 0.693427 -0.713932
vn -0.140881 0.767543 -0.625324
vn -0.17346 0.832085 -0.526827
vn -0.194503 0.886304 -0.420277
vn -0.203699 0.929498 -0.307472
vn -0.203699 0.929498 -0.307474
vn -0.229523 0.897633 0.376263
vn -0.213032 0.974531 -0.070043
vn -0.209906 0.959054 -0.190143
vn -0.209906 0.959053 -0.190149
vn -0.229489 0.730239 -0.643495
vn -0.231984 0.660605 -0.713992
vn -0.235022 0.74433 -0.62509
vn -0.241054 0.815248 -0.526558
vn -0.250036 0.872382 -0.420038
vn -0.261852 0.914894 -0.30725
vn -0.269827 0.943988 -0.18995
vn -0.261852 0.914896 -0.307244
vn -0.273843 0.959232 -0.06988
vn -0.269827 0.943988 -0.189946
vn -0.177422 0.677738 -0.713577
vn -0.232292 0.745187 -0.625089
vn -0.274189 0.804702 -0.52657
vn -0.302479 0.855631 -0.420002
vn -0.316782 0.897382 -0.307173
vn -0.316782 0.89738 -0.307179
vn -0.341483 0.866076 0.365104
vn -0.331298 0.940947 -0.069724
vn -0.326436 0.92596 -0.189835
vn -0.326436 0.925959 -0.189842
vn -0.317413 0.699069 -0.640743
vn -0.310029 0.628094 -0.713708
vn -0.324344 0.710275 -0.624748
vn -0.339694 0.779586 -0.526168
vn -0.355888 0.835009 -0.419647
vn -0.372704 0.87575 -0.306845
vn -0.384052 0.903646 -0.189545
vn -0.372705 0.875755 -0.306831
vn -0.389768 0.91829 -0.069466
vn -0.384051 0.903645 -0.189556
vn -0.25417 0.653405 -0.713064
vn -0.319835 0.712337 -0.624725
vn -0.370639 0.765331 -0.526209
vn -0.405865 0.81192 -0.419594
vn -0.438011 0.87879 -0.189403
vn -0.425058 0.851604 -0.306751
vn -0.425059 0.851609 -0.306735
vn -0.438014 0.878792 -0.189387
vn -0.449981 0.821944 0.349177
vn -0.444539 0.893078 -0.069252
vn -0.456345 0.78491 -0.419124
vn -0.383881 0.586346 -0.713326
vn -0.409005 0.665567 -0.624288
vn -0.401499 0.658003 -0.637048
vn -0.433268 0.732079 -0.52568
vn -0.477902 0.823276 -0.306311
vn -0.477903 0.823277 -0.306307
vn -0.492452 0.849571 -0.188996
vn -0.499779 0.863406 -0.068934
vn -0.492452 0.849571 -0.188997
vn -0.32628 0.621359 -0.712358
vn -0.402162 0.66978 -0.624228
vn -0.461352 0.714681 -0.525724
vn -0.503089 0.755828 -0.419077
vn -0.526886 0.792868 -0.30619
vn -0.542947 0.818267 -0.188808
vn -0.526886 0.792869 -0.306185
vn -0.551035 0.831652 -0.068665
vn -0.55369 0.765313 0.328213
vn -0.542946 0.818267 -0.188812
vn -0.480705 0.607458 -0.632391
vn -0.452389 0.5359 -0.71285
vn -0.487708 0.610832 -0.623719
vn -0.520356 0.673449 -0.525068
vn -0.54988 0.722837 -0.418497
vn -0.575855 0.758271 -0.305642
vn -0.575854 0.758269 -0.305646
vn -0.593381 0.782579 -0.188332
vn -0.602209 0.795414 -0.068268
vn -0.593382 0.78258 -0.188326
vn -0.39257 0.582917 -0.711405
vn -0.47798 0.618579 -0.623615
vn -0.544943 0.653661 -0.525134
vn -0.620719 0.72206 -0.305513
vn -0.592682 0.688214 -0.418436
vn -0.620724 0.722062 -0.305497
vn -0.651132 0.696351 0.301866
vn -0.649171 0.757602 -0.067949
vn -0.639641 0.745303 -0.188105
vn -0.63964 0.745298 -0.188126
vn -0.518896 0.512272 -0.684342
vn -0.50321 0.488247 -0.713019
vn -0.551593 0.554133 -0.623443
vn -0.595769 0.608234 -0.52451
vn -0.635078 0.649739 -0.417751
vn -0.737699 0.533057 -0.414308
vn -0.635081 0.649742 -0.417741
vn -0.665074 0.681717 -0.304858
vn -0.685307 0.703686 -0.187561
vn -0.806282 0.510543 -0.298755
vn -0.66507 0.681711 -0.304882
vn -0.91478 0.399324 -0.060979
vn -0.68531 0.703688 -0.187544
vn -0.695503 0.715348 -0.067481
vn -0.8667 0.465401 -0.179538
vn -0.582626 0.449903 -0.676856
vn -0.691587 0.590193 -0.416389
vn -0.807936 0.420982 -0.412326
vn -0.712264 0.632996 -0.30331
vn -0.877076 0.378516 -0.295743
vn -0.710968 0.700051 -0.066733
vn -0.972309 0.226371 -0.05806
vn -0.718783 0.669873 -0.186068
vn -0.933521 0.312409 -0.175897
vn -0.639613 0.380186 -0.668098
vn -0.760198 0.499476 -0.41548
vn -0.864764 0.290793 -0.409417
vn -0.786385 0.538663 -0.302391
vn -0.930492 0.22232 -0.291134
vn -0.976768 0.130002 -0.170366
vn -0.998316 0.021302 -0.053957
vn -0.794624 0.603525 -0.065807
vn -0.797948 0.573578 -0.185167
vn -0.689064 0.303745 -0.657974
vn -0.816923 0.40104 -0.414491
vn -0.90462 0.134589 -0.404411
vn -0.847991 0.435967 -0.301405
vn -0.958663 0.030333 -0.282922
vn -0.86415 0.468329 -0.184153
vn -0.982461 -0.094408 -0.160802
vn -0.97316 -0.225126 -0.047731
vn -0.865052 0.497479 -0.064799
vn -0.682722 0.205943 -0.701055
vn -0.811301 0.265979 -0.520621
vn -0.856463 0.05502 -0.513267
vn -0.860925 0.296416 -0.413456
vn -0.916766 -0.071805 -0.392918
vn -0.896196 0.326548 -0.300331
vn -0.937323 -0.227068 -0.264322
vn -0.916446 0.355824 -0.183076
vn -0.91233 -0.384309 -0.14128
vn -0.921266 0.383682 -0.063699
vn -0.852689 -0.521091 -0.037214
vn -0.71844 0.125017 -0.684262
vn -0.838603 0.163654 -0.519579
vn -0.847452 -0.193856 -0.494212
vn -0.89157 0.187234 -0.412368
vn -0.837582 -0.42134 -0.34775
vn -0.930317 0.212126 -0.299188
vn -0.757454 -0.619933 -0.204807
vn -0.9962 0.062085 -0.061084
vn -0.954104 0.237865 -0.181948
vn -0.996201 0.062085 -0.06107
vn -0.649175 -0.75484 -0.093753
vn -0.962496 0.26399 -0.062538
vn -0.888275 0.051453 -0.456421
vn 0.858402 0.049047 -0.510627
vn -0.858403 0.049047 -0.510626
vn -0.858402 0.049047 -0.510627
vn -0.790287 0.043785 -0.611171
vn -0.790287 0.043785 -0.611171
vn -0.710462 0.037873 -0.702716
vn -0.710458 0.037872 -0.70272
vn -0.620077 0.031397 -0.783912
vn -0.620076 0.031397 -0.783913
vn -0.520468 0.024453 -0.853531
vn -0.520471 0.024454 -0.853529
vn -0.413103 0.017145 -0.910523
vn -0.4131 0.017144 -0.910524
vn -0.299563 0.009578 -0.954028
vn -0.299565 0.009578 -0.954028
vn -0.06082 -0.005871 -0.998132
vn -0.18155 0.001868 -0.98338
vn -0.060822 -0.005871 -0.998131
vn -0.181551 0.001868 -0.98338
vn -0.844864 0.156202 -0.511669
vn -0.844865 0.156203 -0.511667
vn -0.777824 0.142437 -0.612129
vn -0.777822 0.142437 -0.612131
vn -0.699257 0.126561 -0.703578
vn -0.699257 0.126561 -0.703578
vn -0.610297 0.108802 -0.784665
vn -0.610298 0.108802 -0.784665
vn -0.512259 0.089424 -0.854163
vn -0.512262 0.089425 -0.854161
vn -0.406584 0.068712 -0.911026
vn -0.406588 0.068713 -0.911024
vn -0.294841 0.046974 -0.954391
vn -0.294839 0.046973 -0.954392
vn -0.059861 0.001721 -0.998205
vn -0.178689 0.024532 -0.9836
vn -0.059861 0.001721 -0.998205
vn -0.178688 0.024531 -0.9836
vn -0.818003 0.260817 -0.512684
vn -0.818003 0.260816 -0.512685
vn -0.753092 0.238749 -0.613067
vn -0.753092 0.238749 -0.613067
vn -0.677023 0.213144 -0.704421
vn -0.677025 0.213145 -0.70442
vn -0.590895 0.184372 -0.785398
vn -0.590894 0.184371 -0.785399
vn -0.495973 0.152854 -0.854779
vn -0.495975 0.152855 -0.854778
vn -0.393657 0.119057 -0.911515
vn -0.393659 0.119057 -0.911514
vn -0.285467 0.083482 -0.954746
vn -0.285467 0.083482 -0.954746
vn -0.173008 0.046658 -0.983815
vn -0.057958 0.009133 -0.998277
vn -0.057958 0.009133 -0.998277
vn -0.173006 0.046657 -0.983815
vn -0.778238 0.361238 -0.513666
vn -0.778241 0.361239 -0.51366
vn -0.716486 0.331203 -0.613965
vn -0.716488 0.331205 -0.613961
vn -0.644114 0.296259 -0.705229
vn -0.644114 0.296259 -0.705229
vn -0.562173 0.256913 -0.786103
vn -0.562173 0.256913 -0.786102
vn -0.471865 0.213742 -0.85537
vn -0.471863 0.213741 -0.855371
vn -0.374524 0.167385 -0.911984
vn -0.374525 0.167385 -0.911983
vn -0.27159 0.118527 -0.955086
vn -0.271591 0.118527 -0.955086
vn -0.164597 0.067896 -0.984021
vn -0.164596 0.067896 -0.984021
vn -0.055141 0.016249 -0.998346
vn -0.055141 0.016248 -0.998346
vn -0.668582 0.418341 -0.614808
vn -0.726206 0.455886 -0.51458
vn -0.726204 0.455884 -0.514585
vn -0.668579 0.41834 -0.614812
vn -0.601047 0.374594 -0.70599
vn -0.601047 0.374595 -0.705989
vn -0.524585 0.325283 -0.786766
vn -0.524582 0.325281 -0.786769
vn -0.440313 0.271128 -0.855929
vn -0.440315 0.271129 -0.855927
vn -0.349484 0.212934 -0.912425
vn -0.349483 0.212934 -0.912426
vn -0.253431 0.151557 -0.955407
vn -0.253433 0.151558 -0.955407
vn -0.153591 0.087914 -0.984216
vn -0.051454 0.022955 -0.998412
vn -0.051453 0.022954 -0.998412
vn -0.153591 0.087913 -0.984216
vn -0.662715 0.543264 -0.515435
vn -0.662718 0.543266 -0.515429
vn -0.610132 0.498788 -0.615589
vn -0.610129 0.498785 -0.615593
vn -0.5485 0.446914 -0.706694
vn -0.548501 0.446915 -0.706692
vn -0.478721 0.388401 -0.787383
vn -0.401821 0.324109 -0.856442
vn -0.478723 0.388402 -0.787381
vn -0.31893 0.254985 -0.912834
vn -0.40182 0.324109 -0.856443
vn -0.318929 0.254985 -0.912835
vn -0.231276 0.182052 -0.955703
vn -0.140163 0.106394 -0.984396
vn -0.231275 0.182051 -0.955704
vn -0.046956 0.029146 -0.998472
vn -0.046955 0.029145 -0.998472
vn -0.140165 0.106395 -0.984395
vn -0.54206 0.571274 -0.616293
vn -0.588777 0.621997 -0.516199
vn -0.588778 0.622 -0.516194
vn -0.542059 0.571273 -0.616295
vn -0.487304 0.512078 -0.707326
vn -0.487304 0.512078 -0.707327
vn -0.425311 0.445276 -0.787934
vn -0.425312 0.445276 -0.787933
vn -0.356991 0.371849 -0.856905
vn -0.356989 0.371847 -0.856906
vn -0.283347 0.292875 -0.913203
vn -0.283345 0.292873 -0.913204
vn -0.205472 0.209527 -0.955971
vn -0.205472 0.209527 -0.95597
vn -0.041717 0.034724 -0.998526
vn -0.041717 0.034725 -0.998526
vn -0.124527 0.123048 -0.984557
vn -0.124526 0.123047 -0.984557
vn -0.505553 0.690845 -0.516865
vn -0.505554 0.690846 -0.516862
vn -0.418423 0.569059 -0.70788
vn -0.465437 0.634656 -0.616912
vn -0.465438 0.634656 -0.616911
vn -0.418424 0.56906 -0.707878
vn -0.365193 0.495009 -0.788416
vn -0.365192 0.495007 -0.788418
vn -0.30653 0.413592 -0.85731
vn -0.306529 0.413591 -0.857311
vn -0.243293 0.326005 -0.913526
vn -0.243294 0.326005 -0.913525
vn -0.176428 0.233554 -0.956204
vn -0.176429 0.233554 -0.956204
vn -0.106924 0.137608 -0.984699
vn -0.03582 0.039602 -0.998573
vn -0.03582 0.039602 -0.998573
vn -0.106924 0.137608 -0.984699
vn -0.414356 0.748718 -0.517427
vn -0.414355 0.748718 -0.517427
vn -0.381476 0.687936 -0.617429
vn -0.381477 0.687938 -0.617428
vn -0.342943 0.616959 -0.708344
vn -0.342943 0.616958 -0.708345
vn -0.299314 0.536812 -0.788824
vn -0.299314 0.536812 -0.788824
vn -0.251234 0.448681 -0.857652
vn -0.251235 0.448683 -0.857651
vn -0.199406 0.353856 -0.913796
vn -0.199405 0.353855 -0.913796
vn -0.144602 0.253751 -0.9564
vn -0.144602 0.253751 -0.9564
vn -0.087636 0.149848 -0.984818
vn -0.029358 0.043703 -0.998613
vn -0.087636 0.149848 -0.984818
vn -0.029359 0.043703 -0.998613
vn -0.316623 0.794703 -0.517877
vn -0.316623 0.794706 -0.517873
vn -0.262055 0.65502 -0.708715
vn -0.2915 0.730278 -0.617837
vn -0.2915 0.730276 -0.617839
vn -0.228716 0.570031 -0.789147
vn -0.262055 0.65502 -0.708714
vn -0.228716 0.57003 -0.789148
vn -0.191977 0.476566 -0.857922
vn -0.152372 0.375986 -0.914012
vn -0.191976 0.476564 -0.857923
vn -0.110496 0.2698 -0.956556
vn -0.152373 0.375988 -0.914011
vn -0.066965 0.159574 -0.984912
vn -0.110496 0.2698 -0.956556
vn -0.022434 0.046961 -0.998645
vn -0.022434 0.046961 -0.998645
vn -0.066965 0.159574 -0.984912
vn -0.213897 0.828079 -0.518202
vn -0.196926 0.761005 -0.618135
vn -0.213897 0.828079 -0.518201
vn -0.196925 0.761004 -0.618137
vn -0.177033 0.682644 -0.708982
vn -0.177033 0.682642 -0.708984
vn -0.154511 0.594139 -0.789382
vn -0.154512 0.594146 -0.789378
vn -0.129692 0.496801 -0.858119
vn -0.102937 0.39205 -0.914167
vn -0.129691 0.4968 -0.85812
vn -0.102937 0.392049 -0.914167
vn -0.074646 0.281447 -0.956669
vn -0.074646 0.281447 -0.956669
vn -0.015156 0.049327 -0.998668
vn -0.015155 0.049326 -0.998668
vn -0.045239 0.166633 -0.984981
vn -0.045239 0.166632 -0.984981
vn 0.0 0.855102 -0.51846
vn -0.107799 0.84832 -0.518395
vn -0.107799 0.848317 -0.518399
vn -0.099246 0.779637 -0.618318
vn -0.099246 0.779639 -0.618315
vn -0.08922 0.699392 -0.709147
vn -0.08922 0.699393 -0.709146
vn -0.07787 0.608765 -0.78952
vn -0.07787 0.608762 -0.789522
vn -0.065361 0.509071 -0.858239
vn -0.065361 0.50907 -0.85824
vn -0.051878 0.401791 -0.914261
vn -0.051878 0.401789 -0.914262
vn -0.03762 0.288507 -0.956738
vn -0.03762 0.28851 -0.956738
vn -0.022799 0.170913 -0.985022
vn -0.007638 0.050761 -0.998682
vn -0.007638 0.050761 -0.998682
vn -0.022799 0.170912 -0.985022
vn 0.0 0.855102 -0.51846
vn 0.0 0.705006 -0.709201
vn 0.0 0.785882 -0.618376
vn 0.0 0.785882 -0.618376
vn 0.0 0.705006 -0.709201
vn 0.0 0.613661 -0.789569
vn 0.0 0.613661 -0.789569
vn 0.0 0.513182 -0.85828
vn 0.0 0.513182 -0.85828
vn 0.0 0.405054 -0.914293
vn 0.0 0.405054 -0.914293
vn 0.0 0.290874 -0.956761
vn 0.0 0.290874 -0.956761
vn 0.0 0.172347 -0.985036
vn 0.0 0.051241 -0.998686
vn 0.0 0.172347 -0.985036
vn 0.0 0.051241 -0.998686
vn 0.107798 0.848317 -0.518399
vn 0.099246 0.779639 -0.618315
vn 0.107799 0.84832 -0.518394
vn 0.099246 0.779637 -0.618318
vn 0.08922 0.699393 -0.709146
vn 0.07787 0.608762 -0.789522
vn 0.08922 0.699392 -0.709147
vn 0.07787 0.608765 -0.78952
vn 0.065361 0.50907 -0.85824
vn 0.065361 0.509071 -0.858239
vn 0.051878 0.401791 -0.914261
vn 0.03762 0.288507 -0.956738
vn 0.051877 0.401789 -0.914262
vn 0.03762 0.28851 -0.956738
vn 0.022799 0.170913 -0.985022
vn 0.007638 0.050761 -0.998682
vn 0.007638 0.050761 -0.998682
vn 0.022799 0.170912 -0.985022
vn 0.316623 0.794703 -0.517877
vn 0.213897 0.828079 -0.518201
vn 0.213897 0.828079 -0.518202
vn 0.196925 0.761004 -0.618137
vn 0.196926 0.761005 -0.618135
vn 0.177033 0.682642 -0.708985
vn 0.177034 0.682644 -0.708982
vn 0.154513 0.594145 -0.789378
vn 0.154511 0.59414 -0.789382
vn 0.129691 0.4968 -0.85812
vn 0.129692 0.496801 -0.858119
vn 0.102937 0.392049 -0.914167
vn 0.074646 0.281447 -0.956669
vn 0.102937 0.39205 -0.914167
vn 0.074646 0.281447 -0.956669
vn 0.015155 0.049326 -0.998668
vn 0.015156 0.049327 -0.998668
vn 0.045239 0.166632 -0.984981
vn 0.045239 0.166633 -0.984981
vn 0.316623 0.794706 -0.517873
vn 0.291499 0.730276 -0.617839
vn 0.2915 0.730278 -0.617837
vn 0.262055 0.65502 -0.708715
vn 0.262055 0.65502 -0.708714
vn 0.228716 0.57003 -0.789148
vn 0.228716 0.570031 -0.789147
vn 0.191976 0.476565 -0.857923
vn 0.191977 0.476566 -0.857922
vn 0.152373 0.375988 -0.914011
vn 0.152372 0.375986 -0.914011
vn 0.110496 0.269799 -0.956556
vn 0.110496 0.2698 -0.956556
vn 0.066965 0.159574 -0.984912
vn 0.022434 0.046961 -0.998645
vn 0.022434 0.046961 -0.998645
vn 0.066965 0.159574 -0.984912
vn 0.414355 0.748718 -0.517427
vn 0.381477 0.687938 -0.617428
vn 0.414355 0.748718 -0.517427
vn 0.381476 0.687936 -0.61743
vn 0.299314 0.536812 -0.788824
vn 0.342943 0.616958 -0.708345
vn 0.342944 0.616959 -0.708344
vn 0.299314 0.536812 -0.788824
vn 0.251235 0.448683 -0.857651
vn 0.199405 0.353855 -0.913796
vn 0.251234 0.448681 -0.857652
vn 0.199406 0.353856 -0.913796
vn 0.144602 0.253751 -0.9564
vn 0.144602 0.253751 -0.9564
vn 0.087636 0.149848 -0.984818
vn 0.029359 0.043703 -0.998613
vn 0.087636 0.149848 -0.984818
vn 0.029358 0.043702 -0.998613
vn 0.505554 0.690846 -0.516863
vn 0.465437 0.634656 -0.616912
vn 0.505553 0.690845 -0.516865
vn 0.465438 0.634656 -0.616911
vn 0.418423 0.569059 -0.70788
vn 0.418424 0.56906 -0.707878
vn 0.365192 0.495007 -0.788418
vn 0.365193 0.495009 -0.788416
vn 0.306529 0.413591 -0.857311
vn 0.243294 0.326005 -0.913526
vn 0.30653 0.413592 -0.85731
vn 0.243293 0.326005 -0.913526
vn 0.176429 0.233554 -0.956204
vn 0.176428 0.233554 -0.956204
vn 0.106924 0.137608 -0.984699
vn 0.03582 0.039602 -0.998573
vn 0.03582 0.039602 -0.998573
vn 0.106924 0.137608 -0.984699
vn 0.588776 0.621997 -0.516199
vn 0.588779 0.622 -0.516194
vn 0.542059 0.571273 -0.616295
vn 0.54206 0.571274 -0.616293
vn 0.487304 0.512078 -0.707326
vn 0.425312 0.445276 -0.787933
vn 0.487304 0.512078 -0.707327
vn 0.425311 0.445276 -0.787934
vn 0.356991 0.371849 -0.856905
vn 0.283345 0.292873 -0.913204
vn 0.356989 0.371847 -0.856906
vn 0.205472 0.209527 -0.95597
vn 0.283347 0.292875 -0.913203
vn 0.205472 0.209527 -0.955971
vn 0.041717 0.034725 -0.998526
vn 0.041717 0.034724 -0.998526
vn 0.124526 0.123047 -0.984557
vn 0.124527 0.123047 -0.984557
vn 0.726206 0.455886 -0.51458
vn 0.662718 0.543266 -0.51543
vn 0.662715 0.543264 -0.515435
vn 0.610132 0.498788 -0.615589
vn 0.610129 0.498786 -0.615593
vn 0.5485 0.446914 -0.706694
vn 0.548501 0.446915 -0.706692
vn 0.478723 0.388402 -0.787381
vn 0.478721 0.388401 -0.787383
vn 0.401821 0.324109 -0.856442
vn 0.40182 0.324109 -0.856443
vn 0.318931 0.254985 -0.912834
vn 0.318929 0.254985 -0.912835
vn 0.231277 0.182052 -0.955703
vn 0.231275 0.182051 -0.955704
vn 0.140163 0.106394 -0.984396
vn 0.046955 0.029145 -0.998472
vn 0.046956 0.029146 -0.998472
vn 0.140165 0.106395 -0.984395
vn 0.726204 0.455884 -0.514585
vn 0.668579 0.41834 -0.614812
vn 0.668582 0.418341 -0.614807
vn 0.601047 0.374594 -0.70599
vn 0.601047 0.374595 -0.70599
vn 0.524585 0.325283 -0.786767
vn 0.440315 0.271129 -0.855927
vn 0.524582 0.325282 -0.786769
vn 0.440313 0.271128 -0.855929
vn 0.349484 0.212934 -0.912425
vn 0.349483 0.212934 -0.912426
vn 0.253433 0.151558 -0.955407
vn 0.253431 0.151557 -0.955407
vn 0.153591 0.087913 -0.984216
vn 0.153591 0.087914 -0.984216
vn 0.051454 0.022955 -0.998411
vn 0.051453 0.022954 -0.998412
vn 0.778242 0.361239 -0.51366
vn 0.716488 0.331205 -0.613961
vn 0.778238 0.361238 -0.513666
vn 0.716486 0.331203 -0.613965
vn 0.562173 0.256913 -0.786102
vn 0.644114 0.296259 -0.705229
vn 0.644114 0.296259 -0.705229
vn 0.562172 0.256913 -0.786103
vn 0.471863 0.213741 -0.855371
vn 0.471865 0.213742 -0.85537
vn 0.374525 0.167385 -0.911983
vn 0.374524 0.167385 -0.911984
vn 0.271591 0.118527 -0.955086
vn 0.271591 0.118527 -0.955086
vn 0.164596 0.067896 -0.984021
vn 0.055141 0.016249 -0.998346
vn 0.055141 0.016248 -0.998346
vn 0.057958 0.009133 -0.998277
vn 0.164597 0.067896 -0.984021
vn 0.844864 0.156202 -0.511669
vn 0.818003 0.260816 -0.512685
vn 0.818003 0.260817 -0.512684
vn 0.753092 0.238749 -0.613067
vn 0.753092 0.238749 -0.613066
vn 0.677023 0.213144 -0.704421
vn 0.677025 0.213145 -0.70442
vn 0.590895 0.184371 -0.785398
vn 0.590894 0.184371 -0.785399
vn 0.495973 0.152854 -0.854779
vn 0.495975 0.152854 -0.854778
vn 0.393659 0.119057 -0.911514
vn 0.393657 0.119057 -0.911515
vn 0.285467 0.083482 -0.954746
vn 0.285467 0.083482 -0.954746
vn 0.173006 0.046657 -0.983815
vn 0.057958 0.009133 -0.998277
vn 0.173008 0.046657 -0.983815
vn 0.844865 0.156203 -0.511667
vn 0.777822 0.142437 -0.612131
vn 0.858403 0.049047 -0.510626
vn 0.790287 0.043785 -0.611171
vn 0.710458 0.037873 -0.70272
vn 0.790287 0.043785 -0.611171
vn 0.777824 0.142437 -0.612129
vn 0.699257 0.126561 -0.703578
vn 0.699257 0.126561 -0.703578
vn 0.710462 0.037873 -0.702716
vn 0.620077 0.031397 -0.783912
vn 0.610298 0.108802 -0.784665
vn 0.512262 0.089425 -0.854161
vn 0.610297 0.108802 -0.784665
vn 0.620076 0.031397 -0.783913
vn 0.520471 0.024454 -0.853529
vn 0.51226 0.089424 -0.854162
vn 0.520468 0.024453 -0.853531
vn 0.4131 0.017144 -0.910524
vn 0.406584 0.068712 -0.911026
vn 0.294841 0.046974 -0.954391
vn 0.406588 0.068713 -0.911024
vn 0.413103 0.017145 -0.910523
vn 0.299565 0.009578 -0.954028
vn 0.299563 0.009578 -0.954028
vn 0.294839 0.046973 -0.954392
vn 0.18155 0.001868 -0.98338
vn 0.060822 -0.005871 -0.998131
vn 0.059861 0.001721 -0.998205
vn 0.06082 -0.005871 -0.998132
vn 0.181551 0.001868 -0.98338
vn 0.059861 0.001721 -0.998205
vn 0.178689 0.024532 -0.9836
vn 0.178688 0.024531 -0.9836
vn -0.996272 0.062101 -0.059878
vn -0.996273 0.062101 -0.059865
vn -0.982273 0.060076 -0.17757
vn -0.982276 0.060078 -0.177553
vn -0.954468 0.057208 -0.292776
vn -0.913232 0.053534 -0.403908
vn -0.954468 0.057208 -0.292778
vn -0.913228 0.053534 -0.403917
vn -0.980561 0.186468 -0.061073
vn -0.980561 0.186468 -0.061073
vn -0.966782 0.182695 -0.178761
vn -0.966782 0.182696 -0.178759
vn -0.89883 0.167534 -0.405015
vn -0.939416 0.176356 -0.293931
vn -0.89883 0.167534 -0.405016
vn -0.939416 0.176356 -0.293934
vn -0.903237 0.424435 -0.063393
vn -0.949385 0.307884 -0.062261
vn -0.949385 0.307884 -0.062252
vn -0.936046 0.302407 -0.179913
vn -0.936044 0.302406 -0.179922
vn -0.870252 0.27883 -0.406097
vn -0.909548 0.292678 -0.295062
vn -0.87025 0.27883 -0.406102
vn -0.909547 0.292677 -0.295066
vn -0.903237 0.424435 -0.063396
vn -0.890546 0.41732 -0.181029
vn -0.865335 0.404338 -0.296151
vn -0.890545 0.417319 -0.181034
vn -0.827951 0.385666 -0.407135
vn -0.865335 0.404337 -0.296154
vn -0.827949 0.385666 -0.40714
vn -0.769159 0.635697 -0.065449
vn -0.842844 0.534284 -0.064463
vn -0.842844 0.534284 -0.064462
vn -0.831001 0.525625 -0.182086
vn -0.831001 0.525624 -0.182091
vn -0.772592 0.486359 -0.408114
vn -0.772592 0.486359 -0.408113
vn -0.807478 0.509578 -0.297169
vn -0.807476 0.509576 -0.297177
vn -0.683344 0.727077 -0.066334
vn -0.769159 0.635698 -0.065446
vn -0.758351 0.625613 -0.183062
vn -0.758351 0.625613 -0.183062
vn -0.705048 0.57932 -0.409017
vn -0.705047 0.579319 -0.409021
vn -0.736884 0.606735 -0.298119
vn -0.736885 0.606737 -0.298113
vn -0.683344 0.727077 -0.066336
vn -0.673742 0.715709 -0.183934
vn -0.673742 0.715709 -0.183937
vn -0.654669 0.69428 -0.298971
vn -0.626388 0.663085 -0.409826
vn -0.626385 0.663082 -0.409834
vn -0.654669 0.69428 -0.29897
vn -0.480906 0.874149 -0.067768
vn -0.586752 0.806981 -0.067115
vn -0.578507 0.794491 -0.1847
vn -0.586752 0.806981 -0.067112
vn -0.578508 0.794491 -0.184695
vn -0.537846 0.736328 -0.41054
vn -0.562131 0.770831 -0.299716
vn -0.562131 0.770831 -0.299715
vn -0.537847 0.736329 -0.410537
vn -0.47415 0.860716 -0.185338
vn -0.480907 0.874149 -0.067762
vn -0.47415 0.860716 -0.185339
vn -0.460727 0.83518 -0.300341
vn -0.440822 0.797896 -0.411142
vn -0.440823 0.797897 -0.411139
vn -0.460727 0.83518 -0.300341
vn -0.367477 0.927523 -0.068274
vn -0.367478 0.927522 -0.068281
vn -0.362315 0.913339 -0.18585
vn -0.362314 0.913339 -0.185851
vn -0.336848 0.846822 -0.411613
vn -0.336847 0.84682 -0.411618
vn -0.352057 0.886314 -0.300838
vn -0.352057 0.886313 -0.300842
vn -0.248253 0.966259 -0.068659
vn -0.248253 0.96626 -0.068651
vn -0.244764 0.951531 -0.186224
vn -0.244764 0.951531 -0.186222
vn -0.237835 0.923424 -0.301202
vn -0.237835 0.923425 -0.3012
vn -0.22756 0.882329 -0.411962
vn -0.227561 0.88233 -0.411958
vn -0.125113 0.989748 -0.068885
vn -0.125113 0.989748 -0.068888
vn -0.123355 0.974689 -0.186454
vn -0.123355 0.97469 -0.186449
vn -0.114685 0.90386 -0.412171
vn -0.119863 0.945928 -0.301417
vn -0.114685 0.903859 -0.412172
vn -0.119863 0.945928 -0.301419
vn 0.125113 0.989748 -0.068885
vn 0.0 0.997619 -0.068961
vn 0.0 0.997619 -0.068961
vn 0.0 0.982449 -0.186529
vn 0.0 0.982449 -0.186529
vn 0.0 0.953469 -0.30149
vn 0.0 0.911074 -0.412242
vn 0.0 0.953469 -0.30149
vn 0.0 0.911074 -0.412242
vn 0.125114 0.989748 -0.068888
vn 0.123355 0.974689 -0.186454
vn 0.123356 0.97469 -0.186449
vn 0.119863 0.945928 -0.301417
vn 0.114685 0.903859 -0.412172
vn 0.119863 0.945928 -0.301419
vn 0.114685 0.90386 -0.412171
vn 0.248253 0.96626 -0.068651
vn 0.248252 0.966259 -0.06866
vn 0.244764 0.951531 -0.186224
vn 0.244764 0.951531 -0.186222
vn 0.237835 0.923425 -0.3012
vn 0.22756 0.882329 -0.411961
vn 0.237835 0.923424 -0.301202
vn 0.22756 0.882331 -0.411958
vn 0.367477 0.927523 -0.068281
vn 0.367478 0.927523 -0.068274
vn 0.362314 0.913339 -0.185851
vn 0.362315 0.913339 -0.18585
vn 0.352057 0.886313 -0.300842
vn 0.336848 0.84682 -0.411617
vn 0.336848 0.846823 -0.411612
vn 0.352057 0.886314 -0.300837
vn 0.480906 0.874149 -0.067768
vn 0.480907 0.874149 -0.067762
vn 0.47415 0.860716 -0.185338
vn 0.47415 0.860716 -0.185338
vn 0.440823 0.797898 -0.411138
vn 0.460727 0.835181 -0.30034
vn 0.440822 0.797896 -0.411141
vn 0.460727 0.83518 -0.300341
vn 0.586752 0.806981 -0.067112
vn 0.586752 0.806981 -0.067115
vn 0.578508 0.794491 -0.184695
vn 0.578508 0.79449 -0.1847
vn 0.537847 0.736329 -0.410537
vn 0.537846 0.736328 -0.41054
vn 0.562131 0.770831 -0.299715
vn 0.562131 0.770831 -0.299716
vn 0.683344 0.727077 -0.066334
vn 0.683344 0.727077 -0.066336
vn 0.673742 0.71571 -0.183934
vn 0.673742 0.715709 -0.183937
vn 0.626385 0.663082 -0.409834
vn 0.626388 0.663085 -0.409825
vn 0.654669 0.69428 -0.298971
vn 0.654669 0.69428 -0.29897
vn 0.769159 0.635697 -0.065449
vn 0.769159 0.635698 -0.065446
vn 0.758351 0.625613 -0.183062
vn 0.758351 0.625613 -0.183062
vn 0.705048 0.57932 -0.409017
vn 0.705047 0.579319 -0.40902
vn 0.736884 0.606735 -0.298119
vn 0.736885 0.606736 -0.298113
vn 0.842844 0.534284 -0.064462
vn 0.842844 0.534284 -0.064463
vn 0.831001 0.525624 -0.182091
vn 0.831001 0.525625 -0.182086
vn 0.772592 0.486359 -0.408114
vn 0.772592 0.486359 -0.408113
vn 0.807478 0.509578 -0.29717
vn 0.807476 0.509577 -0.297177
vn 0.903237 0.424435 -0.063393
vn 0.903237 0.424435 -0.063396
vn 0.890546 0.41732 -0.181029
vn 0.890545 0.41732 -0.181034
vn 0.865335 0.404338 -0.296151
vn 0.827949 0.385666 -0.40714
vn 0.82795 0.385667 -0.407135
vn 0.865334 0.404337 -0.296155
vn 0.949385 0.307884 -0.062252
vn 0.949385 0.307884 -0.06226
vn 0.936046 0.302406 -0.179913
vn 0.936044 0.302406 -0.179922
vn 0.909548 0.292677 -0.295062
vn 0.870252 0.27883 -0.406097
vn 0.87025 0.278829 -0.406102
vn 0.909547 0.292677 -0.295067
vn 0.996273 0.062102 -0.059865
vn 0.980561 0.186468 -0.061073
vn 0.966782 0.182696 -0.178759
vn 0.996272 0.062101 -0.059878
vn 0.980561 0.186468 -0.061073
vn 0.982273 0.060076 -0.17757
vn 0.982276 0.060078 -0.177553
vn 0.966782 0.182695 -0.178761
vn 0.89883 0.167534 -0.405015
vn 0.954468 0.057208 -0.292776
vn 0.939416 0.176356 -0.293933
vn 0.954468 0.057208 -0.292778
vn 0.913228 0.053534 -0.403917
vn 0.89883 0.167534 -0.405016
vn 0.913232 0.053534 -0.403908
vn 0.939416 0.176356 -0.293931
vn -0.037149 0.606452 -0.794252
vn -0.037149 -0.62177 -0.782318
vn -0.250782 0.549497 -0.79697
vn -0.191462 0.60696 -0.771325
vn -0.110573 0.595678 -0.795576
vn -0.088513 0.576108 -0.812567
vn -0.082613 0.398572 -0.913409
vn -0.102181 0.504418 -0.857393
vn -0.102181 0.504418 -0.857392
vn -0.421617 0.413798 -0.806852
vn -0.391757 0.492513 -0.777147
vn -0.322336 0.525584 -0.787312
vn -0.25942 0.512678 -0.818451
vn -0.246652 0.491405 -0.835275
vn -0.082613 0.286042 -0.954649
vn -0.112087 0.341935 -0.933015
vn -0.246651 0.333472 -0.909923
vn -0.286897 0.409363 -0.86609
vn -0.082613 0.050257 -0.995314
vn -0.102181 0.169066 -0.980294
vn -0.102181 0.169066 -0.980294
vn -0.541986 0.320108 -0.777034
vn -0.520194 0.400235 -0.75446
vn -0.418749 0.388056 -0.821012
vn -0.41889 0.388326 -0.820813
vn -0.246651 0.164704 -0.955006
vn -0.286897 0.24723 -0.925509
vn -0.082613 -0.069587 -0.994149
vn -0.112087 -0.009654 -0.993652
vn -0.418749 0.234363 -0.877339
vn -0.576132 0.171774 -0.799103
vn -0.563925 0.246155 -0.788287
vn -0.523421 0.293202 -0.80004
vn -0.451561 0.307023 -0.837753
vn -0.246652 -0.009416 -0.969058
vn -0.286897 0.077065 -0.954857
vn -0.102181 -0.188081 -0.976824
vn -0.082613 -0.304537 -0.948911
vn -0.102181 -0.188081 -0.976824
vn -0.566344 0.140072 -0.812179
vn -0.589925 0.027845 -0.806978
vn -0.586078 0.099595 -0.80411
vn -0.418749 0.073054 -0.905159
vn -0.451561 0.151641 -0.87926
vn -0.286897 -0.095604 -0.953179
vn -0.246651 -0.183229 -0.951625
vn -0.082613 -0.416245 -0.905492
vn -0.112087 -0.36 -0.926195
vn -0.57774 -0.00793 -0.816182
vn -0.586078 -0.1152 -0.802023
vn -0.589925 -0.04352 -0.806284
vn -0.418749 -0.090628 -0.903568
vn -0.451561 -0.008669 -0.892198
vn -0.246652 -0.35109 -0.903271
vn -0.286897 -0.265167 -0.920531
vn -0.102181 -0.520982 -0.84743
vn -0.110573 -0.611024 -0.783851
vn -0.191463 -0.621833 -0.759386
vn -0.250782 -0.564879 -0.786143
vn -0.102181 -0.520982 -0.84743
vn -0.088513 -0.591788 -0.80122
vn -0.451561 -0.168697 -0.876148
vn -0.563925 -0.261425 -0.783355
vn -0.576132 -0.187269 -0.795615
vn -0.418749 -0.251366 -0.872619
vn -0.566344 -0.155826 -0.809304
vn -0.286897 -0.426114 -0.857973
vn -0.322336 -0.540783 -0.776951
vn -0.391757 -0.507521 -0.76743
vn -0.421617 -0.429397 -0.798659
vn -0.25942 -0.528484 -0.808335
vn -0.246652 -0.507542 -0.825569
vn -0.418749 -0.403936 -0.813317
vn -0.520194 -0.414819 -0.746541
vn -0.541986 -0.335145 -0.770668
vn -0.451561 -0.323243 -0.831629
vn -0.523421 -0.308692 -0.794192
vn -0.41889 -0.404202 -0.813113
vn 0.998027 0.062788 -0.00061
vn 0.998027 0.062788 -0.00061
vn 0.982287 0.187372 -0.001821
vn 0.982287 0.187372 -0.001821
vn 0.951057 0.309002 -0.003002
vn 0.951057 0.309002 -0.003002
vn 0.904827 0.425759 -0.004137
vn 0.844328 0.535801 -0.005206
vn 0.904827 0.425759 -0.004137
vn 0.844328 0.535801 -0.005206
vn 0.770513 0.637394 -0.006193
vn 0.770513 0.637394 -0.006193
vn 0.684547 0.728934 -0.007082
vn 0.684547 0.728934 -0.007082
vn 0.587785 0.808979 -0.00786
vn 0.481754 0.876265 -0.008514
vn 0.587785 0.808979 -0.00786
vn 0.368125 0.929733 -0.009033
vn 0.481754 0.876265 -0.008514
vn 0.368125 0.929733 -0.009033
vn 0.24869 0.968538 -0.00941
vn 0.24869 0.968537 -0.00941
vn 0.125333 0.992068 -0.009639
vn 0.125333 0.992068 -0.009639
vn 0.0 0.999953 -0.009715
vn 0.0 0.999953 -0.009715
vn -0.125333 0.992068 -0.009639
vn -0.125333 0.992068 -0.009639
vn -0.24869 0.968537 -0.00941
vn -0.24869 0.968537 -0.00941
vn -0.368125 0.929733 -0.009033
vn -0.368125 0.929733 -0.009033
vn -0.481754 0.876265 -0.008514
vn -0.481753 0.876265 -0.008514
vn -0.587785 0.808979 -0.00786
vn -0.684547 0.728934 -0.007082
vn -0.587785 0.808979 -0.00786
vn -0.684547 0.728934 -0.007082
vn -0.770513 0.637394 -0.006193
vn -0.770513 0.637394 -0.006193
vn -0.844328 0.535801 -0.005206
vn -0.844328 0.535801 -0.005206
vn -0.904827 0.425759 -0.004137
vn -0.904827 0.425759 -0.004137
vn -0.951057 0.309002 -0.003002
vn -0.951057 0.309002 -0.003002
vn -0.982287 0.187372 -0.001821
vn -0.982287 0.187372 -0.001821
vn -0.998027 0.062788 -0.00061
vn -0.998027 0.062788 -0.00061
vn 0.998027 0.062787 -0.00061
vn 0.982287 0.187373 -0.001821
vn 0.998027 0.062787 -0.00061
vn 0.951057 0.309002 -0.003002
vn 0.982287 0.187373 -0.001821
vn 0.904827 0.425759 -0.004137
vn 0.951057 0.309002 -0.003002
vn 0.844328 0.535801 -0.005206
vn 0.904827 0.425759 -0.004137
vn 0.770513 0.637394 -0.006193
vn 0.844328 0.535801 -0.005206
vn 0.684547 0.728934 -0.007082
vn 0.770513 0.637394 -0.006193
vn 0.587785 0.808979 -0.00786
vn 0.684547 0.728934 -0.007082
vn 0.481754 0.876265 -0.008514
vn 0.587785 0.808979 -0.00786
vn 0.368124 0.929733 -0.009033
vn 0.481754 0.876265 -0.008514
vn 0.24869 0.968537 -0.00941
vn 0.368124 0.929733 -0.009033
vn 0.24869 0.968537 -0.00941
vn 0.125333 0.992068 -0.009639
vn 0.125333 0.992068 -0.009639
vn 0.0 0.999953 -0.009716
vn 0.0 0.999953 -0.009716
vn -0.125333 0.992068 -0.009639
vn -0.125333 0.992068 -0.009639
vn -0.24869 0.968537 -0.00941
vn -0.24869 0.968537 -0.00941
vn -0.368124 0.929733 -0.009033
vn -0.368124 0.929733 -0.009033
vn -0.481754 0.876265 -0.008514
vn -0.481754 0.876265 -0.008514
vn -0.587785 0.808979 -0.00786
vn -0.587785 0.808979 -0.00786
vn -0.684547 0.728934 -0.007082
vn -0.684547 0.728934 -0.007082
vn -0.770513 0.637394 -0.006193
vn -0.844328 0.535801 -0.005206
vn -0.770513 0.637394 -0.006193
vn -0.904827 0.425759 -0.004137
vn -0.844328 0.535801 -0.005206
vn -0.904827 0.425759 -0.004137
vn -0.982287 0.187373 -0.001821
vn -0.951057 0.309002 -0.003002
vn -0.951057 0.309002 -0.003002
vn -0.982287 0.187373 -0.001821
vn -0.998027 0.062787 -0.00061
vn -0.998027 0.062787 -0.00061
vn 0.913357 0.053545 -0.403623
vn 0.872704 0.16201 -0.460588
vn 0.847144 0.270825 -0.457166
vn 0.844788 0.270013 -0.46198
vn 0.874789 0.162448 -0.456458
vn 0.860724 0.049231 -0.506686
vn 0.883999 0.102911 -0.456021
vn 0.803082 0.373408 -0.464356
vn 0.753267 0.473626 -0.456364
vn 0.748786 0.470682 -0.466666
vn 0.806605 0.375139 -0.456793
vn 0.843927 0.315862 -0.43361
vn 0.818475 0.305695 -0.486466
vn 0.683323 0.560778 -0.467544
vn 0.6118 0.647112 -0.454915
vn 0.720734 0.492773 -0.487562
vn 0.605989 0.640763 -0.471381
vn 0.687414 0.564263 -0.457242
vn 0.742554 0.508335 -0.436129
vn 0.520958 0.712504 -0.470042
vn 0.4314 0.780352 -0.452709
vn 0.598008 0.670781 -0.43868
vn 0.425608 0.76959 -0.476015
vn 0.524703 0.717779 -0.457689
vn 0.58113 0.65125 -0.488017
vn 0.32614 0.819192 -0.47176
vn 0.223173 0.864872 -0.449656
vn 0.407632 0.771975 -0.487741
vn 0.418801 0.79371 -0.441169
vn 0.219216 0.849164 -0.480484
vn 0.328747 0.825907 -0.458043
vn 0.215481 0.869974 -0.443523
vn 0.111016 0.874237 -0.472635
vn 0.111949 0.881752 -0.458237
vn 0.210153 0.847937 -0.486661
vn 0.0 0.895183 -0.445698
vn -0.111016 0.874237 -0.472635
vn -0.111949 0.881752 -0.458237
vn 0.0 0.874662 -0.484733
vn 0.0 0.874662 -0.484733
vn 0.0 0.895183 -0.445698
vn -0.223173 0.864872 -0.449656
vn -0.32614 0.819192 -0.47176
vn -0.328747 0.825907 -0.458043
vn -0.219216 0.849164 -0.480484
vn -0.215481 0.869974 -0.443523
vn -0.210153 0.847937 -0.486661
vn -0.4314 0.780352 -0.452709
vn -0.520958 0.712504 -0.470042
vn -0.524703 0.717779 -0.457689
vn -0.425608 0.76959 -0.476015
vn -0.407632 0.771975 -0.487741
vn -0.418801 0.79371 -0.441169
vn -0.58113 0.65125 -0.488017
vn -0.6118 0.647112 -0.454915
vn -0.683323 0.560778 -0.467544
vn -0.687414 0.564263 -0.457242
vn -0.605989 0.640763 -0.471381
vn -0.598008 0.670781 -0.43868
vn -0.720734 0.492773 -0.487562
vn -0.753267 0.473626 -0.456364
vn -0.803082 0.373408 -0.464356
vn -0.806605 0.375139 -0.456793
vn -0.748786 0.470682 -0.466666
vn -0.742554 0.508335 -0.436129
vn -0.843927 0.315862 -0.43361
vn -0.818475 0.305695 -0.486466
vn -0.847144 0.270825 -0.457166
vn -0.872704 0.16201 -0.460588
vn -0.913357 0.053545 -0.403623
vn -0.883999 0.102911 -0.456021
vn -0.860724 0.049231 -0.506686
vn -0.874789 0.162448 -0.456458
vn -0.844788 0.270013 -0.46198
vn 0.998027 0.062788 -0.00061
vn 0.998027 0.062788 -0.00061
vn 0.982287 0.187373 -0.001821
vn 0.982287 0.187373 -0.001821
vn 0.951056 0.309003 -0.003002
vn 0.951056 0.309003 -0.003002
vn 0.904827 0.425759 -0.004137
vn 0.904827 0.425759 -0.004137
vn 0.844328 0.535801 -0.005206
vn 0.844328 0.535801 -0.005206
vn 0.770513 0.637394 -0.006193
vn 0.770513 0.637394 -0.006193
vn 0.684547 0.728934 -0.007082
vn 0.684547 0.728934 -0.007082
vn 0.587785 0.808979 -0.00786
vn 0.587785 0.808979 -0.00786
vn 0.481753 0.876265 -0.008514
vn 0.481753 0.876265 -0.008514
vn 0.368124 0.929733 -0.009034
vn 0.368125 0.929733 -0.009033
vn 0.24869 0.968537 -0.009411
vn 0.24869 0.968537 -0.009411
vn 0.125333 0.992068 -0.009639
vn 0.125334 0.992068 -0.009639
vn 0.0 0.999953 -0.009715
vn 0.0 0.999953 -0.009715
vn -0.125334 0.992068 -0.009639
vn -0.125333 0.992068 -0.009639
vn -0.24869 0.968537 -0.009411
vn -0.24869 0.968537 -0.009411
vn -0.368124 0.929733 -0.009033
vn -0.368125 0.929733 -0.009034
vn -0.481753 0.876265 -0.008514
vn -0.481753 0.876265 -0.008514
vn -0.587785 0.808979 -0.00786
vn -0.587785 0.808979 -0.00786
vn -0.684547 0.728934 -0.007082
vn -0.684547 0.728934 -0.007082
vn -0.770513 0.637394 -0.006193
vn -0.770513 0.637394 -0.006193
vn -0.844328 0.535801 -0.005206
vn -0.844328 0.535801 -0.005206
vn -0.904827 0.425759 -0.004137
vn -0.904827 0.425759 -0.004137
vn -0.951056 0.309003 -0.003002
vn -0.951056 0.309003 -0.003002
vn -0.982287 0.187373 -0.001821
vn -0.982287 0.187373 -0.001821
vn -0.998027 0.062788 -0.00061
vn -0.998027 0.062788 -0.00061
vn 0.998027 0.062788 -0.00061
vn 0.982287 0.187372 -0.001821
vn 0.998027 0.062788 -0.00061
vn 0.982287 0.187372 -0.001821
vn 0.951057 0.309002 -0.003002
vn 0.951057 0.309002 -0.003002
vn 0.904827 0.425759 -0.004137
vn 0.844328 0.535802 -0.005206
vn 0.904827 0.425759 -0.004137
vn 0.844328 0.535802 -0.005206
vn 0.770513 0.637394 -0.006193
vn 0.770513 0.637394 -0.006193
vn 0.684547 0.728934 -0.007082
vn 0.684547 0.728934 -0.007083
vn 0.587785 0.808979 -0.00786
vn 0.587785 0.808979 -0.00786
vn 0.481754 0.876265 -0.008513
vn 0.481754 0.876265 -0.008514
vn 0.368125 0.929733 -0.009034
vn 0.368124 0.929733 -0.009033
vn 0.24869 0.968537 -0.009411
vn 0.24869 0.968537 -0.009411
vn 0.125333 0.992068 -0.009639
vn 0.125333 0.992068 -0.009639
vn 0.0 0.999953 -0.009716
vn 0.0 0.999953 -0.009716
vn -0.125333 0.992068 -0.009639
vn -0.125333 0.992068 -0.009639
vn -0.24869 0.968537 -0.009411
vn -0.24869 0.968537 -0.009411
vn -0.368125 0.929733 -0.009034
vn -0.368124 0.929733 -0.009033
vn -0.481754 0.876265 -0.008513
vn -0.481754 0.876265 -0.008514
vn -0.587785 0.808979 -0.00786
vn -0.587785 0.808979 -0.00786
vn -0.684547 0.728934 -0.007082
vn -0.684547 0.728934 -0.007083
vn -0.770513 0.637394 -0.006193
vn -0.770513 0.637394 -0.006193
vn -0.844328 0.535802 -0.005206
vn -0.844328 0.535802 -0.005206
vn -0.904827 0.425759 -0.004137
vn -0.904827 0.425759 -0.004137
vn -0.951057 0.309002 -0.003002
vn -0.951057 0.309002 -0.003002
vn -0.982287 0.187372 -0.001821
vn -0.982287 0.187372 -0.001821
vn -0.998027 0.062788 -0.00061
vn -0.998027 0.062788 -0.00061
vn 0.998027 0.062788 -0.00061
vn 0.982287 0.187368 -0.002231
vn 0.997974 0.063623 -0.000203
vn 0.951056 0.308994 -0.003811
vn 0.981816 0.189835 -0.001025
vn 0.904826 0.425747 -0.005333
vn 0.94976 0.312974 -0.001827
vn 0.844327 0.535786 -0.00678
vn 0.902327 0.431044 -0.002592
vn 0.770512 0.637374 -0.008133
vn 0.840284 0.542136 -0.0033
vn 0.684545 0.72891 -0.009377
vn 0.764637 0.64445 -0.003934
vn 0.587783 0.808951 -0.010499
vn 0.676608 0.73633 -0.004477
vn 0.481705 0.876315 0.005714
vn 0.368101 0.929566 -0.020229
vn 0.577625 0.816287 -0.004916
vn 0.473558 0.88068 -0.012021
vn 0.35613 0.934436 -0.001081
vn 0.248682 0.968423 -0.017718
vn 0.469293 0.883001 -0.00858
vn 0.240376 0.97067 -0.004446
vn 0.125332 0.992004 -0.014808
vn 0.12108 0.992611 -0.00792
vn 0.0 0.999934 -0.0115
vn 0.0 0.999934 -0.0115
vn -0.125332 0.992004 -0.014808
vn -0.12108 0.992611 -0.00792
vn -0.248682 0.968423 -0.017718
vn -0.240376 0.97067 -0.004445
vn -0.368101 0.929565 -0.020229
vn -0.35613 0.934436 -0.001081
vn -0.481705 0.876315 0.005714
vn -0.473558 0.88068 -0.012021
vn -0.469293 0.883001 -0.00858
vn -0.587783 0.808951 -0.010499
vn -0.577625 0.816287 -0.004916
vn -0.684545 0.72891 -0.009377
vn -0.676608 0.736329 -0.004477
vn -0.770512 0.637374 -0.008133
vn -0.764637 0.64445 -0.003934
vn -0.844327 0.535786 -0.00678
vn -0.840284 0.542136 -0.0033
vn -0.904826 0.425747 -0.005333
vn -0.902327 0.431044 -0.002592
vn -0.951056 0.308994 -0.003811
vn -0.94976 0.312974 -0.001827
vn -0.982287 0.187368 -0.002231
vn -0.981816 0.189835 -0.001025
vn -0.997974 0.063623 -0.000203
vn -0.998027 0.062788 -0.00061
vn 0.535037 -0.844789 0.008208
vn 0.535037 -0.844789 0.008208
vn 0.631071 -0.775688 0.007537
vn 0.631071 -0.775688 0.007537
vn 0.718272 -0.69573 0.00676
vn 0.718272 -0.69573 0.00676
vn 0.795418 -0.606033 0.005888
vn 0.795418 -0.606033 0.005888
vn 0.86143 -0.507852 0.004934
vn 0.86143 -0.507852 0.004934
vn 0.915384 -0.402564 0.003911
vn 0.915384 -0.402564 0.003911
vn 0.956524 -0.291639 0.002834
vn 0.956524 -0.291639 0.002834
vn 0.984275 -0.176632 0.001716
vn 0.984275 -0.176632 0.001716
vn 0.998249 -0.059153 0.000575
vn 0.998249 -0.059153 0.000575
vn 0.998027 0.062788 -0.00061
vn 0.998027 0.062788 -0.00061
vn 0.982287 0.187372 -0.001821
vn 0.982287 0.187372 -0.001821
vn 0.951056 0.309003 -0.003002
vn 0.951056 0.309003 -0.003002
vn 0.904827 0.425759 -0.004137
vn 0.904827 0.425759 -0.004137
vn 0.844328 0.535802 -0.005206
vn 0.844328 0.535802 -0.005206
vn 0.770513 0.637394 -0.006193
vn 0.770513 0.637394 -0.006193
vn 0.684547 0.728935 -0.007082
vn 0.684547 0.728935 -0.007082
vn 0.587785 0.808979 -0.00786
vn 0.587786 0.808979 -0.00786
vn 0.481754 0.876265 -0.008514
vn 0.481754 0.876265 -0.008514
vn 0.368125 0.929732 -0.009033
vn 0.368124 0.929733 -0.009034
vn 0.24869 0.968538 -0.00941
vn 0.24869 0.968537 -0.00941
vn 0.125333 0.992068 -0.009639
vn 0.125333 0.992068 -0.009639
vn 0.0 0.999953 -0.009716
vn 0.0 0.999953 -0.009716
vn -0.125333 0.992068 -0.009639
vn -0.125333 0.992068 -0.009639
vn -0.24869 0.968538 -0.00941
vn -0.24869 0.968537 -0.00941
vn -0.368125 0.929732 -0.009034
vn -0.368124 0.929733 -0.009033
vn -0.481754 0.876265 -0.008514
vn -0.481754 0.876265 -0.008514
vn -0.587785 0.808979 -0.00786
vn -0.587786 0.808979 -0.00786
vn -0.684547 0.728935 -0.007082
vn -0.684547 0.728935 -0.007082
vn -0.770513 0.637394 -0.006193
vn -0.770513 0.637394 -0.006193
vn -0.844328 0.535802 -0.005206
vn -0.844328 0.535802 -0.005206
vn -0.904827 0.425759 -0.004137
vn -0.951056 0.309003 -0.003002
vn -0.904827 0.425759 -0.004137
vn -0.951056 0.309003 -0.003002
vn -0.982287 0.187372 -0.001821
vn -0.982287 0.187372 -0.001821
vn -0.998027 0.062788 -0.00061
vn -0.998027 0.062788 -0.00061
vn -0.535037 0.844789 -0.008208
vn -0.537975 0.842916 -0.008675
vn -0.639139 0.769046 -0.008384
vn -0.631071 0.775693 -0.007081
vn -0.730274 0.683109 -0.00792
vn -0.718271 0.695738 -0.005904
vn -0.80995 0.586453 -0.007295
vn -0.795417 0.606044 -0.004691
vn -0.876918 0.480596 -0.006523
vn -0.861429 0.507866 -0.003452
vn -0.930126 0.367198 -0.005621
vn -0.915382 0.40258 -0.002201
vn -0.968739 0.248039 -0.004606
vn -0.956522 0.291657 -0.000952
vn -0.992152 0.124989 -0.003496
vn -0.984273 0.176651 0.00028
vn -0.999997 -2.2e-05 -0.00231
vn -0.998247 0.059173 0.001478
vn -0.992152 -0.125034 -0.001067
vn -0.998247 -0.059133 0.002628
vn -0.968739 -0.248082 0.000215
vn -0.984273 -0.176613 0.003712
vn -0.930126 -0.367238 0.001515
vn -0.956522 -0.29162 0.004716
vn -0.876918 -0.480632 0.002816
vn -0.915382 -0.402546 0.005622
vn -0.809951 -0.586484 0.004102
vn -0.861429 -0.507837 0.006417
vn -0.730274 -0.683133 0.005354
vn -0.795417 -0.606021 0.007086
vn -0.718271 -0.695722 0.007615
vn -0.639139 -0.769063 0.00656
vn -0.631071 -0.775684 0.007993
vn -0.537975 -0.842925 0.007705
vn -0.535037 -0.844789 0.008208
vn -3e-06 0.009715 0.999953
vn -2e-06 0.009716 0.999953
vn -1e-06 0.009716 0.999953
vn 0.0 0.009716 0.999953
vn 2e-06 0.009715 0.999953
vn -1e-06 0.009715 0.999953
vn -1e-06 0.009715 0.999953
vn 0.0 0.009716 0.999953
vn 1e-06 0.009716 0.999953
vn 0.0 0.009716 0.999953
vn 1e-06 0.009716 0.999953
vn -0.0 0.009715 0.999953
vn 0.0 0.009715 0.999953
vn 1e-06 0.009716 0.999953
vn 0.0 0.009716 0.999953
vn -0.0 0.009716 0.999953
vn 1e-06 0.009716 0.999953
vn 0.0 0.009715 0.999953
vn -1e-06 0.009716 0.999953
vn -1e-06 0.009716 0.999953
vn -0.0 0.009716 0.999953
vn 1e-06 0.009715 0.999953
vn 1e-06 0.009715 0.999953
vn -2e-06 0.009715 0.999953
vn -0.0 0.009716 0.999953
vn 0.0 0.009715 0.999953
vn -2e-06 0.009716 0.999953
vn 0.0 0.009716 0.999953
vn 1e-06 0.009716 0.999953
vn 1e-06 0.009715 0.999953
vn 2e-06 0.009716 0.999953
vn -0.0 0.009716 0.999953
vn 3e-06 0.009715 0.999953
vn -1e-06 0.009716 0.999953
vn 2e-06 0.009714 0.999953
vn 0.0 0.009716 0.999953
vn 0.0 0.009716 0.999953
vn 0.0 0.009716 0.999953
vn 0.0 0.009716 0.999953
vn -2e-06 0.009714 0.999953
vn 1e-06 0.009716 0.999953
vn 0.0 0.009715 0.999953
vn 0.0 0.009716 0.999953
vn -0.0 0.009715 0.999953
vn -1e-06 0.009715 0.999953
vn 0.0 0.009716 0.999953
vn -1e-06 0.009716 0.999953
vn 2e-06 0.009716 0.999953
vn 0.0 0.009716 0.999953
vn -1e-06 0.009716 0.999953
vn 1e-06 0.009716 0.999953
vn 1e-06 0.009716 0.999953
vn -2e-06 0.009717 0.999953
vn 3e-06 0.009714 0.999953
vn 2e-06 0.009715 0.999953
vn -1e-06 0.009716 0.999953
vn -1e-06 0.009716 0.999953
vn 2e-06 0.009717 0.999953
vn -3e-06 0.009714 0.999953
vn -2e-06 0.009715 0.999953
vn -0.998027 -0.062788 0.00061
vn -0.998027 -0.062788 0.00061
vn -0.982287 -0.187372 0.001821
vn -0.982287 -0.187372 0.001821
vn -0.951056 -0.309003 0.003002
vn -0.951056 -0.309003 0.003002
vn -0.904827 -0.425759 0.004137
vn -0.904827 -0.425759 0.004137
vn -0.844328 -0.535801 0.005206
vn -0.844328 -0.535802 0.005206
vn -0.770513 -0.637394 0.006193
vn -0.770513 -0.637394 0.006193
vn -0.684547 -0.728934 0.007082
vn -0.684547 -0.728934 0.007082
vn -0.587785 -0.808979 0.00786
vn -0.587785 -0.808979 0.00786
vn -0.481754 -0.876265 0.008514
vn -0.481754 -0.876265 0.008514
vn -0.368125 -0.929733 0.009033
vn -0.368125 -0.929733 0.009033
vn -0.24869 -0.968537 0.00941
vn -0.24869 -0.968538 0.00941
vn -0.125333 -0.992068 0.009639
vn -0.125333 -0.992068 0.009639
vn 0.0 -0.999953 0.009716
vn 0.0 -0.999953 0.009716
vn 0.125333 -0.992068 0.009639
vn 0.125333 -0.992068 0.009639
vn 0.24869 -0.968538 0.00941
vn 0.24869 -0.968537 0.00941
vn 0.368125 -0.929733 0.009033
vn 0.368124 -0.929733 0.009033
vn 0.481754 -0.876265 0.008514
vn 0.481754 -0.876265 0.008514
vn 0.587785 -0.808979 0.00786
vn 0.587785 -0.808979 0.00786
vn 0.684547 -0.728934 0.007082
vn 0.684547 -0.728934 0.007082
vn 0.770513 -0.637394 0.006193
vn 0.770513 -0.637394 0.006193
vn 0.844328 -0.535801 0.005206
vn 0.844328 -0.535802 0.005206
vn 0.904827 -0.425759 0.004137
vn 0.904827 -0.425759 0.004137
vn 0.951056 -0.309003 0.003002
vn 0.951056 -0.309003 0.003002
vn 0.982287 -0.187372 0.001821
vn 0.982287 -0.187372 0.001821
vn 0.998027 -0.062788 0.00061
vn 0.998027 -0.062788 0.00061
vn -0.0 0.009716 0.999953
vn -0.0 0.009715 0.999953
vn 0.0 0.009716 0.999953
vn 0.0 0.009716 0.999953
vn -1e-06 0.009715 0.999953
vn -1e-06 0.009714 0.999953
vn 1e-06 0.009715 0.999953
vn -2e-06 0.009715 0.999953
vn 0.0 0.009714 0.999953
vn -0.0 0.009718 0.999953
vn -3e-06 0.009716 0.999953
vn 1e-06 0.009715 0.999953
vn 1e-06 0.009717 0.999953
vn 1e-06 0.009718 0.999953
vn 1e-06 0.009716 0.999953
vn 1e-06 0.009716 0.999953
vn 1e-06 0.009716 0.999953
vn -1e-06 0.009718 0.999953
vn 1e-06 0.009714 0.999953
vn 0.0 0.009716 0.999953
vn 0.0 0.009715 0.999953
vn 0.0 0.009714 0.999953
vn -1e-06 0.009717 0.999953
vn 0.0 0.009715 0.999953
vn 0.0 0.009717 0.999953
vn 0.0 0.009717 0.999953
vn -0.0 0.009717 0.999953
vn 0.0 0.009717 0.999953
vn 1e-06 0.009715 0.999953
vn -1e-06 0.009717 0.999953
vn -1e-06 0.009716 0.999953
vn -0.0 0.009716 0.999953
vn -2e-06 0.009718 0.999953
vn 2e-06 0.009715 0.999953
vn -1e-06 0.009716 0.999953
vn -1e-06 0.009716 0.999953
vn -0.0 0.009718 0.999953
vn -1e-06 0.009718 0.999953
vn -1e-06 0.009715 0.999953
vn -1e-06 0.009715 0.999953
vn 0.0 0.009718 0.999953
vn -0.0 0.009714 0.999953
vn -0.0 0.009716 0.999953
vn -0.0 0.009716 0.999953
vn 1e-06 0.009715 0.999953
vn 1e-06 0.009715 0.999953
vn -0.0 0.009716 0.999953
vn -0.0 0.009716 0.999953
vn 1e-06 0.009715 0.999953
vn -0.0 0.009716 0.999953
vn -0.0 0.009716 0.999953
vn 1e-06 0.009715 0.999953
vn -0.0 0.009716 0.999953
vn -0.0 0.009716 0.999953
vn 1e-06 0.009715 0.999953
vn 1e-06 0.009715 0.999953
vn -1e-06 0.009715 0.999953
vn 2e-06 0.009715 0.999953
vn 2e-06 0.009715 0.999953
vn -2e-06 0.009717 0.999953
vn 3e-06 0.009716 0.999953
vn -1e-06 0.009715 0.999953
vn -0.0 0.009718 0.999953
vn -1e-06 0.009718 0.999953
vn -1e-06 0.009716 0.999953
vn -1e-06 0.009716 0.999953
vn 1e-06 0.009718 0.999953
vn -1e-06 0.009714 0.999953
vn -0.0 0.009714 0.999953
vn -1e-06 0.009716 0.999953
vn -0.0 0.009716 0.999953
vn 1e-06 0.009717 0.999953
vn -0.0 0.009715 0.999953
vn 0.0 0.009715 0.999953
vn 0.0 0.009717 0.999953
vn 0.0 0.009717 0.999953
vn 1e-06 0.009717 0.999953
vn 0.0 0.009717 0.999953
vn 0.0 0.009717 0.999953
vn -2e-06 0.009715 0.999953
vn -1e-06 0.009715 0.999953
vn 0.0 0.009716 0.999953
vn 1e-06 0.009716 0.999953
vn 1e-06 0.009716 0.999953
vn 2e-06 0.009718 0.999953
vn 1e-06 0.009716 0.999953
vn 1e-06 0.009717 0.999953
vn 1e-06 0.009718 0.999953
vn 1e-06 0.009715 0.999953
vn 1e-06 0.009715 0.999953
vn 0.0 0.009716 0.999953
vn 0.0 0.009714 0.999953
vn -0.0 0.009718 0.999953
vn 0.0 0.009716 0.999953
vn -1e-06 0.009715 0.999953
vn -1e-06 0.009714 0.999953
vn 0.0 0.009716 0.999953
vn -0.0 0.009716 0.999953
vn 0.0 0.009716 0.999953
vn -1e-06 0.009715 0.999953
vn 0.998249 0.059153 -0.000575
vn 0.998249 0.059153 -0.000575
vn 0.984275 0.176632 -0.001716
vn 0.984275 0.176632 -0.001716
vn 0.956524 0.291639 -0.002834
vn 0.956524 0.291639 -0.002834
vn 0.915384 0.402564 -0.003911
vn 0.915384 0.402564 -0.003911
vn 0.86143 0.507852 -0.004934
vn 0.86143 0.507852 -0.004934
vn 0.795418 0.606033 -0.005888
vn 0.795418 0.606033 -0.005888
vn 0.718272 0.69573 -0.00676
vn 0.718272 0.69573 -0.00676
vn 0.631071 0.775688 -0.007537
vn 0.631071 0.775688 -0.007537
vn 0.535037 0.844789 -0.008208
vn 0.535037 0.844789 -0.008208
vn 0.0 0.009716 0.999953
vn 0.0 0.009716 0.999953
vn 0.0 0.009716 0.999953
vn -0.0 0.009716 0.999953
vn -0.0 0.009716 0.999953
vn 0.0 0.009716 0.999953
vn -0.0 0.009716 0.999953
vn 0.0 0.009715 0.999953
vn -1e-06 0.009715 0.999953
vn 0.0 0.009716 0.999953
vn -0.0 0.009716 0.999953
vn -0.0 0.009716 0.999953
vn 0.0 0.009716 0.999953
vn 0.0 0.009716 0.999953
vn -0.0 0.009716 0.999953
vn 0.0 0.009716 0.999953
vn 0.0 0.009716 0.999953
vn -0.0 0.009716 0.999953
vn -0.0 0.009715 0.999953
vn -0.0 0.009715 0.999953
vn 0.0 0.009716 0.999953
vn -0.0 0.009716 0.999953
vn 0.0 0.009716 0.999953
vn 0.0 0.009716 0.999953
vn 0.0 0.009716 0.999953
vn 0.0 0.009716 0.999953
vn 0.0 0.009716 0.999953
vn 0.0 0.009715 0.999953
vn 0.0 0.009716 0.999953
vn 0.0 0.009716 0.999953
vn -0.0 0.009716 0.999953
vn -0.0 0.009716 0.999953
vn 1e-06 0.009715 0.999953
vn -0.0 0.009715 0.999953
vn 0.0 0.009716 0.999953
vn 0.0 0.009716 0.999953
vn 0.0 0.009716 0.999953
vn -0.0 0.009716 0.999953
vn -0.0 0.009716 0.999953
vn -0.0 0.009716 0.999953
vn -0.0 0.009716 0.999953
vn 0.0 0.009716 0.999953
vn -0.0 0.009716 0.999953
vn -0.0 0.009716 0.999953
vn 0.0 0.009716 0.999953
vn -0.0 0.009716 0.999953
vn -0.0 0.009716 0.999953
vn -0.0 0.009715 0.999953
vn -0.0 0.009716 0.999953
vn 0.0 0.009716 0.999953
vn 0.0 0.009716 0.999953
vn 0.0 0.009716 0.999953
vn -0.0 0.009715 0.999953
vn 0.0 0.009716 0.999953
vn 0.0 0.009716 0.999953
vn -0.0 0.009716 0.999953
vn 0.0 0.009716 0.999953
vn -0.0 0.009716 0.999953
vn 0.0 0.009716 0.999953
vn -0.0 0.009715 0.999953
vn 0.0 0.009715 0.999953
vn 0.0 0.009716 0.999953
vn -0.0 0.009716 0.999953
vn -0.0 0.009715 0.999953
vn 0.0 0.009715 0.999953
vn 0.0 0.009716 0.999953
vn 0.0 0.009716 0.999953
vn 0.0 0.009716 0.999953
vn -0.0 0.009716 0.999953
vn 0.0 0.009715 0.999953
vn -0.0 0.009715 0.999953
vn -0.0 0.009715 0.999953
vn 0.0 0.009715 0.999953
vn -0.0 0.009716 0.999953
vn -0.0 0.009716 0.999953
vn 0.0 0.009716 0.999953
vn -0.0 0.009716 0.999953
vn -0.0 0.009716 0.999953
vn 0.0 0.009716 0.999953
vn 0.0 0.009716 0.999953
vn 0.0 0.009716 0.999953
vn -0.998027 -0.062788 0.00061
vn -0.998027 -0.062788 0.00061
vn -0.982287 -0.187372 0.001821
vn -0.951057 -0.309002 0.003002
vn -0.982287 -0.187372 0.001821
vn -0.951057 -0.309002 0.003002
vn -0.904827 -0.425759 0.004137
vn -0.904827 -0.425759 0.004137
vn -0.844328 -0.535802 0.005206
vn -0.770514 -0.637394 0.006193
vn -0.844328 -0.535802 0.005206
vn -0.770514 -0.637393 0.006193
vn -0.684547 -0.728935 0.007082
vn -0.587785 -0.808979 0.00786
vn -0.684547 -0.728935 0.007082
vn -0.587785 -0.808979 0.00786
vn -0.481754 -0.876265 0.008514
vn -0.481754 -0.876265 0.008514
vn -0.368125 -0.929733 0.009033
vn -0.368124 -0.929733 0.009033
vn -0.24869 -0.968538 0.00941
vn -0.24869 -0.968538 0.00941
vn -0.125333 -0.992068 0.009639
vn -0.125333 -0.992068 0.009639
vn 0.0 -0.999953 0.009716
vn 0.0 -0.999953 0.009716
vn 0.125333 -0.992068 0.009639
vn 0.125333 -0.992068 0.009639
vn 0.24869 -0.968538 0.00941
vn 0.368125 -0.929733 0.009033
vn 0.24869 -0.968537 0.00941
vn 0.368124 -0.929733 0.009033
vn 0.481754 -0.876265 0.008514
vn 0.481754 -0.876265 0.008514
vn 0.587785 -0.808979 0.00786
vn 0.684547 -0.728935 0.007082
vn 0.587785 -0.808979 0.00786
vn 0.684547 -0.728935 0.007082
vn 0.770514 -0.637394 0.006193
vn 0.770514 -0.637393 0.006193
vn 0.844328 -0.535802 0.005206
vn 0.844328 -0.535802 0.005206
vn 0.904827 -0.425759 0.004137
vn 0.904827 -0.425759 0.004137
vn 0.951057 -0.309002 0.003002
vn 0.982287 -0.187372 0.001821
vn 0.951057 -0.309002 0.003002
vn 0.982287 -0.187372 0.001821
vn 0.998027 -0.062788 0.00061
vn 0.998027 -0.062788 0.00061
vn -0.0 0.009716 0.999953
vn -0.0 0.009716 0.999953
vn -0.0 0.009716 0.999953
vn 0.0 0.009715 0.999953
vn -0.0 0.009715 0.999953
vn -0.0 0.009716 0.999953
vn 0.0 0.009715 0.999953
vn -0.0 0.009716 0.999953
vn -0.0 0.009716 0.999953
vn 0.0 0.009715 0.999953
vn -0.0 0.009716 0.999953
vn 0.0 0.009715 0.999953
vn -0.0 0.009716 0.999953
vn 0.0 0.009716 0.999953
vn -0.0 0.009716 0.999953
vn -0.0 0.009716 0.999953
vn -0.0 0.009716 0.999953
vn -0.0 0.009716 0.999953
vn -0.0 0.009716 0.999953
vn -0.0 0.009716 0.999953
vn 0.0 0.009716 0.999953
vn 0.0 0.009715 0.999953
vn 0.0 0.009716 0.999953
vn 0.0 0.009715 0.999953
vn 0.0 0.009716 0.999953
vn 0.0 0.009716 0.999953
vn 0.0 0.009716 0.999953
vn 0.0 0.009716 0.999953
vn 0.0 0.009716 0.999953
vn 0.0 0.009716 0.999953
vn -0.0 0.009715 0.999953
vn 0.0 0.009716 0.999953
vn 0.0 0.009716 0.999953
vn 0.0 0.009716 0.999953
vn 0.0 0.009716 0.999953
vn -0.0 0.009716 0.999953
vn 0.0 0.009716 0.999953
vn -0.0 0.009716 0.999953
vn 0.0 0.009715 0.999953
vn 0.0 0.009716 0.999953
vn -0.0 0.009715 0.999953
vn -0.0 0.009715 0.999953
vn 0.0 0.009716 0.999953
vn -0.0 0.009715 0.999953
vn 0.0 0.009716 0.999953
vn 0.0 0.009716 0.999953
vn -0.0 0.009716 0.999953
vn -0.0 0.009716 0.999953
vn 0.0 0.009716 0.999953
vn 0.0 0.009716 0.999953
vn 0.0 0.009716 0.999953
vn 0.0 0.009716 0.999953
vn -0.0 0.009715 0.999953
vn 0.0 0.009715 0.999953
vn 0.0 0.009716 0.999953
vn 0.0 0.009716 0.999953
vn 0.0 0.009716 0.999953
vn 0.0 0.009716 0.999953
vn 0.0 0.009716 0.999953
vn -0.0 0.009715 0.999953
vn -0.0 0.009715 0.999953
vn -0.0 0.009715 0.999953
vn 0.0 0.009716 0.999953
vn -0.0 0.009716 0.999953
vn 0.0 0.009716 0.999953
vn 0.0 0.009716 0.999953
vn 0.0 0.009716 0.999953
vn -0.0 0.009715 0.999953
vn 0.0 0.009716 0.999953
vn 0.0 0.009715 0.999953
vn -0.0 0.009716 0.999953
vn 0.0 0.009716 0.999953
vn 0.0 0.009716 0.999953
vn -0.0 0.009716 0.999953
vn 0.0 0.009716 0.999953
vn 0.0 0.009715 0.999953
vn 0.0 0.009716 0.999953
vn -0.0 0.009716 0.999953
vn -0.0 0.009716 0.999953
vn -0.0 0.009716 0.999953
vn 0.0 0.009715 0.999953
vn -0.0 0.009716 0.999953
vn -0.0 0.009716 0.999953
vn 0.0 0.009716 0.999953
vn -0.0 0.009716 0.999953
vn 0.0 0.009716 0.999953
vn -0.0 0.009716 0.999953
vn -0.0 0.009716 0.999953
vn -0.0 0.009716 0.999953
vn 0.0 0.009715 0.999953
vn 0.0 0.009715 0.999953
vn 0.0 0.009716 0.999953
vn 0.0 0.009715 0.999953
vn 0.0 0.009716 0.999953
vn -0.0 0.009716 0.999953
vn -0.0 0.009716 0.999953
vn -0.0 0.009716 0.999953
vn 0.0 0.009716 0.999953
vn -0.0 0.009716 0.999953
vn 0.0 0.009716 0.999953
vn -0.998027 -0.062788 0.00061
vn -0.998027 -0.062788 0.00061
vn -0.982287 -0.187372 0.001821
vn -0.982287 -0.187372 0.001821
vn -0.951057 -0.309002 0.003002
vn -0.951057 -0.309002 0.003002
vn -0.904827 -0.425759 0.004137
vn -0.904827 -0.425759 0.004137
vn -0.844328 -0.535802 0.005206
vn -0.844328 -0.535802 0.005206
vn -0.770513 -0.637394 0.006193
vn -0.770513 -0.637394 0.006193
vn -0.684547 -0.728934 0.007083
vn -0.684547 -0.728934 0.007083
vn -0.587785 -0.808979 0.00786
vn -0.587785 -0.808979 0.00786
vn -0.481754 -0.876265 0.008513
vn -0.368124 -0.929733 0.009033
vn -0.481754 -0.876265 0.008514
vn -0.368125 -0.929733 0.009034
vn -0.248689 -0.968538 0.009411
vn -0.24869 -0.968537 0.009409
vn -0.125333 -0.992068 0.009638
vn -0.125333 -0.992068 0.009638
vn 0.0 -0.999953 0.009714
vn 0.0 -0.999953 0.009714
vn 0.125333 -0.992068 0.009638
vn 0.125333 -0.992068 0.009638
vn 0.248689 -0.968538 0.009409
vn 0.24869 -0.968537 0.009411
vn 0.368124 -0.929733 0.009034
vn 0.368125 -0.929732 0.009033
vn 0.481754 -0.876265 0.008513
vn 0.481754 -0.876265 0.008514
vn 0.587785 -0.808979 0.00786
vn 0.587785 -0.808979 0.00786
vn 0.684547 -0.728934 0.007083
vn 0.684547 -0.728934 0.007083
vn 0.770513 -0.637394 0.006193
vn 0.770513 -0.637394 0.006193
vn 0.844328 -0.535802 0.005206
vn 0.844328 -0.535802 0.005206
vn 0.904827 -0.425759 0.004137
vn 0.904827 -0.425759 0.004137
vn 0.951057 -0.309002 0.003002
vn 0.951057 -0.309002 0.003002
vn 0.982287 -0.187372 0.001821
vn 0.982287 -0.187372 0.001821
vn 0.998027 -0.062788 0.00061
vn 0.998027 -0.062788 0.00061
vn 0.0 0.009716 0.999953
vn 0.0 0.009716 0.999953
vn -0.0 0.009716 0.999953
vn 1e-06 0.009716 0.999953
vn 0.0 0.009716 0.999953
vn 0.0 0.009716 0.999953
vn 1e-06 0.009716 0.999953
vn 0.0 0.009716 0.999953
vn -0.0 0.009716 0.999953
vn 0.0 0.009716 0.999953
vn -0.0 0.009716 0.999953
vn 1e-06 0.009716 0.999953
vn 0.0 0.009716 0.999953
vn -0.0 0.009716 0.999953
vn -0.0 0.009716 0.999953
vn -0.0 0.009715 0.999953
vn -0.0 0.009716 0.999953
vn -0.0 0.009716 0.999953
vn 0.0 0.009716 0.999953
vn 0.0 0.009716 0.999953
vn -1e-06 0.009716 0.999953
vn 0.0 0.009716 0.999953
vn 0.0 0.009716 0.999953
vn 0.0 0.009716 0.999953
vn 0.0 0.009716 0.999953
vn 0.0 0.009716 0.999953
vn 0.0 0.009716 0.999953
vn -0.0 0.009716 0.999953
vn -0.0 0.009716 0.999953
vn -0.0 0.009716 0.999953
vn -0.0 0.009716 0.999953
vn 1e-06 0.009716 0.999953
vn 0.0 0.009716 0.999953
vn 0.0 0.009716 0.999953
vn -0.0 0.009716 0.999953
vn 0.0 0.009715 0.999953
vn 0.0 0.009716 0.999953
vn 0.0 0.009716 0.999953
vn -0.0 0.009716 0.999953
vn -1e-06 0.009716 0.999953
vn 0.0 0.009716 0.999953
vn -0.0 0.009716 0.999953
vn -0.0 0.009715 0.999953
vn -0.0 0.009716 0.999953
vn -0.0 0.009716 0.999953
vn -0.0 0.009716 0.999953
vn 0.0 0.009716 0.999953
vn 0.0 0.009716 0.999953
vn -0.0 0.009716 0.999953
vn -0.0 0.009716 0.999953
vn -0.0 0.009716 0.999953
vn -0.0 0.009716 0.999953
vn 0.0 0.009716 0.999953
vn -1e-06 0.009716 0.999953
vn -0.0 0.009716 0.999953
vn -0.0 0.009716 0.999953
vn -1e-06 0.009716 0.999953
vn -0.0 0.009716 0.999953
vn -0.0 0.009716 0.999953
vn 0.0 0.009716 0.999953
vn 0.0 0.009716 0.999953
vn -1e-06 0.009716 0.999953
vn 0.0 0.009716 0.999953
vn 0.0 0.009716 0.999953
vn -0.0 0.009716 0.999953
vn 0.0 0.009715 0.999953
vn 0.0 0.009716 0.999953
vn 0.0 0.009716 0.999953
vn 0.0 0.009715 0.999953
vn -0.0 0.009716 0.999953
vn -0.0 0.009715 0.999953
vn -0.0 0.009716 0.999953
vn -0.0 0.009716 0.999953
vn 0.0 0.009716 0.999953
vn 0.0 0.009716 0.999953
vn 0.0 0.009716 0.999953
vn 0.0 0.009716 0.999953
vn 0.0 0.009716 0.999953
vn 0.0 0.009716 0.999953
vn 0.0 0.009716 0.999953
vn 0.0 0.009715 0.999953
vn -0.0 0.009715 0.999953
vn -0.0 0.009715 0.999953
vn -0.0 0.009716 0.999953
vn -0.0 0.009716 0.999953
vn -0.0 0.009716 0.999953
vn 0.0 0.009716 0.999953
vn -0.0 0.009716 0.999953
vn -0.0 0.009716 0.999953
vn -0.0 0.009716 0.999953
vn 1e-06 0.009716 0.999953
vn 0.0 0.009716 0.999953
vn 0.0 0.009716 0.999953
vn 0.0 0.009715 0.999953
vn 0.0 0.009715 0.999953
vn 0.0 0.009716 0.999953
vn -0.0 0.009716 0.999953
vn 0.0 0.009716 0.999953
vn -0.0 0.009716 0.999953
vn 0.0 0.009716 0.999953
vn -0.998027 -0.062788 0.00061
vn -0.982287 -0.187373 0.001821
vn -0.998027 -0.062788 0.00061
vn -0.951056 -0.309003 0.003002
vn -0.982287 -0.187373 0.001821
vn -0.904827 -0.425759 0.004137
vn -0.951056 -0.309003 0.003002
vn -0.844328 -0.535802 0.005206
vn -0.904827 -0.425759 0.004137
vn -0.770513 -0.637394 0.006193
vn -0.844328 -0.535802 0.005206
vn -0.684547 -0.728934 0.007082
vn -0.770513 -0.637394 0.006193
vn -0.587785 -0.808979 0.00786
vn -0.684547 -0.728934 0.007082
vn -0.481754 -0.876265 0.008514
vn -0.587785 -0.808979 0.00786
vn -0.368124 -0.929733 0.009033
vn -0.481754 -0.876265 0.008514
vn -0.24869 -0.968537 0.00941
vn -0.368125 -0.929733 0.009033
vn -0.248689 -0.968538 0.009411
vn -0.125333 -0.992068 0.009639
vn -0.125334 -0.992068 0.009639
vn 0.0 -0.999953 0.009715
vn 0.0 -0.999953 0.009715
vn 0.125333 -0.992068 0.009639
vn 0.125334 -0.992068 0.009639
vn 0.24869 -0.968537 0.009411
vn 0.248689 -0.968538 0.00941
vn 0.368124 -0.929733 0.009033
vn 0.481754 -0.876265 0.008514
vn 0.368125 -0.929733 0.009033
vn 0.587785 -0.808979 0.00786
vn 0.481754 -0.876265 0.008514
vn 0.684547 -0.728934 0.007082
vn 0.587785 -0.808979 0.00786
vn 0.684547 -0.728934 0.007082
vn 0.770513 -0.637394 0.006193
vn 0.770513 -0.637394 0.006193
vn 0.844328 -0.535802 0.005206
vn 0.904827 -0.425759 0.004137
vn 0.844328 -0.535802 0.005206
vn 0.951056 -0.309003 0.003002
vn 0.904827 -0.425759 0.004137
vn 0.951056 -0.309003 0.003002
vn 0.982287 -0.187373 0.001821
vn 0.998027 -0.062788 0.00061
vn 0.982287 -0.187373 0.001821
vn 0.998027 -0.062788 0.00061
vn -0.883999 -0.111752 -0.453935
vn -0.913357 -0.061377 -0.402507
vn -0.872704 -0.170928 -0.457353
vn -0.847144 -0.279657 -0.451818
vn -0.844788 -0.278939 -0.456646
vn -0.874789 -0.171286 -0.453216
vn -0.860724 -0.059067 -0.505634
vn -0.803082 -0.38236 -0.457013
vn -0.753267 -0.482404 -0.447075
vn -0.748786 -0.479661 -0.457433
vn -0.806605 -0.383944 -0.449418
vn -0.843927 -0.324227 -0.427391
vn -0.818475 -0.315089 -0.480435
vn -0.683323 -0.569756 -0.45656
vn -0.6118 -0.655829 -0.442255
vn -0.720734 -0.502154 -0.477895
vn -0.605989 -0.649801 -0.458842
vn -0.687414 -0.57304 -0.446192
vn -0.742554 -0.516713 -0.42617
vn -0.520958 -0.721503 -0.456109
vn -0.4314 -0.789001 -0.437461
vn -0.598008 -0.679178 -0.425564
vn -0.425608 -0.778693 -0.460972
vn -0.524703 -0.726537 -0.443656
vn -0.58113 -0.660609 -0.475271
vn -0.32614 -0.828203 -0.455754
vn -0.223172 -0.873446 -0.432766
vn -0.407632 -0.781306 -0.472649
vn -0.418801 -0.802132 -0.425663
vn -0.219216 -0.85834 -0.463893
vn -0.328746 -0.834651 -0.441908
vn -0.210153 -0.857233 -0.470094
vn -0.215481 -0.878428 -0.426535
vn -0.111017 -0.883256 -0.45556
vn 0.0 -0.903674 -0.42822
vn 0.0 -0.883916 -0.467646
vn -0.111948 -0.89049 -0.441017
vn 0.111017 -0.883256 -0.45556
vn 0.111948 -0.89049 -0.441017
vn -0.0 -0.883916 -0.467646
vn -0.0 -0.903674 -0.42822
vn 0.223172 -0.873446 -0.432766
vn 0.32614 -0.828203 -0.455754
vn 0.328746 -0.834651 -0.441908
vn 0.219216 -0.85834 -0.463893
vn 0.215481 -0.878428 -0.426535
vn 0.210153 -0.857233 -0.470094
vn 0.4314 -0.789001 -0.437461
vn 0.520958 -0.721503 -0.456109
vn 0.524703 -0.726537 -0.443656
vn 0.425608 -0.778693 -0.460972
vn 0.418801 -0.802132 -0.425663
vn 0.407632 -0.781306 -0.472649
vn 0.6118 -0.655829 -0.442255
vn 0.683323 -0.569756 -0.45656
vn 0.687414 -0.57304 -0.446192
vn 0.605989 -0.649801 -0.458842
vn 0.598008 -0.679178 -0.425564
vn 0.58113 -0.660609 -0.475271
vn 0.753267 -0.482404 -0.447075
vn 0.803082 -0.38236 -0.457013
vn 0.806605 -0.383944 -0.449418
vn 0.748786 -0.479661 -0.457433
vn 0.720734 -0.502154 -0.477895
vn 0.742554 -0.516713 -0.42617
vn 0.843927 -0.324227 -0.427391
vn 0.847144 -0.279657 -0.451818
vn 0.872704 -0.170928 -0.457353
vn 0.913357 -0.061377 -0.402507
vn 0.883999 -0.111752 -0.453935
vn 0.860724 -0.059067 -0.505634
vn 0.874789 -0.171286 -0.453216
vn 0.844788 -0.278939 -0.456646
vn 0.818475 -0.315089 -0.480435
vn 0.0 -0.009716 -0.999953
vn 0.0 -0.009716 -0.999953
vn 0.0 -0.009716 -0.999953
vn 0.0 -0.009716 -0.999953
vn 0.0 -0.009716 -0.999953
vn 0.0 -0.009716 -0.999953
vn 0.0 -0.009716 -0.999953
vn -0.0 -0.009715 -0.999953
vn -0.0 -0.009715 -0.999953
vn -0.0 -0.009716 -0.999953
vn -0.0 -0.009716 -0.999953
vn 0.0 -0.009716 -0.999953
vn 0.0 -0.009716 -0.999953
vn -0.0 -0.009716 -0.999953
vn -0.0 -0.009716 -0.999953
vn 0.0 -0.009716 -0.999953
vn 0.0 -0.009716 -0.999953
vn 0.0 -0.009716 -0.999953
vn 0.0 -0.009716 -0.999953
vn -0.0 -0.009716 -0.999953
vn 0.0 -0.009716 -0.999953
vn 0.0 -0.009716 -0.999953
vn -0.0 -0.009716 -0.999953
vn 0.0 -0.009716 -0.999953
vn 0.0 -0.009716 -0.999953
vn 0.0 -0.009716 -0.999953
vn 0.0 -0.009716 -0.999953
vn -0.0 -0.009716 -0.999953
vn -0.0 -0.009716 -0.999953
vn 0.0 -0.009716 -0.999953
vn -0.0 -0.009716 -0.999953
vn 0.0 -0.009716 -0.999953
vn 0.0 -0.009716 -0.999953
vn -0.0 -0.009716 -0.999953
vn -0.0 -0.009716 -0.999953
vn -0.0 -0.009716 -0.999953
vn -0.0 -0.009716 -0.999953
vn 0.0 -0.009716 -0.999953
vn -0.0 -0.009716 -0.999953
vn -0.0 -0.009716 -0.999953
vn 0.0 -0.009716 -0.999953
vn 0.0 -0.009716 -0.999953
vn 0.0 -0.009716 -0.999953
vn -0.0 -0.009716 -0.999953
vn -0.0 -0.009716 -0.999953
vn -0.0 -0.009716 -0.999953
vn -0.0 -0.009716 -0.999953
vn 0.0 -0.009716 -0.999953
vn -0.0 -0.009716 -0.999953
vn -0.0 -0.009716 -0.999953
vn -0.0 -0.009716 -0.999953
vn 0.0 -0.009716 -0.999953
vn -0.0 -0.009716 -0.999953
vn -0.0 -0.009716 -0.999953
vn 0.0 -0.009716 -0.999953
vn -0.0 -0.009716 -0.999953
vn -0.0 -0.009716 -0.999953
vn 0.0 -0.009716 -0.999953
vn -0.0 -0.009716 -0.999953
vn -0.0 -0.009716 -0.999953
vn 0.0 -0.009715 -0.999953
vn -0.0 -0.009716 -0.999953
vn -0.0 -0.009716 -0.999953
vn -0.0 -0.009716 -0.999953
vn -0.0 -0.009716 -0.999953
vn 0.0 -0.009716 -0.999953
vn -0.0 -0.009716 -0.999953
vn 0.0 -0.009716 -0.999953
vn -0.0 -0.009716 -0.999953
vn 0.0 -0.009716 -0.999953
vn -0.0 -0.009716 -0.999953
vn 0.0 -0.009716 -0.999953
vn 0.0 -0.009716 -0.999953
vn 0.0 -0.009716 -0.999953
vn 0.0 -0.009716 -0.999953
vn 0.0 -0.009716 -0.999953
vn 0.0 -0.009716 -0.999953
vn 0.0 -0.009716 -0.999953
vn -0.0 -0.009716 -0.999953
vn 0.0 -0.009716 -0.999953
vn 0.0 -0.009716 -0.999953
vn 0.0 -0.009716 -0.999953
vn 0.0 -0.009716 -0.999953
vn 0.0 -0.009716 -0.999953
vn 0.0 -0.009716 -0.999953
vn 0.0 -0.009716 -0.999953
vn 0.0 -0.009716 -0.999953
vn 0.0 -0.009716 -0.999953
vn 0.0 -0.009716 -0.999953
vn 0.0 -0.009716 -0.999953
vn 0.0 -0.009716 -0.999953
vn 0.0 -0.009716 -0.999953
vn 0.0 -0.009716 -0.999953
vn -0.0 -0.009716 -0.999953
vn -0.0 -0.009716 -0.999953
vn 0.0 -0.009716 -0.999953
vn 0.0 -0.009716 -0.999953
vn 0.0 -0.009716 -0.999953
vn 0.0 -0.009716 -0.999953
vn 0.0 -0.009716 -0.999953
vn -0.998027 -0.062787 0.00061
vn -0.982287 -0.187373 0.001821
vn -0.998027 -0.062787 0.00061
vn -0.951057 -0.309002 0.003002
vn -0.982287 -0.187373 0.001821
vn -0.904827 -0.425759 0.004137
vn -0.951057 -0.309002 0.003002
vn -0.904827 -0.425759 0.004137
vn -0.844328 -0.535801 0.005206
vn -0.844328 -0.535801 0.005206
vn -0.770513 -0.637394 0.006193
vn -0.770513 -0.637394 0.006193
vn -0.684547 -0.728934 0.007082
vn -0.684547 -0.728934 0.007082
vn -0.587785 -0.808979 0.00786
vn -0.587785 -0.808979 0.00786
vn -0.481754 -0.876265 0.008514
vn -0.481754 -0.876265 0.008514
vn -0.368124 -0.929733 0.009033
vn -0.368124 -0.929733 0.009033
vn -0.24869 -0.968537 0.00941
vn -0.24869 -0.968537 0.00941
vn -0.125333 -0.992068 0.009639
vn -0.125333 -0.992068 0.009639
vn 0.0 -0.999953 0.009716
vn 0.0 -0.999953 0.009716
vn 0.125333 -0.992068 0.009639
vn 0.125333 -0.992068 0.009639
vn 0.24869 -0.968537 0.00941
vn 0.368124 -0.929733 0.009033
vn 0.24869 -0.968537 0.00941
vn 0.368124 -0.929733 0.009033
vn 0.481754 -0.876265 0.008514
vn 0.481754 -0.876265 0.008514
vn 0.587785 -0.808979 0.00786
vn 0.684547 -0.728934 0.007082
vn 0.587785 -0.808979 0.00786
vn 0.684547 -0.728934 0.007082
vn 0.770513 -0.637394 0.006193
vn 0.770513 -0.637394 0.006193
vn 0.844328 -0.535801 0.005206
vn 0.844328 -0.535801 0.005206
vn 0.904827 -0.425759 0.004137
vn 0.904827 -0.425759 0.004137
vn 0.951057 -0.309002 0.003002
vn 0.951057 -0.309002 0.003002
vn 0.982287 -0.187373 0.001821
vn 0.982287 -0.187373 0.001821
vn 0.998027 -0.062787 0.00061
vn 0.998027 -0.062787 0.00061
vn 0.0 -0.009716 -0.999953
vn -0.0 -0.009715 -0.999953
vn -0.0 -0.009716 -0.999953
vn -0.0 -0.009716 -0.999953
vn -0.0 -0.009715 -0.999953
vn -0.0 -0.009715 -0.999953
vn -0.0 -0.009715 -0.999953
vn -0.0 -0.009716 -0.999953
vn 0.0 -0.009716 -0.999953
vn 0.0 -0.009716 -0.999953
vn 0.0 -0.009716 -0.999953
vn 1e-06 -0.009716 -0.999953
vn 0.0 -0.009716 -0.999953
vn 0.0 -0.009716 -0.999953
vn 0.0 -0.009716 -0.999953
vn 1e-06 -0.009716 -0.999953
vn 0.0 -0.009716 -0.999953
vn -0.0 -0.009716 -0.999953
vn 0.0 -0.009716 -0.999953
vn 0.0 -0.009716 -0.999953
vn -0.0 -0.009716 -0.999953
vn -0.0 -0.009715 -0.999953
vn 0.0 -0.009716 -0.999953
vn 0.0 -0.009716 -0.999953
vn 0.0 -0.009715 -0.999953
vn 0.0 -0.009715 -0.999953
vn -0.0 -0.009716 -0.999953
vn 0.0 -0.009716 -0.999953
vn 0.0 -0.009715 -0.999953
vn 0.0 -0.009716 -0.999953
vn 0.0 -0.009715 -0.999953
vn -0.0 -0.009716 -0.999953
vn -0.0 -0.009716 -0.999953
vn -0.0 -0.009716 -0.999953
vn 1e-06 -0.009716 -0.999953
vn 0.0 -0.009716 -0.999953
vn -0.0 -0.009716 -0.999953
vn -0.0 -0.009716 -0.999953
vn 0.0 -0.009716 -0.999953
vn 0.0 -0.009716 -0.999953
vn 0.0 -0.009715 -0.999953
vn -0.0 -0.009716 -0.999953
vn -0.0 -0.009716 -0.999953
vn 0.0 -0.009716 -0.999953
vn 0.0 -0.009715 -0.999953
vn 0.0 -0.009715 -0.999953
vn -0.0 -0.009716 -0.999953
vn -0.0 -0.009715 -0.999953
vn -0.0 -0.009716 -0.999953
vn 0.0 -0.009715 -0.999953
vn -0.0 -0.009716 -0.999953
vn 1e-06 -0.009715 -0.999953
vn 0.0 -0.009716 -0.999953
vn 0.0 -0.009716 -0.999953
vn 0.0 -0.009715 -0.999953
vn -0.0 -0.009716 -0.999953
vn 0.0 -0.009716 -0.999953
vn -0.0 -0.009716 -0.999953
vn -0.0 -0.009716 -0.999953
vn 0.0 -0.009716 -0.999953
vn -0.0 -0.009716 -0.999953
vn -1e-06 -0.009716 -0.999953
vn -0.0 -0.009716 -0.999953
vn -0.0 -0.009716 -0.999953
vn -1e-06 -0.009716 -0.999953
vn -0.0 -0.009716 -0.999953
vn -0.0 -0.009716 -0.999953
vn 0.0 -0.009716 -0.999953
vn -0.0 -0.009716 -0.999953
vn -0.0 -0.009716 -0.999953
vn 0.0 -0.009716 -0.999953
vn -0.0 -0.009716 -0.999953
vn -0.0 -0.009716 -0.999953
vn 0.0 -0.009716 -0.999953
vn 0.0 -0.009716 -0.999953
vn 0.0 -0.009716 -0.999953
vn 0.0 -0.009716 -0.999953
vn 0.0 -0.009716 -0.999953
vn -0.0 -0.009716 -0.999953
vn 0.0 -0.009715 -0.999953
vn 0.0 -0.009715 -0.999953
vn -1e-06 -0.009716 -0.999953
vn 0.0 -0.009716 -0.999953
vn 0.0 -0.009716 -0.999953
vn -1e-06 -0.009716 -0.999953
vn -0.0 -0.009716 -0.999953
vn -0.0 -0.009716 -0.999953
vn 0.0 -0.009716 -0.999953
vn -0.0 -0.009716 -0.999953
vn 0.0 -0.009716 -0.999953
vn 0.0 -0.009716 -0.999953
vn -0.0 -0.009716 -0.999953
vn 0.0 -0.009716 -0.999953
vn -0.0 -0.009716 -0.999953
vn -0.0 -0.009715 -0.999953
vn 0.0 -0.009716 -0.999953
vn -0.0 -0.009716 -0.999953
vn -0.0 -0.009716 -0.999953
vn 0.0 -0.009716 -0.999953
vn -1e-06 -0.009715 -0.999953
vn -0.998027 -0.062788 0.00061
vn -0.998027 -0.062788 0.00061
vn -0.982287 -0.187372 0.001821
vn -0.982287 -0.187372 0.001821
vn -0.951057 -0.309002 0.003002
vn -0.951057 -0.309002 0.003002
vn -0.904827 -0.425759 0.004137
vn -0.904827 -0.425759 0.004137
vn -0.844328 -0.535801 0.005206
vn -0.844328 -0.535801 0.005206
vn -0.770513 -0.637394 0.006193
vn -0.770513 -0.637394 0.006193
vn -0.684547 -0.728934 0.007082
vn -0.684547 -0.728934 0.007082
vn -0.587785 -0.808979 0.00786
vn -0.587785 -0.808979 0.00786
vn -0.481754 -0.876265 0.008514
vn -0.481754 -0.876265 0.008514
vn -0.368124 -0.929733 0.009033
vn -0.368125 -0.929733 0.009034
vn -0.24869 -0.968537 0.00941
vn -0.24869 -0.968538 0.00941
vn -0.125333 -0.992068 0.009639
vn -0.125334 -0.992068 0.009639
vn 0.0 -0.999953 0.009716
vn 0.0 -0.999953 0.009716
vn 0.125333 -0.992068 0.009639
vn 0.125334 -0.992068 0.009639
vn 0.24869 -0.968538 0.00941
vn 0.24869 -0.968537 0.00941
vn 0.368124 -0.929733 0.009034
vn 0.368125 -0.929733 0.009033
vn 0.481754 -0.876265 0.008514
vn 0.481754 -0.876265 0.008514
vn 0.587785 -0.808979 0.00786
vn 0.684547 -0.728934 0.007082
vn 0.587785 -0.808979 0.00786
vn 0.684547 -0.728934 0.007082
vn 0.770513 -0.637394 0.006193
vn 0.770513 -0.637394 0.006193
vn 0.844328 -0.535801 0.005206
vn 0.844328 -0.535801 0.005206
vn 0.904827 -0.425759 0.004137
vn 0.904827 -0.425759 0.004137
vn 0.951057 -0.309002 0.003002
vn 0.951057 -0.309002 0.003002
vn 0.982287 -0.187372 0.001821
vn 0.998027 -0.062788 0.00061
vn 0.982287 -0.187372 0.001821
vn 0.998027 -0.062788 0.00061
vn 0.037149 0.606452 -0.794252
vn 0.037149 -0.62177 -0.782318
vn 0.520194 0.400235 -0.75446
vn 0.541986 0.320108 -0.777034
vn 0.322336 0.525584 -0.787312
vn 0.391757 0.492513 -0.777147
vn 0.421617 0.413798 -0.806852
vn 0.41889 0.388326 -0.820813
vn 0.563925 0.246155 -0.788287
vn 0.576132 0.171774 -0.799103
vn 0.523421 0.293202 -0.80004
vn 0.110573 0.595678 -0.795576
vn 0.191462 0.60696 -0.771325
vn 0.250782 0.549497 -0.79697
vn 0.25942 0.512678 -0.818451
vn 0.088513 0.576108 -0.812567
vn 0.451561 0.307023 -0.837753
vn 0.418749 0.388056 -0.821012
vn 0.586078 0.099595 -0.80411
vn 0.589925 0.027845 -0.806978
vn 0.566344 0.140072 -0.812179
vn 0.082613 0.398572 -0.913409
vn 0.102181 0.504418 -0.857393
vn 0.102181 0.504418 -0.857392
vn 0.246652 0.491405 -0.835275
vn 0.286897 0.409363 -0.86609
vn 0.418749 0.234363 -0.877339
vn 0.451561 0.151641 -0.87926
vn 0.589925 -0.04352 -0.806284
vn 0.586078 -0.1152 -0.802023
vn 0.57774 -0.00793 -0.816182
vn 0.082613 0.286042 -0.954649
vn 0.246651 0.333472 -0.909923
vn 0.112087 0.341935 -0.933015
vn 0.286897 0.24723 -0.925509
vn 0.418749 0.073054 -0.905159
vn 0.451561 -0.008669 -0.892198
vn 0.576132 -0.187269 -0.795615
vn 0.563925 -0.261425 -0.783355
vn 0.566344 -0.155826 -0.809304
vn 0.082613 0.050257 -0.995314
vn 0.102181 0.169066 -0.980294
vn 0.246651 0.164704 -0.955006
vn 0.102181 0.169066 -0.980294
vn 0.286897 0.077065 -0.954857
vn 0.418749 -0.090628 -0.903568
vn 0.451561 -0.168697 -0.876148
vn 0.541986 -0.335145 -0.770668
vn 0.520194 -0.414819 -0.746541
vn 0.523421 -0.308692 -0.794192
vn 0.082613 -0.069587 -0.994149
vn 0.286897 -0.095604 -0.953179
vn 0.246652 -0.009416 -0.969059
vn 0.112087 -0.009654 -0.993652
vn 0.451561 -0.323243 -0.831629
vn 0.418749 -0.251366 -0.872619
vn 0.286897 -0.265167 -0.920531
vn 0.102181 -0.188081 -0.976824
vn 0.082613 -0.304537 -0.948911
vn 0.246652 -0.183229 -0.951625
vn 0.102181 -0.188081 -0.976824
vn 0.421617 -0.429397 -0.798659
vn 0.391757 -0.507521 -0.76743
vn 0.322336 -0.540783 -0.776951
vn 0.418749 -0.403936 -0.813317
vn 0.41889 -0.404202 -0.813113
vn 0.082613 -0.416245 -0.905492
vn 0.286897 -0.426114 -0.857973
vn 0.112087 -0.36 -0.926195
vn 0.246652 -0.35109 -0.903271
vn 0.102181 -0.520982 -0.84743
vn 0.246652 -0.507542 -0.825569
vn 0.088513 -0.591788 -0.80122
vn 0.102181 -0.520982 -0.84743
vn 0.25942 -0.528484 -0.808335
vn 0.250782 -0.564879 -0.786143
vn 0.191463 -0.621833 -0.759386
vn 0.110573 -0.611024 -0.783851
vn 0.996272 -0.063252 -0.05866
vn 0.982276 -0.063515 -0.176352
vn 0.996273 -0.063253 -0.058647
vn 0.982273 -0.063516 -0.176368
vn 0.954467 -0.062886 -0.291611
vn 0.913228 -0.061372 -0.402801
vn 0.913232 -0.061371 -0.402791
vn 0.954468 -0.062886 -0.291608
vn 0.980561 -0.187619 -0.057438
vn 0.980561 -0.187619 -0.057439
vn 0.966782 -0.186134 -0.175177
vn 0.966782 -0.186134 -0.175175
vn 0.89883 -0.175372 -0.401683
vn 0.89883 -0.175372 -0.401684
vn 0.939416 -0.182034 -0.290449
vn 0.939416 -0.182034 -0.290451
vn 0.949385 -0.309035 -0.056267
vn 0.949385 -0.309036 -0.056258
vn 0.936046 -0.305845 -0.174003
vn 0.936044 -0.305844 -0.174012
vn 0.909548 -0.298356 -0.289319
vn 0.87025 -0.286668 -0.400607
vn 0.909547 -0.298355 -0.289325
vn 0.870253 -0.286668 -0.400602
vn 0.903237 -0.425586 -0.055134
vn 0.903237 -0.425586 -0.055138
vn 0.890546 -0.420759 -0.172886
vn 0.890546 -0.420758 -0.17289
vn 0.865335 -0.410016 -0.28824
vn 0.827949 -0.393504 -0.39957
vn 0.827949 -0.393504 -0.399569
vn 0.865335 -0.410015 -0.288241
vn 0.769159 -0.636849 -0.053083
vn 0.842844 -0.535435 -0.054068
vn 0.842844 -0.535435 -0.054071
vn 0.831001 -0.529064 -0.171837
vn 0.831 -0.529063 -0.171846
vn 0.772592 -0.494197 -0.398587
vn 0.807477 -0.515255 -0.287217
vn 0.77259 -0.494196 -0.398591
vn 0.807478 -0.515256 -0.287212
vn 0.769159 -0.636849 -0.05308
vn 0.758351 -0.629052 -0.170874
vn 0.736885 -0.612414 -0.286268
vn 0.758351 -0.629052 -0.170875
vn 0.705048 -0.587158 -0.397684
vn 0.736886 -0.612415 -0.286266
vn 0.705047 -0.587157 -0.397687
vn 0.683344 -0.728229 -0.052194
vn 0.683344 -0.728229 -0.052192
vn 0.673743 -0.719149 -0.169988
vn 0.673741 -0.719147 -0.17
vn 0.626385 -0.67092 -0.396873
vn 0.654671 -0.69996 -0.285415
vn 0.626387 -0.670921 -0.396868
vn 0.654669 -0.699957 -0.285426
vn 0.480907 -0.875301 -0.05076
vn 0.586752 -0.808133 -0.051413
vn 0.586752 -0.808132 -0.051418
vn 0.578508 -0.79793 -0.169223
vn 0.578507 -0.797928 -0.169233
vn 0.537846 -0.744165 -0.396157
vn 0.56213 -0.776508 -0.284683
vn 0.537846 -0.744165 -0.396157
vn 0.562131 -0.776511 -0.284675
vn 0.480907 -0.875301 -0.050762
vn 0.474149 -0.864153 -0.16859
vn 0.474149 -0.864153 -0.168591
vn 0.440822 -0.805735 -0.39556
vn 0.460728 -0.84086 -0.284049
vn 0.460727 -0.840859 -0.284053
vn 0.440822 -0.805735 -0.395559
vn 0.248253 -0.967411 -0.04986
vn 0.367478 -0.928675 -0.050236
vn 0.367478 -0.928674 -0.050243
vn 0.362314 -0.916776 -0.16808
vn 0.362314 -0.916776 -0.168081
vn 0.336847 -0.854659 -0.395085
vn 0.336849 -0.854662 -0.395078
vn 0.352057 -0.891993 -0.283556
vn 0.352057 -0.89199 -0.283565
vn 0.248253 -0.967411 -0.049868
vn 0.244764 -0.954968 -0.167713
vn 0.244764 -0.954968 -0.16771
vn 0.237835 -0.929102 -0.283204
vn 0.227562 -0.89017 -0.394732
vn 0.237837 -0.929107 -0.283185
vn 0.227559 -0.890163 -0.394748
vn 0.123354 -0.978127 -0.167488
vn 0.125113 -0.9909 -0.049637
vn 0.125113 -0.9909 -0.04964
vn 0.123355 -0.978128 -0.167477
vn 0.119863 -0.951606 -0.282982
vn 0.119863 -0.951611 -0.282966
vn 0.114684 -0.911694 -0.394539
vn 0.114685 -0.911699 -0.394528
vn 0.0 -0.998771 -0.049561
vn 0.0 -0.998771 -0.049561
vn 0.0 -0.985889 -0.167401
vn 0.0 -0.985889 -0.167401
vn 0.0 -0.959147 -0.282908
vn 0.0 -0.918914 -0.394458
vn 0.0 -0.959147 -0.282908
vn 0.0 -0.918914 -0.394458
vn -0.125113 -0.9909 -0.04964
vn -0.125113 -0.9909 -0.049637
vn -0.123355 -0.978128 -0.167476
vn -0.123354 -0.978127 -0.167488
vn -0.119862 -0.951606 -0.282982
vn -0.114684 -0.911699 -0.394528
vn -0.119864 -0.951611 -0.282966
vn -0.114684 -0.911694 -0.394539
vn -0.248253 -0.967411 -0.04986
vn -0.248253 -0.967411 -0.049868
vn -0.244764 -0.954968 -0.167713
vn -0.244764 -0.954968 -0.16771
vn -0.237837 -0.929107 -0.283185
vn -0.22756 -0.890163 -0.394748
vn -0.237835 -0.929102 -0.283204
vn -0.227561 -0.89017 -0.394733
vn -0.367477 -0.928674 -0.050243
vn -0.367478 -0.928674 -0.050236
vn -0.362314 -0.916776 -0.16808
vn -0.362314 -0.916776 -0.168081
vn -0.352056 -0.891991 -0.283565
vn -0.336849 -0.854662 -0.395078
vn -0.336848 -0.854659 -0.395085
vn -0.352058 -0.891993 -0.283556
vn -0.480907 -0.875301 -0.05076
vn -0.480907 -0.875301 -0.050761
vn -0.474149 -0.864153 -0.16859
vn -0.474149 -0.864153 -0.16859
vn -0.440822 -0.805735 -0.395559
vn -0.460727 -0.840859 -0.284053
vn -0.440822 -0.805734 -0.39556
vn -0.460728 -0.84086 -0.284049
vn -0.586752 -0.808133 -0.051417
vn -0.586752 -0.808133 -0.051413
vn -0.578507 -0.797929 -0.169233
vn -0.578508 -0.79793 -0.169223
vn -0.537846 -0.744165 -0.396157
vn -0.537846 -0.744165 -0.396157
vn -0.562132 -0.77651 -0.284674
vn -0.56213 -0.776509 -0.284682
vn -0.683344 -0.728229 -0.052192
vn -0.683344 -0.728229 -0.052194
vn -0.673743 -0.719149 -0.169988
vn -0.673742 -0.719147 -0.17
vn -0.626385 -0.67092 -0.396873
vn -0.626386 -0.670922 -0.396868
vn -0.654669 -0.699958 -0.285426
vn -0.654671 -0.69996 -0.285415
vn -0.769159 -0.636849 -0.053083
vn -0.769159 -0.636849 -0.05308
vn -0.758351 -0.629052 -0.170874
vn -0.758351 -0.629052 -0.170874
vn -0.705047 -0.587157 -0.397688
vn -0.705048 -0.587158 -0.397683
vn -0.736886 -0.612415 -0.286265
vn -0.736885 -0.612414 -0.286268
vn -0.842844 -0.535435 -0.054071
vn -0.842844 -0.535435 -0.054067
vn -0.831001 -0.529064 -0.171837
vn -0.807478 -0.515256 -0.287212
vn -0.831 -0.529063 -0.171847
vn -0.77259 -0.494196 -0.398592
vn -0.772592 -0.494197 -0.398586
vn -0.807477 -0.515255 -0.287217
vn -0.903237 -0.425586 -0.055135
vn -0.890546 -0.420758 -0.17289
vn -0.903236 -0.425586 -0.055139
vn -0.890546 -0.420759 -0.172886
vn -0.865335 -0.410015 -0.28824
vn -0.827949 -0.393504 -0.399569
vn -0.827949 -0.393504 -0.39957
vn -0.865335 -0.410016 -0.28824
vn -0.949385 -0.309035 -0.056258
vn -0.949385 -0.309036 -0.056267
vn -0.936046 -0.305845 -0.174003
vn -0.936044 -0.305845 -0.174012
vn -0.909547 -0.298355 -0.289325
vn -0.87025 -0.286668 -0.400607
vn -0.909549 -0.298355 -0.289319
vn -0.870252 -0.286669 -0.400602
vn -0.966782 -0.186134 -0.175175
vn -0.996273 -0.063253 -0.058647
vn -0.980561 -0.187619 -0.057439
vn -0.996272 -0.063252 -0.05866
vn -0.982276 -0.063515 -0.176352
vn -0.980561 -0.187619 -0.057438
vn -0.966782 -0.186134 -0.175177
vn -0.982273 -0.063516 -0.176368
vn -0.954468 -0.062886 -0.291611
vn -0.939416 -0.182034 -0.290449
vn -0.89883 -0.175372 -0.401684
vn -0.954468 -0.062886 -0.291608
vn -0.913228 -0.061372 -0.402801
vn -0.89883 -0.175372 -0.401683
vn -0.913232 -0.061371 -0.402791
vn -0.939416 -0.182034 -0.290451
vn -0.858402 -0.05896 -0.509578
vn -0.060822 -0.013524 -0.998057
vn 0.858402 -0.05896 -0.509578
vn 0.858403 -0.05896 -0.509576
vn 0.790287 -0.055652 -0.610205
vn 0.790287 -0.055652 -0.610204
vn 0.710458 -0.051519 -0.701851
vn 0.710462 -0.05152 -0.701847
vn 0.620077 -0.046623 -0.783154
vn 0.620074 -0.046623 -0.783156
vn 0.520471 -0.041034 -0.852893
vn 0.520468 -0.041033 -0.852895
vn 0.4131 -0.034833 -0.910019
vn 0.413104 -0.034834 -0.910018
vn 0.299565 -0.028114 -0.953662
vn 0.299563 -0.028114 -0.953662
vn 0.18155 -0.020975 -0.983158
vn 0.060822 -0.013524 -0.998057
vn 0.181552 -0.020975 -0.983158
vn 0.060821 -0.013524 -0.998057
vn 0.844864 -0.166115 -0.508538
vn 0.844866 -0.166115 -0.508535
vn 0.777824 -0.154304 -0.609246
vn 0.777823 -0.154304 -0.609247
vn 0.699258 -0.140208 -0.700985
vn 0.699256 -0.140208 -0.700987
vn 0.610298 -0.124028 -0.782402
vn 0.610296 -0.124027 -0.782404
vn 0.51226 -0.106004 -0.852264
vn 0.512262 -0.106004 -0.852262
vn 0.406584 -0.086401 -0.909519
vn 0.406589 -0.086402 -0.909516
vn 0.29484 -0.065509 -0.953298
vn 0.294838 -0.065508 -0.953299
vn 0.059861 -0.021116 -0.997983
vn 0.178688 -0.043639 -0.982937
vn 0.059862 -0.021116 -0.997983
vn 0.178688 -0.043639 -0.982938
vn 0.818004 -0.270729 -0.507519
vn 0.818002 -0.270729 -0.507522
vn 0.753093 -0.250617 -0.608311
vn 0.753093 -0.250617 -0.608312
vn 0.677022 -0.226791 -0.700148
vn 0.677024 -0.226792 -0.700145
vn 0.590895 -0.199597 -0.781668
vn 0.590896 -0.199598 -0.781666
vn 0.495972 -0.169433 -0.851648
vn 0.495975 -0.169435 -0.851646
vn 0.393657 -0.136745 -0.909029
vn 0.393659 -0.136746 -0.909029
vn 0.285466 -0.102017 -0.952944
vn 0.285468 -0.102017 -0.952943
vn 0.173007 -0.065764 -0.982723
vn 0.057958 -0.028529 -0.997911
vn 0.173006 -0.065764 -0.982723
vn 0.057958 -0.028528 -0.997911
vn 0.778238 -0.37115 -0.506551
vn 0.778241 -0.371152 -0.506544
vn 0.716486 -0.343071 -0.607413
vn 0.644113 -0.309906 -0.69934
vn 0.716488 -0.343071 -0.60741
vn 0.644114 -0.309906 -0.699339
vn 0.562173 -0.272139 -0.780962
vn 0.562174 -0.272139 -0.780962
vn 0.471864 -0.230322 -0.851056
vn 0.471864 -0.230322 -0.851056
vn 0.374524 -0.185074 -0.908559
vn 0.374524 -0.185073 -0.908559
vn 0.271591 -0.137063 -0.952603
vn 0.271589 -0.137062 -0.952603
vn 0.164597 -0.087003 -0.982516
vn 0.055143 -0.035644 -0.997842
vn 0.164597 -0.087003 -0.982516
vn 0.055141 -0.035644 -0.997842
vn 0.726206 -0.465799 -0.505624
vn 0.726203 -0.465797 -0.505631
vn 0.668582 -0.430208 -0.606564
vn 0.668579 -0.430207 -0.606568
vn 0.601048 -0.388242 -0.698576
vn 0.601047 -0.388241 -0.698578
vn 0.524583 -0.340508 -0.780299
vn 0.524585 -0.340509 -0.780298
vn 0.349482 -0.230622 -0.908116
vn 0.440314 -0.287709 -0.850498
vn 0.440314 -0.287709 -0.850498
vn 0.349484 -0.230623 -0.908115
vn 0.25343 -0.170092 -0.952282
vn 0.253431 -0.170092 -0.952282
vn 0.153592 -0.107021 -0.982322
vn 0.051456 -0.042351 -0.997777
vn 0.153592 -0.107021 -0.982322
vn 0.051452 -0.042349 -0.997777
vn 0.662718 -0.553179 -0.504775
vn 0.662714 -0.553175 -0.504784
vn 0.610129 -0.510652 -0.605786
vn 0.610132 -0.510655 -0.605781
vn 0.548502 -0.460563 -0.697874
vn 0.5485 -0.460561 -0.697877
vn 0.478723 -0.403629 -0.779684
vn 0.478722 -0.403628 -0.779686
vn 0.40182 -0.340689 -0.849984
vn 0.40182 -0.340689 -0.849984
vn 0.318931 -0.272675 -0.907707
vn 0.318929 -0.272673 -0.907708
vn 0.231275 -0.200586 -0.951986
vn 0.231275 -0.200586 -0.951986
vn 0.046955 -0.04854 -0.997717
vn 0.140164 -0.125502 -0.982142
vn 0.046954 -0.04854 -0.997717
vn 0.140165 -0.125503 -0.982142
vn 0.588775 -0.631908 -0.504019
vn 0.588777 -0.631911 -0.504013
vn 0.54206 -0.583141 -0.605077
vn 0.542059 -0.58314 -0.605078
vn 0.487304 -0.525724 -0.697244
vn 0.425312 -0.460503 -0.779132
vn 0.487305 -0.525726 -0.697242
vn 0.356989 -0.388427 -0.84952
vn 0.425311 -0.460501 -0.779134
vn 0.35699 -0.388428 -0.849518
vn 0.283346 -0.310563 -0.90734
vn 0.283346 -0.310563 -0.90734
vn 0.205471 -0.228062 -0.951719
vn 0.124527 -0.142155 -0.98198
vn 0.205471 -0.228062 -0.951719
vn 0.041717 -0.054119 -0.997663
vn 0.041716 -0.054119 -0.997663
vn 0.124527 -0.142155 -0.98198
vn 0.505553 -0.700758 -0.503343
vn 0.505553 -0.700757 -0.503344
vn 0.465438 -0.646524 -0.604462
vn 0.465437 -0.646523 -0.604464
vn 0.418423 -0.582707 -0.696688
vn 0.418424 -0.582708 -0.696687
vn 0.365193 -0.510234 -0.77865
vn 0.365192 -0.510233 -0.778651
vn 0.306529 -0.430171 -0.849113
vn 0.306529 -0.430171 -0.849113
vn 0.243294 -0.343694 -0.907018
vn 0.243294 -0.343695 -0.907018
vn 0.176428 -0.252088 -0.951486
vn 0.176428 -0.252088 -0.951486
vn 0.106924 -0.156715 -0.981839
vn 0.035821 -0.058999 -0.997615
vn 0.03582 -0.058998 -0.997615
vn 0.106925 -0.156716 -0.981839
vn 0.414355 -0.758629 -0.502784
vn 0.414356 -0.758631 -0.50278
vn 0.381476 -0.699804 -0.603946
vn 0.342944 -0.630607 -0.696222
vn 0.381477 -0.699804 -0.603945
vn 0.342944 -0.630606 -0.696222
vn 0.299315 -0.552039 -0.778244
vn 0.299314 -0.552038 -0.778244
vn 0.251233 -0.465261 -0.848772
vn 0.251233 -0.46526 -0.848773
vn 0.199406 -0.371545 -0.906748
vn 0.144602 -0.272285 -0.951289
vn 0.199406 -0.371546 -0.906747
vn 0.087636 -0.168955 -0.98172
vn 0.144602 -0.272285 -0.951289
vn 0.087637 -0.168957 -0.981719
vn 0.029359 -0.063099 -0.997575
vn 0.029358 -0.063097 -0.997576
vn 0.316623 -0.804617 -0.502337
vn 0.316623 -0.804616 -0.502337
vn 0.291499 -0.742141 -0.603535
vn 0.291499 -0.742142 -0.603534
vn 0.262055 -0.668668 -0.695853
vn 0.262055 -0.668668 -0.695852
vn 0.228717 -0.585258 -0.777922
vn 0.228718 -0.58526 -0.77792
vn 0.191976 -0.493142 -0.848502
vn 0.191976 -0.493143 -0.848502
vn 0.152373 -0.393677 -0.906532
vn 0.152372 -0.393675 -0.906534
vn 0.066967 -0.178684 -0.981625
vn 0.110495 -0.288333 -0.951133
vn 0.110496 -0.288335 -0.951133
vn 0.022433 -0.066355 -0.997544
vn 0.022434 -0.066356 -0.997544
vn 0.066966 -0.178682 -0.981625
vn 0.213898 -0.837995 -0.502007
vn 0.213898 -0.837993 -0.502012
vn 0.196925 -0.772871 -0.603234
vn 0.196925 -0.772868 -0.603237
vn 0.177034 -0.69629 -0.695585
vn 0.177034 -0.696292 -0.695583
vn 0.154512 -0.609368 -0.777687
vn 0.154512 -0.609369 -0.777686
vn 0.12969 -0.513377 -0.848307
vn 0.129691 -0.51338 -0.848305
vn 0.102937 -0.409736 -0.906377
vn 0.102938 -0.409742 -0.906375
vn 0.074646 -0.29998 -0.951021
vn 0.074646 -0.299982 -0.95102
vn 0.015156 -0.068722 -0.997521
vn 0.015155 -0.068721 -0.997521
vn 0.045239 -0.185741 -0.981557
vn 0.045239 -0.185741 -0.981557
vn 0.0 -0.865015 -0.501745
vn 0.107799 -0.858234 -0.501811
vn 0.107799 -0.858234 -0.501811
vn 0.099245 -0.791503 -0.603053
vn 0.099245 -0.791501 -0.603056
vn 0.08922 -0.713042 -0.695421
vn 0.08922 -0.713041 -0.695423
vn 0.07787 -0.623988 -0.777545
vn 0.07787 -0.623988 -0.777544
vn 0.065361 -0.525651 -0.848186
vn 0.065361 -0.525648 -0.848188
vn 0.051878 -0.419481 -0.90628
vn 0.051878 -0.419479 -0.906282
vn 0.03762 -0.307044 -0.950952
vn 0.03762 -0.307042 -0.950952
vn 0.022799 -0.19002 -0.981515
vn 0.007638 -0.070155 -0.997507
vn 0.007638 -0.070156 -0.997507
vn 0.0228 -0.190021 -0.981515
vn 0.0 -0.865015 -0.501745
vn 0.0 -0.797745 -0.602995
vn 0.0 -0.797745 -0.602995
vn 0.0 -0.718655 -0.695367
vn 0.0 -0.718655 -0.695367
vn 0.0 -0.628887 -0.777497
vn 0.0 -0.628887 -0.777497
vn 0.0 -0.529763 -0.848146
vn 0.0 -0.529763 -0.848146
vn 0.0 -0.422742 -0.90625
vn 0.0 -0.422742 -0.90625
vn 0.0 -0.309411 -0.950929
vn 0.0 -0.309411 -0.950929
vn 0.0 -0.191455 -0.981501
vn 0.0 -0.070636 -0.997502
vn 0.0 -0.191455 -0.981501
vn 0.0 -0.070636 -0.997502
vn -0.107799 -0.858234 -0.50181
vn -0.107799 -0.858234 -0.501811
vn -0.099245 -0.791501 -0.603056
vn -0.099245 -0.791503 -0.603053
vn -0.07787 -0.623988 -0.777544
vn -0.08922 -0.713041 -0.695423
vn -0.08922 -0.713042 -0.695422
vn -0.07787 -0.623988 -0.777545
vn -0.065361 -0.525651 -0.848185
vn -0.051878 -0.419479 -0.906282
vn -0.065361 -0.525648 -0.848188
vn -0.051878 -0.419481 -0.90628
vn -0.037619 -0.307042 -0.950952
vn -0.03762 -0.307044 -0.950951
vn -0.022799 -0.19002 -0.981515
vn -0.007638 -0.070155 -0.997507
vn -0.007638 -0.070156 -0.997507
vn -0.0228 -0.190021 -0.981515
vn -0.213897 -0.837993 -0.502012
vn -0.213898 -0.837995 -0.502007
vn -0.196925 -0.772869 -0.603237
vn -0.196926 -0.772871 -0.603234
vn -0.177033 -0.69629 -0.695585
vn -0.177034 -0.696292 -0.695583
vn -0.154512 -0.609368 -0.777687
vn -0.154512 -0.609369 -0.777686
vn -0.12969 -0.513377 -0.848307
vn -0.129691 -0.51338 -0.848305
vn -0.102938 -0.409742 -0.906375
vn -0.102936 -0.409736 -0.906377
vn -0.074646 -0.29998 -0.951021
vn -0.074647 -0.299982 -0.95102
vn -0.015155 -0.068721 -0.997521
vn -0.015155 -0.068722 -0.997521
vn -0.045239 -0.185741 -0.981557
vn -0.045239 -0.185741 -0.981557
vn -0.316623 -0.804616 -0.502337
vn -0.316623 -0.804617 -0.502336
vn -0.291499 -0.742142 -0.603534
vn -0.291499 -0.742141 -0.603535
vn -0.228717 -0.58526 -0.77792
vn -0.262055 -0.668668 -0.695852
vn -0.262055 -0.668668 -0.695853
vn -0.228717 -0.585258 -0.777922
vn -0.191976 -0.493143 -0.848502
vn -0.152372 -0.393675 -0.906534
vn -0.191976 -0.493142 -0.848502
vn -0.152373 -0.393677 -0.906532
vn -0.110496 -0.288335 -0.951133
vn -0.066966 -0.178682 -0.981625
vn -0.110495 -0.288333 -0.951133
vn -0.066966 -0.178684 -0.981625
vn -0.022433 -0.066355 -0.997544
vn -0.022434 -0.066356 -0.997544
vn -0.505553 -0.700758 -0.503343
vn -0.414356 -0.758631 -0.50278
vn -0.414355 -0.758629 -0.502784
vn -0.381476 -0.699804 -0.603946
vn -0.381477 -0.699804 -0.603945
vn -0.342944 -0.630607 -0.696222
vn -0.342943 -0.630606 -0.696223
vn -0.299314 -0.552038 -0.778244
vn -0.251233 -0.465259 -0.848773
vn -0.299315 -0.552039 -0.778244
vn -0.251233 -0.465261 -0.848772
vn -0.199406 -0.371545 -0.906748
vn -0.199406 -0.371546 -0.906747
vn -0.144602 -0.272285 -0.951289
vn -0.144602 -0.272285 -0.951289
vn -0.087636 -0.168955 -0.98172
vn -0.029358 -0.063097 -0.997576
vn -0.029359 -0.063099 -0.997575
vn -0.087637 -0.168957 -0.981719
vn -0.588777 -0.631911 -0.504013
vn -0.505553 -0.700757 -0.503344
vn -0.465438 -0.646524 -0.604462
vn -0.418424 -0.582708 -0.696687
vn -0.465437 -0.646523 -0.604463
vn -0.418423 -0.582707 -0.696689
vn -0.365192 -0.510233 -0.77865
vn -0.365193 -0.510234 -0.77865
vn -0.306529 -0.430171 -0.849113
vn -0.306529 -0.43017 -0.849113
vn -0.243294 -0.343694 -0.907018
vn -0.243294 -0.343695 -0.907018
vn -0.176428 -0.252088 -0.951486
vn -0.106924 -0.156715 -0.981839
vn -0.176428 -0.252088 -0.951485
vn -0.035821 -0.058999 -0.997615
vn -0.106925 -0.156716 -0.981839
vn -0.03582 -0.058997 -0.997615
vn -0.588775 -0.631908 -0.504019
vn -0.542059 -0.58314 -0.605078
vn -0.54206 -0.583141 -0.605077
vn -0.487305 -0.525726 -0.697242
vn -0.487304 -0.525725 -0.697244
vn -0.35699 -0.388428 -0.849518
vn -0.425311 -0.460501 -0.779134
vn -0.425312 -0.460503 -0.779132
vn -0.356989 -0.388427 -0.84952
vn -0.205472 -0.228062 -0.951719
vn -0.283346 -0.310563 -0.90734
vn -0.283346 -0.310563 -0.90734
vn -0.205471 -0.228062 -0.951719
vn -0.124527 -0.142155 -0.98198
vn -0.041717 -0.05412 -0.997663
vn -0.041716 -0.054119 -0.997663
vn -0.046955 -0.04854 -0.997717
vn -0.124527 -0.142155 -0.98198
vn -0.662719 -0.553178 -0.504775
vn -0.662714 -0.553176 -0.504784
vn -0.610129 -0.510653 -0.605786
vn -0.610132 -0.510654 -0.605781
vn -0.5485 -0.460561 -0.697877
vn -0.548502 -0.460562 -0.697874
vn -0.478723 -0.403629 -0.779684
vn -0.478722 -0.403628 -0.779686
vn -0.40182 -0.340689 -0.849984
vn -0.40182 -0.340689 -0.849984
vn -0.318929 -0.272673 -0.907708
vn -0.318931 -0.272674 -0.907707
vn -0.231274 -0.200586 -0.951986
vn -0.140165 -0.125503 -0.982142
vn -0.231275 -0.200586 -0.951986
vn -0.140164 -0.125502 -0.982142
vn -0.046954 -0.04854 -0.997717
vn -0.726203 -0.465797 -0.505631
vn -0.726207 -0.465799 -0.505624
vn -0.668579 -0.430206 -0.606568
vn -0.668582 -0.430208 -0.606564
vn -0.601047 -0.388241 -0.698578
vn -0.524583 -0.340508 -0.780299
vn -0.601048 -0.388242 -0.698577
vn -0.524585 -0.340509 -0.780298
vn -0.440314 -0.287709 -0.850498
vn -0.440314 -0.287709 -0.850498
vn -0.349484 -0.230623 -0.908115
vn -0.349483 -0.230622 -0.908116
vn -0.253431 -0.170092 -0.952282
vn -0.153592 -0.107021 -0.982322
vn -0.25343 -0.170092 -0.952282
vn -0.051453 -0.042349 -0.997777
vn -0.153592 -0.107021 -0.982322
vn -0.051455 -0.042351 -0.997777
vn -0.778242 -0.371151 -0.506544
vn -0.778238 -0.37115 -0.506551
vn -0.716488 -0.343071 -0.60741
vn -0.716486 -0.343071 -0.607413
vn -0.644114 -0.309906 -0.699339
vn -0.644113 -0.309906 -0.69934
vn -0.471864 -0.230322 -0.851056
vn -0.562173 -0.272139 -0.780962
vn -0.562174 -0.272139 -0.780962
vn -0.471864 -0.230322 -0.851056
vn -0.374524 -0.185074 -0.908559
vn -0.374524 -0.185074 -0.908559
vn -0.271591 -0.137063 -0.952603
vn -0.271589 -0.137062 -0.952603
vn -0.164597 -0.087003 -0.982516
vn -0.164597 -0.087003 -0.982516
vn -0.055143 -0.035645 -0.997842
vn -0.055141 -0.035644 -0.997842
vn -0.844864 -0.166115 -0.508538
vn -0.818002 -0.270729 -0.507522
vn -0.818004 -0.270729 -0.507519
vn -0.753093 -0.250617 -0.608311
vn -0.753093 -0.250617 -0.608311
vn -0.677022 -0.226791 -0.700148
vn -0.677024 -0.226792 -0.700145
vn -0.590896 -0.199598 -0.781667
vn -0.495972 -0.169433 -0.851648
vn -0.590895 -0.199597 -0.781668
vn -0.393659 -0.136746 -0.909029
vn -0.495975 -0.169435 -0.851646
vn -0.393657 -0.136745 -0.909029
vn -0.285468 -0.102017 -0.952943
vn -0.285466 -0.102017 -0.952944
vn -0.173006 -0.065764 -0.982723
vn -0.057958 -0.028529 -0.997911
vn -0.057958 -0.028528 -0.997911
vn -0.173007 -0.065764 -0.982723
vn -0.844866 -0.166115 -0.508535
vn -0.777823 -0.154304 -0.609247
vn -0.858403 -0.05896 -0.509576
vn -0.790287 -0.055652 -0.610205
vn -0.710458 -0.05152 -0.701851
vn -0.790287 -0.055652 -0.610204
vn -0.777824 -0.154304 -0.609246
vn -0.699256 -0.140208 -0.700987
vn -0.710462 -0.051519 -0.701847
vn -0.699258 -0.140208 -0.700985
vn -0.620077 -0.046623 -0.783154
vn -0.520471 -0.041034 -0.852893
vn -0.610298 -0.124028 -0.782402
vn -0.610295 -0.124028 -0.782404
vn -0.620074 -0.046623 -0.783156
vn -0.512262 -0.106004 -0.852262
vn -0.51226 -0.106004 -0.852264
vn -0.520468 -0.041034 -0.852895
vn -0.4131 -0.034833 -0.910019
vn -0.299565 -0.028114 -0.953662
vn -0.406584 -0.086401 -0.909519
vn -0.29484 -0.065509 -0.953298
vn -0.406589 -0.086401 -0.909517
vn -0.413104 -0.034834 -0.910018
vn -0.299562 -0.028114 -0.953662
vn -0.294838 -0.065508 -0.953299
vn -0.060821 -0.013524 -0.998057
vn -0.18155 -0.020975 -0.983158
vn -0.059862 -0.021116 -0.997983
vn -0.059861 -0.021116 -0.997983
vn -0.178688 -0.043639 -0.982937
vn -0.181552 -0.020975 -0.983158
vn -0.178688 -0.043639 -0.982937
vn -0.704503 -0.049496 -0.707973
vn -0.863212 -0.273125 -0.424579
vn -0.82151 -0.373932 -0.430461
vn -0.768412 -0.468776 -0.435652
vn -0.704724 -0.556419 -0.440184
vn -0.631381 -0.635726 -0.444083
vn 0.716487 -0.596276 -0.362081
vn 0.783257 -0.500674 -0.368558
vn 0.837086 -0.397573 -0.375796
vn 0.877129 -0.288739 -0.383764
vn 0.902782 -0.176036 -0.392423
vn 0.704503 -0.049496 -0.707973
vn 0.784692 -0.057559 -0.617208
vn 0.853049 -0.068844 -0.51727
vn 0.908429 -0.083158 -0.409685
vn 0.949869 -0.10025 -0.296141
vn 0.976624 -0.119815 -0.178465
vn -0.704506 -0.049496 -0.70797
vn -0.784851 -0.053476 -0.617373
vn -0.339748 -0.876946 -0.339908
vn -0.784848 -0.053476 -0.617377
vn -0.853651 -0.056669 -0.517754
vn -0.853648 -0.05667 -0.517757
vn -0.517924 -0.77546 -0.361132
vn -0.909908 -0.059031 -0.410588
vn -0.713133 -0.609136 -0.346979
vn -0.909904 -0.059031 -0.410598
vn -0.952817 -0.060528 -0.297449
vn -0.952819 -0.060527 -0.297442
vn -0.871396 -0.401631 -0.281711
vn -0.981768 -0.061137 -0.179981
vn -0.996348 -0.060853 -0.059898
vn -0.997958 -0.062669 0.012381
vn -0.981768 -0.061138 -0.179982
vn -0.958743 -0.221827 -0.17778
vn -0.915568 -0.171327 -0.363844
vn -0.694229 -0.134099 -0.707151
vn -0.694232 -0.134099 -0.707149
vn -0.310401 -0.814567 -0.490032
vn -0.784008 -0.089836 -0.614215
vn -0.472438 -0.731923 -0.49101
vn -0.848208 -0.120819 -0.515699
vn -0.63598 -0.620768 -0.45845
vn -0.900728 -0.145968 -0.409125
vn -0.776957 -0.494851 -0.38918
vn -0.878881 -0.37775 -0.29133
vn -0.94077 -0.164871 -0.296259
vn -0.979287 -0.186041 0.079915
vn -0.94026 -0.290353 -0.177782
vn -0.967786 -0.17724 -0.178817
vn -0.698817 -0.136819 -0.702093
vn -0.34638 -0.737666 -0.579542
vn -0.501607 -0.669319 -0.54809
vn -0.768389 -0.183019 -0.613256
vn -0.644769 -0.589754 -0.486275
vn -0.827983 -0.222479 -0.51473
vn -0.876723 -0.25457 -0.408106
vn -0.762834 -0.509318 -0.398347
vn -0.913872 -0.278767 -0.295172
vn -0.84936 -0.439317 -0.292555
vn -0.938918 -0.2947 -0.177722
vn -0.941981 -0.304715 0.140787
vn -0.904359 -0.388349 -0.176976
vn -0.343936 -0.701356 -0.624346
vn -0.678906 -0.218037 -0.701104
vn -0.488942 -0.65771 -0.573021
vn -0.741822 -0.273447 -0.612313
vn -0.795689 -0.320804 -0.513774
vn -0.618287 -0.608913 -0.496937
vn -0.724144 -0.560899 -0.401259
vn -0.839713 -0.35935 -0.407123
vn -0.802849 -0.519534 -0.292434
vn -0.873252 -0.388463 -0.294154
vn -0.854172 -0.489292 -0.176019
vn -0.888242 -0.416104 0.194639
vn -0.895862 -0.407717 -0.176627
vn -0.319717 -0.690584 -0.648749
vn -0.649778 -0.296063 -0.700096
vn -0.704778 -0.359816 -0.611408
vn -0.454437 -0.67126 -0.585574
vn -0.751857 -0.414353 -0.512857
vn -0.572985 -0.647973 -0.501816
vn -0.790293 -0.458753 -0.406181
vn -0.669932 -0.624011 -0.402246
vn -0.819553 -0.492322 -0.293174
vn -0.742694 -0.602651 -0.291921
vn -0.839268 -0.514577 -0.175612
vn -0.790767 -0.586542 -0.175091
vn -0.820383 -0.518309 0.24151
vn -0.281196 -0.693654 -0.663153
vn -0.611959 -0.369822 -0.699098
vn -0.405599 -0.695962 -0.592559
vn -0.657919 -0.440941 -0.610503
vn -0.514283 -0.693681 -0.504301
vn -0.697198 -0.501766 -0.512002
vn -0.603265 -0.688523 -0.402501
vn -0.729234 -0.551304 -0.405317
vn -0.670469 -0.682366 -0.291285
vn -0.753603 -0.58879 -0.292248
vn -0.715183 -0.676871 -0.174236
vn -0.77 -0.613665 -0.174688
vn -0.740652 -0.610013 0.281637
vn -0.566137 -0.438352 -0.698095
vn -0.602007 -0.515673 -0.609646
vn -0.632598 -0.581799 -0.511203
vn -0.657503 -0.635661 -0.404505
vn -0.676411 -0.676417 -0.291425
vn -0.689118 -0.70349 -0.173835
vn -0.651132 -0.690354 0.31534
vn -0.480705 -0.619631 -0.620467
vn -0.392575 -0.596632 -0.699939
vn -0.477979 -0.630579 -0.611479
vn -0.544936 -0.663738 -0.512344
vn -0.592685 -0.696218 -0.404974
vn -0.620721 -0.727861 -0.291418
vn -0.639641 -0.748814 -0.1736
vn -0.620719 -0.727856 -0.291433
vn -0.649173 -0.758778 -0.053198
vn -0.639641 -0.748815 -0.173593
vn -0.452391 -0.549656 -0.702297
vn -0.487704 -0.622828 -0.611743
vn -0.520355 -0.683522 -0.511887
vn -0.549883 -0.730836 -0.40436
vn -0.575853 -0.764063 -0.290863
vn -0.575853 -0.764064 -0.290861
vn -0.553689 -0.758791 0.343022
vn -0.602209 -0.796592 -0.052781
vn -0.593381 -0.786091 -0.17309
vn -0.593382 -0.786092 -0.173081
vn -0.401499 -0.670257 -0.624142
vn -0.326286 -0.635087 -0.700144
vn -0.402154 -0.681778 -0.611107
vn -0.461349 -0.72476 -0.511741
vn -0.503093 -0.763833 -0.404298
vn -0.526885 -0.798666 -0.290732
vn -0.526886 -0.798669 -0.290721
vn -0.551035 -0.83283 -0.05249
vn -0.542947 -0.821782 -0.172867
vn -0.542945 -0.821781 -0.172878
vn -0.38388 -0.600091 -0.701803
vn -0.409006 -0.677573 -0.611235
vn -0.43327 -0.742159 -0.511349
vn -0.456345 -0.792906 -0.403793
vn -0.477904 -0.829074 -0.290247
vn -0.477901 -0.82907 -0.290265
vn -0.449983 -0.815007 0.365075
vn -0.499779 -0.864582 -0.052142
vn -0.492451 -0.853082 -0.172459
vn -0.492454 -0.853084 -0.172444
vn -0.425057 -0.857401 -0.290155
vn -0.317413 -0.711388 -0.627038
vn -0.254165 -0.667134 -0.700238
vn -0.319836 -0.724343 -0.610763
vn -0.370641 -0.775414 -0.511232
vn -0.405865 -0.81992 -0.403739
vn -0.425058 -0.857406 -0.29014
vn -0.438015 -0.882308 -0.172266
vn -0.438012 -0.882306 -0.172281
vn -0.444539 -0.894255 -0.051901
vn -0.310029 -0.641839 -0.701373
vn -0.324346 -0.722289 -0.610818
vn -0.339694 -0.789659 -0.510927
vn -0.355887 -0.843 -0.403356
vn -0.372704 -0.881548 -0.289767
vn -0.372705 -0.881548 -0.289765
vn -0.384052 -0.907159 -0.17195
vn -0.389767 -0.919465 -0.051625
vn -0.384053 -0.90716 -0.171939
vn -0.341483 -0.85882 0.381861
vn -0.229489 -0.742605 -0.629184
vn -0.177418 -0.691472 -0.700278
vn -0.232298 -0.7572 -0.61048
vn -0.274187 -0.814779 -0.51084
vn -0.302476 -0.863625 -0.403312
vn -0.316782 -0.903181 -0.289679
vn -0.31678 -0.903178 -0.289689
vn -0.326436 -0.929475 -0.171802
vn -0.331298 -0.942124 -0.051425
vn -0.326437 -0.929476 -0.171795
vn -0.231984 -0.674352 -0.701022
vn -0.235022 -0.756332 -0.610514
vn -0.241055 -0.825334 -0.510604
vn -0.250035 -0.880371 -0.403025
vn -0.261852 -0.92069 -0.289419
vn -0.261853 -0.920693 -0.289408
vn -0.273843 -0.960409 -0.051225
vn -0.269828 -0.947503 -0.171556
vn -0.269827 -0.947502 -0.17156
vn -0.229523 -0.890152 0.393636
vn -0.138804 -0.763592 -0.630603
vn -0.097259 -0.707167 -0.700325
vn -0.140878 -0.779546 -0.610296
vn -0.173464 -0.842172 -0.510546
vn -0.1945 -0.894296 -0.402994
vn -0.203698 -0.935299 -0.289349
vn -0.203699 -0.9353 -0.289346
vn -0.209906 -0.962569 -0.171467
vn -0.213032 -0.975709 -0.05109
vn -0.209905 -0.962567 -0.171479
vn -0.150961 -0.697259 -0.700743
vn -0.142408 -0.779256 -0.610312
vn -0.138852 -0.848649 -0.510407
vn -0.140394 -0.904452 -0.402811
vn -0.147032 -0.945915 -0.289183
vn -0.14703 -0.94591 -0.289199
vn -0.115315 -0.908963 0.400611
vn -0.153764 -0.986792 -0.05097
vn -0.151509 -0.973493 -0.171335
vn -0.15151 -0.973496 -0.17132
vn -0.046453 -0.774139 -0.631309
vn -0.014952 -0.71359 -0.700403
vn -0.046992 -0.790848 -0.610206
vn -0.069996 -0.857097 -0.510377
vn -0.083573 -0.911467 -0.402795
vn -0.087524 -0.953269 -0.289169
vn -0.087523 -0.953272 -0.289157
vn -0.091534 -0.994499 -0.050915
vn -0.090192 -0.981087 -0.171272
vn -0.09019 -0.981083 -0.171293
vn -0.068221 -0.710342 -0.700543
vn -0.04792 -0.790795 -0.610202
vn -0.034641 -0.859274 -0.510342
vn -0.028627 -0.914872 -0.402729
vn -0.02998 -0.956829 -0.289102
vn -0.02998 -0.956829 -0.289102
vn -0.030893 -0.984744 -0.171245
vn -0.030893 -0.984744 -0.171243
vn 0.0 -0.915235 0.40292
vn -0.031353 -0.998213 -0.050874
vn 0.034641 -0.859274 -0.510342
vn 0.068221 -0.710342 -0.700543
vn 0.046453 -0.774139 -0.631309
vn 0.028627 -0.914872 -0.402729
vn 0.04792 -0.790795 -0.610202
vn 0.02998 -0.956829 -0.289102
vn 0.02998 -0.956829 -0.289102
vn 0.030893 -0.984744 -0.171245
vn 0.030893 -0.984744 -0.171243
vn 0.031353 -0.998213 -0.050874
vn 0.014952 -0.713591 -0.700403
vn 0.046992 -0.790848 -0.610206
vn 0.069996 -0.857097 -0.510377
vn 0.083573 -0.911467 -0.402795
vn 0.087523 -0.953272 -0.289157
vn 0.087524 -0.953269 -0.289169
vn 0.09019 -0.981087 -0.171272
vn 0.091534 -0.994499 -0.050915
vn 0.115315 -0.908963 0.400611
vn 0.090191 -0.981083 -0.171293
vn 0.150961 -0.697259 -0.700743
vn 0.142408 -0.779256 -0.610312
vn 0.138852 -0.848649 -0.510407
vn 0.140394 -0.904452 -0.402811
vn 0.138804 -0.763592 -0.630603
vn 0.14703 -0.94591 -0.289199
vn 0.147032 -0.945915 -0.289183
vn 0.151509 -0.973496 -0.17132
vn 0.15151 -0.973493 -0.171335
vn 0.153764 -0.986792 -0.05097
vn 0.097259 -0.707167 -0.700325
vn 0.140878 -0.779546 -0.610296
vn 0.173463 -0.842172 -0.510546
vn 0.1945 -0.894296 -0.402994
vn 0.203698 -0.9353 -0.289346
vn 0.203698 -0.935299 -0.289349
vn 0.209906 -0.962566 -0.171479
vn 0.213032 -0.975709 -0.05109
vn 0.229523 -0.890152 0.393636
vn 0.209905 -0.962569 -0.171466
vn 0.229489 -0.742605 -0.629184
vn 0.231984 -0.674352 -0.701022
vn 0.235022 -0.756332 -0.610514
vn 0.241055 -0.825334 -0.510605
vn 0.250035 -0.880371 -0.403025
vn 0.261853 -0.920693 -0.289409
vn 0.261852 -0.92069 -0.289419
vn 0.273843 -0.960409 -0.051225
vn 0.269828 -0.947502 -0.17156
vn 0.269828 -0.947503 -0.171556
vn 0.177418 -0.691472 -0.700278
vn 0.232298 -0.7572 -0.61048
vn 0.274187 -0.814779 -0.51084
vn 0.302476 -0.863625 -0.403312
vn 0.316781 -0.903178 -0.289688
vn 0.316781 -0.903181 -0.289679
vn 0.331298 -0.942124 -0.051425
vn 0.341483 -0.85882 0.381861
vn 0.326436 -0.929476 -0.171795
vn 0.326436 -0.929475 -0.171802
vn 0.317413 -0.711388 -0.627038
vn 0.310029 -0.641839 -0.701374
vn 0.324346 -0.722289 -0.610818
vn 0.339694 -0.78966 -0.510927
vn 0.355887 -0.843 -0.403357
vn 0.372705 -0.881548 -0.289766
vn 0.384053 -0.90716 -0.171939
vn 0.372704 -0.881548 -0.289767
vn 0.389767 -0.919465 -0.051625
vn 0.384052 -0.907159 -0.17195
vn 0.254165 -0.667133 -0.700238
vn 0.319836 -0.724344 -0.610763
vn 0.370641 -0.775414 -0.511232
vn 0.405865 -0.81992 -0.403738
vn 0.425057 -0.857401 -0.290155
vn 0.425058 -0.857406 -0.29014
vn 0.438014 -0.882306 -0.172281
vn 0.438014 -0.882309 -0.172266
vn 0.449983 -0.815007 0.365075
vn 0.444539 -0.894255 -0.051901
vn 0.456346 -0.792906 -0.403793
vn 0.401499 -0.670257 -0.624142
vn 0.43327 -0.742159 -0.511349
vn 0.409006 -0.677573 -0.611235
vn 0.38388 -0.600091 -0.701803
vn 0.477901 -0.82907 -0.290265
vn 0.492454 -0.853084 -0.172444
vn 0.477903 -0.829075 -0.290247
vn 0.492451 -0.853082 -0.172459
vn 0.499779 -0.864582 -0.052142
vn 0.326286 -0.635087 -0.700144
vn 0.402154 -0.681778 -0.611107
vn 0.461349 -0.72476 -0.511742
vn 0.503093 -0.763833 -0.404298
vn 0.526886 -0.798669 -0.290721
vn 0.526885 -0.798666 -0.290732
vn 0.542946 -0.821781 -0.172877
vn 0.551035 -0.83283 -0.05249
vn 0.542946 -0.821783 -0.172867
vn 0.553689 -0.758791 0.343022
vn 0.452392 -0.549656 -0.702296
vn 0.480705 -0.619631 -0.620467
vn 0.549883 -0.730836 -0.40436
vn 0.487705 -0.622828 -0.611743
vn 0.520355 -0.683522 -0.511887
vn 0.575853 -0.764063 -0.290863
vn 0.575853 -0.764064 -0.290861
vn 0.593382 -0.786092 -0.173081
vn 0.602209 -0.796592 -0.052782
vn 0.593381 -0.786091 -0.173091
vn 0.392575 -0.596632 -0.699939
vn 0.47798 -0.630579 -0.611479
vn 0.544936 -0.663738 -0.512344
vn 0.592685 -0.696218 -0.404974
vn 0.620719 -0.727857 -0.291433
vn 0.620721 -0.727861 -0.291418
vn 0.639641 -0.748814 -0.1736
vn 0.649173 -0.758778 -0.053198
vn 0.639641 -0.748815 -0.173593
vn 0.651132 -0.690354 0.31534
vn 0.518897 -0.525473 -0.674259
vn 0.503212 -0.502012 -0.703393
vn 0.551593 -0.566142 -0.612559
vn 0.595765 -0.618306 -0.512603
vn 0.635082 -0.657736 -0.405036
vn 0.737699 -0.541006 -0.403872
vn 0.635081 -0.657736 -0.405037
vn 0.685309 -0.707198 -0.173845
vn 0.665073 -0.68751 -0.291563
vn 0.806285 -0.516251 -0.288774
vn 0.665071 -0.687507 -0.291573
vn 0.91478 -0.400433 -0.053207
vn 0.685309 -0.707199 -0.173841
vn 0.695503 -0.716524 -0.053566
vn 0.866697 -0.468804 -0.170466
vn 0.582625 -0.46297 -0.667987
vn 0.691588 -0.598174 -0.404838
vn 0.807938 -0.428914 -0.404065
vn 0.712264 -0.638769 -0.290953
vn 0.877076 -0.384191 -0.288332
vn 0.710968 -0.701216 -0.053116
vn 0.972309 -0.227456 -0.053649
vn 0.718783 -0.673361 -0.173022
vn 0.933519 -0.31577 -0.169796
vn 0.639613 -0.393096 -0.660584
vn 0.760198 -0.507455 -0.405696
vn 0.864764 -0.298693 -0.403689
vn 0.786385 -0.544436 -0.291869
vn 0.930491 -0.227936 -0.28676
vn 0.976768 -0.133288 -0.167808
vn 0.998316 -0.022346 -0.053533
vn 0.794623 -0.60469 -0.054066
vn 0.797948 -0.577068 -0.173985
vn 0.689064 -0.316472 -0.651948
vn 0.816924 -0.409019 -0.406619
vn 0.904622 -0.14242 -0.401717
vn 0.847991 -0.441742 -0.292874
vn 0.958663 -0.035825 -0.282279
vn 0.86415 -0.471818 -0.175022
vn 0.982461 0.091267 -0.162606
vn 0.97316 0.224155 -0.052097
vn 0.865052 -0.498644 -0.055119
vn 0.682722 -0.219526 -0.696921
vn 0.811301 -0.276044 -0.515355
vn 0.856463 -0.064983 -0.512101
vn 0.860926 -0.304394 -0.407616
vn 0.916766 0.064157 -0.394238
vn 0.896196 -0.332321 -0.293932
vn 0.937323 0.221888 -0.268686
vn 0.916446 -0.359314 -0.176126
vn 0.912331 0.38149 -0.148722
vn 0.921266 -0.384847 -0.056233
vn 0.852688 0.520271 -0.047331
vn 0.718441 -0.138289 -0.681703
vn 0.838602 -0.173718 -0.516303
vn 0.847451 0.184212 -0.497888
vn 0.89157 -0.195211 -0.408652
vn 0.837581 0.414505 -0.35587
vn 0.930317 -0.217899 -0.29501
vn 0.757454 0.615837 -0.216814
vn 0.9962 -0.06326 -0.059866
vn 0.954104 -0.241355 -0.177292
vn 0.649174 0.752876 -0.108402
vn 0.996201 -0.06326 -0.059852
vn 0.962496 -0.265155 -0.057397
vn 0.888275 -0.060312 -0.455335
vn -0.060379 -0.005899 -0.998158
vn -0.060375 -0.0059 -0.998158
vn -0.18024 0.001783 -0.983621
vn -0.180244 0.001784 -0.98362
vn -0.297453 0.009439 -0.95469
vn -0.410274 0.016954 -0.911805
vn -0.297455 0.009439 -0.954689
vn -0.410273 0.016954 -0.911805
vn -0.517069 0.02422 -0.855601
vn -0.517063 0.024219 -0.855605
vn -0.616256 0.031128 -0.78693
vn -0.616253 0.031127 -0.786933
vn -0.706402 0.037578 -0.706812
vn -0.706407 0.037578 -0.706808
vn -0.786222 0.043478 -0.616412
vn -0.78622 0.043478 -0.616416
vn -0.854541 0.048742 -0.517092
vn -0.910403 0.053294 -0.410275
vn -0.854545 0.048742 -0.517085
vn -0.910404 0.053294 -0.410273
vn -0.953005 0.05707 -0.297531
vn -0.953005 0.05707 -0.297529
vn -0.981741 0.060015 -0.180507
vn -0.996213 0.062088 -0.060863
vn -0.996213 0.062088 -0.060866
vn -0.981741 0.060015 -0.180506
vn -0.059425 0.001638 -0.998231
vn -0.059423 0.001637 -0.998232
vn -0.177403 0.024284 -0.983839
vn -0.177401 0.024284 -0.983839
vn -0.292758 0.04657 -0.955052
vn -0.292764 0.046571 -0.95505
vn -0.403806 0.06817 -0.912301
vn -0.403803 0.068169 -0.912303
vn -0.508909 0.088765 -0.856232
vn -0.508908 0.088765 -0.856232
vn -0.606542 0.108057 -0.787674
vn -0.606534 0.108055 -0.78768
vn -0.695267 0.125759 -0.707664
vn -0.695268 0.12576 -0.707663
vn -0.773821 0.141623 -0.617368
vn -0.773821 0.141622 -0.617369
vn -0.841068 0.155416 -0.518121
vn -0.841063 0.155414 -0.51813
vn -0.896045 0.166941 -0.411381
vn -0.896046 0.166941 -0.411378
vn -0.937973 0.176034 -0.298695
vn -0.937976 0.176035 -0.298685
vn -0.966259 0.182567 -0.181694
vn -0.980502 0.186447 -0.062074
vn -0.980502 0.186447 -0.062074
vn -0.966258 0.182567 -0.181697
vn -0.057536 0.008996 -0.998303
vn -0.057533 0.008995 -0.998303
vn -0.171763 0.046251 -0.984052
vn -0.171762 0.04625 -0.984052
vn -0.28345 0.08282 -0.955404
vn -0.28345 0.08282 -0.955404
vn -0.390967 0.11817 -0.912787
vn -0.390973 0.118172 -0.912784
vn -0.492728 0.151779 -0.856844
vn -0.492728 0.151779 -0.856844
vn -0.587258 0.18316 -0.788404
vn -0.587256 0.18316 -0.788406
vn -0.673156 0.211848 -0.708507
vn -0.673163 0.211851 -0.708499
vn -0.749218 0.23744 -0.618299
vn -0.749216 0.237439 -0.618303
vn -0.814332 0.259562 -0.519125
vn -0.814323 0.259558 -0.519142
vn -0.86755 0.27789 -0.412472
vn -0.867556 0.277892 -0.412459
vn -0.908151 0.292177 -0.299824
vn -0.908153 0.292178 -0.299817
vn -0.949328 0.307855 -0.063254
vn -0.935538 0.302212 -0.182857
vn -0.93554 0.302213 -0.182843
vn -0.949327 0.307855 -0.063266
vn -0.054736 0.016058 -0.998372
vn -0.054737 0.016058 -0.998372
vn -0.163413 0.067337 -0.984257
vn -0.269671 0.117618 -0.955742
vn -0.163409 0.067335 -0.984258
vn -0.269677 0.11762 -0.95574
vn -0.371963 0.166167 -0.913253
vn -0.371968 0.16617 -0.913251
vn -0.468778 0.212269 -0.857432
vn -0.468778 0.21227 -0.857431
vn -0.55871 0.255254 -0.789106
vn -0.558704 0.255251 -0.789111
vn -0.640435 0.294488 -0.709309
vn -0.640443 0.294492 -0.709301
vn -0.712799 0.329417 -0.619195
vn -0.712798 0.329417 -0.619196
vn -0.774749 0.359533 -0.520096
vn -0.774746 0.359531 -0.520102
vn -0.82538 0.384394 -0.413508
vn -0.825385 0.384397 -0.413495
vn -0.864009 0.403667 -0.3009
vn -0.864006 0.403665 -0.300912
vn -0.890065 0.417065 -0.183958
vn -0.903182 0.4244 -0.064399
vn -0.903183 0.4244 -0.064386
vn -0.890064 0.417064 -0.183966
vn -0.051077 0.022715 -0.998436
vn -0.05108 0.022717 -0.998436
vn -0.152488 0.087211 -0.98445
vn -0.152483 0.087208 -0.984451
vn -0.347092 0.211404 -0.913693
vn -0.251646 0.150418 -0.956059
vn -0.251639 0.150413 -0.956062
vn -0.347096 0.211406 -0.913691
vn -0.437435 0.269281 -0.857985
vn -0.437437 0.269283 -0.857983
vn -0.521348 0.3232 -0.789771
vn -0.521346 0.323198 -0.789773
vn -0.59762 0.372381 -0.710058
vn -0.597617 0.372378 -0.710063
vn -0.665144 0.416109 -0.620029
vn -0.665139 0.416106 -0.620037
vn -0.722944 0.453754 -0.521018
vn -0.722938 0.45375 -0.521029
vn -0.770198 0.484779 -0.414468
vn -0.770197 0.484778 -0.414471
vn -0.806236 0.508744 -0.301932
vn -0.80624 0.508746 -0.301919
vn -0.830552 0.525311 -0.18502
vn -0.842794 0.534242 -0.065451
vn -0.842794 0.534242 -0.065451
vn -0.830552 0.525311 -0.185019
vn -0.046614 0.028863 -0.998496
vn -0.046615 0.028863 -0.998496
vn -0.139154 0.105557 -0.984629
vn -0.139157 0.105559 -0.984628
vn -0.229639 0.180691 -0.956356
vn -0.229642 0.180694 -0.956355
vn -0.316751 0.25317 -0.914097
vn -0.316751 0.25317 -0.914097
vn -0.399194 0.321916 -0.858495
vn -0.39919 0.321913 -0.858498
vn -0.475768 0.385929 -0.790382
vn -0.475772 0.385932 -0.790378
vn -0.545374 0.444288 -0.710757
vn -0.545371 0.444286 -0.710761
vn -0.606995 0.496142 -0.620807
vn -0.659736 0.540736 -0.521874
vn -0.606992 0.496139 -0.620811
vn -0.65974 0.540739 -0.521866
vn -0.702864 0.577452 -0.41537
vn -0.735754 0.605755 -0.302863
vn -0.70286 0.577448 -0.415381
vn -0.735755 0.605756 -0.30286
vn -0.757941 0.625246 -0.185991
vn -0.769113 0.635651 -0.066428
vn -0.75794 0.625245 -0.185996
vn -0.769113 0.635651 -0.066435
vn -0.041414 0.034401 -0.99855
vn -0.041413 0.0344 -0.99855
vn -0.12363 0.12209 -0.984789
vn -0.123629 0.122089 -0.984789
vn -0.204021 0.207976 -0.95662
vn -0.281411 0.290802 -0.914463
vn -0.20402 0.207975 -0.95662
vn -0.28141 0.2908 -0.914464
vn -0.354653 0.369339 -0.858959
vn -0.42269 0.442456 -0.790927
vn -0.354656 0.369343 -0.858956
vn -0.42269 0.442455 -0.790928
vn -0.484526 0.509079 -0.711388
vn -0.53927 0.568253 -0.621512
vn -0.484526 0.509079 -0.711388
vn -0.539269 0.568251 -0.621514
vn -0.586133 0.61912 -0.522628
vn -0.58613 0.619116 -0.522634
vn -0.624443 0.660951 -0.416191
vn -0.624445 0.660954 -0.416183
vn -0.653667 0.693167 -0.30371
vn -0.653667 0.693166 -0.303711
vn -0.683304 0.727024 -0.067315
vn -0.683302 0.727024 -0.067337
vn -0.673377 0.715292 -0.186871
vn -0.673378 0.715293 -0.186865
vn -0.03556 0.039244 -0.998597
vn -0.035559 0.039243 -0.998597
vn -0.106155 0.136547 -0.984929
vn -0.106154 0.136546 -0.98493
vn -0.175181 0.23183 -0.956852
vn -0.175186 0.231838 -0.956849
vn -0.241629 0.323701 -0.914786
vn -0.241632 0.323705 -0.914783
vn -0.304524 0.410812 -0.859359
vn -0.304525 0.410813 -0.859358
vn -0.362942 0.49188 -0.791408
vn -0.362944 0.491883 -0.791406
vn -0.416035 0.565733 -0.711941
vn -0.416037 0.565736 -0.711938
vn -0.463042 0.631308 -0.622128
vn -0.463042 0.631309 -0.622126
vn -0.50328 0.687654 -0.523298
vn -0.503279 0.687653 -0.523301
vn -0.536179 0.733971 -0.416892
vn -0.536178 0.73397 -0.416894
vn -0.561271 0.769602 -0.304448
vn -0.56127 0.7696 -0.304452
vn -0.578193 0.794029 -0.187647
vn -0.586717 0.806923 -0.068099
vn -0.586716 0.806923 -0.068115
vn -0.578194 0.794032 -0.187629
vn -0.029145 0.043313 -0.998636
vn -0.029145 0.043314 -0.998636
vn -0.087005 0.148698 -0.985048
vn -0.087005 0.148697 -0.985048
vn -0.143584 0.251892 -0.957044
vn -0.143582 0.251887 -0.957046
vn -0.198041 0.351361 -0.915055
vn -0.198043 0.351365 -0.915053
vn -0.249591 0.445672 -0.859698
vn -0.249591 0.445673 -0.859697
vn -0.297472 0.533432 -0.791809
vn -0.340986 0.613359 -0.712404
vn -0.297467 0.533423 -0.791816
vn -0.340989 0.613365 -0.712397
vn -0.379512 0.684314 -0.622644
vn -0.379511 0.68431 -0.622648
vn -0.412496 0.745274 -0.523845
vn -0.412493 0.745266 -0.523858
vn -0.439457 0.79535 -0.417488
vn -0.460023 0.833853 -0.305071
vn -0.439456 0.795349 -0.417491
vn -0.460021 0.833851 -0.305079
vn -0.473892 0.860218 -0.188284
vn -0.473892 0.860217 -0.188292
vn -0.480878 0.874088 -0.068752
vn -0.480878 0.874088 -0.068752
vn -0.015045 0.048895 -0.998691
vn -0.02227 0.046548 -0.998668
vn -0.02227 0.046548 -0.998668
vn -0.066483 0.158353 -0.985142
vn -0.066483 0.158353 -0.985142
vn -0.109716 0.267823 -0.957201
vn -0.109716 0.267824 -0.9572
vn -0.151331 0.373345 -0.915266
vn -0.151329 0.373339 -0.915269
vn -0.190721 0.473374 -0.859967
vn -0.190723 0.473378 -0.859964
vn -0.227305 0.566437 -0.792138
vn -0.227306 0.566439 -0.792136
vn -0.260562 0.65121 -0.712765
vn -0.26056 0.651205 -0.71277
vn -0.289997 0.72643 -0.623058
vn -0.29 0.726438 -0.623048
vn -0.315203 0.791055 -0.524289
vn -0.315202 0.791051 -0.524296
vn -0.335803 0.844121 -0.417966
vn -0.335803 0.844121 -0.417967
vn -0.351518 0.884907 -0.305574
vn -0.351517 0.884904 -0.305582
vn -0.367455 0.927457 -0.069283
vn -0.362117 0.912813 -0.188796
vn -0.367456 0.927458 -0.069271
vn -0.362118 0.912816 -0.188779
vn -0.015045 0.048897 -0.99869
vn -0.044913 0.165361 -0.98521
vn -0.044914 0.165362 -0.98521
vn -0.07412 0.279389 -0.957313
vn -0.07412 0.279389 -0.957313
vn -0.102232 0.389293 -0.915423
vn -0.102232 0.389291 -0.915424
vn -0.128845 0.493483 -0.860159
vn -0.128841 0.493471 -0.860167
vn -0.153561 0.590412 -0.792359
vn -0.153559 0.5904 -0.792368
vn -0.176024 0.678671 -0.713037
vn -0.195913 0.757007 -0.623344
vn -0.176024 0.678674 -0.713034
vn -0.195912 0.757004 -0.623348
vn -0.212936 0.824271 -0.52463
vn -0.212937 0.824277 -0.524619
vn -0.237471 0.921958 -0.305942
vn -0.226856 0.879526 -0.418295
vn -0.226855 0.879518 -0.418311
vn -0.23747 0.921956 -0.305948
vn -0.248237 0.966191 -0.069659
vn -0.244632 0.950988 -0.18915
vn -0.244632 0.950985 -0.189166
vn -0.248238 0.966192 -0.069651
vn -0.007582 0.05032 -0.998704
vn -0.007582 0.050321 -0.998704
vn -0.022635 0.169612 -0.985251
vn -0.022635 0.16961 -0.985251
vn -0.037355 0.286405 -0.95738
vn -0.037354 0.286402 -0.957381
vn -0.051523 0.398967 -0.915517
vn -0.051522 0.398966 -0.915517
vn -0.064933 0.505661 -0.860285
vn -0.064934 0.505673 -0.860278
vn -0.077391 0.604941 -0.7925
vn -0.088711 0.695329 -0.713196
vn -0.077389 0.604922 -0.792515
vn -0.088713 0.695338 -0.713187
vn -0.098734 0.775541 -0.623528
vn -0.098734 0.775537 -0.623533
vn -0.107314 0.844418 -0.524826
vn -0.107314 0.844422 -0.52482
vn -0.114329 0.900984 -0.418517
vn -0.114329 0.900991 -0.418503
vn -0.119679 0.944432 -0.306146
vn -0.119679 0.944425 -0.306167
vn -0.123288 0.974131 -0.189391
vn -0.125106 0.98968 -0.069879
vn -0.125106 0.98968 -0.069876
vn -0.123288 0.97413 -0.189396
vn 0.007582 0.05032 -0.998704
vn 0.0 0.050797 -0.998709
vn 0.0 0.050797 -0.998709
vn 0.0 0.171034 -0.985265
vn 0.0 0.171034 -0.985265
vn 0.0 0.288755 -0.957403
vn 0.0 0.288755 -0.957403
vn 0.0 0.402209 -0.915548
vn 0.0 0.402209 -0.915548
vn 0.0 0.509758 -0.860318
vn 0.0 0.509758 -0.860318
vn 0.0 0.609791 -0.792562
vn 0.0 0.609791 -0.792562
vn 0.0 0.700919 -0.713241
vn 0.0 0.700919 -0.713241
vn 0.0 0.781749 -0.623593
vn 0.0 0.781749 -0.623593
vn 0.0 0.851173 -0.524885
vn 0.0 0.851173 -0.524885
vn 0.0 0.951961 -0.306219
vn 0.0 0.908177 -0.418587
vn 0.0 0.908177 -0.418587
vn 0.0 0.981886 -0.189471
vn 0.0 0.951961 -0.306219
vn 0.0 0.981886 -0.189471
vn 0.0 0.99755 -0.069952
vn 0.0 0.99755 -0.069952
vn 0.007582 0.050321 -0.998704
vn 0.022635 0.16961 -0.985251
vn 0.022635 0.169612 -0.985251
vn 0.037354 0.286402 -0.957381
vn 0.037355 0.286405 -0.95738
vn 0.051522 0.398967 -0.915517
vn 0.051523 0.398967 -0.915517
vn 0.064933 0.505661 -0.860285
vn 0.077389 0.604922 -0.792515
vn 0.064935 0.505673 -0.860278
vn 0.077391 0.604941 -0.7925
vn 0.088711 0.695329 -0.713196
vn 0.088713 0.695338 -0.713187
vn 0.107314 0.844422 -0.52482
vn 0.098734 0.775541 -0.623528
vn 0.098734 0.775537 -0.623533
vn 0.107314 0.844418 -0.524826
vn 0.114329 0.900984 -0.418517
vn 0.119679 0.944432 -0.306146
vn 0.11433 0.90099 -0.418503
vn 0.119679 0.944425 -0.306167
vn 0.123288 0.97413 -0.189396
vn 0.125106 0.98968 -0.069876
vn 0.123288 0.974131 -0.189391
vn 0.125106 0.989679 -0.069879
vn 0.02227 0.046548 -0.998668
vn 0.015045 0.048895 -0.998691
vn 0.015045 0.048897 -0.99869
vn 0.044913 0.165361 -0.98521
vn 0.044914 0.165362 -0.98521
vn 0.07412 0.279389 -0.957313
vn 0.07412 0.27939 -0.957313
vn 0.102232 0.389293 -0.915423
vn 0.102232 0.389291 -0.915424
vn 0.128841 0.493471 -0.860167
vn 0.153561 0.590412 -0.792359
vn 0.128845 0.493483 -0.860159
vn 0.176024 0.678674 -0.713034
vn 0.153559 0.5904 -0.792368
vn 0.176024 0.678671 -0.713037
vn 0.195912 0.757004 -0.623348
vn 0.195913 0.757007 -0.623344
vn 0.212937 0.824277 -0.524619
vn 0.212935 0.824271 -0.52463
vn 0.226854 0.879518 -0.418312
vn 0.226857 0.879526 -0.418295
vn 0.237471 0.921958 -0.305942
vn 0.23747 0.921956 -0.305949
vn 0.244633 0.950988 -0.189149
vn 0.244631 0.950985 -0.189166
vn 0.248238 0.966192 -0.069651
vn 0.248238 0.966191 -0.06966
vn 0.02227 0.046548 -0.998668
vn 0.066483 0.158353 -0.985142
vn 0.066483 0.158353 -0.985142
vn 0.109716 0.267824 -0.9572
vn 0.109716 0.267823 -0.957201
vn 0.151329 0.373339 -0.915269
vn 0.151331 0.373345 -0.915266
vn 0.190723 0.473378 -0.859964
vn 0.190721 0.473374 -0.859967
vn 0.227306 0.566439 -0.792135
vn 0.227305 0.566437 -0.792137
vn 0.26056 0.651205 -0.71277
vn 0.260562 0.65121 -0.712765
vn 0.29 0.726437 -0.623048
vn 0.289997 0.72643 -0.623058
vn 0.315201 0.791051 -0.524296
vn 0.315203 0.791055 -0.524289
vn 0.335803 0.844121 -0.417966
vn 0.335803 0.844121 -0.417967
vn 0.351518 0.884906 -0.305574
vn 0.351517 0.884904 -0.305582
vn 0.362118 0.912816 -0.188778
vn 0.362117 0.912813 -0.188796
vn 0.367456 0.927458 -0.069271
vn 0.367456 0.927457 -0.069283
vn 0.03556 0.039244 -0.998597
vn 0.029145 0.043314 -0.998636
vn 0.029145 0.043313 -0.998636
vn 0.087005 0.148697 -0.985048
vn 0.087005 0.148698 -0.985048
vn 0.143581 0.251887 -0.957046
vn 0.143584 0.251892 -0.957044
vn 0.198043 0.351365 -0.915053
vn 0.198041 0.351361 -0.915055
vn 0.249591 0.445673 -0.859698
vn 0.249591 0.445672 -0.859698
vn 0.297467 0.533423 -0.791817
vn 0.340989 0.613365 -0.712397
vn 0.297472 0.533431 -0.791809
vn 0.340986 0.613359 -0.712404
vn 0.379511 0.68431 -0.622648
vn 0.379513 0.684314 -0.622643
vn 0.412497 0.745274 -0.523845
vn 0.412492 0.745267 -0.523858
vn 0.439456 0.795349 -0.41749
vn 0.439457 0.79535 -0.417488
vn 0.460023 0.833853 -0.305071
vn 0.460021 0.833851 -0.305079
vn 0.473893 0.860218 -0.188283
vn 0.480879 0.874088 -0.068752
vn 0.480878 0.874088 -0.068752
vn 0.473892 0.860217 -0.188291
vn 0.035559 0.039243 -0.998597
vn 0.106155 0.136547 -0.98493
vn 0.175186 0.231838 -0.95685
vn 0.106154 0.136546 -0.98493
vn 0.175181 0.23183 -0.956852
vn 0.241632 0.323705 -0.914784
vn 0.241628 0.3237 -0.914786
vn 0.304524 0.410812 -0.85936
vn 0.362944 0.491884 -0.791405
vn 0.304525 0.410814 -0.859358
vn 0.362942 0.49188 -0.791408
vn 0.416036 0.565734 -0.711941
vn 0.463042 0.631308 -0.622128
vn 0.416037 0.565736 -0.711938
vn 0.463042 0.631309 -0.622126
vn 0.50328 0.687654 -0.523298
vn 0.536179 0.733971 -0.416892
vn 0.503279 0.687653 -0.5233
vn 0.536178 0.73397 -0.416893
vn 0.561271 0.769602 -0.304448
vn 0.578193 0.794029 -0.187647
vn 0.56127 0.7696 -0.304452
vn 0.586717 0.806924 -0.0681
vn 0.586717 0.806922 -0.068114
vn 0.578194 0.794032 -0.187629
vn 0.046615 0.028863 -0.998496
vn 0.041414 0.034401 -0.99855
vn 0.041413 0.034401 -0.99855
vn 0.12363 0.12209 -0.984789
vn 0.20402 0.207974 -0.95662
vn 0.123629 0.122089 -0.984789
vn 0.204021 0.207976 -0.95662
vn 0.28141 0.2908 -0.914464
vn 0.354656 0.369343 -0.858956
vn 0.281411 0.290802 -0.914463
vn 0.354653 0.369339 -0.858959
vn 0.42269 0.442455 -0.790928
vn 0.42269 0.442456 -0.790927
vn 0.539269 0.568251 -0.621514
vn 0.484525 0.509079 -0.711388
vn 0.484526 0.50908 -0.711388
vn 0.53927 0.568253 -0.621512
vn 0.586133 0.61912 -0.522627
vn 0.58613 0.619116 -0.522635
vn 0.624442 0.660951 -0.416191
vn 0.624445 0.660954 -0.416183
vn 0.653667 0.693166 -0.30371
vn 0.653667 0.693166 -0.303711
vn 0.673377 0.715292 -0.186872
vn 0.683303 0.727025 -0.067315
vn 0.683303 0.727023 -0.067337
vn 0.673378 0.715293 -0.186864
vn 0.05108 0.022717 -0.998436
vn 0.046614 0.028863 -0.998496
vn 0.139154 0.105557 -0.984629
vn 0.139157 0.105559 -0.984628
vn 0.229639 0.180691 -0.956356
vn 0.229642 0.180693 -0.956355
vn 0.316751 0.25317 -0.914097
vn 0.316751 0.25317 -0.914097
vn 0.399194 0.321917 -0.858495
vn 0.39919 0.321913 -0.858498
vn 0.545374 0.444288 -0.710757
vn 0.475768 0.385929 -0.790382
vn 0.475772 0.385932 -0.790378
vn 0.545371 0.444285 -0.710761
vn 0.606992 0.496139 -0.620811
vn 0.65974 0.54074 -0.521866
vn 0.606995 0.496141 -0.620807
vn 0.659736 0.540736 -0.521874
vn 0.70286 0.577448 -0.41538
vn 0.702865 0.577452 -0.415368
vn 0.735755 0.605755 -0.302863
vn 0.735755 0.605756 -0.302861
vn 0.757941 0.625246 -0.185995
vn 0.769113 0.635651 -0.066427
vn 0.757941 0.625246 -0.185991
vn 0.769113 0.63565 -0.066436
vn 0.051077 0.022715 -0.998436
vn 0.251638 0.150413 -0.956062
vn 0.152488 0.087211 -0.98445
vn 0.152483 0.087208 -0.984451
vn 0.251646 0.150418 -0.956059
vn 0.347096 0.211406 -0.913692
vn 0.347092 0.211404 -0.913693
vn 0.437437 0.269283 -0.857983
vn 0.521346 0.323198 -0.789772
vn 0.437435 0.269281 -0.857985
vn 0.521348 0.3232 -0.789771
vn 0.597617 0.372378 -0.710062
vn 0.665145 0.416109 -0.620029
vn 0.597621 0.372381 -0.710058
vn 0.665139 0.416106 -0.620037
vn 0.722944 0.453753 -0.521018
vn 0.722939 0.45375 -0.521028
vn 0.770198 0.484779 -0.414469
vn 0.770197 0.484778 -0.414471
vn 0.80624 0.508746 -0.301918
vn 0.806236 0.508744 -0.301932
vn 0.830552 0.525311 -0.18502
vn 0.842794 0.534242 -0.065451
vn 0.842794 0.534242 -0.065452
vn 0.830552 0.525311 -0.185019
vn 0.057533 0.008995 -0.998303
vn 0.054736 0.016058 -0.998372
vn 0.054737 0.016058 -0.998372
vn 0.163409 0.067335 -0.984258
vn 0.163414 0.067337 -0.984257
vn 0.269677 0.11762 -0.95574
vn 0.269671 0.117618 -0.955742
vn 0.371963 0.166167 -0.913253
vn 0.371968 0.16617 -0.913251
vn 0.468778 0.21227 -0.857431
vn 0.468778 0.21227 -0.857432
vn 0.558704 0.255252 -0.789111
vn 0.640443 0.294492 -0.709301
vn 0.55871 0.255254 -0.789106
vn 0.640435 0.294488 -0.709309
vn 0.712799 0.329417 -0.619195
vn 0.712798 0.329417 -0.619196
vn 0.774749 0.359533 -0.520097
vn 0.774746 0.359532 -0.520102
vn 0.82538 0.384395 -0.413507
vn 0.825385 0.384397 -0.413495
vn 0.864009 0.403667 -0.300901
vn 0.864006 0.403666 -0.300912
vn 0.890065 0.417065 -0.183958
vn 0.903182 0.424399 -0.064398
vn 0.903183 0.4244 -0.064385
vn 0.890064 0.417065 -0.183966
vn 0.057536 0.008996 -0.998303
vn 0.171763 0.046251 -0.984052
vn 0.171762 0.04625 -0.984052
vn 0.28345 0.08282 -0.955404
vn 0.28345 0.08282 -0.955404
vn 0.390973 0.118172 -0.912784
vn 0.492728 0.151779 -0.856844
vn 0.390967 0.11817 -0.912787
vn 0.492728 0.151779 -0.856844
vn 0.587255 0.18316 -0.788406
vn 0.587258 0.18316 -0.788404
vn 0.673156 0.211848 -0.708507
vn 0.673163 0.21185 -0.708499
vn 0.749216 0.237439 -0.618303
vn 0.749218 0.23744 -0.618299
vn 0.814332 0.259561 -0.519125
vn 0.86755 0.27789 -0.412472
vn 0.814323 0.259558 -0.519142
vn 0.867556 0.277892 -0.412459
vn 0.908153 0.292178 -0.299817
vn 0.908151 0.292177 -0.299824
vn 0.93554 0.302213 -0.182842
vn 0.949328 0.307855 -0.063266
vn 0.935538 0.302212 -0.182857
vn 0.949328 0.307855 -0.063253
vn 0.059425 0.001638 -0.998231
vn 0.060375 -0.0059 -0.998158
vn 0.059423 0.001637 -0.998232
vn 0.060379 -0.005899 -0.998158
vn 0.177403 0.024284 -0.983839
vn 0.18024 0.001783 -0.983621
vn 0.297453 0.009439 -0.95469
vn 0.177401 0.024284 -0.983839
vn 0.180244 0.001784 -0.98362
vn 0.292764 0.046571 -0.95505
vn 0.297455 0.009439 -0.954689
vn 0.292758 0.04657 -0.955052
vn 0.410274 0.016954 -0.911804
vn 0.517069 0.024219 -0.855601
vn 0.410273 0.016954 -0.911805
vn 0.403803 0.068169 -0.912303
vn 0.403806 0.06817 -0.912301
vn 0.517063 0.024219 -0.855605
vn 0.508909 0.088765 -0.856232
vn 0.508908 0.088765 -0.856232
vn 0.616256 0.031128 -0.78693
vn 0.606542 0.108056 -0.787674
vn 0.606534 0.108055 -0.78768
vn 0.616253 0.031127 -0.786933
vn 0.695268 0.12576 -0.707663
vn 0.706402 0.037578 -0.706812
vn 0.706407 0.037578 -0.706808
vn 0.695267 0.125759 -0.707664
vn 0.773821 0.141622 -0.617368
vn 0.786222 0.043478 -0.616412
vn 0.78622 0.043478 -0.616416
vn 0.77382 0.141622 -0.617369
vn 0.854541 0.048742 -0.517092
vn 0.896045 0.166941 -0.411381
vn 0.841063 0.155415 -0.518131
vn 0.854545 0.048742 -0.517085
vn 0.841069 0.155415 -0.518121
vn 0.910403 0.053294 -0.410275
vn 0.953005 0.05707 -0.297531
vn 0.937973 0.176034 -0.298695
vn 0.896046 0.166941 -0.411378
vn 0.910404 0.053294 -0.410274
vn 0.937976 0.176035 -0.298685
vn 0.953006 0.05707 -0.297529
vn 0.981741 0.060015 -0.180506
vn 0.981741 0.060015 -0.180507
vn 0.996213 0.062088 -0.060863
vn 0.966259 0.182567 -0.181694
vn 0.980502 0.186447 -0.062073
vn 0.980502 0.186447 -0.062074
vn 0.996213 0.062088 -0.060866
vn 0.966258 0.182567 -0.181697
vn 0.89819 -0.054733 0.436188
vn 0.884208 -0.164432 0.437194
vn 0.269674 -0.117618 0.955742
vn 0.371961 -0.166166 0.913254
vn 0.851346 -0.047318 0.522466
vn 0.837829 -0.154744 0.523542
vn 0.492731 -0.151781 0.856842
vn 0.601529 -0.187914 0.776435
vn 0.601531 -0.187914 0.776434
vn 0.269674 -0.117618 0.955742
vn 0.787365 -0.144381 0.599342
vn 0.799897 -0.045495 0.59841
vn 0.786386 -0.039021 0.616501
vn 0.787361 -0.144382 0.599347
vn 0.720989 -0.130932 0.680465
vn 0.49273 -0.15178 0.856843
vn 0.054738 -0.016057 0.998372
vn 0.163413 -0.067336 0.984257
vn 0.05474 -0.016061 0.998371
vn 0.163413 -0.067336 0.984257
vn 0.732125 -0.043895 0.679754
vn 0.720986 -0.13093 0.680467
vn 0.706546 -0.032896 0.706902
vn 0.390965 -0.11817 0.912788
vn 0.390966 -0.118169 0.912788
vn 0.621284 -0.110985 0.775686
vn 0.630526 -0.039091 0.775183
vn 0.616255 -0.031127 0.786931
vn 0.621284 -0.110985 0.775686
vn 0.283453 -0.082821 0.955403
vn 0.283451 -0.082821 0.955404
vn 0.508911 -0.088765 0.85623
vn 0.517066 -0.024219 0.855603
vn 0.50891 -0.088765 0.856231
vn 0.517066 -0.024219 0.855603
vn 0.171761 -0.046251 0.984052
vn 0.057537 -0.008997 0.998303
vn 0.171761 -0.046251 0.984052
vn 0.057536 -0.008996 0.998303
vn 0.292761 -0.046571 0.955051
vn 0.403805 -0.06817 0.912302
vn 0.403804 -0.06817 0.912302
vn 0.410275 -0.016954 0.911804
vn 0.410275 -0.016954 0.911804
vn 0.292762 -0.046571 0.95505
vn 0.297453 -0.009439 0.95469
vn 0.297452 -0.009438 0.95469
vn 0.177399 -0.024284 0.983839
vn 0.177402 -0.024283 0.983839
vn 0.059426 -0.001637 0.998232
vn 0.180242 -0.001783 0.983621
vn 0.180244 -0.001784 0.98362
vn 0.060379 0.005899 0.998158
vn 0.059426 -0.001637 0.998231
vn 0.060378 0.005899 0.998158
vn 0.996434 -0.05846 0.060844
vn -0.996659 -0.054521 0.060819
vn -0.997252 -0.05866 0.04524
vn -0.982235 -0.051289 0.180509
vn -0.988878 -0.060019 0.136079
vn -0.953443 -0.04884 0.297593
vn -0.970992 -0.058886 0.231749
vn -0.983293 -0.176022 0.046381
vn -0.983293 -0.176022 0.046381
vn -0.9405 -0.056532 0.335059
vn -0.91078 -0.045565 0.41037
vn -0.975202 -0.173688 0.137162
vn -0.975202 -0.173688 0.137163
vn -0.854812 -0.04255 0.517191
vn -0.898352 -0.05161 0.436235
vn -0.957626 -0.169605 0.232779
vn -0.957626 -0.169605 0.232779
vn -0.851484 -0.044143 0.52252
vn -0.786494 -0.03588 0.616555
vn -0.800009 -0.042638 0.598471
vn -0.95557 -0.290914 0.047496
vn -0.95557 -0.290914 0.047497
vn -0.927604 -0.163213 0.336023
vn -0.927604 -0.163213 0.336023
vn -0.947707 -0.287634 0.13827
vn -0.947707 -0.287634 0.13827
vn -0.706624 -0.03003 0.706952
vn -0.732215 -0.041497 0.679808
vn -0.88596 -0.154756 0.437179
vn -0.88596 -0.154757 0.437178
vn -0.930627 -0.281497 0.233867
vn -0.930627 -0.281498 0.233866
vn -0.839473 -0.145575 0.523538
vn -0.839473 -0.145575 0.523538
vn -0.63058 -0.037215 0.775231
vn -0.616307 -0.028877 0.786976
vn -0.517096 -0.022331 0.855636
vn -0.788895 -0.135761 0.599344
vn -0.788893 -0.13576 0.599347
vn -0.91447 -0.401728 0.048572
vn -0.91447 -0.401728 0.048572
vn -0.901451 -0.271599 0.337076
vn -0.90145 -0.271598 0.337078
vn -0.517096 -0.022331 0.855636
vn -0.906945 -0.397536 0.139338
vn -0.906945 -0.397537 0.139337
vn -0.722374 -0.123034 0.680469
vn -0.622457 -0.104177 0.775689
vn -0.722373 -0.123033 0.680471
vn -0.860981 -0.258276 0.438185
vn -0.860981 -0.258277 0.438184
vn -0.8906 -0.389418 0.234917
vn -0.862679 -0.376136 0.338093
vn -0.8906 -0.389419 0.234915
vn -0.815806 -0.243663 0.524489
vn -0.815805 -0.243662 0.524491
vn -0.766653 -0.227938 0.60024
vn -0.410291 -0.015456 0.911824
vn -0.297457 -0.008353 0.954699
vn -0.41029 -0.015456 0.911824
vn -0.622458 -0.104176 0.775689
vn -0.766651 -0.227938 0.600243
vn -0.86057 -0.506911 0.049595
vn -0.86057 -0.506911 0.049594
vn -0.86268 -0.376136 0.338091
vn -0.180246 -0.001125 0.983621
vn -0.297459 -0.008352 0.954698
vn -0.509858 -0.083186 0.856227
vn -0.509856 -0.083185 0.856229
vn -0.853489 -0.501855 0.14035
vn -0.853489 -0.501854 0.140352
vn -0.702006 -0.207439 0.68129
vn -0.702006 -0.207439 0.681291
vn -0.82395 -0.358121 0.439154
vn -0.82395 -0.35812 0.439155
vn -0.780718 -0.338268 0.525408
vn -0.180246 -0.001125 0.983621
vn -0.060379 0.00612 0.998157
vn -0.059923 0.005928 0.998185
vn -0.838107 -0.491856 0.235912
vn -0.838107 -0.491857 0.235909
vn -0.780718 -0.338268 0.525409
vn -0.404547 -0.063741 0.912293
vn -0.404547 -0.063741 0.912293
vn -0.604908 -0.176908 0.776395
vn -0.604907 -0.176907 0.776396
vn -0.733677 -0.316843 0.601106
vn -0.733678 -0.316844 0.601104
vn -0.794624 -0.604994 0.050546
vn -0.794624 -0.604994 0.050548
vn -0.811831 -0.475362 0.339059
vn -0.811832 -0.475364 0.339055
vn -0.293294 -0.043358 0.955039
vn -0.293295 -0.043359 0.955038
vn -0.495481 -0.14276 0.856807
vn -0.495481 -0.142759 0.856807
vn -0.788085 -0.59913 0.141297
vn -0.788085 -0.59913 0.141298
vn -0.671812 -0.288847 0.682082
vn -0.671813 -0.288848 0.682081
vn -0.775386 -0.452893 0.440073
vn -0.775385 -0.452892 0.440076
vn -0.059933 -0.001059 0.998202
vn -0.177722 -0.022338 0.983827
vn -0.177722 -0.022338 0.983827
vn -0.058595 -0.001478 0.998281
vn -0.773882 -0.58738 0.236837
vn -0.773882 -0.58738 0.236837
vn -0.734701 -0.428067 0.526283
vn -0.734701 -0.428067 0.526281
vn -0.393142 -0.111009 0.912752
vn -0.393145 -0.111011 0.912751
vn -0.578891 -0.247056 0.777077
vn -0.57889 -0.247055 0.777078
vn -0.690434 -0.401233 0.601924
vn -0.690434 -0.401232 0.601925
vn -0.717555 -0.694602 0.051417
vn -0.717555 -0.694602 0.051417
vn -0.74962 -0.567889 0.339958
vn -0.74962 -0.567891 0.339955
vn -0.285024 -0.077627 0.955372
vn -0.285024 -0.077627 0.955372
vn -0.47417 -0.200217 0.857365
vn -0.47417 -0.200218 0.857365
vn -0.71165 -0.688 0.14216
vn -0.71165 -0.688 0.142161
vn -0.632215 -0.36612 0.682833
vn -0.632215 -0.366121 0.682832
vn -0.54477 -0.313641 0.777724
vn -0.715967 -0.541265 0.440935
vn -0.715967 -0.541267 0.440932
vn -0.631019 -0.775749 -0.005308
vn -0.656196 -0.752794 0.052046
vn -0.172711 -0.043102 0.984029
vn -0.058589 -0.008165 0.998249
vn -0.172711 -0.043102 0.984029
vn -0.056413 -0.00863 0.99837
vn -0.698825 -0.674648 0.237685
vn -0.698825 -0.674648 0.237685
vn -0.6784 -0.511804 0.527096
vn -0.6784 -0.511805 0.527095
vn -0.376235 -0.156603 0.913194
vn -0.272764 -0.110682 0.955693
vn -0.376233 -0.1566 0.913195
vn -0.65078 -0.745695 0.14291
vn -0.650781 -0.745695 0.142911
vn -0.446222 -0.254758 0.857895
vn -0.54477 -0.313641 0.777724
vn -0.637525 -0.479923 0.60269
vn -0.637526 -0.479924 0.602689
vn -0.610486 -0.790292 0.0524
vn -0.676916 -0.652423 0.340776
vn -0.676916 -0.652423 0.340778
vn -0.618934 -0.707205 0.341734
vn -0.639019 -0.731265 0.238548
vn -0.63902 -0.731265 0.238548
vn -0.272766 -0.110682 0.955693
vn -0.446224 -0.254758 0.857894
vn -0.605451 -0.782886 0.143241
vn -0.605451 -0.782887 0.14324
vn -0.583768 -0.438176 0.683532
vn -0.503024 -0.37573 0.778327
vn -0.583768 -0.438176 0.683533
vn -0.646526 -0.622003 0.44172
vn -0.646526 -0.622004 0.441718
vn -0.618934 -0.707205 0.341734
vn -0.05342 -0.015439 0.998453
vn -0.165282 -0.063132 0.984224
vn -0.165282 -0.063132 0.984224
vn -0.056349 -0.015084 0.998297
vn -0.559628 -0.827062 0.052764
vn -0.534985 -0.844842 -0.005752
vn -0.518709 -0.854325 0.032706
vn -0.594515 -0.767791 0.238849
vn -0.594515 -0.767791 0.23885
vn -0.575693 -0.551816 0.603387
vn -0.612604 -0.588306 0.527838
vn -0.612603 -0.588305 0.52784
vn -0.354057 -0.199874 0.913616
vn -0.354057 -0.199875 0.913616
vn -0.256689 -0.142055 0.955997
vn -0.591082 -0.674249 0.44273
vn -0.591082 -0.67425 0.44273
vn -0.555011 -0.819352 0.143614
vn -0.555011 -0.819352 0.143614
vn -0.503023 -0.37573 0.778328
vn -0.575692 -0.551816 0.603388
vn -0.509104 -0.857517 0.074011
vn -0.476335 -0.869642 0.12972
vn -0.478813 -0.874651 0.075653
vn -0.575836 -0.742593 0.342006
vn -0.575836 -0.742593 0.342005
vn -0.256687 -0.142055 0.955998
vn -0.560002 -0.637732 0.528863
vn -0.560002 -0.637733 0.528861
vn -0.544983 -0.803594 0.239229
vn -0.544983 -0.803594 0.239229
vn -0.527856 -0.777265 0.342385
vn -0.412029 -0.305616 0.858389
vn -0.326924 -0.240228 0.914008
vn -0.412029 -0.305617 0.858388
vn -0.457229 -0.869187 0.188298
vn -0.505491 -0.850745 0.143915
vn -0.505491 -0.850746 0.143914
vn -0.513101 -0.846192 0.143828
vn -0.527149 -0.504006 0.684173
vn -0.527149 -0.504007 0.684171
vn -0.549934 -0.708059 0.442973
vn -0.549934 -0.708059 0.442972
vn -0.521028 -0.669779 0.52908
vn -0.526198 -0.598192 0.604386
vn -0.526198 -0.598191 0.604387
vn -0.155541 -0.082141 0.984408
vn -0.053248 -0.021694 0.998346
vn -0.155543 -0.082144 0.984408
vn -0.049661 -0.021815 0.998528
vn -0.504107 -0.741162 0.443345
vn -0.527857 -0.777264 0.342385
vn -0.457715 -0.850452 0.259282
vn -0.496358 -0.834421 0.239523
vn -0.488235 -0.839171 0.239624
vn -0.496358 -0.83442 0.239524
vn -0.521028 -0.669779 0.529081
vn -0.326925 -0.240228 0.914008
vn -0.481756 -0.54639 0.685105
vn -0.481756 -0.546388 0.685106
vn -0.504107 -0.741162 0.443345
vn -0.477604 -0.701133 0.52944
vn -0.454237 -0.432455 0.778878
vn -0.454237 -0.432454 0.778879
vn -0.489585 -0.628318 0.604585
vn -0.489585 -0.628316 0.604588
vn -0.445541 -0.826961 0.342971
vn -0.418449 -0.812686 0.405515
vn -0.452219 -0.825059 0.338785
vn -0.48076 -0.807124 0.342668
vn -0.480759 -0.807125 0.342666
vn -0.237017 -0.17131 0.956282
vn -0.237017 -0.17131 0.956282
vn -0.143624 -0.099871 0.98458
vn -0.477605 -0.701133 0.529439
vn -0.372066 -0.352077 0.858841
vn -0.372067 -0.352081 0.85884
vn -0.295216 -0.277095 0.914366
vn -0.415038 -0.468883 0.779674
vn -0.339893 -0.381844 0.859458
vn -0.415038 -0.46888 0.779676
vn -0.448246 -0.573985 0.685286
vn -0.448246 -0.573985 0.685285
vn -0.459131 -0.76968 0.443612
vn -0.417728 -0.792751 0.443903
vn -0.434994 -0.728154 0.529691
vn -0.45913 -0.769682 0.443609
vn -0.448778 -0.657769 0.604929
vn -0.448777 -0.65777 0.604927
vn -0.41088 -0.600942 0.6856
vn -0.143623 -0.099871 0.98458
vn -0.045191 -0.027685 0.998595
vn -0.049327 -0.027886 0.998393
vn -0.434992 -0.728153 0.529694
vn -0.295218 -0.277096 0.914365
vn -0.214029 -0.198038 0.956542
vn -0.339899 -0.381844 0.859456
vn -0.41088 -0.600942 0.6856
vn -0.367512 -0.808466 0.459693
vn -0.407987 -0.788982 0.459406
vn -0.386184 -0.492671 0.779832
vn -0.316277 -0.401341 0.859589
vn -0.353984 -0.515886 0.780101
vn -0.386184 -0.492673 0.779831
vn -0.408739 -0.683163 0.605162
vn -0.408739 -0.683162 0.605163
vn -0.214028 -0.198038 0.956542
vn -0.269654 -0.30067 0.914814
vn -0.269654 -0.300666 0.914815
vn -0.38989 -0.753099 0.529932
vn -0.337831 -0.764801 0.548589
vn -0.36189 -0.766741 0.53023
vn -0.38989 -0.753101 0.52993
vn -0.316276 -0.401341 0.85959
vn -0.374222 -0.62419 0.685816
vn -0.374222 -0.624192 0.685815
vn -0.353983 -0.515886 0.780101
vn -0.044648 -0.033552 0.998439
vn -0.129691 -0.116066 0.984738
vn -0.129692 -0.116068 0.984738
vn -0.040074 -0.032974 0.998653
vn -0.366358 -0.706604 0.605386
vn -0.321863 -0.727785 0.605586
vn -0.366359 -0.706602 0.605388
vn -0.195474 -0.215101 0.956829
vn -0.11844 -0.126394 0.984884
vn -0.195473 -0.215104 0.956828
vn -0.25092 -0.316142 0.914928
vn -0.25092 -0.316144 0.914928
vn -0.289897 -0.420346 0.859807
vn -0.229988 -0.331217 0.915096
vn -0.289898 -0.420341 0.85981
vn -0.335421 -0.645653 0.686021
vn -0.33542 -0.645654 0.686021
vn -0.322403 -0.535919 0.780287
vn -0.322403 -0.535918 0.780287
vn -0.288975 -0.55441 0.780463
vn -0.11844 -0.126394 0.984884
vn -0.039673 -0.035838 0.99857
vn -0.277775 -0.744874 0.606633
vn -0.321129 -0.727426 0.606406
vn -0.294241 -0.66525 0.686195
vn -0.181897 -0.226327 0.956917
vn -0.181898 -0.226325 0.956917
vn -0.110214 -0.133198 0.984942
vn -0.166721 -0.23725 0.957035
vn -0.229989 -0.331217 0.915096
vn -0.209475 -0.344233 0.915218
vn -0.264037 -0.436748 0.859963
vn -0.264036 -0.436751 0.859962
vn -0.288974 -0.55441 0.780464
vn -0.294243 -0.665251 0.686194
vn -0.253501 -0.571295 0.780614
vn -0.036916 -0.038119 0.998591
vn -0.034374 -0.037611 0.998701
vn -0.110212 -0.133197 0.984942
vn -0.166724 -0.23725 0.957035
vn -0.209475 -0.344232 0.915218
vn -0.23666 -0.451895 0.860106
vn -0.23666 -0.451896 0.860106
vn -0.254514 -0.681227 0.686406
vn -0.254513 -0.681228 0.686404
vn -0.23179 -0.689092 0.686605
vn -0.253502 -0.571296 0.780614
vn -0.101019 -0.139813 0.985011
vn -0.033838 -0.040335 0.998613
vn -0.101019 -0.139814 0.985011
vn -0.092005 -0.145533 0.985066
vn -0.15185 -0.246689 0.957124
vn -0.151851 -0.246684 0.957125
vn -0.187756 -0.356248 0.915333
vn -0.187756 -0.356249 0.915333
vn -0.212061 -0.671202 0.710294
vn -0.161063 -0.685432 0.7101
vn -0.20761 -0.465724 0.860232
vn -0.207608 -0.465729 0.86023
vn -0.219267 -0.585049 0.780794
vn -0.188599 -0.59549 0.780911
vn -0.219267 -0.585049 0.780794
vn -0.092006 -0.145533 0.985066
vn -0.030818 -0.042251 0.998632
vn -0.028172 -0.041541 0.99874
vn -0.136107 -0.255395 0.957209
vn -0.136108 -0.255394 0.957209
vn -0.164707 -0.367225 0.915433
vn -0.164707 -0.367226 0.915433
vn -0.179568 -0.476978 0.860376
vn -0.14246 -0.376147 0.915543
vn -0.179568 -0.476977 0.860377
vn -0.153651 -0.605417 0.780936
vn -0.188596 -0.59549 0.780912
vn -0.082471 -0.150809 0.985117
vn -0.027556 -0.043879 0.998657
vn -0.08247 -0.15081 0.985117
vn -0.119398 -0.263354 0.957282
vn -0.119398 -0.263353 0.957282
vn -0.072344 -0.155634 0.985162
vn -0.103271 -0.269816 0.957358
vn -0.142463 -0.376148 0.915542
vn -0.154453 -0.485525 0.860471
vn -0.15445 -0.485529 0.860469
vn -0.072343 -0.155633 0.985162
vn -0.024287 -0.045763 0.998657
vn -0.021528 -0.044672 0.99877
vn -0.089756 -0.608228 0.788671
vn -0.144494 -0.597704 0.788588
vn -0.103269 -0.269815 0.957358
vn -0.122534 -0.382924 0.915617
vn -0.122532 -0.382929 0.915615
vn -0.120199 -0.495224 0.86041
vn -0.095365 -0.390643 0.915589
vn -0.120199 -0.495224 0.86041
vn -0.062572 -0.15955 0.985205
vn -0.062574 -0.159547 0.985205
vn -0.020804 -0.046523 0.998701
vn -0.088828 -0.274727 0.95741
vn -0.088823 -0.274735 0.957409
vn -0.053824 -0.162525 0.985235
vn -0.095365 -0.390643 0.915589
vn -0.053817 -0.162522 0.985236
vn -0.014632 -0.04729 0.998774
vn -0.018099 -0.048178 0.998675
vn -0.010576 -0.592876 0.805225
vn -0.079592 -0.587659 0.805184
vn -0.041889 -0.165928 0.985248
vn -0.069135 -0.280341 0.957407
vn -0.069134 -0.280345 0.957407
vn -0.054449 -0.398474 0.915562
vn -0.068623 -0.50506 0.860352
vn -0.068623 -0.50506 0.860352
vn -0.04189 -0.165929 0.985248
vn -0.014014 -0.04901 0.9987
vn -0.054448 -0.398474 0.915562
vn -0.00986 -0.590615 0.806893
vn -0.039474 -0.286036 0.957405
vn -0.039475 -0.286034 0.957406
vn -0.008534 -0.509594 0.860372
vn -0.008533 -0.509595 0.860372
vn -0.02392 -0.169385 0.98526
vn -0.008025 -0.050338 0.9987
vn -0.02392 -0.169384 0.98526
vn -0.007489 -0.049572 0.998742
vn -0.00677 -0.402076 0.915581
vn -0.006771 -0.402074 0.915582
vn 0.056703 -0.587857 0.806975
vn 0.062673 -0.601164 0.796665
vn -0.004907 -0.28865 0.957422
vn -0.004908 -0.288649 0.957423
vn 0.049075 -0.50719 0.860436
vn 0.049074 -0.507188 0.860437
vn 0.129363 -0.610397 0.781461
vn 0.112543 -0.593834 0.796677
vn 0.095187 -0.500442 0.860522
vn 0.514658 -0.856369 0.041935
vn 0.504198 -0.857107 0.105601
vn 0.534985 -0.844842 -0.005752
vn 0.246697 -0.663442 0.706389
vn 0.180157 -0.683675 0.7072
vn 0.159481 -0.603475 0.78127
vn -0.002974 -0.170969 0.985272
vn -0.001007 -0.051455 0.998675
vn -0.002973 -0.170972 0.985272
vn 0.0 -0.049686 0.998765
vn 0.038938 -0.400154 0.91562
vn 0.038936 -0.400151 0.915622
vn 0.463696 -0.814743 0.348108
vn 0.417958 -0.826729 0.376605
vn 0.499182 -0.849992 0.168318
vn 0.507616 -0.849479 0.143912
vn 0.273753 -0.738569 0.616097
vn 0.075518 -0.394776 0.915669
vn 0.095186 -0.500444 0.86052
vn 0.351948 -0.770674 0.53122
vn 0.316626 -0.75207 0.578048
vn 0.559628 -0.827062 0.052764
vn 0.159086 -0.604018 0.780932
vn 0.028228 -0.287245 0.957441
vn 0.028227 -0.287244 0.957441
vn 0.404568 -0.799472 0.444036
vn 0.414982 -0.797449 0.438024
vn 0.383698 -0.789626 0.478818
vn 0.495411 -0.836753 0.233262
vn 0.477978 -0.82877 0.290993
vn 0.491978 -0.837014 0.23951
vn 0.248739 -0.683306 0.686457
vn 0.233727 -0.680633 0.694342
vn 0.305216 -0.726294 0.615906
vn 0.313884 -0.731131 0.605742
vn 0.282179 -0.670339 0.686309
vn 0.075519 -0.394774 0.915669
vn 0.054745 -0.283329 0.957459
vn 0.555012 -0.819352 0.143614
vn 0.555011 -0.819352 0.143614
vn 0.130288 -0.492524 0.860491
vn 0.130286 -0.492523 0.860492
vn 0.37008 -0.762296 0.530986
vn 0.370884 -0.762557 0.530049
vn 0.34798 -0.715741 0.605495
vn 0.017104 -0.170118 0.985275
vn 0.005812 -0.051351 0.998664
vn 0.017105 -0.170118 0.985275
vn 0.007358 -0.048537 0.998794
vn 0.468729 -0.811903 0.348005
vn 0.471684 -0.81249 0.3426
vn 0.605451 -0.782886 0.143241
vn 0.631019 -0.775749 -0.005308
vn 0.610486 -0.790292 0.0524
vn 0.544983 -0.803594 0.239229
vn 0.544983 -0.803594 0.239229
vn 0.282178 -0.67034 0.686309
vn 0.054744 -0.283332 0.957458
vn 0.166656 -0.481767 0.860306
vn 0.203486 -0.590856 0.780694
vn 0.203486 -0.590856 0.780694
vn 0.347979 -0.715742 0.605495
vn 0.103365 -0.388483 0.91564
vn 0.103365 -0.388483 0.91564
vn 0.448586 -0.77594 0.443495
vn 0.448586 -0.77594 0.443495
vn 0.605451 -0.782887 0.14324
vn 0.656196 -0.752794 0.052046
vn 0.527857 -0.777264 0.342385
vn 0.527856 -0.777265 0.342385
vn 0.504107 -0.741162 0.443345
vn 0.033172 -0.16774 0.985273
vn 0.03317 -0.167737 0.985273
vn 0.011243 -0.050392 0.998666
vn 0.014642 -0.04733 0.998772
vn 0.318593 -0.654017 0.68612
vn 0.318594 -0.654018 0.686119
vn 0.166655 -0.481769 0.860305
vn 0.2431 -0.575667 0.780711
vn 0.274476 -0.561612 0.780548
vn 0.243101 -0.575667 0.780711
vn 0.425021 -0.734115 0.529558
vn 0.42502 -0.734115 0.529559
vn 0.594515 -0.767791 0.23885
vn 0.594515 -0.767791 0.238849
vn 0.07493 -0.278766 0.957431
vn 0.074932 -0.278767 0.957431
vn 0.65078 -0.745695 0.142911
vn 0.650781 -0.745695 0.14291
vn 0.504107 -0.741162 0.443345
vn 0.399385 -0.688793 0.605025
vn 0.399385 -0.688793 0.605025
vn 0.132221 -0.379965 0.915502
vn 0.132221 -0.379964 0.915502
vn 0.095852 -0.272599 0.957341
vn 0.199088 -0.469295 0.860306
vn 0.199086 -0.469294 0.860307
vn 0.575836 -0.742593 0.342006
vn 0.549934 -0.708059 0.442973
vn 0.575837 -0.742593 0.342005
vn 0.045401 -0.16497 0.985253
vn 0.014892 -0.047555 0.998758
vn 0.045399 -0.164969 0.985253
vn 0.702199 -0.710107 0.051615
vn 0.718236 -0.695792 -0.003191
vn 0.63902 -0.731265 0.238548
vn 0.639019 -0.731265 0.238548
vn 0.274476 -0.561612 0.780548
vn 0.448777 -0.65777 0.604927
vn 0.477605 -0.701133 0.529439
vn 0.477604 -0.701133 0.52944
vn 0.365677 -0.629381 0.685682
vn 0.365678 -0.629381 0.685682
vn 0.095853 -0.272596 0.957342
vn 0.549934 -0.708059 0.442973
vn 0.696409 -0.703365 0.142449
vn 0.776964 -0.613507 0.141194
vn 0.696409 -0.703365 0.142449
vn 0.157946 -0.370048 0.915488
vn 0.157945 -0.370047 0.915488
vn 0.448778 -0.657769 0.604929
vn 0.618934 -0.707205 0.341734
vn 0.618934 -0.707205 0.341734
vn 0.178332 -0.360923 0.915386
vn 0.224785 -0.45779 0.860175
vn 0.224783 -0.457789 0.860175
vn 0.521028 -0.669779 0.52908
vn 0.521028 -0.669779 0.529081
vn 0.683833 -0.689709 0.238062
vn 0.683833 -0.689709 0.238063
vn 0.058079 -0.161237 0.985205
vn 0.05808 -0.161237 0.985205
vn 0.019705 -0.04825 0.998641
vn 0.021535 -0.04469 0.998769
vn 0.41088 -0.600942 0.6856
vn 0.41088 -0.600942 0.6856
vn 0.114497 -0.265398 0.957316
vn 0.114494 -0.265397 0.957317
vn 0.591082 -0.67425 0.44273
vn 0.591082 -0.674249 0.44273
vn 0.315064 -0.540428 0.780175
vn 0.315063 -0.540427 0.780175
vn 0.178332 -0.360923 0.915386
vn 0.129276 -0.258786 0.957245
vn 0.489584 -0.628316 0.604588
vn 0.489586 -0.628317 0.604586
vn 0.662352 -0.66697 0.341233
vn 0.632565 -0.635845 0.442225
vn 0.662354 -0.66697 0.341231
vn 0.560001 -0.637733 0.528863
vn 0.560003 -0.637732 0.528861
vn 0.795407 -0.606076 0.000608
vn 0.069376 -0.156869 0.98518
vn 0.022983 -0.04543 0.998703
vn 0.069372 -0.156868 0.98518
vn 0.258042 -0.440471 0.859884
vn 0.258044 -0.440472 0.859882
vn 0.129277 -0.258783 0.957245
vn 0.353984 -0.515886 0.780101
vn 0.353983 -0.515886 0.780101
vn 0.289898 -0.420341 0.85981
vn 0.448246 -0.573985 0.685286
vn 0.448247 -0.573985 0.685285
vn 0.526198 -0.598191 0.604386
vn 0.526197 -0.598191 0.604387
vn 0.632565 -0.635844 0.442226
vn 0.852418 -0.503764 0.140021
vn 0.756055 -0.639018 0.141547
vn 0.764934 -0.631613 0.126257
vn 0.204729 -0.347203 0.91517
vn 0.20473 -0.347203 0.91517
vn 0.078329 -0.152861 0.985139
vn 0.078331 -0.152862 0.985138
vn 0.026399 -0.045042 0.998636
vn 0.028315 -0.041801 0.998725
vn 0.289897 -0.420346 0.859807
vn 0.599322 -0.601366 0.528368
vn 0.563161 -0.564039 0.603912
vn 0.599321 -0.601366 0.528368
vn 0.74966 -0.617899 0.237088
vn 0.726168 -0.597461 0.340176
vn 0.749661 -0.617899 0.237086
vn 0.481755 -0.546389 0.685106
vn 0.481757 -0.546389 0.685105
vn 0.386184 -0.492672 0.779831
vn 0.386183 -0.492672 0.779832
vn 0.148416 -0.24885 0.957103
vn 0.148418 -0.248851 0.957103
vn 0.563161 -0.564039 0.603912
vn 0.229989 -0.331217 0.915096
vn 0.229988 -0.331217 0.915096
vn 0.726168 -0.597461 0.340176
vn 0.86143 -0.50784 0.0061
vn 0.25092 -0.316144 0.914928
vn 0.316277 -0.401341 0.859589
vn 0.316276 -0.401341 0.85959
vn 0.415036 -0.468882 0.779676
vn 0.41504 -0.468882 0.779674
vn 0.089928 -0.146848 0.985063
vn 0.089929 -0.146848 0.985063
vn 0.030123 -0.042692 0.998634
vn 0.515618 -0.515142 0.684665
vn 0.515618 -0.515142 0.684665
vn 0.693579 -0.569519 0.44113
vn 0.693579 -0.569519 0.44113
vn 0.82986 -0.539972 0.140577
vn 0.914863 -0.379226 0.138611
vn 0.838486 -0.530953 0.122598
vn 0.821478 -0.519055 0.236128
vn 0.166721 -0.23725 0.957035
vn 0.166724 -0.23725 0.957035
vn 0.181898 -0.226325 0.956917
vn 0.25092 -0.316142 0.914928
vn 0.339893 -0.381844 0.859458
vn 0.339899 -0.381844 0.859456
vn 0.269654 -0.300666 0.914815
vn 0.657199 -0.538585 0.527272
vn 0.657199 -0.538585 0.527273
vn 0.821478 -0.519056 0.236125
vn 0.101019 -0.139813 0.985011
vn 0.033838 -0.040335 0.998613
vn 0.101019 -0.139814 0.985011
vn 0.034374 -0.037611 0.998701
vn 0.444236 -0.441983 0.779298
vn 0.444234 -0.441983 0.779299
vn 0.181897 -0.226327 0.956917
vn 0.617613 -0.505101 0.602849
vn 0.617614 -0.505101 0.602848
vn 0.269654 -0.30067 0.914814
vn 0.760023 -0.478071 0.440242
vn 0.795734 -0.501716 0.339246
vn 0.795734 -0.501716 0.339247
vn 0.915343 -0.402455 0.0133
vn 0.363824 -0.359832 0.859158
vn 0.363823 -0.359832 0.859159
vn 0.110212 -0.133197 0.984942
vn 0.036916 -0.038119 0.998591
vn 0.110214 -0.133198 0.984942
vn 0.565548 -0.461241 0.683676
vn 0.565549 -0.461241 0.683674
vn 0.195475 -0.215103 0.956828
vn 0.195472 -0.215102 0.956829
vn 0.760024 -0.478072 0.44024
vn 0.898939 -0.421883 0.117997
vn 0.890589 -0.43288 0.139523
vn 0.288649 -0.283219 0.914587
vn 0.288648 -0.283219 0.914587
vn 0.720158 -0.451933 0.52643
vn 0.720157 -0.451933 0.526431
vn 0.88034 -0.411992 0.235085
vn 0.880339 -0.411992 0.235087
vn 0.039673 -0.035838 0.99857
vn 0.11844 -0.126394 0.984884
vn 0.11844 -0.126394 0.984884
vn 0.040074 -0.032974 0.998653
vn 0.487338 -0.395617 0.778453
vn 0.48734 -0.395617 0.778451
vn 0.209246 -0.20246 0.956675
vn 0.209249 -0.20246 0.956674
vn 0.67678 -0.423669 0.602057
vn 0.676781 -0.423669 0.602057
vn 0.852751 -0.398007 0.338239
vn 0.852752 -0.398007 0.338237
vn 0.956344 -0.291396 0.022219
vn 0.947818 -0.307149 0.085444
vn 0.399192 -0.321915 0.858497
vn 0.316749 -0.253169 0.914098
vn 0.399193 -0.321915 0.858496
vn 0.042466 -0.033276 0.998544
vn 0.126786 -0.118739 0.984798
vn 0.126785 -0.118739 0.984798
vn 0.619727 -0.386674 0.68295
vn 0.619726 -0.386674 0.682951
vn 0.814481 -0.379016 0.43928
vn 0.814483 -0.379016 0.439277
vn 0.942293 -0.304839 0.138407
vn 0.942293 -0.304839 0.138407
vn 0.316749 -0.253169 0.914098
vn 0.229643 -0.180695 0.956354
vn 0.771759 -0.358074 0.525519
vn 0.771761 -0.358074 0.525517
vn 0.925317 -0.298395 0.233983
vn 0.925318 -0.298395 0.233982
vn 0.437435 -0.269281 0.857985
vn 0.534025 -0.331362 0.777828
vn 0.534027 -0.331362 0.777827
vn 0.139155 -0.105557 0.984629
vn 0.229643 -0.180694 0.956354
vn 0.725274 -0.335463 0.6012
vn 0.725274 -0.335463 0.601201
vn 0.89632 -0.28797 0.337169
vn 0.896321 -0.28797 0.337168
vn 0.983798 -0.176244 0.032862
vn 0.979762 -0.186195 0.073465
vn 0.996459 -0.058356 0.060523
vn 0.347094 -0.211405 0.913692
vn 0.437435 -0.269282 0.857985
vn 0.046612 -0.028861 0.998496
vn 0.139154 -0.105557 0.984629
vn 0.046613 -0.028862 0.998496
vn 0.664133 -0.305904 0.682166
vn 0.664133 -0.305904 0.682165
vn 0.856095 -0.273917 0.438258
vn 0.856096 -0.273917 0.438257
vn 0.955703 -0.180057 0.232832
vn 0.973236 -0.18433 0.137236
vn 0.988663 -0.063461 0.136083
vn 0.982025 -0.055164 0.180508
vn 0.973236 -0.18433 0.137236
vn 0.251642 -0.150415 0.95606
vn 0.347094 -0.211405 0.913692
vn 0.811191 -0.258488 0.52455
vn 0.811192 -0.258488 0.524549
vn 0.955703 -0.180057 0.232831
vn 0.953251 -0.052588 0.29757
vn 0.970788 -0.062214 0.231733
vn 0.572291 -0.261761 0.777152
vn 0.57229 -0.261761 0.777152
vn 0.251642 -0.150415 0.95606
vn 0.762328 -0.241875 0.600294
vn 0.76233 -0.241875 0.600292
vn 0.925753 -0.17334 0.336056
vn 0.910613 -0.049139 0.410329
vn 0.940314 -0.059723 0.335025
vn 0.925754 -0.17334 0.336056
vn 0.468779 -0.212271 0.857431
vn 0.371964 -0.166168 0.913253
vn 0.46878 -0.212271 0.85743
vn 0.152485 -0.08721 0.984451
vn 0.051078 -0.022716 0.998436
vn 0.152486 -0.08721 0.98445
vn 0.051077 -0.022715 0.998436
vn 0.698065 -0.220206 0.681333
vn 0.698066 -0.220206 0.681332
vn 0.884208 -0.164432 0.437194
vn 0.83783 -0.154745 0.523541
vn 0.854673 -0.045844 0.517139
vn -1.0 0.0 -0.0
vn -1.0 0.0 -0.0
vn -1.0 -0.0 -0.0
vn -1.0 0.0 0.0
vn 0.0 0.009716 0.999953
vn 0.0 0.009716 0.999953
vn 1.0 0.0 -0.0
vn 1.0 0.0 0.0
vn 1.0 -0.0 0.0
vn 1.0 0.0 0.0
vn 0.0 0.999953 -0.009716
vn 0.0 0.999953 -0.009716
vn 0.0 -0.999953 0.009716
vn 0.0 -0.999953 0.009716
vn -1.0 0.0 0.0
vn -1.0 0.0 0.0
vn -1.0 0.0 0.0
vn -1.0 -0.0 0.0
vn 0.0 0.009716 0.999953
vn 0.0 0.009716 0.999953
vn 1.0 0.0 -0.0
vn 1.0 0.0 0.0
vn 1.0 0.0 0.0
vn 1.0 0.0 0.0
vn 0.0 0.999953 -0.009716
vn 0.0 0.999953 -0.009716
vn 0.0 -0.999953 0.009716
vn 0.0 -0.999953 0.009716
vn -0.0 0.713944 0.700203
vn 0.0 0.713944 0.700203
vn 0.0 -0.700204 0.713943
vn 0.0 -0.700204 0.713943
vn 0.0 -0.700204 0.713943
vn 0.0 -0.700204 0.713943
vn -0.0 0.713944 0.700203
vn 0.0 0.713944 0.700203
vn 0.0 0.999953 -0.009715
vn -1e-06 0.999953 -0.009716
vn 1e-06 0.999953 -0.009715
vn -5e-06 0.999953 -0.009718
vn 8e-06 0.999953 -0.009713
vn 1e-06 0.999953 -0.009715
vn -1.6e-05 0.999953 -0.009719
vn 8e-06 0.999953 -0.009715
vn -1.1e-05 0.999953 -0.009717
vn 2e-06 0.999953 -0.009714
vn -0.0 0.999953 -0.009716
vn 0.0 0.999953 -0.009716
vn -0.0 0.999953 -0.009716
vn 0.0 0.999953 -0.009716
vn 4e-06 0.999953 -0.009716
vn 3e-06 0.999953 -0.009716
vn -1.6e-05 0.999953 -0.009712
vn 8e-06 0.999953 -0.009718
vn -2e-06 0.999953 -0.009715
vn -2e-06 0.999953 -0.009715
vn -4e-06 0.999953 -0.009714
vn 2e-06 0.999953 -0.009717
vn -1e-06 0.999953 -0.009715
vn 1e-06 0.999953 -0.009717
vn 1e-06 0.999953 -0.009716
vn 1e-06 0.999953 -0.009717
vn -0.0 0.999953 -0.009715
vn -1e-06 0.999953 -0.009714
vn 1e-06 0.999953 -0.009717
vn 0.0 0.999953 -0.009716
vn 0.0 0.999953 -0.009716
vn 0.0 -0.999953 0.009716
vn 2e-06 -0.999953 0.009714
vn -4e-06 -0.999953 0.009718
vn 1e-06 -0.999953 0.009715
vn -2e-06 -0.999953 0.009717
vn -2e-06 -0.999953 0.009717
vn 0.0 -0.999953 0.009716
vn 8e-06 -0.999953 0.009715
vn -1.2e-05 -0.999953 0.009717
vn -1e-06 -0.999953 0.009717
vn -0.0 -0.999953 0.009716
vn 0.0 -0.999953 0.009716
vn -0.0 -0.999953 0.009716
vn 0.0 -0.999953 0.009716
vn 5e-06 -0.999953 0.009716
vn -1.8e-05 -0.999953 0.009713
vn 5e-06 -0.999953 0.009717
vn -5e-06 -0.999953 0.009715
vn 1.2e-05 -0.999953 0.00972
vn -1e-06 -0.999953 0.009715
vn -5e-06 -0.999953 0.009714
vn 2e-06 -0.999953 0.009717
vn -1e-06 -0.999953 0.009715
vn 1e-06 -0.999953 0.009717
vn 1e-06 -0.999953 0.009716
vn -2e-06 -0.999953 0.009714
vn 0.0 -0.999953 0.009716
vn 0.0 -0.999953 0.009716
vn 1e-06 -0.999953 0.009717
vn 0.0 -0.999953 0.009716
vn 0.0 -0.999953 0.009716
vn 0.0 0.999953 -0.009716
vn 0.0 0.999953 -0.009716
vn -1e-06 0.009719 0.999953
vn -0.0 0.009716 0.999953
vn 0.0 0.009716 0.999953
vn 0.0 0.009716 0.999953
vn 1e-06 0.009719 0.999953
vn 0.0 0.009716 0.999953
f 1//1 2//1 3//1 
f 1//2 4//2 5//2 
f 1//3 6//3 4//3 
f 1//4 7//4 2//4 
f 1//5 5//5 7//5 
f 8//6 9//6 10//6 
f 8//7 10//7 11//7 
f 12//8 6//8 1//8 
f 12//9 1//9 3//9 
f 13//10 14//10 15//10 
f 13//11 16//11 14//11 
f 17//12 9//12 8//12 
f 18//13 15//13 19//13 
f 18//14 3//14 20//14 
f 18//15 6//15 12//15 
f 18//16 12//16 3//16 
f 18//17 19//17 6//17 
f 21//18 16//18 13//18 
f 21//19 11//19 16//19 
f 22//20 9//20 17//20 
f 22//21 23//21 24//21 
f 22//22 24//22 9//22 
f 25//23 15//23 18//23 
f 25//24 18//24 20//24 
f 25//25 20//25 26//25 
f 25//26 13//26 15//26 
f 27//27 11//27 21//27 
f 27//28 8//28 11//28 
f 28//29 26//29 29//29 
f 28//30 25//30 26//30 
f 28//31 13//31 25//31 
f 30//32 22//32 17//32 
f 30//33 8//33 27//33 
f 30//34 17//34 8//34 
f 31//35 21//35 13//35 
f 31//36 13//36 28//36 
f 31//37 29//37 32//37 
f 31//38 32//38 33//38 
f 31//39 27//39 21//39 
f 31//40 28//40 29//40 
f 34//41 23//41 22//41 
f 34//42 22//42 30//42 
f 34//43 35//43 23//43 
f 34//44 36//44 35//44 
f 37//45 31//45 33//45 
f 37//46 27//46 31//46 
f 38//47 33//47 39//47 
f 38//48 30//48 27//48 
f 38//49 37//49 33//49 
f 38//50 27//50 37//50 
f 40//51 39//51 41//51 
f 40//52 41//52 42//52 
f 40//53 30//53 38//53 
f 40//54 34//54 30//54 
f 40//55 36//55 34//55 
f 40//56 42//56 36//56 
f 40//57 38//57 39//57 
f 43//58 44//58 45//58 
f 46//59 47//59 48//59 
f 46//60 48//60 49//60 
f 50//61 47//61 46//61 
f 50//62 51//62 47//62 
f 52//63 53//63 51//63 
f 52//64 51//64 50//64 
f 54//65 46//65 49//65 
f 54//66 49//66 55//66 
f 56//67 53//67 52//67 
f 56//68 57//68 53//68 
f 58//69 50//69 46//69 
f 58//70 46//70 54//70 
f 59//71 57//71 56//71 
f 59//72 60//72 57//72 
f 61//73 50//73 58//73 
f 61//74 52//74 50//74 
f 62//75 60//75 59//75 
f 63//76 60//76 62//76 
f 63//77 64//77 60//77 
f 65//78 54//78 55//78 
f 65//79 55//79 66//79 
f 67//80 52//80 61//80 
f 67//81 56//81 52//81 
f 68//82 54//82 65//82 
f 68//83 58//83 54//83 
f 69//84 64//84 63//84 
f 69//85 70//85 64//85 
f 71//86 56//86 67//86 
f 71//87 59//87 56//87 
f 72//88 61//88 58//88 
f 72//89 58//89 68//89 
f 73//90 62//90 59//90 
f 73//91 59//91 71//91 
f 74//92 75//92 70//92 
f 74//93 76//93 75//93 
f 74//94 70//94 69//94 
f 77//95 62//95 73//95 
f 77//96 63//96 62//96 
f 78//97 65//97 66//97 
f 78//98 66//98 79//98 
f 80//99 61//99 72//99 
f 80//100 67//100 61//100 
f 81//101 76//101 74//101 
f 82//102 68//102 65//102 
f 82//103 65//103 78//103 
f 83//104 63//104 77//104 
f 83//105 69//105 63//105 
f 84//106 67//106 80//106 
f 84//107 71//107 67//107 
f 85//108 68//108 82//108 
f 85//109 72//109 68//109 
f 86//110 71//110 84//110 
f 86//111 73//111 71//111 
f 87//112 76//112 81//112 
f 87//113 88//113 76//113 
f 89//114 74//114 69//114 
f 89//115 69//115 83//115 
f 90//116 73//116 86//116 
f 90//117 77//117 73//117 
f 91//118 79//118 92//118 
f 91//119 78//119 79//119 
f 93//120 72//120 85//120 
f 93//121 80//121 72//121 
f 94//122 88//122 87//122 
f 94//123 95//123 88//123 
f 96//124 74//124 89//124 
f 96//125 81//125 74//125 
f 97//126 78//126 91//126 
f 97//127 82//127 78//127 
f 97//128 85//128 82//128 
f 98//129 77//129 90//129 
f 98//130 83//130 77//130 
f 99//131 86//131 84//131 
f 99//132 84//132 80//132 
f 99//133 80//133 93//133 
f 100//134 101//134 102//134 
f 100//135 95//135 94//135 
f 100//136 103//136 95//136 
f 100//137 102//137 103//137 
f 104//138 85//138 97//138 
f 105//139 86//139 99//139 
f 106//140 81//140 96//140 
f 106//141 87//141 81//141 
f 107//142 83//142 98//142 
f 107//143 89//143 83//143 
f 108//144 86//144 105//144 
f 108//145 90//145 86//145 
f 109//146 91//146 92//146 
f 109//147 92//147 110//147 
f 111//148 93//148 85//148 
f 111//149 85//149 104//149 
f 112//150 94//150 87//150 
f 112//151 87//151 106//151 
f 113//152 96//152 89//152 
f 113//153 89//153 107//153 
f 114//154 97//154 91//154 
f 114//155 91//155 109//155 
f 115//156 90//156 108//156 
f 115//157 98//157 90//157 
f 116//158 99//158 93//158 
f 116//159 93//159 111//159 
f 117//160 100//160 94//160 
f 117//161 94//161 112//161 
f 117//162 118//162 101//162 
f 117//163 101//163 100//163 
f 119//164 104//164 97//164 
f 119//165 97//165 114//165 
f 120//166 105//166 99//166 
f 120//167 108//167 105//167 
f 120//168 99//168 116//168 
f 121//169 96//169 113//169 
f 121//170 106//170 96//170 
f 122//171 98//171 115//171 
f 122//172 107//172 98//172 
f 123//173 108//173 120//173 
f 124//174 109//174 110//174 
f 124//175 114//175 109//175 
f 124//176 110//176 125//176 
f 126//177 111//177 104//177 
f 126//178 104//178 119//178 
f 127//179 106//179 121//179 
f 127//180 112//180 106//180 
f 128//181 107//181 122//181 
f 128//182 113//182 107//182 
f 129//183 114//183 124//183 
f 130//184 122//184 115//184 
f 130//185 115//185 108//185 
f 130//186 108//186 123//186 
f 131//187 116//187 111//187 
f 131//188 111//188 126//188 
f 132//189 124//189 125//189 
f 132//190 125//190 133//190 
f 134//191 112//191 127//191 
f 134//192 117//192 112//192 
f 134//193 135//193 118//193 
f 134//194 118//194 117//194 
f 136//195 126//195 119//195 
f 136//196 114//196 129//196 
f 136//197 119//197 114//197 
f 137//198 116//198 131//198 
f 137//199 120//199 116//199 
f 138//200 121//200 113//200 
f 138//201 113//201 128//201 
f 139//202 129//202 124//202 
f 139//203 124//203 132//203 
f 140//204 122//204 130//204 
f 141//205 123//205 120//205 
f 141//206 120//206 137//206 
f 142//207 132//207 133//207 
f 143//208 126//208 136//208 
f 144//209 136//209 129//209 
f 144//210 129//210 139//210 
f 145//211 121//211 138//211 
f 145//212 127//212 121//212 
f 146//213 122//213 140//213 
f 146//214 128//214 122//214 
f 147//215 132//215 142//215 
f 147//216 139//216 132//216 
f 148//217 123//217 141//217 
f 148//218 130//218 123//218 
f 149//219 126//219 143//219 
f 149//220 131//220 126//220 
f 149//221 137//221 131//221 
f 150//222 143//222 136//222 
f 150//223 136//223 144//223 
f 151//224 127//224 145//224 
f 151//225 152//225 135//225 
f 151//226 134//226 127//226 
f 151//227 135//227 134//227 
f 153//228 133//228 154//228 
f 153//229 142//229 133//229 
f 153//230 154//230 155//230 
f 156//231 144//231 139//231 
f 156//232 150//232 144//232 
f 156//233 139//233 147//233 
f 157//234 137//234 149//234 
f 158//235 128//235 146//235 
f 158//236 138//236 128//236 
f 159//237 143//237 150//237 
f 159//238 149//238 143//238 
f 160//239 147//239 142//239 
f 160//240 156//240 147//240 
f 160//241 142//241 153//241 
f 161//242 130//242 148//242 
f 161//243 140//243 130//243 
f 162//244 137//244 157//244 
f 162//245 141//245 137//245 
f 163//246 160//246 153//246 
f 163//247 153//247 155//247 
f 163//248 164//248 165//248 
f 163//249 155//249 164//249 
f 166//250 150//250 156//250 
f 167//251 151//251 145//251 
f 167//252 138//252 158//252 
f 167//253 145//253 138//253 
f 168//254 162//254 157//254 
f 168//255 157//255 149//255 
f 168//256 149//256 159//256 
f 169//257 156//257 160//257 
f 170//258 140//258 161//258 
f 170//259 146//259 140//259 
f 171//260 169//260 160//260 
f 171//261 160//261 163//261 
f 171//262 163//262 165//262 
f 171//263 165//263 172//263 
f 173//264 141//264 162//264 
f 173//265 148//265 141//265 
f 174//266 150//266 166//266 
f 174//267 159//267 150//267 
f 175//268 162//268 168//268 
f 176//269 177//269 152//269 
f 176//270 152//270 151//270 
f 176//271 151//271 167//271 
f 178//272 166//272 156//272 
f 178//273 156//273 169//273 
f 179//274 169//274 171//274 
f 179//275 178//275 169//275 
f 179//276 171//276 172//276 
f 179//277 172//277 180//277 
f 181//278 159//278 174//278 
f 181//279 168//279 159//279 
f 182//280 146//280 170//280 
f 182//281 158//281 146//281 
f 183//282 173//282 162//282 
f 183//283 162//283 175//283 
f 184//284 166//284 178//284 
f 184//285 174//285 166//285 
f 185//286 161//286 148//286 
f 185//287 148//287 173//287 
f 186//288 175//288 168//288 
f 186//289 168//289 181//289 
f 187//290 178//290 179//290 
f 187//291 188//291 189//291 
f 187//292 180//292 188//292 
f 187//293 179//293 180//293 
f 190//294 158//294 182//294 
f 190//295 167//295 158//295 
f 191//296 181//296 174//296 
f 191//297 174//297 184//297 
f 192//298 161//298 185//298 
f 192//299 170//299 161//299 
f 193//300 185//300 173//300 
f 193//301 173//301 183//301 
f 194//302 183//302 175//302 
f 194//303 175//303 186//303 
f 194//304 193//304 183//304 
f 195//305 187//305 189//305 
f 195//306 191//306 184//306 
f 195//307 178//307 187//307 
f 195//308 184//308 178//308 
f 196//309 194//309 186//309 
f 196//310 181//310 191//310 
f 196//311 186//311 181//311 
f 197//312 198//312 177//312 
f 197//313 167//313 190//313 
f 197//314 177//314 176//314 
f 197//315 176//315 167//315 
f 199//316 191//316 195//316 
f 199//317 196//317 191//317 
f 200//318 190//318 182//318 
f 200//319 182//319 170//319 
f 200//320 170//320 192//320 
f 201//321 192//321 185//321 
f 201//322 200//322 192//322 
f 201//323 185//323 193//323 
f 202//324 194//324 196//324 
f 203//325 195//325 189//325 
f 203//326 189//326 204//326 
f 205//327 193//327 194//327 
f 206//328 196//328 199//328 
f 207//329 190//329 200//329 
f 208//330 200//330 201//330 
f 208//331 207//331 200//331 
f 209//332 199//332 195//332 
f 209//333 195//333 203//333 
f 209//334 203//334 204//334 
f 209//335 204//335 210//335 
f 211//336 201//336 193//336 
f 211//337 193//337 205//337 
f 212//338 196//338 206//338 
f 212//339 202//339 196//339 
f 213//340 194//340 202//340 
f 213//341 205//341 194//341 
f 213//342 211//342 205//342 
f 213//343 202//343 212//343 
f 214//344 198//344 197//344 
f 214//345 215//345 198//345 
f 214//346 197//346 190//346 
f 214//347 190//347 207//347 
f 216//348 206//348 199//348 
f 216//349 199//349 209//349 
f 216//350 209//350 210//350 
f 216//351 212//351 206//351 
f 217//352 207//352 208//352 
f 217//353 214//353 207//353 
f 218//354 208//354 201//354 
f 218//355 201//355 211//355 
f 219//356 211//356 213//356 
f 219//357 218//357 211//357 
f 220//358 212//358 216//358 
f 221//359 213//359 212//359 
f 222//360 215//360 214//360 
f 222//361 214//361 217//361 
f 223//362 216//362 210//362 
f 223//363 210//363 224//363 
f 225//364 217//364 208//364 
f 225//365 208//365 218//365 
f 226//366 218//366 219//366 
f 227//367 219//367 213//367 
f 227//368 213//368 221//368 
f 228//369 221//369 212//369 
f 228//370 212//370 220//370 
f 229//371 223//371 224//371 
f 229//372 220//372 216//372 
f 229//373 216//373 223//373 
f 230//374 215//374 222//374 
f 230//375 217//375 225//375 
f 230//376 231//376 215//376 
f 230//377 222//377 217//377 
f 232//378 225//378 218//378 
f 232//379 218//379 226//379 
f 233//380 232//380 226//380 
f 233//381 226//381 219//381 
f 233//382 219//382 227//382 
f 234//383 221//383 228//383 
f 234//384 227//384 221//384 
f 235//385 229//385 224//385 
f 235//386 224//386 236//386 
f 237//387 220//387 229//387 
f 237//388 228//388 220//388 
f 238//389 230//389 225//389 
f 238//390 225//390 232//390 
f 238//391 231//391 230//391 
f 239//392 238//392 232//392 
f 239//393 232//393 233//393 
f 240//394 233//394 227//394 
f 240//395 227//395 234//395 
f 241//396 235//396 236//396 
f 241//397 236//397 242//397 
f 243//398 234//398 228//398 
f 243//399 228//399 237//399 
f 243//400 240//400 234//400 
f 244//401 229//401 235//401 
f 244//402 237//402 229//402 
f 245//403 246//403 231//403 
f 245//404 231//404 238//404 
f 245//405 238//405 239//405 
f 247//406 239//406 233//406 
f 247//407 233//407 240//407 
f 248//408 240//408 243//408 
f 248//409 247//409 240//409 
f 249//410 243//410 237//410 
f 249//411 248//411 243//411 
f 249//412 237//412 244//412 
f 250//413 241//413 242//413 
f 250//414 244//414 235//414 
f 250//415 235//415 241//415 
f 251//416 246//416 245//416 
f 251//417 245//417 239//417 
f 251//418 239//418 247//418 
f 252//419 247//419 248//419 
f 253//420 248//420 249//420 
f 253//421 252//421 248//421 
f 254//422 249//422 244//422 
f 254//423 244//423 250//423 
f 255//424 246//424 251//424 
f 255//425 256//425 246//425 
f 255//426 251//426 247//426 
f 255//427 247//427 252//427 
f 257//428 250//428 242//428 
f 257//429 242//429 258//429 
f 259//430 252//430 253//430 
f 259//431 255//431 252//431 
f 260//432 253//432 249//432 
f 260//433 249//433 254//433 
f 260//434 259//434 253//434 
f 261//435 250//435 257//435 
f 261//436 260//436 254//436 
f 261//437 254//437 250//437 
f 262//438 256//438 255//438 
f 262//439 255//439 259//439 
f 263//440 259//440 260//440 
f 264//441 260//441 261//441 
f 265//442 262//442 259//442 
f 265//443 266//443 256//443 
f 265//444 259//444 263//444 
f 265//445 256//445 262//445 
f 267//446 257//446 258//446 
f 267//447 258//447 268//447 
f 269//448 263//448 260//448 
f 269//449 260//449 264//449 
f 270//450 257//450 267//450 
f 270//451 261//451 257//451 
f 271//452 263//452 269//452 
f 271//453 266//453 265//453 
f 271//454 265//454 263//454 
f 272//455 264//455 261//455 
f 272//456 261//456 270//456 
f 273//457 267//457 268//457 
f 274//458 269//458 264//458 
f 274//459 264//459 272//459 
f 275//460 270//460 267//460 
f 275//461 267//461 273//461 
f 276//462 271//462 269//462 
f 276//463 266//463 271//463 
f 276//464 269//464 274//464 
f 276//465 277//465 266//465 
f 278//466 272//466 270//466 
f 278//467 270//467 275//467 
f 279//468 273//468 268//468 
f 279//469 268//469 280//469 
f 281//470 274//470 272//470 
f 281//471 272//471 278//471 
f 282//472 278//472 275//472 
f 282//473 275//473 273//473 
f 282//474 273//474 279//474 
f 283//475 279//475 280//475 
f 283//476 280//476 284//476 
f 285//477 286//477 287//477 
f 285//478 288//478 286//478 
f 285//479 289//479 288//479 
f 290//480 291//480 292//480 
f 290//481 284//481 291//481 
f 293//482 276//482 274//482 
f 293//483 294//483 277//483 
f 293//484 277//484 276//484 
f 293//485 274//485 281//485 
f 295//486 278//486 282//486 
f 296//487 297//487 298//487 
f 296//488 299//488 297//488 
f 300//489 289//489 285//489 
f 300//490 301//490 289//490 
f 302//491 292//491 303//491 
f 304//492 282//492 279//492 
f 304//493 279//493 283//493 
f 305//494 306//494 307//494 
f 305//495 303//495 306//495 
f 308//496 285//496 287//496 
f 309//497 283//497 284//497 
f 309//498 284//498 290//498 
f 310//499 281//499 278//499 
f 310//500 293//500 281//500 
f 310//501 278//501 295//501 
f 311//502 299//502 296//502 
f 311//503 312//503 299//503 
f 311//504 307//504 312//504 
f 313//505 301//505 300//505 
f 313//506 314//506 301//506 
f 313//507 298//507 314//507 
f 315//508 290//508 292//508 
f 315//509 292//509 302//509 
f 316//510 302//510 303//510 
f 316//511 303//511 305//511 
f 317//512 295//512 282//512 
f 317//513 282//513 304//513 
f 318//514 300//514 285//514 
f 318//515 285//515 308//515 
f 319//516 304//516 283//516 
f 319//517 283//517 309//517 
f 320//518 305//518 307//518 
f 320//519 307//519 311//519 
f 320//520 316//520 305//520 
f 321//521 322//521 294//521 
f 321//522 294//522 293//522 
f 321//523 293//523 310//523 
f 323//524 296//524 298//524 
f 323//525 298//525 313//525 
f 324//526 287//526 325//526 
f 324//527 308//527 287//527 
f 326//528 300//528 318//528 
f 326//529 323//529 313//529 
f 326//530 313//530 300//530 
f 327//531 315//531 302//531 
f 327//532 302//532 316//532 
f 328//533 295//533 317//533 
f 328//534 310//534 295//534 
f 329//535 319//535 309//535 
f 329//536 315//536 327//536 
f 329//537 309//537 290//537 
f 329//538 290//538 315//538 
f 330//539 316//539 320//539 
f 330//540 327//540 316//540 
f 331//541 317//541 304//541 
f 331//542 304//542 319//542 
f 332//543 311//543 296//543 
f 332//544 296//544 323//544 
f 333//545 308//545 324//545 
f 333//546 318//546 308//546 
f 334//547 324//547 325//547 
f 335//548 323//548 326//548 
f 336//549 322//549 321//549 
f 336//550 310//550 328//550 
f 336//551 337//551 322//551 
f 336//552 321//552 310//552 
f 338//553 327//553 330//553 
f 339//554 319//554 329//554 
f 340//555 329//555 327//555 
f 341//556 311//556 332//556 
f 341//557 320//557 311//557 
f 342//558 326//558 318//558 
f 342//559 318//559 333//559 
f 343//560 328//560 317//560 
f 343//561 317//561 331//561 
f 344//562 324//562 334//562 
f 344//563 333//563 324//563 
f 344//564 342//564 333//564 
f 345//565 332//565 323//565 
f 345//566 323//566 335//566 
f 346//567 320//567 341//567 
f 346//568 330//568 320//568 
f 347//569 331//569 319//569 
f 347//570 343//570 331//570 
f 347//571 319//571 339//571 
f 348//572 339//572 329//572 
f 348//573 329//573 340//573 
f 349//574 326//574 342//574 
f 349//575 335//575 326//575 
f 350//576 336//576 328//576 
f 350//577 337//577 336//577 
f 350//578 328//578 343//578 
f 351//579 334//579 325//579 
f 351//580 325//580 352//580 
f 353//581 342//581 344//581 
f 353//582 349//582 342//582 
f 354//583 327//583 338//583 
f 354//584 340//584 327//584 
f 355//585 341//585 332//585 
f 355//586 332//586 345//586 
f 356//587 354//587 338//587 
f 356//588 338//588 330//588 
f 356//589 330//589 346//589 
f 357//590 343//590 347//590 
f 357//591 350//591 343//591 
f 358//592 355//592 345//592 
f 358//593 345//593 335//593 
f 358//594 335//594 349//594 
f 359//595 334//595 351//595 
f 359//596 351//596 352//596 
f 359//597 344//597 334//597 
f 359//598 353//598 344//598 
f 360//599 339//599 348//599 
f 360//600 347//600 339//600 
f 361//601 341//601 355//601 
f 361//602 346//602 341//602 
f 362//603 349//603 353//603 
f 363//604 348//604 340//604 
f 363//605 340//605 354//605 
f 364//606 355//606 358//606 
f 365//607 353//607 359//607 
f 366//608 350//608 357//608 
f 366//609 367//609 337//609 
f 366//610 337//610 350//610 
f 368//611 356//611 346//611 
f 368//612 346//612 361//612 
f 369//613 357//613 347//613 
f 369//614 347//614 360//614 
f 370//615 358//615 349//615 
f 370//616 349//616 362//616 
f 371//617 354//617 356//617 
f 372//618 360//618 348//618 
f 372//619 369//619 360//619 
f 372//620 348//620 363//620 
f 373//621 361//621 355//621 
f 373//622 368//622 361//622 
f 373//623 355//623 364//623 
f 374//624 362//624 353//624 
f 374//625 353//625 365//625 
f 375//626 364//626 358//626 
f 375//627 358//627 370//627 
f 376//628 352//628 377//628 
f 378//629 366//629 357//629 
f 378//630 367//630 366//630 
f 378//631 357//631 369//631 
f 379//632 363//632 354//632 
f 379//633 354//633 371//633 
f 380//634 369//634 372//634 
f 380//635 378//635 369//635 
f 381//636 356//636 368//636 
f 381//637 371//637 356//637 
f 382//638 381//638 368//638 
f 382//639 368//639 373//639 
f 383//640 364//640 375//640 
f 383//641 373//641 364//641 
f 384//642 362//642 374//642 
f 384//643 370//643 362//643 
f 384//644 375//644 370//644 
f 385//645 352//645 376//645 
f 385//646 376//646 377//646 
f 385//647 359//647 352//647 
f 386//648 363//648 379//648 
f 386//649 372//649 363//649 
f 387//650 388//650 367//650 
f 387//651 367//651 378//651 
f 387//652 378//652 380//652 
f 389//653 379//653 371//653 
f 389//654 371//654 381//654 
f 389//655 386//655 379//655 
f 390//656 375//656 384//656 
f 391//657 365//657 359//657 
f 391//658 359//658 385//658 
f 392//659 382//659 373//659 
f 392//660 373//660 383//660 
f 393//661 381//661 382//661 
f 394//662 380//662 372//662 
f 394//663 372//663 386//663 
f 395//664 392//664 383//664 
f 395//665 383//665 375//665 
f 395//666 375//666 390//666 
f 396//667 394//667 386//667 
f 396//668 386//668 389//668 
f 397//669 365//669 391//669 
f 397//670 374//670 365//670 
f 398//671 377//671 399//671 
f 400//672 396//672 389//672 
f 400//673 381//673 393//673 
f 400//674 389//674 381//674 
f 401//675 393//675 382//675 
f 401//676 382//676 392//676 
f 402//677 380//677 394//677 
f 402//678 388//678 387//678 
f 402//679 387//679 380//679 
f 403//680 401//680 392//680 
f 403//681 392//681 395//681 
f 404//682 374//682 397//682 
f 404//683 384//683 374//683 
f 405//684 391//684 385//684 
f 405//685 377//685 398//685 
f 405//686 398//686 399//686 
f 405//687 385//687 377//687 
f 406//688 402//688 394//688 
f 406//689 394//689 396//689 
f 407//690 396//690 400//690 
f 408//691 400//691 393//691 
f 408//692 393//692 401//692 
f 409//693 384//693 404//693 
f 409//694 390//694 384//694 
f 410//695 391//695 405//695 
f 411//696 412//696 388//696 
f 411//697 402//697 406//697 
f 411//698 388//698 402//698 
f 413//699 401//699 403//699 
f 414//700 406//700 396//700 
f 414//701 396//701 407//701 
f 415//702 395//702 390//702 
f 415//703 390//703 409//703 
f 416//704 407//704 400//704 
f 416//705 400//705 408//705 
f 416//706 414//706 407//706 
f 417//707 391//707 410//707 
f 417//708 397//708 391//708 
f 418//709 399//709 419//709 
f 420//710 401//710 413//710 
f 420//711 408//711 401//711 
f 421//712 412//712 411//712 
f 421//713 406//713 414//713 
f 421//714 411//714 406//714 
f 422//715 403//715 395//715 
f 422//716 395//716 415//716 
f 423//717 414//717 416//717 
f 424//718 404//718 397//718 
f 424//719 409//719 404//719 
f 424//720 397//720 417//720 
f 425//721 405//721 399//721 
f 425//722 399//722 418//722 
f 426//723 416//723 408//723 
f 426//724 408//724 420//724 
f 426//725 423//725 416//725 
f 427//726 409//726 424//726 
f 428//727 410//727 405//727 
f 428//728 417//728 410//728 
f 428//729 405//729 425//729 
f 429//730 430//730 412//730 
f 429//731 412//731 421//731 
f 429//732 421//732 414//732 
f 429//733 414//733 423//733 
f 431//734 403//734 422//734 
f 431//735 413//735 403//735 
f 432//736 423//736 426//736 
f 433//737 415//737 409//737 
f 433//738 409//738 427//738 
f 434//739 417//739 428//739 
f 435//740 419//740 436//740 
f 435//741 418//741 419//741 
f 437//742 413//742 431//742 
f 437//743 420//743 413//743 
f 438//744 429//744 423//744 
f 438//745 423//745 432//745 
f 438//746 430//746 429//746 
f 439//747 422//747 415//747 
f 439//748 415//748 433//748 
f 440//749 417//749 434//749 
f 440//750 427//750 424//750 
f 440//751 424//751 417//751 
f 441//752 428//752 425//752 
f 441//753 418//753 435//753 
f 441//754 425//754 418//754 
f 442//755 420//755 437//755 
f 442//756 426//756 420//756 
f 443//757 427//757 440//757 
f 444//758 428//758 441//758 
f 445//759 422//759 439//759 
f 445//760 431//760 422//760 
f 446//761 432//761 426//761 
f 446//762 426//762 442//762 
f 447//763 427//763 443//763 
f 447//764 433//764 427//764 
f 447//765 439//765 433//765 
f 5//766 434//766 428//766 
f 5//767 428//767 444//767 
f 448//768 436//768 44//768 
f 448//769 44//769 43//769 
f 448//770 435//770 436//770 
f 449//771 431//771 445//771 
f 449//772 437//772 431//772 
f 450//773 438//773 432//773 
f 450//774 430//774 438//774 
f 450//775 432//775 446//775 
f 450//776 451//776 430//776 
f 14//777 445//777 439//777 
f 14//778 439//778 447//778 
f 4//779 434//779 5//779 
f 4//780 440//780 434//780 
f 452//781 43//781 453//781 
f 452//782 441//782 435//782 
f 452//783 448//783 43//783 
f 452//784 444//784 441//784 
f 452//785 435//785 448//785 
f 10//786 437//786 449//786 
f 10//787 442//787 437//787 
f 6//788 443//788 440//788 
f 6//789 440//789 4//789 
f 454//790 453//790 455//790 
f 454//791 5//791 444//791 
f 454//792 452//792 453//792 
f 454//793 444//793 452//793 
f 16//794 445//794 14//794 
f 9//795 446//795 442//795 
f 9//796 442//796 10//796 
f 19//797 447//797 443//797 
f 19//798 14//798 447//798 
f 19//799 443//799 6//799 
f 7//800 455//800 2//800 
f 7//801 454//801 455//801 
f 7//802 5//802 454//802 
f 11//803 449//803 445//803 
f 11//804 10//804 449//804 
f 11//805 445//805 16//805 
f 24//806 456//806 451//806 
f 24//807 23//807 456//807 
f 24//808 446//808 9//808 
f 24//809 450//809 446//809 
f 24//810 451//810 450//810 
f 15//811 14//811 19//811 
f 457//812 458//812 459//812 
f 460//813 461//813 462//813 
f 460//814 463//814 461//814 
f 464//815 465//815 463//815 
f 464//816 463//816 460//816 
f 466//817 465//817 464//817 
f 466//818 467//818 465//818 
f 468//819 467//819 466//819 
f 468//820 469//820 467//820 
f 470//821 469//821 468//821 
f 470//822 471//822 469//822 
f 472//823 473//823 471//823 
f 472//824 471//824 470//824 
f 474//825 475//825 473//825 
f 474//826 473//826 472//826 
f 476//827 475//827 474//827 
f 476//828 477//828 475//828 
f 478//829 479//829 477//829 
f 478//830 477//830 476//830 
f 480//831 481//831 479//831 
f 480//832 479//832 478//832 
f 482//833 481//833 480//833 
f 482//834 483//834 481//834 
f 484//835 485//835 486//835 
f 484//836 487//836 483//836 
f 484//837 486//837 487//837 
f 484//838 483//838 482//838 
f 488//839 462//839 489//839 
f 488//840 460//840 462//840 
f 490//841 464//841 460//841 
f 490//842 460//842 488//842 
f 491//843 466//843 464//843 
f 491//844 464//844 490//844 
f 492//845 466//845 491//845 
f 492//846 468//846 466//846 
f 493//847 470//847 468//847 
f 493//848 468//848 492//848 
f 494//849 472//849 470//849 
f 494//850 470//850 493//850 
f 495//851 474//851 472//851 
f 495//852 472//852 494//852 
f 496//853 476//853 474//853 
f 496//854 474//854 495//854 
f 497//855 476//855 496//855 
f 497//856 478//856 476//856 
f 498//857 478//857 497//857 
f 498//858 480//858 478//858 
f 499//859 482//859 480//859 
f 499//860 480//860 498//860 
f 500//861 484//861 482//861 
f 500//862 485//862 484//862 
f 500//863 482//863 499//863 
f 500//864 501//864 485//864 
f 502//865 489//865 503//865 
f 502//866 488//866 489//866 
f 504//867 488//867 502//867 
f 504//868 490//868 488//868 
f 505//869 491//869 490//869 
f 505//870 490//870 504//870 
f 506//871 491//871 505//871 
f 506//872 492//872 491//872 
f 507//873 493//873 492//873 
f 507//874 492//874 506//874 
f 508//875 493//875 507//875 
f 508//876 494//876 493//876 
f 509//877 494//877 508//877 
f 509//878 495//878 494//878 
f 510//879 495//879 509//879 
f 510//880 496//880 495//880 
f 511//881 497//881 496//881 
f 511//882 496//882 510//882 
f 512//883 498//883 497//883 
f 512//884 497//884 511//884 
f 513//885 498//885 512//885 
f 513//886 499//886 498//886 
f 514//887 500//887 499//887 
f 514//888 515//888 501//888 
f 514//889 499//889 513//889 
f 514//890 501//890 500//890 
f 516//891 503//891 517//891 
f 516//892 502//892 503//892 
f 518//893 504//893 502//893 
f 518//894 502//894 516//894 
f 519//895 504//895 518//895 
f 519//896 505//896 504//896 
f 520//897 505//897 519//897 
f 520//898 506//898 505//898 
f 521//899 507//899 506//899 
f 521//900 506//900 520//900 
f 522//901 508//901 507//901 
f 522//902 507//902 521//902 
f 523//903 509//903 508//903 
f 523//904 508//904 522//904 
f 524//905 510//905 509//905 
f 524//906 509//906 523//906 
f 525//907 511//907 510//907 
f 525//908 510//908 524//908 
f 526//909 511//909 525//909 
f 526//910 512//910 511//910 
f 527//911 513//911 512//911 
f 527//912 512//912 526//912 
f 528//913 529//913 515//913 
f 528//914 514//914 513//914 
f 528//915 513//915 527//915 
f 528//916 515//916 514//916 
f 530//917 516//917 517//917 
f 530//918 517//918 531//918 
f 532//919 518//919 516//919 
f 532//920 516//920 530//920 
f 533//921 519//921 518//921 
f 533//922 518//922 532//922 
f 534//923 520//923 519//923 
f 534//924 519//924 533//924 
f 535//925 521//925 520//925 
f 535//926 520//926 534//926 
f 535//927 522//927 521//927 
f 536//928 522//928 535//928 
f 537//929 522//929 536//929 
f 537//930 523//930 522//930 
f 538//931 523//931 537//931 
f 538//932 524//932 523//932 
f 539//933 524//933 538//933 
f 539//934 525//934 524//934 
f 540//935 525//935 539//935 
f 540//936 526//936 525//936 
f 541//937 526//937 540//937 
f 541//938 527//938 526//938 
f 542//939 527//939 541//939 
f 542//940 543//940 529//940 
f 542//941 529//941 528//941 
f 542//942 528//942 527//942 
f 544//943 531//943 545//943 
f 544//944 530//944 531//944 
f 546//945 530//945 544//945 
f 546//946 532//946 530//946 
f 547//947 533//947 532//947 
f 547//948 532//948 546//948 
f 547//949 534//949 533//949 
f 548//950 534//950 547//950 
f 549//951 534//951 548//951 
f 549//952 535//952 534//952 
f 550//953 536//953 535//953 
f 550//954 535//954 549//954 
f 551//955 537//955 536//955 
f 551//956 536//956 550//956 
f 552//957 537//957 551//957 
f 552//958 538//958 537//958 
f 552//959 539//959 538//959 
f 553//960 539//960 552//960 
f 554//961 540//961 539//961 
f 554//962 539//962 553//962 
f 555//963 541//963 540//963 
f 555//964 542//964 541//964 
f 555//965 540//965 554//965 
f 556//966 543//966 542//966 
f 556//967 557//967 543//967 
f 556//968 542//968 555//968 
f 558//969 545//969 559//969 
f 558//970 544//970 545//970 
f 558//971 546//971 544//971 
f 560//972 546//972 558//972 
f 561//973 547//973 546//973 
f 561//974 546//974 560//974 
f 562//975 548//975 547//975 
f 562//976 547//976 561//976 
f 563//977 549//977 548//977 
f 563//978 548//978 562//978 
f 564//979 550//979 549//979 
f 564//980 549//980 563//980 
f 565//981 551//981 550//981 
f 565//982 552//982 551//982 
f 565//983 550//983 564//983 
f 566//984 552//984 565//984 
f 567//985 553//985 552//985 
f 567//986 552//986 566//986 
f 568//987 554//987 553//987 
f 568//988 555//988 554//988 
f 568//989 553//989 567//989 
f 569//990 555//990 568//990 
f 570//991 571//991 557//991 
f 570//992 557//992 556//992 
f 570//993 556//993 555//993 
f 570//994 555//994 569//994 
f 572//995 559//995 573//995 
f 572//996 558//996 559//996 
f 574//997 560//997 558//997 
f 574//998 558//998 572//998 
f 575//999 560//999 574//999 
f 575//1000 561//1000 560//1000 
f 576//1001 561//1001 575//1001 
f 576//1002 563//1002 562//1002 
f 576//1003 562//1003 561//1003 
f 577//1004 563//1004 576//1004 
f 578//1005 563//1005 577//1005 
f 578//1006 564//1006 563//1006 
f 578//1007 565//1007 564//1007 
f 579//1008 565//1008 578//1008 
f 580//1009 566//1009 565//1009 
f 580//1010 565//1010 579//1010 
f 581//1011 566//1011 580//1011 
f 581//1012 567//1012 566//1012 
f 582//1013 567//1013 581//1013 
f 582//1014 568//1014 567//1014 
f 583//1015 568//1015 582//1015 
f 583//1016 569//1016 568//1016 
f 584//1017 569//1017 583//1017 
f 584//1018 585//1018 571//1018 
f 584//1019 571//1019 570//1019 
f 584//1020 570//1020 569//1020 
f 586//1021 573//1021 587//1021 
f 586//1022 574//1022 572//1022 
f 586//1023 572//1023 573//1023 
f 588//1024 574//1024 586//1024 
f 589//1025 575//1025 574//1025 
f 589//1026 574//1026 588//1026 
f 590//1027 576//1027 575//1027 
f 590//1028 575//1028 589//1028 
f 591//1029 577//1029 576//1029 
f 591//1030 576//1030 590//1030 
f 592//1031 578//1031 577//1031 
f 592//1032 577//1032 591//1032 
f 593//1033 578//1033 592//1033 
f 593//1034 579//1034 578//1034 
f 594//1035 580//1035 579//1035 
f 594//1036 579//1036 593//1036 
f 595//1037 581//1037 580//1037 
f 595//1038 580//1038 594//1038 
f 596//1039 582//1039 581//1039 
f 596//1040 581//1040 595//1040 
f 597//1041 583//1041 582//1041 
f 597//1042 582//1042 596//1042 
f 598//1043 583//1043 597//1043 
f 598//1044 584//1044 583//1044 
f 598//1045 585//1045 584//1045 
f 598//1046 599//1046 585//1046 
f 600//1047 587//1047 601//1047 
f 600//1048 586//1048 587//1048 
f 602//1049 588//1049 586//1049 
f 602//1050 586//1050 600//1050 
f 603//1051 589//1051 588//1051 
f 603//1052 588//1052 602//1052 
f 604//1053 590//1053 589//1053 
f 604//1054 589//1054 603//1054 
f 605//1055 591//1055 590//1055 
f 605//1056 590//1056 604//1056 
f 606//1057 592//1057 591//1057 
f 606//1058 591//1058 605//1058 
f 607//1059 594//1059 593//1059 
f 607//1060 593//1060 592//1060 
f 607//1061 592//1061 606//1061 
f 608//1062 594//1062 607//1062 
f 609//1063 595//1063 594//1063 
f 609//1064 594//1064 608//1064 
f 610//1065 595//1065 609//1065 
f 610//1066 596//1066 595//1066 
f 611//1067 598//1067 597//1067 
f 611//1068 597//1068 596//1068 
f 611//1069 596//1069 610//1069 
f 612//1070 613//1070 599//1070 
f 612//1071 599//1071 598//1071 
f 612//1072 598//1072 611//1072 
f 614//1073 601//1073 615//1073 
f 614//1074 602//1074 600//1074 
f 614//1075 600//1075 601//1075 
f 616//1076 602//1076 614//1076 
f 617//1077 602//1077 616//1077 
f 617//1078 603//1078 602//1078 
f 618//1079 603//1079 617//1079 
f 618//1080 604//1080 603//1080 
f 618//1081 605//1081 604//1081 
f 619//1082 605//1082 618//1082 
f 620//1083 605//1083 619//1083 
f 620//1084 606//1084 605//1084 
f 620//1085 607//1085 606//1085 
f 621//1086 607//1086 620//1086 
f 621//1087 608//1087 607//1087 
f 622//1088 608//1088 621//1088 
f 623//1089 608//1089 622//1089 
f 623//1090 609//1090 608//1090 
f 624//1091 609//1091 623//1091 
f 624//1092 610//1092 609//1092 
f 625//1093 611//1093 610//1093 
f 625//1094 612//1094 611//1094 
f 625//1095 610//1095 624//1095 
f 626//1096 612//1096 625//1096 
f 626//1097 627//1097 613//1097 
f 626//1098 613//1098 612//1098 
f 628//1099 615//1099 629//1099 
f 628//1100 614//1100 615//1100 
f 630//1101 616//1101 614//1101 
f 630//1102 614//1102 628//1102 
f 631//1103 617//1103 616//1103 
f 631//1104 616//1104 630//1104 
f 632//1105 618//1105 617//1105 
f 632//1106 617//1106 631//1106 
f 633//1107 619//1107 618//1107 
f 633//1108 618//1108 632//1108 
f 634//1109 620//1109 619//1109 
f 634//1110 619//1110 633//1110 
f 635//1111 621//1111 620//1111 
f 635//1112 622//1112 621//1112 
f 635//1113 620//1113 634//1113 
f 636//1114 622//1114 635//1114 
f 637//1115 624//1115 623//1115 
f 637//1116 622//1116 636//1116 
f 637//1117 623//1117 622//1117 
f 638//1118 625//1118 624//1118 
f 638//1119 624//1119 637//1119 
f 639//1120 625//1120 638//1120 
f 640//1121 626//1121 625//1121 
f 640//1122 625//1122 639//1122 
f 640//1123 627//1123 626//1123 
f 640//1124 641//1124 627//1124 
f 642//1125 628//1125 629//1125 
f 642//1126 629//1126 643//1126 
f 642//1127 630//1127 628//1127 
f 644//1128 630//1128 642//1128 
f 645//1129 630//1129 644//1129 
f 645//1130 631//1130 630//1130 
f 646//1131 631//1131 645//1131 
f 646//1132 632//1132 631//1132 
f 646//1133 633//1133 632//1133 
f 647//1134 633//1134 646//1134 
f 648//1135 634//1135 633//1135 
f 648//1136 633//1136 647//1136 
f 649//1137 636//1137 635//1137 
f 649//1138 634//1138 648//1138 
f 649//1139 635//1139 634//1139 
f 650//1140 636//1140 649//1140 
f 651//1141 637//1141 636//1141 
f 651//1142 636//1142 650//1142 
f 652//1143 638//1143 637//1143 
f 652//1144 637//1144 651//1144 
f 653//1145 639//1145 638//1145 
f 653//1146 638//1146 652//1146 
f 654//1147 639//1147 653//1147 
f 654//1148 640//1148 639//1148 
f 654//1149 655//1149 641//1149 
f 654//1150 641//1150 640//1150 
f 656//1151 657//1151 658//1151 
f 656//1152 643//1152 657//1152 
f 656//1153 642//1153 643//1153 
f 659//1154 644//1154 642//1154 
f 659//1155 642//1155 656//1155 
f 660//1156 644//1156 659//1156 
f 660//1157 645//1157 644//1157 
f 661//1158 646//1158 645//1158 
f 661//1159 645//1159 660//1159 
f 662//1160 646//1160 661//1160 
f 662//1161 647//1161 646//1161 
f 662//1162 648//1162 647//1162 
f 663//1163 648//1163 662//1163 
f 664//1164 648//1164 663//1164 
f 664//1165 649//1165 648//1165 
f 665//1166 649//1166 664//1166 
f 665//1167 650//1167 649//1167 
f 666//1168 651//1168 650//1168 
f 666//1169 650//1169 665//1169 
f 667//1170 653//1170 652//1170 
f 667//1171 652//1171 651//1171 
f 667//1172 651//1172 666//1172 
f 668//1173 653//1173 667//1173 
f 669//1174 653//1174 668//1174 
f 669//1175 654//1175 653//1175 
f 669//1176 655//1176 654//1176 
f 669//1177 670//1177 655//1177 
f 671//1178 659//1178 656//1178 
f 671//1179 656//1179 658//1179 
f 672//1180 659//1180 671//1180 
f 673//1181 660//1181 659//1181 
f 673//1182 659//1182 672//1182 
f 673//1183 661//1183 660//1183 
f 674//1184 661//1184 673//1184 
f 675//1185 662//1185 661//1185 
f 675//1186 661//1186 674//1186 
f 676//1187 663//1187 662//1187 
f 676//1188 662//1188 675//1188 
f 677//1189 664//1189 663//1189 
f 677//1190 665//1190 664//1190 
f 677//1191 663//1191 676//1191 
f 678//1192 665//1192 677//1192 
f 679//1193 666//1193 665//1193 
f 679//1194 665//1194 678//1194 
f 680//1195 667//1195 666//1195 
f 680//1196 668//1196 667//1196 
f 680//1197 666//1197 679//1197 
f 681//1198 668//1198 680//1198 
f 682//1199 669//1199 668//1199 
f 682//1200 668//1200 681//1200 
f 682//1201 670//1201 669//1201 
f 682//1202 683//1202 670//1202 
f 684//1203 685//1203 686//1203 
f 684//1204 658//1204 685//1204 
f 684//1205 671//1205 658//1205 
f 687//1206 671//1206 684//1206 
f 687//1207 672//1207 671//1207 
f 688//1208 673//1208 672//1208 
f 688//1209 672//1209 687//1209 
f 689//1210 674//1210 673//1210 
f 689//1211 673//1211 688//1211 
f 690//1212 675//1212 674//1212 
f 690//1213 674//1213 689//1213 
f 691//1214 676//1214 675//1214 
f 691//1215 675//1215 690//1215 
f 692//1216 677//1216 676//1216 
f 692//1217 676//1217 691//1217 
f 693//1218 678//1218 677//1218 
f 693//1219 677//1219 692//1219 
f 694//1220 679//1220 678//1220 
f 694//1221 678//1221 693//1221 
f 695//1222 679//1222 694//1222 
f 695//1223 680//1223 679//1223 
f 696//1224 680//1224 695//1224 
f 696//1225 681//1225 680//1225 
f 697//1226 681//1226 696//1226 
f 697//1227 682//1227 681//1227 
f 697//1228 698//1228 683//1228 
f 697//1229 683//1229 682//1229 
f 699//1230 686//1230 700//1230 
f 699//1231 684//1231 686//1231 
f 701//1232 684//1232 699//1232 
f 701//1233 687//1233 684//1233 
f 701//1234 688//1234 687//1234 
f 702//1235 688//1235 701//1235 
f 703//1236 688//1236 702//1236 
f 703//1237 689//1237 688//1237 
f 703//1238 690//1238 689//1238 
f 704//1239 690//1239 703//1239 
f 705//1240 690//1240 704//1240 
f 705//1241 691//1241 690//1241 
f 706//1242 692//1242 691//1242 
f 706//1243 693//1243 692//1243 
f 706//1244 691//1244 705//1244 
f 707//1245 693//1245 706//1245 
f 708//1246 694//1246 693//1246 
f 708//1247 693//1247 707//1247 
f 709//1248 695//1248 694//1248 
f 709//1249 694//1249 708//1249 
f 710//1250 696//1250 695//1250 
f 710//1251 697//1251 696//1251 
f 710//1252 695//1252 709//1252 
f 711//1253 698//1253 697//1253 
f 711//1254 697//1254 710//1254 
f 711//1255 712//1255 698//1255 
f 713//1256 700//1256 714//1256 
f 713//1257 699//1257 700//1257 
f 715//1258 701//1258 699//1258 
f 715//1259 699//1259 713//1259 
f 715//1260 702//1260 701//1260 
f 716//1261 702//1261 715//1261 
f 717//1262 703//1262 702//1262 
f 717//1263 702//1263 716//1263 
f 718//1264 705//1264 704//1264 
f 718//1265 704//1265 703//1265 
f 718//1266 703//1266 717//1266 
f 719//1267 706//1267 705//1267 
f 719//1268 705//1268 718//1268 
f 720//1269 706//1269 719//1269 
f 721//1270 706//1270 720//1270 
f 721//1271 707//1271 706//1271 
f 722//1272 708//1272 707//1272 
f 722//1273 707//1273 721//1273 
f 723//1274 709//1274 708//1274 
f 723//1275 708//1275 722//1275 
f 724//1276 710//1276 709//1276 
f 724//1277 709//1277 723//1277 
f 725//1278 711//1278 710//1278 
f 725//1279 712//1279 711//1279 
f 725//1280 726//1280 712//1280 
f 725//1281 710//1281 724//1281 
f 727//1282 713//1282 714//1282 
f 728//1283 715//1283 713//1283 
f 728//1284 713//1284 727//1284 
f 729//1285 716//1285 715//1285 
f 729//1286 715//1286 728//1286 
f 730//1287 717//1287 716//1287 
f 730//1288 716//1288 729//1288 
f 731//1289 718//1289 717//1289 
f 731//1290 717//1290 730//1290 
f 732//1291 719//1291 718//1291 
f 732//1292 718//1292 731//1292 
f 733//1293 719//1293 732//1293 
f 733//1294 720//1294 719//1294 
f 734//1295 720//1295 733//1295 
f 734//1296 721//1296 720//1296 
f 734//1297 722//1297 721//1297 
f 735//1298 722//1298 734//1298 
f 736//1299 722//1299 735//1299 
f 736//1300 723//1300 722//1300 
f 737//1301 723//1301 736//1301 
f 737//1302 724//1302 723//1302 
f 737//1303 725//1303 724//1303 
f 738//1304 725//1304 737//1304 
f 738//1305 739//1305 726//1305 
f 738//1306 726//1306 725//1306 
f 740//1307 741//1307 742//1307 
f 740//1308 714//1308 741//1308 
f 740//1309 727//1309 714//1309 
f 743//1310 727//1310 740//1310 
f 743//1311 728//1311 727//1311 
f 743//1312 729//1312 728//1312 
f 744//1313 729//1313 743//1313 
f 745//1314 730//1314 729//1314 
f 745//1315 729//1315 744//1315 
f 746//1316 732//1316 731//1316 
f 746//1317 731//1317 730//1317 
f 746//1318 730//1318 745//1318 
f 747//1319 732//1319 746//1319 
f 748//1320 733//1320 732//1320 
f 748//1321 734//1321 733//1321 
f 748//1322 732//1322 747//1322 
f 749//1323 734//1323 748//1323 
f 750//1324 735//1324 734//1324 
f 750//1325 734//1325 749//1325 
f 751//1326 736//1326 735//1326 
f 751//1327 735//1327 750//1327 
f 752//1328 736//1328 751//1328 
f 752//1329 737//1329 736//1329 
f 753//1330 738//1330 737//1330 
f 753//1331 739//1331 738//1331 
f 753//1332 754//1332 739//1332 
f 753//1333 737//1333 752//1333 
f 755//1334 740//1334 742//1334 
f 756//1335 744//1335 743//1335 
f 756//1336 740//1336 755//1336 
f 756//1337 743//1337 740//1337 
f 757//1338 744//1338 756//1338 
f 758//1339 745//1339 744//1339 
f 758//1340 744//1340 757//1340 
f 759//1341 746//1341 745//1341 
f 759//1342 747//1342 746//1342 
f 759//1343 745//1343 758//1343 
f 760//1344 747//1344 759//1344 
f 761//1345 748//1345 747//1345 
f 761//1346 747//1346 760//1346 
f 762//1347 749//1347 748//1347 
f 762//1348 750//1348 749//1348 
f 762//1349 748//1349 761//1349 
f 763//1350 750//1350 762//1350 
f 764//1351 750//1351 763//1351 
f 764//1352 751//1352 750//1352 
f 765//1353 752//1353 751//1353 
f 765//1354 753//1354 752//1354 
f 765//1355 751//1355 764//1355 
f 766//1356 753//1356 765//1356 
f 766//1357 767//1357 754//1357 
f 766//1358 768//1358 767//1358 
f 766//1359 754//1359 753//1359 
f 769//1360 770//1360 771//1360 
f 769//1361 742//1361 770//1361 
f 769//1362 755//1362 742//1362 
f 772//1363 756//1363 755//1363 
f 772//1364 755//1364 769//1364 
f 773//1365 757//1365 756//1365 
f 773//1366 756//1366 772//1366 
f 774//1367 758//1367 757//1367 
f 774//1368 757//1368 773//1368 
f 775//1369 759//1369 758//1369 
f 775//1370 758//1370 774//1370 
f 776//1371 759//1371 775//1371 
f 776//1372 760//1372 759//1372 
f 777//1373 760//1373 776//1373 
f 777//1374 761//1374 760//1374 
f 778//1375 761//1375 777//1375 
f 778//1376 762//1376 761//1376 
f 779//1377 763//1377 762//1377 
f 779//1378 762//1378 778//1378 
f 780//1379 763//1379 779//1379 
f 780//1380 764//1380 763//1380 
f 781//1381 764//1381 780//1381 
f 781//1382 765//1382 764//1382 
f 782//1383 765//1383 781//1383 
f 782//1384 766//1384 765//1384 
f 782//1385 768//1385 766//1385 
f 783//1386 771//1386 458//1386 
f 783//1387 769//1387 771//1387 
f 784//1388 772//1388 769//1388 
f 784//1389 773//1389 772//1389 
f 784//1390 769//1390 783//1390 
f 785//1391 773//1391 784//1391 
f 786//1392 774//1392 773//1392 
f 786//1393 773//1393 785//1393 
f 787//1394 775//1394 774//1394 
f 787//1395 774//1395 786//1395 
f 788//1396 776//1396 775//1396 
f 788//1397 777//1397 776//1397 
f 788//1398 775//1398 787//1398 
f 789//1399 777//1399 788//1399 
f 790//1400 778//1400 777//1400 
f 790//1401 779//1401 778//1401 
f 790//1402 777//1402 789//1402 
f 791//1403 780//1403 779//1403 
f 791//1404 779//1404 790//1404 
f 792//1405 780//1405 791//1405 
f 792//1406 781//1406 780//1406 
f 793//1407 781//1407 792//1407 
f 794//1408 782//1408 781//1408 
f 794//1409 768//1409 782//1409 
f 794//1410 795//1410 768//1410 
f 794//1411 781//1411 793//1411 
f 796//1412 458//1412 457//1412 
f 796//1413 783//1413 458//1413 
f 796//1414 784//1414 783//1414 
f 797//1415 457//1415 798//1415 
f 797//1416 798//1416 799//1416 
f 797//1417 796//1417 457//1417 
f 797//1418 784//1418 796//1418 
f 800//1419 785//1419 784//1419 
f 800//1420 784//1420 797//1420 
f 800//1421 797//1421 799//1421 
f 801//1422 785//1422 800//1422 
f 801//1423 799//1423 802//1423 
f 801//1424 802//1424 803//1424 
f 801//1425 787//1425 786//1425 
f 801//1426 786//1426 785//1426 
f 801//1427 800//1427 799//1427 
f 804//1428 801//1428 803//1428 
f 804//1429 787//1429 801//1429 
f 805//1430 803//1430 806//1430 
f 805//1431 806//1431 807//1431 
f 805//1432 788//1432 787//1432 
f 805//1433 787//1433 804//1433 
f 805//1434 804//1434 803//1434 
f 808//1435 805//1435 807//1435 
f 808//1436 789//1436 788//1436 
f 808//1437 788//1437 805//1437 
f 809//1438 789//1438 808//1438 
f 809//1439 807//1439 810//1439 
f 809//1440 790//1440 789//1440 
f 809//1441 791//1441 790//1441 
f 809//1442 808//1442 807//1442 
f 811//1443 810//1443 812//1443 
f 811//1444 812//1444 813//1444 
f 811//1445 809//1445 810//1445 
f 811//1446 791//1446 809//1446 
f 814//1447 813//1447 815//1447 
f 814//1448 792//1448 791//1448 
f 814//1449 811//1449 813//1449 
f 814//1450 793//1450 792//1450 
f 814//1451 791//1451 811//1451 
f 816//1452 815//1452 817//1452 
f 816//1453 794//1453 793//1453 
f 816//1454 814//1454 815//1454 
f 816//1455 793//1455 814//1455 
f 818//1456 817//1456 819//1456 
f 818//1457 820//1457 795//1457 
f 818//1458 819//1458 820//1458 
f 818//1459 795//1459 794//1459 
f 818//1460 816//1460 817//1460 
f 818//1461 794//1461 816//1461 
f 821//1462 822//1462 823//1462 
f 824//1463 825//1463 821//1463 
f 826//1464 827//1464 824//1464 
f 828//1465 829//1465 826//1465 
f 830//1466 831//1466 828//1466 
f 832//1467 833//1467 834//1467 
f 835//1468 832//1468 836//1468 
f 837//1469 835//1469 838//1469 
f 839//1470 837//1470 840//1470 
f 841//1471 839//1471 842//1471 
f 843//1472 844//1472 845//1472 
f 846//1473 844//1473 843//1473 
f 847//1474 844//1474 846//1474 
f 848//1475 844//1475 847//1475 
f 849//1476 844//1476 848//1476 
f 850//1477 844//1477 849//1477 
f 851//1478 852//1478 853//1478 
f 851//1479 853//1479 854//1479 
f 855//1480 856//1480 852//1480 
f 855//1481 852//1481 851//1481 
f 855//1482 851//1482 857//1482 
f 858//1483 855//1483 857//1483 
f 858//1484 859//1484 856//1484 
f 858//1485 856//1485 855//1485 
f 860//1486 859//1486 858//1486 
f 860//1487 861//1487 859//1487 
f 860//1488 858//1488 857//1488 
f 862//1489 860//1489 857//1489 
f 862//1490 861//1490 860//1490 
f 862//1491 863//1491 861//1491 
f 864//1492 857//1492 865//1492 
f 864//1493 862//1493 857//1493 
f 864//1494 866//1494 863//1494 
f 864//1495 865//1495 866//1495 
f 864//1496 863//1496 862//1496 
f 867//1497 851//1497 854//1497 
f 867//1498 854//1498 823//1498 
f 867//1499 857//1499 851//1499 
f 867//1500 823//1500 822//1500 
f 868//1501 867//1501 822//1501 
f 868//1502 857//1502 867//1502 
f 869//1503 857//1503 868//1503 
f 869//1504 868//1504 822//1504 
f 870//1505 857//1505 869//1505 
f 870//1506 869//1506 822//1506 
f 871//1507 870//1507 822//1507 
f 871//1508 857//1508 870//1508 
f 872//1509 822//1509 857//1509 
f 872//1510 871//1510 822//1510 
f 872//1511 857//1511 871//1511 
f 873//1512 822//1512 821//1512 
f 873//1513 821//1513 825//1513 
f 874//1514 873//1514 825//1514 
f 874//1515 822//1515 873//1515 
f 875//1516 874//1516 825//1516 
f 875//1517 822//1517 874//1517 
f 876//1518 822//1518 875//1518 
f 876//1519 875//1519 825//1519 
f 877//1520 822//1520 876//1520 
f 877//1521 876//1521 825//1521 
f 878//1522 825//1522 822//1522 
f 878//1523 822//1523 877//1523 
f 878//1524 877//1524 825//1524 
f 879//1525 824//1525 827//1525 
f 879//1526 825//1526 824//1526 
f 880//1527 879//1527 827//1527 
f 880//1528 825//1528 879//1528 
f 881//1529 825//1529 880//1529 
f 881//1530 880//1530 827//1530 
f 882//1531 825//1531 881//1531 
f 882//1532 881//1532 827//1532 
f 883//1533 825//1533 882//1533 
f 883//1534 882//1534 827//1534 
f 884//1535 827//1535 825//1535 
f 884//1536 825//1536 883//1536 
f 884//1537 883//1537 827//1537 
f 885//1538 826//1538 829//1538 
f 885//1539 827//1539 826//1539 
f 886//1540 827//1540 885//1540 
f 886//1541 885//1541 829//1541 
f 887//1542 827//1542 886//1542 
f 887//1543 886//1543 829//1543 
f 888//1544 827//1544 887//1544 
f 888//1545 887//1545 829//1545 
f 889//1546 827//1546 888//1546 
f 889//1547 888//1547 829//1547 
f 890//1548 827//1548 889//1548 
f 890//1549 889//1549 829//1549 
f 890//1550 829//1550 827//1550 
f 891//1551 828//1551 831//1551 
f 891//1552 829//1552 828//1552 
f 892//1553 891//1553 831//1553 
f 892//1554 829//1554 891//1554 
f 893//1555 892//1555 831//1555 
f 893//1556 829//1556 892//1556 
f 894//1557 893//1557 831//1557 
f 894//1558 829//1558 893//1558 
f 895//1559 894//1559 831//1559 
f 895//1560 829//1560 894//1560 
f 896//1561 831//1561 829//1561 
f 896//1562 895//1562 831//1562 
f 896//1563 829//1563 895//1563 
f 897//1564 831//1564 830//1564 
f 898//1565 831//1565 897//1565 
f 899//1566 831//1566 898//1566 
f 900//1567 831//1567 899//1567 
f 901//1568 831//1568 900//1568 
f 902//1569 903//1569 831//1569 
f 902//1570 831//1570 901//1570 
f 904//1571 897//1571 830//1571 
f 904//1572 898//1572 897//1572 
f 904//1573 899//1573 898//1573 
f 904//1574 900//1574 899//1574 
f 904//1575 830//1575 905//1575 
f 906//1576 901//1576 900//1576 
f 906//1577 902//1577 901//1577 
f 906//1578 900//1578 904//1578 
f 907//1579 903//1579 902//1579 
f 907//1580 902//1580 906//1580 
f 908//1581 904//1581 905//1581 
f 909//1582 904//1582 908//1582 
f 910//1583 904//1583 909//1583 
f 911//1584 904//1584 910//1584 
f 912//1585 906//1585 904//1585 
f 912//1586 907//1586 906//1586 
f 912//1587 904//1587 911//1587 
f 913//1588 914//1588 903//1588 
f 913//1589 903//1589 907//1589 
f 913//1590 907//1590 912//1590 
f 915//1591 908//1591 905//1591 
f 915//1592 905//1592 916//1592 
f 915//1593 909//1593 908//1593 
f 915//1594 910//1594 909//1594 
f 915//1595 911//1595 910//1595 
f 915//1596 912//1596 911//1596 
f 917//1597 912//1597 915//1597 
f 918//1598 914//1598 913//1598 
f 918//1599 913//1599 912//1599 
f 918//1600 912//1600 917//1600 
f 919//1601 915//1601 916//1601 
f 920//1602 915//1602 919//1602 
f 921//1603 915//1603 920//1603 
f 922//1604 917//1604 915//1604 
f 922//1605 915//1605 921//1605 
f 923//1606 918//1606 917//1606 
f 923//1607 917//1607 922//1607 
f 924//1608 925//1608 914//1608 
f 924//1609 914//1609 918//1609 
f 924//1610 918//1610 923//1610 
f 926//1611 916//1611 927//1611 
f 926//1612 919//1612 916//1612 
f 926//1613 920//1613 919//1613 
f 926//1614 921//1614 920//1614 
f 926//1615 922//1615 921//1615 
f 928//1616 923//1616 922//1616 
f 928//1617 922//1617 926//1617 
f 929//1618 924//1618 923//1618 
f 929//1619 923//1619 928//1619 
f 929//1620 925//1620 924//1620 
f 930//1621 926//1621 927//1621 
f 931//1622 926//1622 930//1622 
f 932//1623 926//1623 931//1623 
f 933//1624 926//1624 932//1624 
f 934//1625 928//1625 926//1625 
f 934//1626 929//1626 928//1626 
f 934//1627 926//1627 933//1627 
f 935//1628 925//1628 929//1628 
f 935//1629 929//1629 934//1629 
f 935//1630 936//1630 925//1630 
f 937//1631 930//1631 927//1631 
f 937//1632 931//1632 930//1632 
f 937//1633 932//1633 931//1633 
f 937//1634 933//1634 932//1634 
f 937//1635 934//1635 933//1635 
f 937//1636 927//1636 938//1636 
f 939//1637 934//1637 937//1637 
f 940//1638 935//1638 934//1638 
f 940//1639 936//1639 935//1639 
f 940//1640 934//1640 939//1640 
f 941//1641 937//1641 938//1641 
f 942//1642 937//1642 941//1642 
f 943//1643 937//1643 942//1643 
f 944//1644 937//1644 943//1644 
f 945//1645 939//1645 937//1645 
f 945//1646 940//1646 939//1646 
f 945//1647 937//1647 944//1647 
f 946//1648 936//1648 940//1648 
f 946//1649 947//1649 936//1649 
f 946//1650 940//1650 945//1650 
f 948//1651 941//1651 938//1651 
f 948//1652 942//1652 941//1652 
f 948//1653 943//1653 942//1653 
f 948//1654 944//1654 943//1654 
f 948//1655 938//1655 949//1655 
f 948//1656 945//1656 944//1656 
f 950//1657 946//1657 945//1657 
f 950//1658 945//1658 948//1658 
f 951//1659 947//1659 946//1659 
f 951//1660 946//1660 950//1660 
f 952//1661 948//1661 949//1661 
f 953//1662 948//1662 952//1662 
f 954//1663 948//1663 953//1663 
f 955//1664 948//1664 954//1664 
f 956//1665 950//1665 948//1665 
f 956//1666 948//1666 955//1666 
f 957//1667 958//1667 947//1667 
f 957//1668 947//1668 951//1668 
f 957//1669 951//1669 950//1669 
f 957//1670 950//1670 956//1670 
f 959//1671 952//1671 949//1671 
f 959//1672 949//1672 960//1672 
f 959//1673 953//1673 952//1673 
f 959//1674 954//1674 953//1674 
f 959//1675 955//1675 954//1675 
f 959//1676 956//1676 955//1676 
f 961//1677 956//1677 959//1677 
f 962//1678 958//1678 957//1678 
f 962//1679 957//1679 956//1679 
f 962//1680 956//1680 961//1680 
f 963//1681 959//1681 960//1681 
f 964//1682 959//1682 963//1682 
f 965//1683 959//1683 964//1683 
f 966//1684 959//1684 965//1684 
f 967//1685 961//1685 959//1685 
f 967//1686 962//1686 961//1686 
f 967//1687 959//1687 966//1687 
f 968//1688 962//1688 967//1688 
f 968//1689 969//1689 958//1689 
f 968//1690 958//1690 962//1690 
f 970//1691 965//1691 964//1691 
f 970//1692 960//1692 971//1692 
f 970//1693 963//1693 960//1693 
f 970//1694 964//1694 963//1694 
f 970//1695 966//1695 965//1695 
f 972//1696 967//1696 966//1696 
f 972//1697 966//1697 970//1697 
f 973//1698 967//1698 972//1698 
f 973//1699 968//1699 967//1699 
f 973//1700 969//1700 968//1700 
f 974//1701 970//1701 971//1701 
f 975//1702 970//1702 974//1702 
f 976//1703 970//1703 975//1703 
f 977//1704 970//1704 976//1704 
f 978//1705 972//1705 970//1705 
f 978//1706 970//1706 977//1706 
f 979//1707 973//1707 972//1707 
f 979//1708 969//1708 973//1708 
f 979//1709 972//1709 978//1709 
f 979//1710 980//1710 969//1710 
f 981//1711 971//1711 982//1711 
f 981//1712 974//1712 971//1712 
f 981//1713 975//1713 974//1713 
f 981//1714 976//1714 975//1714 
f 981//1715 977//1715 976//1715 
f 983//1716 978//1716 977//1716 
f 983//1717 977//1717 981//1717 
f 984//1718 979//1718 978//1718 
f 984//1719 980//1719 979//1719 
f 984//1720 978//1720 983//1720 
f 985//1721 981//1721 982//1721 
f 986//1722 981//1722 985//1722 
f 987//1723 981//1723 986//1723 
f 988//1724 981//1724 987//1724 
f 989//1725 983//1725 981//1725 
f 989//1726 981//1726 988//1726 
f 990//1727 991//1727 980//1727 
f 990//1728 980//1728 984//1728 
f 990//1729 984//1729 983//1729 
f 990//1730 983//1730 989//1730 
f 992//1731 982//1731 993//1731 
f 992//1732 985//1732 982//1732 
f 992//1733 986//1733 985//1733 
f 992//1734 987//1734 986//1734 
f 992//1735 988//1735 987//1735 
f 994//1736 989//1736 988//1736 
f 994//1737 990//1737 989//1737 
f 994//1738 988//1738 992//1738 
f 995//1739 991//1739 990//1739 
f 995//1740 990//1740 994//1740 
f 996//1741 992//1741 993//1741 
f 997//1742 992//1742 996//1742 
f 998//1743 992//1743 997//1743 
f 999//1744 992//1744 998//1744 
f 1000//1745 994//1745 992//1745 
f 1000//1746 992//1746 999//1746 
f 1001//1747 1002//1747 991//1747 
f 1001//1748 991//1748 995//1748 
f 1001//1749 995//1749 994//1749 
f 1001//1750 994//1750 1000//1750 
f 1003//1751 993//1751 1004//1751 
f 1003//1752 996//1752 993//1752 
f 1003//1753 997//1753 996//1753 
f 1003//1754 998//1754 997//1754 
f 1003//1755 999//1755 998//1755 
f 1005//1756 1000//1756 999//1756 
f 1005//1757 1001//1757 1000//1757 
f 1005//1758 999//1758 1003//1758 
f 1006//1759 1002//1759 1001//1759 
f 1006//1760 1001//1760 1005//1760 
f 1007//1761 1003//1761 1004//1761 
f 1008//1762 1003//1762 1007//1762 
f 1009//1763 1003//1763 1008//1763 
f 1010//1764 1003//1764 1009//1764 
f 1011//1765 1006//1765 1005//1765 
f 1011//1766 1003//1766 1010//1766 
f 1011//1767 1005//1767 1003//1767 
f 1012//1768 1006//1768 1011//1768 
f 1012//1769 1013//1769 1002//1769 
f 1012//1770 1002//1770 1006//1770 
f 1014//1771 1010//1771 1009//1771 
f 1014//1772 1007//1772 1004//1772 
f 1014//1773 1008//1773 1007//1773 
f 1014//1774 1004//1774 1015//1774 
f 1014//1775 1009//1775 1008//1775 
f 1016//1776 1011//1776 1010//1776 
f 1016//1777 1010//1777 1014//1777 
f 1017//1778 1012//1778 1011//1778 
f 1017//1779 1013//1779 1012//1779 
f 1017//1780 1011//1780 1016//1780 
f 1018//1781 1014//1781 1015//1781 
f 1019//1782 1014//1782 1018//1782 
f 1020//1783 1014//1783 1019//1783 
f 1021//1784 1014//1784 1020//1784 
f 1022//1785 1016//1785 1014//1785 
f 1022//1786 1017//1786 1016//1786 
f 1022//1787 1014//1787 1021//1787 
f 1023//1788 1013//1788 1017//1788 
f 1023//1789 1024//1789 1013//1789 
f 1023//1790 1017//1790 1022//1790 
f 1025//1791 1015//1791 1026//1791 
f 1025//1792 1018//1792 1015//1792 
f 1025//1793 1019//1793 1018//1793 
f 1025//1794 1020//1794 1019//1794 
f 1025//1795 1021//1795 1020//1795 
f 1027//1796 1022//1796 1021//1796 
f 1027//1797 1021//1797 1025//1797 
f 1027//1798 1023//1798 1022//1798 
f 1028//1799 1024//1799 1023//1799 
f 1028//1800 1023//1800 1027//1800 
f 1029//1801 1025//1801 1026//1801 
f 1030//1802 1025//1802 1029//1802 
f 1031//1803 1025//1803 1030//1803 
f 1032//1804 1027//1804 1025//1804 
f 1032//1805 1025//1805 1031//1805 
f 1033//1806 1027//1806 1032//1806 
f 1034//1807 833//1807 1024//1807 
f 1034//1808 1024//1808 1028//1808 
f 1034//1809 1028//1809 1027//1809 
f 1034//1810 1027//1810 1033//1810 
f 1035//1811 1026//1811 834//1811 
f 1035//1812 1029//1812 1026//1812 
f 1035//1813 1030//1813 1029//1813 
f 1035//1814 1031//1814 1030//1814 
f 1035//1815 1032//1815 1031//1815 
f 1036//1816 1035//1816 834//1816 
f 1036//1817 1032//1817 1035//1817 
f 1037//1818 1033//1818 1032//1818 
f 1037//1819 1034//1819 1033//1819 
f 1037//1820 1036//1820 834//1820 
f 1037//1821 1032//1821 1036//1821 
f 1038//1822 834//1822 833//1822 
f 1038//1823 1034//1823 1037//1823 
f 1038//1824 833//1824 1034//1824 
f 1038//1825 1037//1825 834//1825 
f 1039//1826 834//1826 836//1826 
f 1040//1827 834//1827 1039//1827 
f 1040//1828 1039//1828 836//1828 
f 1041//1829 834//1829 1040//1829 
f 1041//1830 1040//1830 836//1830 
f 1042//1831 832//1831 834//1831 
f 1042//1832 836//1832 832//1832 
f 1042//1833 834//1833 1041//1833 
f 1042//1834 1041//1834 836//1834 
f 1043//1835 836//1835 838//1835 
f 1044//1836 836//1836 1043//1836 
f 1044//1837 1043//1837 838//1837 
f 1045//1838 836//1838 1044//1838 
f 1045//1839 1044//1839 838//1839 
f 1046//1840 1045//1840 838//1840 
f 1046//1841 838//1841 835//1841 
f 1046//1842 835//1842 836//1842 
f 1046//1843 836//1843 1045//1843 
f 1047//1844 838//1844 840//1844 
f 1048//1845 838//1845 1047//1845 
f 1048//1846 1047//1846 840//1846 
f 1049//1847 838//1847 1048//1847 
f 1049//1848 1048//1848 840//1848 
f 1050//1849 838//1849 1049//1849 
f 1050//1850 1049//1850 840//1850 
f 1050//1851 840//1851 837//1851 
f 1050//1852 837//1852 838//1852 
f 1051//1853 840//1853 842//1853 
f 1052//1854 840//1854 1051//1854 
f 1052//1855 1051//1855 842//1855 
f 1053//1856 840//1856 1052//1856 
f 1053//1857 1052//1857 842//1857 
f 1054//1858 840//1858 1053//1858 
f 1054//1859 1053//1859 842//1859 
f 1055//1860 840//1860 1054//1860 
f 1055//1861 1054//1861 842//1861 
f 1055//1862 839//1862 840//1862 
f 1055//1863 842//1863 839//1863 
f 1056//1864 842//1864 844//1864 
f 1057//1865 842//1865 1056//1865 
f 1057//1866 1056//1866 844//1866 
f 1058//1867 842//1867 1057//1867 
f 1058//1868 1057//1868 844//1868 
f 1059//1869 842//1869 1058//1869 
f 1059//1870 1058//1870 844//1870 
f 1060//1871 850//1871 1061//1871 
f 1060//1872 842//1872 1059//1872 
f 1060//1873 1061//1873 841//1873 
f 1060//1874 1059//1874 844//1874 
f 1060//1875 841//1875 842//1875 
f 1060//1876 844//1876 850//1876 
f 1062//1877 1063//1877 1064//1877 
f 1065//1878 1066//1878 1067//1878 
f 1065//1879 1068//1879 1066//1879 
f 1069//1880 1070//1880 1068//1880 
f 1069//1881 1068//1881 1065//1881 
f 1071//1882 1070//1882 1069//1882 
f 1071//1883 1072//1883 1070//1883 
f 1073//1884 1074//1884 1072//1884 
f 1073//1885 1072//1885 1071//1885 
f 1075//1886 1074//1886 1073//1886 
f 1075//1887 1076//1887 1074//1887 
f 1077//1888 1076//1888 1075//1888 
f 1077//1889 1078//1889 1076//1889 
f 1079//1890 1078//1890 1077//1890 
f 1079//1891 1080//1891 1078//1891 
f 1081//1892 1082//1892 1083//1892 
f 1081//1893 1084//1893 1080//1893 
f 1081//1894 1083//1894 1084//1894 
f 1081//1895 1080//1895 1079//1895 
f 1085//1896 1067//1896 1086//1896 
f 1085//1897 1065//1897 1067//1897 
f 1087//1898 1069//1898 1065//1898 
f 1087//1899 1065//1899 1085//1899 
f 1088//1900 1069//1900 1087//1900 
f 1088//1901 1071//1901 1069//1901 
f 1089//1902 1073//1902 1071//1902 
f 1089//1903 1071//1903 1088//1903 
f 1090//1904 1075//1904 1073//1904 
f 1090//1905 1073//1905 1089//1905 
f 1091//1906 1075//1906 1090//1906 
f 1091//1907 1077//1907 1075//1907 
f 1092//1908 1077//1908 1091//1908 
f 1092//1909 1079//1909 1077//1909 
f 1093//1910 1094//1910 1082//1910 
f 1093//1911 1079//1911 1092//1911 
f 1093//1912 1082//1912 1081//1912 
f 1093//1913 1081//1913 1079//1913 
f 1095//1914 1086//1914 1096//1914 
f 1095//1915 1085//1915 1086//1915 
f 1097//1916 1085//1916 1095//1916 
f 1097//1917 1087//1917 1085//1917 
f 1098//1918 1087//1918 1097//1918 
f 1098//1919 1088//1919 1087//1919 
f 1099//1920 1088//1920 1098//1920 
f 1099//1921 1089//1921 1088//1921 
f 1100//1922 1089//1922 1099//1922 
f 1100//1923 1090//1923 1089//1923 
f 1100//1924 1091//1924 1090//1924 
f 1101//1925 1091//1925 1100//1925 
f 1102//1926 1092//1926 1091//1926 
f 1102//1927 1091//1927 1101//1927 
f 1103//1928 1093//1928 1092//1928 
f 1103//1929 1104//1929 1094//1929 
f 1103//1930 1094//1930 1093//1930 
f 1103//1931 1092//1931 1102//1931 
f 1105//1932 1096//1932 1106//1932 
f 1105//1933 1095//1933 1096//1933 
f 1107//1934 1097//1934 1095//1934 
f 1107//1935 1095//1935 1105//1935 
f 1108//1936 1097//1936 1107//1936 
f 1108//1937 1098//1937 1097//1937 
f 1109//1938 1099//1938 1098//1938 
f 1109//1939 1098//1939 1108//1939 
f 1109//1940 1100//1940 1099//1940 
f 1110//1941 1100//1941 1109//1941 
f 1111//1942 1101//1942 1100//1942 
f 1111//1943 1100//1943 1110//1943 
f 1112//1944 1101//1944 1111//1944 
f 1112//1945 1102//1945 1101//1945 
f 1113//1946 1103//1946 1102//1946 
f 1113//1947 1102//1947 1112//1947 
f 1113//1948 1114//1948 1104//1948 
f 1113//1949 1104//1949 1103//1949 
f 1115//1950 1107//1950 1105//1950 
f 1115//1951 1106//1951 1116//1951 
f 1115//1952 1105//1952 1106//1952 
f 1117//1953 1107//1953 1115//1953 
f 1118//1954 1108//1954 1107//1954 
f 1118//1955 1107//1955 1117//1955 
f 1119//1956 1109//1956 1108//1956 
f 1119//1957 1108//1957 1118//1957 
f 1120//1958 1110//1958 1109//1958 
f 1120//1959 1109//1959 1119//1959 
f 1121//1960 1110//1960 1120//1960 
f 1121//1961 1111//1961 1110//1961 
f 1122//1962 1112//1962 1111//1962 
f 1122//1963 1111//1963 1121//1963 
f 1123//1964 1113//1964 1112//1964 
f 1123//1965 1114//1965 1113//1965 
f 1123//1966 1124//1966 1114//1966 
f 1123//1967 1112//1967 1122//1967 
f 1125//1968 1116//1968 1126//1968 
f 1125//1969 1115//1969 1116//1969 
f 1127//1970 1115//1970 1125//1970 
f 1127//1971 1117//1971 1115//1971 
f 1128//1972 1117//1972 1127//1972 
f 1128//1973 1118//1973 1117//1973 
f 1128//1974 1119//1974 1118//1974 
f 1129//1975 1120//1975 1119//1975 
f 1129//1976 1119//1976 1128//1976 
f 1130//1977 1121//1977 1120//1977 
f 1130//1978 1120//1978 1129//1978 
f 1131//1979 1121//1979 1130//1979 
f 1132//1980 1122//1980 1121//1980 
f 1132//1981 1123//1981 1122//1981 
f 1132//1982 1121//1982 1131//1982 
f 1133//1983 1134//1983 1124//1983 
f 1133//1984 1124//1984 1123//1984 
f 1133//1985 1123//1985 1132//1985 
f 1135//1986 1127//1986 1125//1986 
f 1135//1987 1125//1987 1126//1987 
f 1135//1988 1126//1988 1136//1988 
f 1137//1989 1127//1989 1135//1989 
f 1138//1990 1127//1990 1137//1990 
f 1138//1991 1128//1991 1127//1991 
f 1139//1992 1129//1992 1128//1992 
f 1139//1993 1128//1993 1138//1993 
f 1140//1994 1129//1994 1139//1994 
f 1140//1995 1130//1995 1129//1995 
f 1141//1996 1131//1996 1130//1996 
f 1141//1997 1130//1997 1140//1997 
f 1142//1998 1132//1998 1131//1998 
f 1142//1999 1131//1999 1141//1999 
f 1143//2000 1144//2000 1134//2000 
f 1143//2001 1134//2001 1133//2001 
f 1143//2002 1133//2002 1132//2002 
f 1143//2003 1132//2003 1142//2003 
f 1145//2004 1136//2004 1146//2004 
f 1145//2005 1135//2005 1136//2005 
f 1147//2006 1138//2006 1137//2006 
f 1147//2007 1135//2007 1145//2007 
f 1147//2008 1137//2008 1135//2008 
f 1148//2009 1138//2009 1147//2009 
f 1148//2010 1139//2010 1138//2010 
f 1149//2011 1139//2011 1148//2011 
f 1149//2012 1140//2012 1139//2012 
f 1150//2013 1140//2013 1149//2013 
f 1150//2014 1141//2014 1140//2014 
f 1151//2015 1141//2015 1150//2015 
f 1151//2016 1142//2016 1141//2016 
f 1152//2017 1142//2017 1151//2017 
f 1153//2018 1142//2018 1152//2018 
f 1153//2019 1154//2019 1144//2019 
f 1153//2020 1144//2020 1143//2020 
f 1153//2021 1143//2021 1142//2021 
f 1155//2022 1146//2022 1156//2022 
f 1155//2023 1145//2023 1146//2023 
f 1157//2024 1147//2024 1145//2024 
f 1157//2025 1145//2025 1155//2025 
f 1158//2026 1148//2026 1147//2026 
f 1158//2027 1147//2027 1157//2027 
f 1159//2028 1149//2028 1148//2028 
f 1159//2029 1148//2029 1158//2029 
f 1160//2030 1150//2030 1149//2030 
f 1160//2031 1149//2031 1159//2031 
f 1161//2032 1151//2032 1150//2032 
f 1161//2033 1150//2033 1160//2033 
f 1162//2034 1152//2034 1151//2034 
f 1162//2035 1151//2035 1161//2035 
f 1163//2036 1153//2036 1152//2036 
f 1163//2037 1154//2037 1153//2037 
f 1163//2038 1152//2038 1162//2038 
f 1163//2039 1164//2039 1154//2039 
f 1165//2040 1156//2040 1166//2040 
f 1165//2041 1155//2041 1156//2041 
f 1167//2042 1158//2042 1157//2042 
f 1167//2043 1155//2043 1165//2043 
f 1167//2044 1157//2044 1155//2044 
f 1168//2045 1159//2045 1158//2045 
f 1168//2046 1158//2046 1167//2046 
f 1169//2047 1159//2047 1168//2047 
f 1169//2048 1160//2048 1159//2048 
f 1170//2049 1161//2049 1160//2049 
f 1170//2050 1160//2050 1169//2050 
f 1171//2051 1162//2051 1161//2051 
f 1171//2052 1161//2052 1170//2052 
f 1172//2053 1163//2053 1162//2053 
f 1172//2054 1162//2054 1171//2054 
f 1173//2055 1174//2055 1164//2055 
f 1173//2056 1164//2056 1163//2056 
f 1173//2057 1163//2057 1172//2057 
f 1175//2058 1166//2058 1176//2058 
f 1175//2059 1167//2059 1165//2059 
f 1175//2060 1165//2060 1166//2060 
f 1177//2061 1167//2061 1175//2061 
f 1178//2062 1168//2062 1167//2062 
f 1178//2063 1167//2063 1177//2063 
f 1179//2064 1169//2064 1168//2064 
f 1179//2065 1168//2065 1178//2065 
f 1180//2066 1170//2066 1169//2066 
f 1180//2067 1171//2067 1170//2067 
f 1180//2068 1169//2068 1179//2068 
f 1181//2069 1171//2069 1180//2069 
f 1182//2070 1172//2070 1171//2070 
f 1182//2071 1171//2071 1181//2071 
f 1183//2072 1184//2072 1174//2072 
f 1183//2073 1174//2073 1173//2073 
f 1183//2074 1173//2074 1172//2074 
f 1183//2075 1172//2075 1182//2075 
f 1185//2076 1186//2076 1187//2076 
f 1185//2077 1176//2077 1186//2077 
f 1185//2078 1175//2078 1176//2078 
f 1188//2079 1177//2079 1175//2079 
f 1188//2080 1175//2080 1185//2080 
f 1189//2081 1178//2081 1177//2081 
f 1189//2082 1177//2082 1188//2082 
f 1190//2083 1179//2083 1178//2083 
f 1190//2084 1178//2084 1189//2084 
f 1191//2085 1180//2085 1179//2085 
f 1191//2086 1179//2086 1190//2086 
f 1192//2087 1180//2087 1191//2087 
f 1192//2088 1181//2088 1180//2088 
f 1193//2089 1181//2089 1192//2089 
f 1193//2090 1182//2090 1181//2090 
f 1194//2091 1182//2091 1193//2091 
f 1194//2092 1195//2092 1184//2092 
f 1194//2093 1184//2093 1183//2093 
f 1194//2094 1183//2094 1182//2094 
f 1196//2095 1185//2095 1187//2095 
f 1197//2096 1189//2096 1188//2096 
f 1197//2097 1185//2097 1196//2097 
f 1197//2098 1188//2098 1185//2098 
f 1198//2099 1189//2099 1197//2099 
f 1199//2100 1190//2100 1189//2100 
f 1199//2101 1189//2101 1198//2101 
f 1200//2102 1191//2102 1190//2102 
f 1200//2103 1190//2103 1199//2103 
f 1201//2104 1191//2104 1200//2104 
f 1201//2105 1192//2105 1191//2105 
f 1202//2106 1193//2106 1192//2106 
f 1202//2107 1192//2107 1201//2107 
f 1203//2108 1194//2108 1193//2108 
f 1203//2109 1195//2109 1194//2109 
f 1203//2110 1193//2110 1202//2110 
f 1203//2111 1204//2111 1195//2111 
f 1205//2112 1187//2112 1206//2112 
f 1205//2113 1197//2113 1196//2113 
f 1205//2114 1196//2114 1187//2114 
f 1207//2115 1197//2115 1205//2115 
f 1208//2116 1198//2116 1197//2116 
f 1208//2117 1199//2117 1198//2117 
f 1208//2118 1197//2118 1207//2118 
f 1209//2119 1199//2119 1208//2119 
f 1210//2120 1200//2120 1199//2120 
f 1210//2121 1199//2121 1209//2121 
f 1211//2122 1201//2122 1200//2122 
f 1211//2123 1202//2123 1201//2123 
f 1211//2124 1200//2124 1210//2124 
f 1212//2125 1202//2125 1211//2125 
f 1212//2126 1203//2126 1202//2126 
f 1213//2127 1204//2127 1203//2127 
f 1213//2128 1214//2128 1204//2128 
f 1213//2129 1203//2129 1212//2129 
f 1215//2130 1216//2130 1217//2130 
f 1215//2131 1206//2131 1216//2131 
f 1215//2132 1205//2132 1206//2132 
f 1215//2133 1207//2133 1205//2133 
f 1218//2134 1207//2134 1215//2134 
f 1219//2135 1208//2135 1207//2135 
f 1219//2136 1207//2136 1218//2136 
f 1220//2137 1209//2137 1208//2137 
f 1220//2138 1208//2138 1219//2138 
f 1221//2139 1210//2139 1209//2139 
f 1221//2140 1209//2140 1220//2140 
f 1221//2141 1211//2141 1210//2141 
f 1222//2142 1212//2142 1211//2142 
f 1222//2143 1211//2143 1221//2143 
f 1223//2144 1212//2144 1222//2144 
f 1224//2145 1225//2145 1214//2145 
f 1224//2146 1214//2146 1213//2146 
f 1224//2147 1213//2147 1212//2147 
f 1224//2148 1212//2148 1223//2148 
f 1226//2149 1215//2149 1217//2149 
f 1227//2150 1215//2150 1226//2150 
f 1227//2151 1218//2151 1215//2151 
f 1228//2152 1218//2152 1227//2152 
f 1228//2153 1219//2153 1218//2153 
f 1229//2154 1220//2154 1219//2154 
f 1229//2155 1219//2155 1228//2155 
f 1230//2156 1221//2156 1220//2156 
f 1230//2157 1220//2157 1229//2157 
f 1231//2158 1222//2158 1221//2158 
f 1231//2159 1221//2159 1230//2159 
f 1232//2160 1222//2160 1231//2160 
f 1232//2161 1223//2161 1222//2161 
f 1233//2162 1223//2162 1232//2162 
f 1233//2163 1234//2163 1225//2163 
f 1233//2164 1225//2164 1224//2164 
f 1233//2165 1224//2165 1223//2165 
f 1235//2166 1217//2166 1236//2166 
f 1235//2167 1227//2167 1226//2167 
f 1235//2168 1226//2168 1217//2168 
f 1237//2169 1227//2169 1235//2169 
f 1238//2170 1229//2170 1228//2170 
f 1238//2171 1228//2171 1227//2171 
f 1238//2172 1227//2172 1237//2172 
f 1239//2173 1229//2173 1238//2173 
f 1240//2174 1230//2174 1229//2174 
f 1240//2175 1231//2175 1230//2175 
f 1240//2176 1229//2176 1239//2176 
f 1241//2177 1231//2177 1240//2177 
f 1241//2178 1232//2178 1231//2178 
f 1242//2179 1232//2179 1241//2179 
f 1243//2180 1233//2180 1232//2180 
f 1243//2181 1234//2181 1233//2181 
f 1243//2182 1232//2182 1242//2182 
f 1243//2183 1244//2183 1234//2183 
f 1245//2184 1236//2184 1246//2184 
f 1245//2185 1237//2185 1235//2185 
f 1245//2186 1235//2186 1236//2186 
f 1247//2187 1237//2187 1245//2187 
f 1248//2188 1237//2188 1247//2188 
f 1248//2189 1238//2189 1237//2189 
f 1249//2190 1239//2190 1238//2190 
f 1249//2191 1238//2191 1248//2191 
f 1250//2192 1240//2192 1239//2192 
f 1250//2193 1241//2193 1240//2193 
f 1250//2194 1239//2194 1249//2194 
f 1251//2195 1241//2195 1250//2195 
f 1252//2196 1242//2196 1241//2196 
f 1252//2197 1241//2197 1251//2197 
f 1253//2198 1243//2198 1242//2198 
f 1253//2199 1244//2199 1243//2199 
f 1253//2200 1254//2200 1244//2200 
f 1253//2201 1242//2201 1252//2201 
f 1255//2202 1246//2202 1256//2202 
f 1255//2203 1245//2203 1246//2203 
f 1255//2204 1247//2204 1245//2204 
f 1257//2205 1247//2205 1255//2205 
f 1258//2206 1248//2206 1247//2206 
f 1258//2207 1249//2207 1248//2207 
f 1258//2208 1247//2208 1257//2208 
f 1259//2209 1249//2209 1258//2209 
f 1260//2210 1250//2210 1249//2210 
f 1260//2211 1251//2211 1250//2211 
f 1260//2212 1249//2212 1259//2212 
f 1261//2213 1252//2213 1251//2213 
f 1261//2214 1251//2214 1260//2214 
f 1262//2215 1252//2215 1261//2215 
f 1263//2216 1264//2216 1254//2216 
f 1263//2217 1254//2217 1253//2217 
f 1263//2218 1253//2218 1252//2218 
f 1263//2219 1252//2219 1262//2219 
f 1265//2220 1266//2220 1267//2220 
f 1265//2221 1256//2221 1266//2221 
f 1265//2222 1255//2222 1256//2222 
f 1268//2223 1257//2223 1255//2223 
f 1268//2224 1255//2224 1265//2224 
f 1269//2225 1258//2225 1257//2225 
f 1269//2226 1257//2226 1268//2226 
f 1270//2227 1259//2227 1258//2227 
f 1270//2228 1258//2228 1269//2228 
f 1271//2229 1259//2229 1270//2229 
f 1271//2230 1260//2230 1259//2230 
f 1272//2231 1260//2231 1271//2231 
f 1272//2232 1261//2232 1260//2232 
f 1273//2233 1261//2233 1272//2233 
f 1273//2234 1262//2234 1261//2234 
f 1274//2235 1262//2235 1273//2235 
f 1274//2236 1275//2236 1264//2236 
f 1274//2237 1264//2237 1263//2237 
f 1274//2238 1263//2238 1262//2238 
f 1276//2239 1265//2239 1267//2239 
f 1277//2240 1268//2240 1265//2240 
f 1277//2241 1265//2241 1276//2241 
f 1278//2242 1268//2242 1277//2242 
f 1278//2243 1269//2243 1268//2243 
f 1279//2244 1269//2244 1278//2244 
f 1279//2245 1271//2245 1270//2245 
f 1279//2246 1270//2246 1269//2246 
f 1280//2247 1271//2247 1279//2247 
f 1280//2248 1272//2248 1271//2248 
f 1281//2249 1272//2249 1280//2249 
f 1282//2250 1273//2250 1272//2250 
f 1282//2251 1272//2251 1281//2251 
f 1283//2252 1274//2252 1273//2252 
f 1283//2253 1273//2253 1282//2253 
f 1283//2254 1284//2254 1275//2254 
f 1283//2255 1275//2255 1274//2255 
f 1285//2256 1267//2256 1286//2256 
f 1285//2257 1277//2257 1276//2257 
f 1285//2258 1276//2258 1267//2258 
f 1287//2259 1277//2259 1285//2259 
f 1288//2260 1279//2260 1278//2260 
f 1288//2261 1277//2261 1287//2261 
f 1288//2262 1278//2262 1277//2262 
f 1289//2263 1279//2263 1288//2263 
f 1290//2264 1280//2264 1279//2264 
f 1290//2265 1279//2265 1289//2265 
f 1291//2266 1281//2266 1280//2266 
f 1291//2267 1280//2267 1290//2267 
f 1292//2268 1282//2268 1281//2268 
f 1292//2269 1281//2269 1291//2269 
f 1293//2270 1283//2270 1282//2270 
f 1293//2271 1284//2271 1283//2271 
f 1293//2272 1294//2272 1284//2272 
f 1293//2273 1295//2273 1294//2273 
f 1293//2274 1282//2274 1292//2274 
f 1296//2275 1297//2275 1063//2275 
f 1296//2276 1286//2276 1297//2276 
f 1296//2277 1285//2277 1286//2277 
f 1298//2278 1285//2278 1296//2278 
f 1298//2279 1287//2279 1285//2279 
f 1299//2280 1288//2280 1287//2280 
f 1299//2281 1287//2281 1298//2281 
f 1300//2282 1289//2282 1288//2282 
f 1300//2283 1288//2283 1299//2283 
f 1301//2284 1290//2284 1289//2284 
f 1301//2285 1289//2285 1300//2285 
f 1302//2286 1291//2286 1290//2286 
f 1302//2287 1290//2287 1301//2287 
f 1303//2288 1292//2288 1291//2288 
f 1303//2289 1291//2289 1302//2289 
f 1304//2290 1293//2290 1292//2290 
f 1304//2291 1295//2291 1293//2291 
f 1304//2292 1292//2292 1303//2292 
f 1305//2293 1296//2293 1063//2293 
f 1305//2294 1298//2294 1296//2294 
f 1305//2295 1063//2295 1062//2295 
f 1306//2296 1062//2296 1307//2296 
f 1306//2297 1307//2297 1308//2297 
f 1306//2298 1305//2298 1062//2298 
f 1306//2299 1298//2299 1305//2299 
f 1309//2300 1299//2300 1298//2300 
f 1309//2301 1298//2301 1306//2301 
f 1309//2302 1306//2302 1308//2302 
f 1310//2303 1308//2303 1311//2303 
f 1310//2304 1300//2304 1299//2304 
f 1310//2305 1301//2305 1300//2305 
f 1310//2306 1299//2306 1309//2306 
f 1310//2307 1309//2307 1308//2307 
f 1312//2308 1311//2308 1313//2308 
f 1312//2309 1301//2309 1310//2309 
f 1312//2310 1310//2310 1311//2310 
f 1314//2311 1313//2311 1315//2311 
f 1314//2312 1302//2312 1301//2312 
f 1314//2313 1303//2313 1302//2313 
f 1314//2314 1301//2314 1312//2314 
f 1314//2315 1312//2315 1313//2315 
f 1316//2316 1315//2316 1317//2316 
f 1316//2317 1314//2317 1315//2317 
f 1316//2318 1303//2318 1314//2318 
f 1318//2319 1317//2319 1319//2319 
f 1318//2320 1319//2320 1320//2320 
f 1318//2321 1321//2321 1295//2321 
f 1318//2322 1320//2322 1321//2322 
f 1318//2323 1316//2323 1317//2323 
f 1318//2324 1295//2324 1304//2324 
f 1318//2325 1304//2325 1303//2325 
f 1318//2326 1303//2326 1316//2326 
f 1322//2327 1323//2327 1324//2327 
f 1325//2328 1323//2328 1322//2328 
f 1326//2329 1323//2329 1325//2329 
f 1326//2330 1327//2330 1323//2330 
f 1328//2331 1327//2331 1326//2331 
f 1328//2332 1329//2332 1330//2332 
f 1328//2333 1331//2333 1327//2333 
f 1328//2334 1330//2334 1331//2334 
f 1332//2335 1322//2335 1333//2335 
f 1332//2336 1325//2336 1322//2336 
f 1334//2337 1326//2337 1325//2337 
f 1334//2338 1325//2338 1332//2338 
f 1335//2339 1336//2339 1329//2339 
f 1335//2340 1326//2340 1334//2340 
f 1335//2341 1329//2341 1328//2341 
f 1335//2342 1328//2342 1326//2342 
f 1337//2343 1338//2343 1339//2343 
f 1337//2344 1333//2344 1338//2344 
f 1337//2345 1332//2345 1333//2345 
f 1340//2346 1332//2346 1337//2346 
f 1340//2347 1334//2347 1332//2347 
f 1341//2348 1336//2348 1335//2348 
f 1341//2349 1335//2349 1334//2349 
f 1341//2350 1342//2350 1336//2350 
f 1341//2351 1334//2351 1340//2351 
f 1343//2352 1337//2352 1339//2352 
f 1344//2353 1340//2353 1337//2353 
f 1344//2354 1341//2354 1340//2354 
f 1344//2355 1337//2355 1343//2355 
f 1345//2356 1346//2356 1342//2356 
f 1345//2357 1341//2357 1344//2357 
f 1345//2358 1342//2358 1341//2358 
f 1347//2359 1348//2359 1349//2359 
f 1347//2360 1339//2360 1348//2360 
f 1347//2361 1343//2361 1339//2361 
f 1350//2362 1344//2362 1343//2362 
f 1350//2363 1343//2363 1347//2363 
f 1351//2364 1346//2364 1345//2364 
f 1351//2365 1352//2365 1346//2365 
f 1351//2366 1344//2366 1350//2366 
f 1351//2367 1345//2367 1344//2367 
f 1353//2368 1349//2368 1354//2368 
f 1353//2369 1347//2369 1349//2369 
f 1355//2370 1347//2370 1353//2370 
f 1355//2371 1350//2371 1347//2371 
f 1356//2372 1352//2372 1351//2372 
f 1356//2373 1357//2373 1352//2373 
f 1356//2374 1350//2374 1355//2374 
f 1356//2375 1351//2375 1350//2375 
f 1358//2376 1353//2376 1354//2376 
f 1359//2377 1353//2377 1358//2377 
f 1359//2378 1355//2378 1353//2378 
f 1360//2379 1355//2379 1359//2379 
f 1360//2380 1361//2380 1357//2380 
f 1360//2381 1357//2381 1356//2381 
f 1360//2382 1356//2382 1355//2382 
f 1362//2383 1363//2383 1364//2383 
f 1362//2384 1354//2384 1363//2384 
f 1362//2385 1359//2385 1358//2385 
f 1362//2386 1358//2386 1354//2386 
f 1365//2387 1359//2387 1362//2387 
f 1366//2388 1367//2388 1361//2388 
f 1366//2389 1360//2389 1359//2389 
f 1366//2390 1359//2390 1365//2390 
f 1366//2391 1361//2391 1360//2391 
f 1368//2392 1365//2392 1362//2392 
f 1368//2393 1362//2393 1364//2393 
f 1369//2394 1365//2394 1368//2394 
f 1370//2395 1365//2395 1369//2395 
f 1370//2396 1371//2396 1367//2396 
f 1370//2397 1367//2397 1366//2397 
f 1370//2398 1366//2398 1365//2398 
f 1372//2399 1364//2399 1373//2399 
f 1372//2400 1368//2400 1364//2400 
f 1374//2401 1369//2401 1368//2401 
f 1374//2402 1368//2402 1372//2402 
f 1375//2403 1376//2403 1371//2403 
f 1375//2404 1371//2404 1370//2404 
f 1375//2405 1370//2405 1369//2405 
f 1375//2406 1369//2406 1374//2406 
f 1377//2407 1373//2407 1378//2407 
f 1377//2408 1372//2408 1373//2408 
f 1379//2409 1372//2409 1377//2409 
f 1379//2410 1374//2410 1372//2410 
f 1380//2411 1375//2411 1374//2411 
f 1380//2412 1374//2412 1379//2412 
f 1380//2413 1381//2413 1376//2413 
f 1380//2414 1376//2414 1375//2414 
f 1382//2415 1378//2415 1383//2415 
f 1382//2416 1377//2416 1378//2416 
f 1384//2417 1377//2417 1382//2417 
f 1384//2418 1379//2418 1377//2418 
f 1385//2419 1381//2419 1380//2419 
f 1385//2420 1379//2420 1384//2420 
f 1385//2421 1386//2421 1381//2421 
f 1385//2422 1380//2422 1379//2422 
f 1387//2423 1388//2423 1389//2423 
f 1387//2424 1383//2424 1388//2424 
f 1387//2425 1382//2425 1383//2425 
f 1390//2426 1384//2426 1382//2426 
f 1390//2427 1382//2427 1387//2427 
f 1391//2428 1385//2428 1384//2428 
f 1391//2429 1386//2429 1385//2429 
f 1391//2430 1384//2430 1390//2430 
f 1391//2431 1392//2431 1386//2431 
f 1393//2432 1387//2432 1389//2432 
f 1394//2433 1390//2433 1387//2433 
f 1394//2434 1387//2434 1393//2434 
f 1395//2435 1391//2435 1390//2435 
f 1395//2436 1392//2436 1391//2436 
f 1395//2437 1390//2437 1394//2437 
f 1395//2438 1396//2438 1392//2438 
f 1397//2439 1389//2439 1398//2439 
f 1397//2440 1393//2440 1389//2440 
f 1399//2441 1394//2441 1393//2441 
f 1399//2442 1393//2442 1397//2442 
f 1400//2443 1395//2443 1394//2443 
f 1400//2444 1396//2444 1395//2444 
f 1400//2445 1394//2445 1399//2445 
f 1400//2446 1401//2446 1396//2446 
f 1402//2447 1398//2447 1403//2447 
f 1402//2448 1397//2448 1398//2448 
f 1402//2449 1399//2449 1397//2449 
f 1404//2450 1399//2450 1402//2450 
f 1405//2451 1400//2451 1399//2451 
f 1405//2452 1406//2452 1401//2452 
f 1405//2453 1401//2453 1400//2453 
f 1405//2454 1399//2454 1404//2454 
f 1407//2455 1403//2455 1408//2455 
f 1407//2456 1402//2456 1403//2456 
f 1409//2457 1402//2457 1407//2457 
f 1409//2458 1404//2458 1402//2458 
f 1410//2459 1411//2459 1406//2459 
f 1410//2460 1405//2460 1404//2460 
f 1410//2461 1406//2461 1405//2461 
f 1410//2462 1404//2462 1409//2462 
f 1412//2463 1408//2463 1413//2463 
f 1412//2464 1407//2464 1408//2464 
f 1412//2465 1409//2465 1407//2465 
f 1414//2466 1409//2466 1412//2466 
f 1415//2467 1416//2467 1411//2467 
f 1415//2468 1411//2468 1410//2468 
f 1415//2469 1410//2469 1409//2469 
f 1415//2470 1409//2470 1414//2470 
f 1417//2471 1413//2471 1418//2471 
f 1417//2472 1412//2472 1413//2472 
f 1417//2473 1414//2473 1412//2473 
f 1419//2474 1414//2474 1417//2474 
f 1420//2475 1421//2475 1416//2475 
f 1420//2476 1416//2476 1415//2476 
f 1420//2477 1415//2477 1414//2477 
f 1420//2478 1414//2478 1419//2478 
f 1422//2479 1418//2479 1423//2479 
f 1422//2480 1417//2480 1418//2480 
f 1424//2481 1419//2481 1417//2481 
f 1424//2482 1417//2482 1422//2482 
f 1425//2483 1426//2483 1421//2483 
f 1425//2484 1421//2484 1420//2484 
f 1425//2485 1420//2485 1419//2485 
f 1425//2486 1419//2486 1424//2486 
f 1427//2487 1423//2487 1428//2487 
f 1427//2488 1422//2488 1423//2488 
f 1427//2489 1424//2489 1422//2489 
f 1429//2490 1424//2490 1427//2490 
f 1430//2491 1431//2491 1426//2491 
f 1430//2492 1426//2492 1425//2492 
f 1430//2493 1425//2493 1424//2493 
f 1430//2494 1424//2494 1429//2494 
f 1432//2495 1428//2495 1433//2495 
f 1432//2496 1427//2496 1428//2496 
f 1434//2497 1427//2497 1432//2497 
f 1434//2498 1429//2498 1427//2498 
f 1435//2499 1429//2499 1434//2499 
f 1435//2500 1436//2500 1431//2500 
f 1435//2501 1431//2501 1430//2501 
f 1435//2502 1430//2502 1429//2502 
f 1437//2503 1433//2503 1438//2503 
f 1437//2504 1432//2504 1433//2504 
f 1439//2505 1434//2505 1432//2505 
f 1439//2506 1432//2506 1437//2506 
f 1440//2507 1434//2507 1439//2507 
f 1440//2508 1441//2508 1436//2508 
f 1440//2509 1436//2509 1435//2509 
f 1440//2510 1435//2510 1434//2510 
f 1442//2511 1443//2511 1444//2511 
f 1442//2512 1438//2512 1443//2512 
f 1442//2513 1439//2513 1437//2513 
f 1442//2514 1444//2514 1445//2514 
f 1442//2515 1437//2515 1438//2515 
f 1446//2516 1442//2516 1445//2516 
f 1446//2517 1445//2517 1447//2517 
f 1446//2518 1439//2518 1442//2518 
f 1448//2519 1441//2519 1440//2519 
f 1448//2520 1446//2520 1447//2520 
f 1448//2521 1439//2521 1446//2521 
f 1448//2522 1447//2522 1449//2522 
f 1448//2523 1449//2523 1450//2523 
f 1448//2524 1451//2524 1441//2524 
f 1448//2525 1450//2525 1451//2525 
f 1448//2526 1440//2526 1439//2526 
f 1452//2527 971//2527 960//2527 
f 1453//2528 1454//2528 1455//2528 
f 1456//2529 1004//2529 993//2529 
f 1456//2530 993//2530 982//2530 
f 1456//2531 982//2531 971//2531 
f 1456//2532 971//2532 1452//2532 
f 1457//2533 1458//2533 1459//2533 
f 1457//2534 1452//2534 1458//2534 
f 1457//2535 1456//2535 1452//2535 
f 1460//2536 834//2536 1026//2536 
f 1460//2537 1026//2537 1015//2537 
f 1460//2538 1015//2538 1004//2538 
f 1460//2539 1004//2539 1456//2539 
f 1460//2540 1456//2540 1457//2540 
f 1461//2541 1459//2541 1462//2541 
f 1461//2542 1457//2542 1459//2542 
f 1463//2543 1457//2543 1461//2543 
f 1463//2544 1460//2544 1457//2544 
f 1464//2545 1465//2545 1466//2545 
f 1464//2546 1462//2546 1465//2546 
f 1464//2547 1461//2547 1462//2547 
f 1467//2548 838//2548 836//2548 
f 1467//2549 836//2549 834//2549 
f 1467//2550 1460//2550 1463//2550 
f 1467//2551 834//2551 1460//2551 
f 1468//2552 1461//2552 1464//2552 
f 1468//2553 1463//2553 1461//2553 
f 1469//2554 1466//2554 1470//2554 
f 1469//2555 1464//2555 1466//2555 
f 1471//2556 1463//2556 1468//2556 
f 1471//2557 842//2557 840//2557 
f 1471//2558 840//2558 838//2558 
f 1471//2559 838//2559 1467//2559 
f 1471//2560 1467//2560 1463//2560 
f 1472//2561 1464//2561 1469//2561 
f 1472//2562 1468//2562 1464//2562 
f 1473//2563 1470//2563 1474//2563 
f 1473//2564 1474//2564 1475//2564 
f 1473//2565 1469//2565 1470//2565 
f 1476//2566 842//2566 1471//2566 
f 1476//2567 845//2567 844//2567 
f 1476//2568 844//2568 842//2568 
f 1476//2569 1468//2569 1472//2569 
f 1476//2570 1471//2570 1468//2570 
f 1477//2571 1472//2571 1469//2571 
f 1477//2572 1469//2572 1473//2572 
f 1478//2573 1475//2573 1479//2573 
f 1478//2574 1473//2574 1475//2574 
f 1480//2575 845//2575 1476//2575 
f 1480//2576 1481//2576 1482//2576 
f 1480//2577 1482//2577 845//2577 
f 1480//2578 1472//2578 1477//2578 
f 1480//2579 1476//2579 1472//2579 
f 1483//2580 1473//2580 1478//2580 
f 1483//2581 1477//2581 1473//2581 
f 1484//2582 1479//2582 1454//2582 
f 1484//2583 1453//2583 1485//2583 
f 1484//2584 1485//2584 1486//2584 
f 1484//2585 1486//2585 1487//2585 
f 1484//2586 1478//2586 1479//2586 
f 1484//2587 1454//2587 1453//2587 
f 1488//2588 1480//2588 1477//2588 
f 1488//2589 1489//2589 1490//2589 
f 1488//2590 1490//2590 1481//2590 
f 1488//2591 1477//2591 1483//2591 
f 1488//2592 1481//2592 1480//2592 
f 1491//2593 1483//2593 1478//2593 
f 1491//2594 1487//2594 1492//2594 
f 1491//2595 1492//2595 1493//2595 
f 1491//2596 1493//2596 1494//2596 
f 1491//2597 1484//2597 1487//2597 
f 1491//2598 1478//2598 1484//2598 
f 1495//2599 1483//2599 1491//2599 
f 1495//2600 1494//2600 1496//2600 
f 1495//2601 1496//2601 1489//2601 
f 1495//2602 1488//2602 1483//2602 
f 1495//2603 1489//2603 1488//2603 
f 1495//2604 1491//2604 1494//2604 
f 1497//2605 865//2605 857//2605 
f 1497//2606 1498//2606 865//2606 
f 1499//2607 857//2607 822//2607 
f 1499//2608 1497//2608 857//2608 
f 1500//2609 822//2609 825//2609 
f 1500//2610 1499//2610 822//2610 
f 1501//2611 825//2611 827//2611 
f 1501//2612 827//2612 829//2612 
f 1501//2613 1500//2613 825//2613 
f 1502//2614 1501//2614 829//2614 
f 1503//2615 829//2615 831//2615 
f 1503//2616 1502//2616 829//2616 
f 1504//2617 831//2617 903//2617 
f 1504//2618 1503//2618 831//2618 
f 1505//2619 903//2619 914//2619 
f 1505//2620 914//2620 925//2620 
f 1505//2621 1504//2621 903//2621 
f 1506//2622 925//2622 936//2622 
f 1506//2623 1505//2623 925//2623 
f 1507//2624 1506//2624 936//2624 
f 1508//2625 1507//2625 936//2625 
f 1508//2626 936//2626 947//2626 
f 1508//2627 947//2627 958//2627 
f 1509//2628 1508//2628 958//2628 
f 1509//2629 958//2629 969//2629 
f 1510//2630 1509//2630 969//2630 
f 1511//2631 969//2631 980//2631 
f 1511//2632 1510//2632 969//2632 
f 1511//2633 980//2633 991//2633 
f 1512//2634 1511//2634 991//2634 
f 1513//2635 991//2635 1002//2635 
f 1513//2636 1512//2636 991//2636 
f 1514//2637 1002//2637 1013//2637 
f 1514//2638 1513//2638 1002//2638 
f 1515//2639 1013//2639 1024//2639 
f 1515//2640 1024//2640 833//2640 
f 1515//2641 1514//2641 1013//2641 
f 1516//2642 1515//2642 833//2642 
f 1517//2643 833//2643 832//2643 
f 1517//2644 1516//2644 833//2644 
f 1518//2645 832//2645 835//2645 
f 1518//2646 1517//2646 832//2646 
f 1519//2647 835//2647 837//2647 
f 1519//2648 1518//2648 835//2648 
f 1520//2649 837//2649 839//2649 
f 1520//2650 1519//2650 837//2650 
f 1521//2651 839//2651 841//2651 
f 1521//2652 1520//2652 839//2652 
f 1522//2653 841//2653 1061//2653 
f 1522//2654 1521//2654 841//2654 
f 486//2655 1523//2655 1524//2655 
f 1524//2656 1525//2656 1526//2656 
f 1523//2657 1525//2657 1524//2657 
f 1526//2658 1527//2658 1528//2658 
f 1525//2659 1527//2659 1526//2659 
f 1528//2660 1529//2660 1530//2660 
f 1527//2661 1529//2661 1528//2661 
f 1530//2662 1531//2662 1532//2662 
f 1529//2663 1531//2663 1530//2663 
f 1532//2664 1533//2664 1534//2664 
f 1531//2665 1533//2665 1532//2665 
f 1534//2666 1535//2666 1536//2666 
f 1533//2667 1535//2667 1534//2667 
f 1536//2668 1537//2668 1538//2668 
f 1535//2669 1537//2669 1536//2669 
f 1538//2670 1539//2670 1540//2670 
f 1537//2671 1539//2671 1538//2671 
f 1540//2672 1541//2672 1542//2672 
f 1539//2673 1541//2673 1540//2673 
f 1542//2674 1543//2674 1544//2674 
f 1541//2675 1543//2675 1542//2675 
f 1543//2676 1545//2676 1544//2676 
f 1544//2677 1545//2677 1546//2677 
f 1545//2678 1547//2678 1546//2678 
f 1546//2679 1547//2679 1548//2679 
f 1547//2680 1549//2680 1548//2680 
f 1548//2681 1549//2681 1550//2681 
f 1549//2682 1551//2682 1550//2682 
f 1550//2683 1551//2683 1552//2683 
f 1551//2684 1553//2684 1552//2684 
f 1552//2685 1553//2685 1554//2685 
f 1553//2686 1555//2686 1554//2686 
f 1554//2687 1555//2687 1556//2687 
f 1555//2688 1557//2688 1556//2688 
f 1556//2689 1557//2689 1558//2689 
f 1557//2690 1559//2690 1558//2690 
f 1558//2691 1559//2691 1560//2691 
f 1559//2692 1561//2692 1560//2692 
f 1560//2693 1561//2693 1562//2693 
f 1562//2694 1563//2694 1564//2694 
f 1561//2695 1563//2695 1562//2695 
f 1564//2696 1565//2696 1566//2696 
f 1563//2697 1565//2697 1564//2697 
f 1565//2698 1567//2698 1566//2698 
f 1568//2699 1569//2699 1570//2699 
f 1566//2700 1569//2700 1568//2700 
f 1567//2701 1569//2701 1566//2701 
f 1569//2702 1571//2702 1570//2702 
f 1570//2703 1572//2703 819//2703 
f 1571//2704 1572//2704 1570//2704 
f 1573//2705 1064//2705 1063//2705 
f 1573//2706 1063//2706 1297//2706 
f 1573//2707 1297//2707 1286//2707 
f 1573//2708 1436//2708 1441//2708 
f 1573//2709 1441//2709 1451//2709 
f 1573//2710 1451//2710 1450//2710 
f 1573//2711 1450//2711 1064//2711 
f 1574//2712 1286//2712 1267//2712 
f 1574//2713 1267//2713 1266//2713 
f 1574//2714 1426//2714 1431//2714 
f 1574//2715 1431//2715 1436//2715 
f 1574//2716 1573//2716 1286//2716 
f 1574//2717 1436//2717 1573//2717 
f 1575//2718 1266//2718 1256//2718 
f 1575//2719 1256//2719 1246//2719 
f 1575//2720 1426//2720 1574//2720 
f 1575//2721 1416//2721 1421//2721 
f 1575//2722 1421//2722 1426//2722 
f 1575//2723 1574//2723 1266//2723 
f 1576//2724 1246//2724 1236//2724 
f 1576//2725 1236//2725 1217//2725 
f 1576//2726 1575//2726 1246//2726 
f 1576//2727 1406//2727 1411//2727 
f 1576//2728 1411//2728 1416//2728 
f 1576//2729 1416//2729 1575//2729 
f 1577//2730 1217//2730 1216//2730 
f 1577//2731 1216//2731 1206//2731 
f 1577//2732 1406//2732 1576//2732 
f 1577//2733 1576//2733 1217//2733 
f 1577//2734 1396//2734 1401//2734 
f 1577//2735 1401//2735 1406//2735 
f 1578//2736 1577//2736 1206//2736 
f 1578//2737 1206//2737 1187//2737 
f 1578//2738 1392//2738 1396//2738 
f 1578//2739 1396//2739 1577//2739 
f 1579//2740 1187//2740 1186//2740 
f 1579//2741 1186//2741 1176//2741 
f 1579//2742 1381//2742 1386//2742 
f 1579//2743 1386//2743 1392//2743 
f 1579//2744 1392//2744 1578//2744 
f 1579//2745 1578//2745 1187//2745 
f 1580//2746 1176//2746 1166//2746 
f 1580//2747 1166//2747 1156//2747 
f 1580//2748 1371//2748 1376//2748 
f 1580//2749 1376//2749 1381//2749 
f 1580//2750 1579//2750 1176//2750 
f 1580//2751 1381//2751 1579//2751 
f 1581//2752 1156//2752 1146//2752 
f 1581//2753 1146//2753 1136//2753 
f 1581//2754 1361//2754 1367//2754 
f 1581//2755 1367//2755 1371//2755 
f 1581//2756 1371//2756 1580//2756 
f 1581//2757 1580//2757 1156//2757 
f 1582//2758 1361//2758 1581//2758 
f 1582//2759 1136//2759 1126//2759 
f 1582//2760 1126//2760 1116//2760 
f 1582//2761 1352//2761 1357//2761 
f 1582//2762 1357//2762 1361//2762 
f 1582//2763 1581//2763 1136//2763 
f 1583//2764 1352//2764 1582//2764 
f 1583//2765 1116//2765 1106//2765 
f 1583//2766 1106//2766 1096//2766 
f 1583//2767 1342//2767 1346//2767 
f 1583//2768 1346//2768 1352//2768 
f 1583//2769 1582//2769 1116//2769 
f 1584//2770 1583//2770 1096//2770 
f 1584//2771 1342//2771 1583//2771 
f 1584//2772 1096//2772 1086//2772 
f 1584//2773 1086//2773 1067//2773 
f 1584//2774 1067//2774 1066//2774 
f 1584//2775 1066//2775 1330//2775 
f 1584//2776 1330//2776 1329//2776 
f 1584//2777 1329//2777 1336//2777 
f 1584//2778 1336//2778 1342//2778 
f 1585//2779 1444//2779 1443//2779 
f 1585//2780 1586//2780 1444//2780 
f 1587//2781 1443//2781 1438//2781 
f 1587//2782 1585//2782 1443//2782 
f 1588//2783 1438//2783 1433//2783 
f 1588//2784 1587//2784 1438//2784 
f 1589//2785 1433//2785 1428//2785 
f 1589//2786 1588//2786 1433//2786 
f 1590//2787 1428//2787 1423//2787 
f 1590//2788 1589//2788 1428//2788 
f 1591//2789 1423//2789 1418//2789 
f 1591//2790 1590//2790 1423//2790 
f 1592//2791 1418//2791 1413//2791 
f 1592//2792 1591//2792 1418//2792 
f 1593//2793 1413//2793 1408//2793 
f 1593//2794 1592//2794 1413//2794 
f 1594//2795 1408//2795 1403//2795 
f 1594//2796 1593//2796 1408//2796 
f 1595//2797 1403//2797 1398//2797 
f 1595//2798 1594//2798 1403//2798 
f 1596//2799 1595//2799 1398//2799 
f 1596//2800 1398//2800 1389//2800 
f 1597//2801 1596//2801 1389//2801 
f 1597//2802 1389//2802 1388//2802 
f 1598//2803 1597//2803 1388//2803 
f 1598//2804 1388//2804 1383//2804 
f 1599//2805 1383//2805 1378//2805 
f 1599//2806 1598//2806 1383//2806 
f 1600//2807 1378//2807 1373//2807 
f 1600//2808 1599//2808 1378//2808 
f 1601//2809 1373//2809 1364//2809 
f 1601//2810 1600//2810 1373//2810 
f 1602//2811 1364//2811 1363//2811 
f 1602//2812 1601//2812 1364//2812 
f 1603//2813 1363//2813 1354//2813 
f 1603//2814 1602//2814 1363//2814 
f 1604//2815 1354//2815 1349//2815 
f 1604//2816 1603//2816 1354//2816 
f 1605//2817 1349//2817 1348//2817 
f 1605//2818 1604//2818 1349//2818 
f 1606//2819 1348//2819 1339//2819 
f 1606//2820 1605//2820 1348//2820 
f 1607//2821 1339//2821 1338//2821 
f 1607//2822 1606//2822 1339//2822 
f 1608//2823 1338//2823 1333//2823 
f 1608//2824 1607//2824 1338//2824 
f 1609//2825 1333//2825 1322//2825 
f 1609//2826 1608//2826 1333//2826 
f 1610//2827 1322//2827 1324//2827 
f 1610//2828 1609//2828 1322//2828 
f 1611//2829 1612//2829 1613//2829 
f 1613//2830 1614//2830 1615//2830 
f 1612//2831 1614//2831 1613//2831 
f 1614//2832 1616//2832 1615//2832 
f 1615//2833 1617//2833 1618//2833 
f 1616//2834 1617//2834 1615//2834 
f 1618//2835 1619//2835 1620//2835 
f 1620//2836 1619//2836 1621//2836 
f 1617//2837 1619//2837 1618//2837 
f 1619//2838 1622//2838 1621//2838 
f 1621//2839 1623//2839 1624//2839 
f 1622//2840 1623//2840 1621//2840 
f 1624//2841 1625//2841 1626//2841 
f 1623//2842 1625//2842 1624//2842 
f 1626//2843 1627//2843 1628//2843 
f 1625//2844 1627//2844 1626//2844 
f 1628//2845 1629//2845 1630//2845 
f 1627//2846 1629//2846 1628//2846 
f 1630//2847 1631//2847 1632//2847 
f 1629//2848 1631//2848 1630//2848 
f 1631//2849 1633//2849 1632//2849 
f 1632//2850 1633//2850 1634//2850 
f 1633//2851 1635//2851 1634//2851 
f 1634//2852 1635//2852 1636//2852 
f 1636//2853 1635//2853 1637//2853 
f 1635//2854 1638//2854 1637//2854 
f 1638//2855 1639//2855 1637//2855 
f 1637//2856 1639//2856 1640//2856 
f 1639//2857 1641//2857 1640//2857 
f 1640//2858 1641//2858 1642//2858 
f 1642//2859 1641//2859 1643//2859 
f 1641//2860 1644//2860 1643//2860 
f 1643//2861 1644//2861 1645//2861 
f 1644//2862 1646//2862 1645//2862 
f 1646//2863 1647//2863 1645//2863 
f 1645//2864 1647//2864 1648//2864 
f 1647//2865 1649//2865 1648//2865 
f 1648//2866 1649//2866 1650//2866 
f 1650//2867 1649//2867 1651//2867 
f 1649//2868 1652//2868 1651//2868 
f 1651//2869 1652//2869 1653//2869 
f 1652//2870 1654//2870 1653//2870 
f 1654//2871 1655//2871 1653//2871 
f 1653//2872 1655//2872 1656//2872 
f 1655//2873 1657//2873 1656//2873 
f 1656//2874 1657//2874 1658//2874 
f 1657//2875 1659//2875 1658//2875 
f 1658//2876 1659//2876 1660//2876 
f 1660//2877 1661//2877 1662//2877 
f 1659//2878 1661//2878 1660//2878 
f 1663//2879 1664//2879 1665//2879 
f 1666//2880 1665//2880 1667//2880 
f 1666//2881 1663//2881 1665//2881 
f 1668//2882 1667//2882 1669//2882 
f 1668//2883 1666//2883 1667//2883 
f 1670//2884 1669//2884 1671//2884 
f 1670//2885 1668//2885 1669//2885 
f 1672//2886 1671//2886 1673//2886 
f 1672//2887 1670//2887 1671//2887 
f 1674//2888 1673//2888 1675//2888 
f 1674//2889 1672//2889 1673//2889 
f 1676//2890 1675//2890 1677//2890 
f 1676//2891 1674//2891 1675//2891 
f 1678//2892 1677//2892 1679//2892 
f 1678//2893 1676//2893 1677//2893 
f 1680//2894 1679//2894 1681//2894 
f 1682//2895 1680//2895 1681//2895 
f 1683//2896 1678//2896 1679//2896 
f 1683//2897 1679//2897 1680//2897 
f 1684//2898 1680//2898 1682//2898 
f 1685//2899 1684//2899 1682//2899 
f 1686//2900 1683//2900 1680//2900 
f 1687//2901 1684//2901 1685//2901 
f 1688//2902 1687//2902 1685//2902 
f 1689//2903 1687//2903 1688//2903 
f 1690//2904 1689//2904 1688//2904 
f 1691//2905 1689//2905 1690//2905 
f 1692//2906 1690//2906 1693//2906 
f 1692//2907 1691//2907 1690//2907 
f 1694//2908 1693//2908 1695//2908 
f 1694//2909 1692//2909 1693//2909 
f 1696//2910 1695//2910 1697//2910 
f 1696//2911 1694//2911 1695//2911 
f 1698//2912 1696//2912 1697//2912 
f 1699//2913 1696//2913 1698//2913 
f 1699//2914 1700//2914 1696//2914 
f 1701//2915 1698//2915 1702//2915 
f 1701//2916 1699//2916 1698//2916 
f 1703//2917 1702//2917 1704//2917 
f 1703//2918 1701//2918 1702//2918 
f 1705//2919 1704//2919 1706//2919 
f 1705//2920 1703//2920 1704//2920 
f 1707//2921 1706//2921 1708//2921 
f 1707//2922 1705//2922 1706//2922 
f 1709//2923 1708//2923 1710//2923 
f 1709//2924 1707//2924 1708//2924 
f 1711//2925 1710//2925 1712//2925 
f 1711//2926 1709//2926 1710//2926 
f 1713//2927 1712//2927 1714//2927 
f 1713//2928 1711//2928 1712//2928 
f 1715//2929 1713//2929 1714//2929 
f 1715//2930 1714//2930 1716//2930 
f 1717//2931 1718//2931 1719//2931 
f 1720//2932 1717//2932 1719//2932 
f 1721//2933 1719//2933 1722//2933 
f 1721//2934 1720//2934 1719//2934 
f 1723//2935 1722//2935 1724//2935 
f 1723//2936 1721//2936 1722//2936 
f 1725//2937 1724//2937 1726//2937 
f 1725//2938 1723//2938 1724//2938 
f 1727//2939 1726//2939 1728//2939 
f 1727//2940 1725//2940 1726//2940 
f 1729//2941 1728//2941 1730//2941 
f 1729//2942 1727//2942 1728//2942 
f 1731//2943 1730//2943 1732//2943 
f 1731//2944 1729//2944 1730//2944 
f 1733//2945 1732//2945 1734//2945 
f 1733//2946 1731//2946 1732//2946 
f 48//2947 1734//2947 1735//2947 
f 48//2948 1733//2948 1734//2948 
f 1736//2949 1737//2949 1738//2949 
f 1736//2950 1739//2950 1737//2950 
f 1740//2951 1738//2951 1741//2951 
f 1740//2952 1736//2952 1738//2952 
f 1742//2953 1741//2953 1743//2953 
f 1742//2954 1740//2954 1741//2954 
f 1744//2955 1743//2955 1745//2955 
f 1744//2956 1742//2956 1743//2956 
f 1746//2957 1745//2957 1747//2957 
f 1746//2958 1744//2958 1745//2958 
f 1748//2959 1747//2959 1749//2959 
f 1748//2960 1746//2960 1747//2960 
f 1750//2961 1749//2961 1751//2961 
f 1750//2962 1748//2962 1749//2962 
f 1752//2963 1751//2963 1753//2963 
f 1752//2964 1750//2964 1751//2964 
f 1754//2965 1753//2965 1755//2965 
f 1754//2966 1752//2966 1753//2966 
f 1756//2967 1755//2967 1757//2967 
f 1756//2968 1754//2968 1755//2968 
f 1758//2969 1756//2969 1757//2969 
f 1758//2970 1757//2970 1759//2970 
f 1760//2971 1758//2971 1759//2971 
f 1760//2972 1759//2972 1761//2972 
f 1762//2973 1760//2973 1761//2973 
f 1762//2974 1761//2974 1763//2974 
f 1764//2975 1763//2975 1765//2975 
f 1764//2976 1762//2976 1763//2976 
f 1766//2977 1765//2977 1767//2977 
f 1766//2978 1764//2978 1765//2978 
f 1768//2979 1767//2979 1769//2979 
f 1768//2980 1766//2980 1767//2980 
f 1770//2981 1769//2981 1771//2981 
f 1770//2982 1768//2982 1769//2982 
f 1772//2983 1771//2983 1773//2983 
f 1772//2984 1770//2984 1771//2984 
f 1774//2985 1773//2985 1775//2985 
f 1774//2986 1772//2986 1773//2986 
f 1776//2987 1775//2987 1777//2987 
f 1776//2988 1774//2988 1775//2988 
f 1778//2989 1777//2989 1779//2989 
f 1778//2990 1776//2990 1777//2990 
f 1780//2991 1779//2991 1781//2991 
f 1780//2992 1781//2992 1782//2992 
f 1780//2993 1778//2993 1779//2993 
f 1783//2994 1780//2994 1782//2994 
f 1784//2995 1782//2995 1785//2995 
f 1784//2996 1783//2996 1782//2996 
f 1786//2997 1785//2997 1787//2997 
f 1786//2998 1784//2998 1785//2998 
f 287//2999 286//2999 1788//2999 
f 287//3000 1788//3000 1789//3000 
f 325//3001 1789//3001 1790//3001 
f 325//3002 287//3002 1789//3002 
f 352//3003 1790//3003 1791//3003 
f 352//3004 325//3004 1790//3004 
f 377//3005 1791//3005 1792//3005 
f 377//3006 352//3006 1791//3006 
f 399//3007 1792//3007 1793//3007 
f 399//3008 377//3008 1792//3008 
f 419//3009 1793//3009 1794//3009 
f 419//3010 399//3010 1793//3010 
f 436//3011 1794//3011 1795//3011 
f 436//3012 419//3012 1794//3012 
f 44//3013 1795//3013 1796//3013 
f 44//3014 436//3014 1795//3014 
f 45//3015 1796//3015 1797//3015 
f 45//3016 44//3016 1796//3016 
f 1798//3017 1797//3017 1799//3017 
f 1798//3018 45//3018 1797//3018 
f 1800//3019 1799//3019 1801//3019 
f 1800//3020 1798//3020 1799//3020 
f 1802//3021 1801//3021 1803//3021 
f 1802//3022 1800//3022 1801//3022 
f 1804//3023 1803//3023 1805//3023 
f 1804//3024 1802//3024 1803//3024 
f 1806//3025 1805//3025 1807//3025 
f 1806//3026 1804//3026 1805//3026 
f 1808//3027 1807//3027 1809//3027 
f 1808//3028 1806//3028 1807//3028 
f 1810//3029 1808//3029 1809//3029 
f 1810//3030 1809//3030 1811//3030 
f 1812//3031 1810//3031 1811//3031 
f 1812//3032 1811//3032 1813//3032 
f 1814//3033 1812//3033 1813//3033 
f 1815//3034 1816//3034 1817//3034 
f 1815//3035 1817//3035 1818//3035 
f 1815//3036 1818//3036 1819//3036 
f 1820//3037 1819//3037 1821//3037 
f 1820//3038 1821//3038 1822//3038 
f 1820//3039 1822//3039 1823//3039 
f 1820//3040 1823//3040 1824//3040 
f 1820//3041 1824//3041 1825//3041 
f 1820//3042 1825//3042 1826//3042 
f 1820//3043 1815//3043 1819//3043 
f 1827//3044 1820//3044 1826//3044 
f 1828//3045 1780//3045 1783//3045 
f 1778//3046 1780//3046 1828//3046 
f 1776//3047 1778//3047 1828//3047 
f 1776//3048 1828//3048 1829//3048 
f 1774//3049 1776//3049 1829//3049 
f 1772//3050 1774//3050 1829//3050 
f 1830//3051 1827//3051 1831//3051 
f 1830//3052 1831//3052 1832//3052 
f 1830//3053 1832//3053 1833//3053 
f 1830//3054 1833//3054 1834//3054 
f 1830//3055 1834//3055 1835//3055 
f 1830//3056 1835//3056 1836//3056 
f 1830//3057 1836//3057 1837//3057 
f 1830//3058 1837//3058 1838//3058 
f 1830//3059 1820//3059 1827//3059 
f 1770//3060 1772//3060 1829//3060 
f 1839//3061 1830//3061 1838//3061 
f 1839//3062 1838//3062 1840//3062 
f 1768//3063 1770//3063 1829//3063 
f 1841//3064 1839//3064 1840//3064 
f 1766//3065 1768//3065 1829//3065 
f 1842//3066 1839//3066 1841//3066 
f 1764//3067 1766//3067 1829//3067 
f 1762//3068 1764//3068 1829//3068 
f 1843//3069 1760//3069 1762//3069 
f 1843//3070 1820//3070 1830//3070 
f 1843//3071 1762//3071 1829//3071 
f 1843//3072 1829//3072 1820//3072 
f 1758//3073 1760//3073 1843//3073 
f 1756//3074 1758//3074 1843//3074 
f 1742//3075 1844//3075 1740//3075 
f 1754//3076 1756//3076 1843//3076 
f 1744//3077 1844//3077 1742//3077 
f 1752//3078 1754//3078 1843//3078 
f 1746//3079 1843//3079 1844//3079 
f 1746//3080 1844//3080 1744//3080 
f 1750//3081 1752//3081 1843//3081 
f 1748//3082 1843//3082 1746//3082 
f 1748//3083 1750//3083 1843//3083 
f 1844//3084 1839//3084 1740//3084 
f 1740//3085 1839//3085 1736//3085 
f 1736//3086 1839//3086 1739//3086 
f 1739//3087 1839//3087 1845//3087 
f 1845//3088 1839//3088 1842//3088 
f 1815//3089 1828//3089 1783//3089 
f 1815//3090 1783//3090 1784//3090 
f 1815//3091 1784//3091 1786//3091 
f 1815//3092 1786//3092 1846//3092 
f 1815//3093 1846//3093 1816//3093 
f 1846//3094 1786//3094 1787//3094 
f 1846//3095 1787//3095 1847//3095 
f 1816//3096 1847//3096 1848//3096 
f 1816//3097 1846//3097 1847//3097 
f 1817//3098 1848//3098 1849//3098 
f 1817//3099 1816//3099 1848//3099 
f 1818//3100 1849//3100 1850//3100 
f 1818//3101 1817//3101 1849//3101 
f 1819//3102 1850//3102 1851//3102 
f 1819//3103 1818//3103 1850//3103 
f 1821//3104 1851//3104 1852//3104 
f 1821//3105 1819//3105 1851//3105 
f 1822//3106 1852//3106 1853//3106 
f 1822//3107 1821//3107 1852//3107 
f 1823//3108 1853//3108 1854//3108 
f 1823//3109 1822//3109 1853//3109 
f 1824//3110 1854//3110 1855//3110 
f 1824//3111 1823//3111 1854//3111 
f 1825//3112 1855//3112 1856//3112 
f 1825//3113 1824//3113 1855//3113 
f 1826//3114 1825//3114 1856//3114 
f 1826//3115 1856//3115 1857//3115 
f 1827//3116 1826//3116 1857//3116 
f 1827//3117 1857//3117 1858//3117 
f 1831//3118 1827//3118 1858//3118 
f 1831//3119 1858//3119 1859//3119 
f 1832//3120 1831//3120 1859//3120 
f 1832//3121 1859//3121 1860//3121 
f 1833//3122 1832//3122 1860//3122 
f 1833//3123 1860//3123 1861//3123 
f 1834//3124 1861//3124 1862//3124 
f 1834//3125 1833//3125 1861//3125 
f 1834//3126 1862//3126 1863//3126 
f 1835//3127 1834//3127 1863//3127 
f 1836//3128 1863//3128 1864//3128 
f 1836//3129 1835//3129 1863//3129 
f 1837//3130 1864//3130 1865//3130 
f 1837//3131 1836//3131 1864//3131 
f 1838//3132 1865//3132 1866//3132 
f 1838//3133 1837//3133 1865//3133 
f 1840//3134 1866//3134 1867//3134 
f 1840//3135 1838//3135 1866//3135 
f 1841//3136 1867//3136 1868//3136 
f 1841//3137 1840//3137 1867//3137 
f 1842//3138 1868//3138 1869//3138 
f 1842//3139 1841//3139 1868//3139 
f 1845//3140 1869//3140 1870//3140 
f 1845//3141 1842//3141 1869//3141 
f 1739//3142 1870//3142 1737//3142 
f 1739//3143 1845//3143 1870//3143 
f 1853//3144 1852//3144 1871//3144 
f 1853//3145 1871//3145 1872//3145 
f 1851//3146 1871//3146 1852//3146 
f 1851//3147 1873//3147 1871//3147 
f 1854//3148 1853//3148 1872//3148 
f 1854//3149 1872//3149 1874//3149 
f 1850//3150 1873//3150 1851//3150 
f 1850//3151 1875//3151 1873//3151 
f 1855//3152 1854//3152 1874//3152 
f 1855//3153 1874//3153 1876//3153 
f 1849//3154 1875//3154 1850//3154 
f 1849//3155 1877//3155 1875//3155 
f 1856//3156 1855//3156 1876//3156 
f 1856//3157 1876//3157 1878//3157 
f 1848//3158 1879//3158 1880//3158 
f 1848//3159 1880//3159 1877//3159 
f 1848//3160 1877//3160 1849//3160 
f 1857//3161 1856//3161 1878//3161 
f 1857//3162 1878//3162 1881//3162 
f 1847//3163 1879//3163 1848//3163 
f 42//3164 1879//3164 1847//3164 
f 1858//3165 1857//3165 1881//3165 
f 1858//3166 1881//3166 1882//3166 
f 1787//3167 42//3167 1847//3167 
f 1859//3168 1882//3168 1883//3168 
f 1859//3169 1858//3169 1882//3169 
f 1785//3170 36//3170 42//3170 
f 1785//3171 42//3171 1787//3171 
f 1860//3172 1883//3172 1884//3172 
f 1860//3173 1859//3173 1883//3173 
f 1782//3174 35//3174 36//3174 
f 1782//3175 36//3175 1785//3175 
f 1861//3176 1884//3176 1885//3176 
f 1861//3177 1860//3177 1884//3177 
f 23//3178 35//3178 1782//3178 
f 1781//3179 23//3179 1782//3179 
f 1862//3180 1885//3180 1886//3180 
f 1862//3181 1861//3181 1885//3181 
f 456//3182 23//3182 1781//3182 
f 1779//3183 456//3183 1781//3183 
f 1887//3184 1862//3184 1886//3184 
f 1863//3185 1862//3185 1887//3185 
f 451//3186 456//3186 1779//3186 
f 1777//3187 451//3187 1779//3187 
f 1864//3188 1887//3188 1888//3188 
f 1864//3189 1863//3189 1887//3189 
f 430//3190 451//3190 1777//3190 
f 1775//3191 430//3191 1777//3191 
f 1865//3192 1864//3192 1888//3192 
f 1889//3193 1865//3193 1888//3193 
f 412//3194 430//3194 1775//3194 
f 412//3195 1775//3195 1773//3195 
f 1866//3196 1865//3196 1889//3196 
f 1890//3197 1866//3197 1889//3197 
f 388//3198 412//3198 1773//3198 
f 388//3199 1773//3199 1771//3199 
f 1867//3200 1866//3200 1890//3200 
f 1891//3201 1867//3201 1890//3201 
f 367//3202 388//3202 1771//3202 
f 367//3203 1771//3203 1769//3203 
f 1868//3204 1867//3204 1891//3204 
f 1892//3205 1868//3205 1891//3205 
f 337//3206 367//3206 1769//3206 
f 337//3207 1769//3207 1767//3207 
f 1869//3208 1868//3208 1892//3208 
f 1893//3209 1869//3209 1892//3209 
f 1765//3210 337//3210 1767//3210 
f 322//3211 337//3211 1765//3211 
f 1763//3212 322//3212 1765//3212 
f 1894//3213 1869//3213 1893//3213 
f 1894//3214 1870//3214 1869//3214 
f 294//3215 322//3215 1763//3215 
f 102//3216 1870//3216 1894//3216 
f 102//3217 1737//3217 1870//3217 
f 277//3218 294//3218 1763//3218 
f 277//3219 1763//3219 1761//3219 
f 1759//3220 277//3220 1761//3220 
f 101//3221 1738//3221 1737//3221 
f 101//3222 1737//3222 102//3222 
f 266//3223 1759//3223 1757//3223 
f 266//3224 277//3224 1759//3224 
f 118//3225 1738//3225 101//3225 
f 118//3226 1741//3226 1738//3226 
f 118//3227 1743//3227 1741//3227 
f 256//3228 266//3228 1757//3228 
f 135//3229 1743//3229 118//3229 
f 246//3230 1757//3230 1755//3230 
f 246//3231 256//3231 1757//3231 
f 152//3232 1743//3232 135//3232 
f 152//3233 1745//3233 1743//3233 
f 152//3234 1747//3234 1745//3234 
f 231//3235 1755//3235 1753//3235 
f 231//3236 246//3236 1755//3236 
f 177//3237 1747//3237 152//3237 
f 215//3238 1753//3238 1751//3238 
f 215//3239 231//3239 1753//3239 
f 198//3240 1749//3240 1747//3240 
f 198//3241 1751//3241 1749//3241 
f 198//3242 1747//3242 177//3242 
f 198//3243 215//3243 1751//3243 
f 49//3244 48//3244 1735//3244 
f 49//3245 1735//3245 1895//3245 
f 55//3246 1895//3246 1896//3246 
f 55//3247 49//3247 1895//3247 
f 66//3248 1896//3248 1897//3248 
f 66//3249 55//3249 1896//3249 
f 79//3250 1897//3250 1898//3250 
f 79//3251 66//3251 1897//3251 
f 92//3252 1898//3252 1899//3252 
f 92//3253 79//3253 1898//3253 
f 110//3254 1899//3254 1900//3254 
f 110//3255 92//3255 1899//3255 
f 125//3256 1900//3256 1901//3256 
f 125//3257 110//3257 1900//3257 
f 133//3258 1901//3258 1902//3258 
f 133//3259 125//3259 1901//3259 
f 154//3260 1902//3260 1903//3260 
f 154//3261 133//3261 1902//3261 
f 1809//3262 1904//3262 1905//3262 
f 1807//3263 1906//3263 1904//3263 
f 1807//3264 1904//3264 1809//3264 
f 1811//3265 1905//3265 1907//3265 
f 1811//3266 1809//3266 1905//3266 
f 1805//3267 1906//3267 1807//3267 
f 1805//3268 1908//3268 1906//3268 
f 1813//3269 1907//3269 1909//3269 
f 1813//3270 1909//3270 1910//3270 
f 1813//3271 1811//3271 1907//3271 
f 1803//3272 1908//3272 1805//3272 
f 1803//3273 1911//3273 1908//3273 
f 1912//3274 1813//3274 1910//3274 
f 1801//3275 1913//3275 1911//3275 
f 1801//3276 1911//3276 1803//3276 
f 1914//3277 1813//3277 1912//3277 
f 1799//3278 1913//3278 1801//3278 
f 1799//3279 1915//3279 1913//3279 
f 1797//3280 1715//3280 1915//3280 
f 1797//3281 1915//3281 1799//3281 
f 1916//3282 1813//3282 1914//3282 
f 1796//3283 1715//3283 1797//3283 
f 1796//3284 1713//3284 1715//3284 
f 1795//3285 1711//3285 1713//3285 
f 1795//3286 1713//3286 1796//3286 
f 1794//3287 1711//3287 1795//3287 
f 1709//3288 1711//3288 1794//3288 
f 1793//3289 1709//3289 1794//3289 
f 1707//3290 1709//3290 1793//3290 
f 1718//3291 1813//3291 1916//3291 
f 1718//3292 1916//3292 1917//3292 
f 1718//3293 1917//3293 1918//3293 
f 1718//3294 1918//3294 1919//3294 
f 1920//3295 1718//3295 1919//3295 
f 1792//3296 1707//3296 1793//3296 
f 1705//3297 1707//3297 1792//3297 
f 1719//3298 1718//3298 1920//3298 
f 1921//3299 1719//3299 1920//3299 
f 1791//3300 1705//3300 1792//3300 
f 1722//3301 1719//3301 1921//3301 
f 1703//3302 1705//3302 1791//3302 
f 1790//3303 1703//3303 1791//3303 
f 1922//3304 1722//3304 1921//3304 
f 1724//3305 1722//3305 1922//3305 
f 1701//3306 1703//3306 1790//3306 
f 1789//3307 1701//3307 1790//3307 
f 1923//3308 1724//3308 1922//3308 
f 1726//3309 1724//3309 1923//3309 
f 1699//3310 1701//3310 1789//3310 
f 1788//3311 1699//3311 1789//3311 
f 1924//3312 1728//3312 1726//3312 
f 1924//3313 1726//3313 1923//3313 
f 1700//3314 1699//3314 1788//3314 
f 1925//3315 1730//3315 1728//3315 
f 1925//3316 1728//3316 1924//3316 
f 1926//3317 1732//3317 1730//3317 
f 1926//3318 1730//3318 1925//3318 
f 1927//3319 1734//3319 1732//3319 
f 1927//3320 1732//3320 1926//3320 
f 1663//3321 1734//3321 1927//3321 
f 1663//3322 1735//3322 1734//3322 
f 1663//3323 1895//3323 1735//3323 
f 1666//3324 1895//3324 1663//3324 
f 1666//3325 1896//3325 1895//3325 
f 1903//3326 1700//3326 1788//3326 
f 1668//3327 1896//3327 1666//3327 
f 1668//3328 1897//3328 1896//3328 
f 1670//3329 1897//3329 1668//3329 
f 1670//3330 1898//3330 1897//3330 
f 1686//3331 1700//3331 1903//3331 
f 1672//3332 1899//3332 1898//3332 
f 1672//3333 1898//3333 1670//3333 
f 1683//3334 1686//3334 1903//3334 
f 1683//3335 1903//3335 1902//3335 
f 1674//3336 1899//3336 1672//3336 
f 1674//3337 1900//3337 1899//3337 
f 1678//3338 1683//3338 1902//3338 
f 1678//3339 1902//3339 1901//3339 
f 1676//3340 1900//3340 1674//3340 
f 1676//3341 1678//3341 1901//3341 
f 1676//3342 1901//3342 1900//3342 
f 1915//3343 1715//3343 1716//3343 
f 1915//3344 1716//3344 1928//3344 
f 1913//3345 1928//3345 1929//3345 
f 1913//3346 1929//3346 1930//3346 
f 1913//3347 1915//3347 1928//3347 
f 1911//3348 1913//3348 1930//3348 
f 1908//3349 1930//3349 1931//3349 
f 1908//3350 1911//3350 1930//3350 
f 1906//3351 1931//3351 1932//3351 
f 1906//3352 1932//3352 1933//3352 
f 1906//3353 1908//3353 1931//3353 
f 1904//3354 1906//3354 1933//3354 
f 1905//3355 1933//3355 1934//3355 
f 1905//3356 1934//3356 1935//3356 
f 1905//3357 1904//3357 1933//3357 
f 1907//3358 1905//3358 1935//3358 
f 1909//3359 1935//3359 1936//3359 
f 1909//3360 1907//3360 1935//3360 
f 1910//3361 1936//3361 1937//3361 
f 1910//3362 1909//3362 1936//3362 
f 1912//3363 1910//3363 1937//3363 
f 1912//3364 1937//3364 1938//3364 
f 1912//3365 1938//3365 1939//3365 
f 1914//3366 1912//3366 1939//3366 
f 1914//3367 1939//3367 1940//3367 
f 1916//3368 1914//3368 1940//3368 
f 1917//3369 1916//3369 1940//3369 
f 1917//3370 1940//3370 1941//3370 
f 1917//3371 1941//3371 1942//3371 
f 1918//3372 1942//3372 1943//3372 
f 1918//3373 1917//3373 1942//3373 
f 1919//3374 1918//3374 1943//3374 
f 1920//3375 1919//3375 1943//3375 
f 1920//3376 1943//3376 1944//3376 
f 1921//3377 1944//3377 1945//3377 
f 1921//3378 1945//3378 1946//3378 
f 1921//3379 1920//3379 1944//3379 
f 1922//3380 1921//3380 1946//3380 
f 1923//3381 1946//3381 1947//3381 
f 1923//3382 1922//3382 1946//3382 
f 1924//3383 1947//3383 1948//3383 
f 1924//3384 1923//3384 1947//3384 
f 1925//3385 1948//3385 1949//3385 
f 1925//3386 1924//3386 1948//3386 
f 1926//3387 1949//3387 1950//3387 
f 1926//3388 1950//3388 1951//3388 
f 1926//3389 1925//3389 1949//3389 
f 1927//3390 1926//3390 1951//3390 
f 1663//3391 1951//3391 1664//3391 
f 1663//3392 1927//3392 1951//3392 
f 1934//3393 1933//3393 1624//3393 
f 1934//3394 1624//3394 1626//3394 
f 1934//3395 1626//3395 1628//3395 
f 1932//3396 1624//3396 1933//3396 
f 1932//3397 1621//3397 1624//3397 
f 1935//3398 1934//3398 1628//3398 
f 1935//3399 1628//3399 1630//3399 
f 1931//3400 1621//3400 1932//3400 
f 1931//3401 1620//3401 1621//3401 
f 1936//3402 1935//3402 1630//3402 
f 1930//3403 1615//3403 1618//3403 
f 1930//3404 1618//3404 1620//3404 
f 1930//3405 1620//3405 1931//3405 
f 1937//3406 1936//3406 1630//3406 
f 1937//3407 1630//3407 1632//3407 
f 1929//3408 1615//3408 1930//3408 
f 1938//3409 1937//3409 1632//3409 
f 1938//3410 1632//3410 1634//3410 
f 1938//3411 1634//3411 1636//3411 
f 1928//3412 1615//3412 1929//3412 
f 1928//3413 1611//3413 1613//3413 
f 1928//3414 1613//3414 1615//3414 
f 1939//3415 1938//3415 1636//3415 
f 1716//3416 1611//3416 1928//3416 
f 1940//3417 1636//3417 1637//3417 
f 1940//3418 1637//3418 1640//3418 
f 1940//3419 1939//3419 1636//3419 
f 1714//3420 1952//3420 1953//3420 
f 1714//3421 1953//3421 1611//3421 
f 1714//3422 1611//3422 1716//3422 
f 1941//3423 1940//3423 1640//3423 
f 1712//3424 1952//3424 1714//3424 
f 1954//3425 1952//3425 1712//3425 
f 1942//3426 1640//3426 1642//3426 
f 1942//3427 1941//3427 1640//3427 
f 1710//3428 1954//3428 1712//3428 
f 1943//3429 1642//3429 1643//3429 
f 1943//3430 1942//3430 1642//3430 
f 1708//3431 1955//3431 1954//3431 
f 1708//3432 1954//3432 1710//3432 
f 1944//3433 1643//3433 1645//3433 
f 1944//3434 1943//3434 1643//3434 
f 1956//3435 1955//3435 1708//3435 
f 1706//3436 1956//3436 1708//3436 
f 1945//3437 1645//3437 1648//3437 
f 1945//3438 1944//3438 1645//3438 
f 1704//3439 1957//3439 1956//3439 
f 1704//3440 1956//3440 1706//3440 
f 1650//3441 1945//3441 1648//3441 
f 1650//3442 1946//3442 1945//3442 
f 1702//3443 1957//3443 1704//3443 
f 1958//3444 1957//3444 1702//3444 
f 1947//3445 1946//3445 1650//3445 
f 1651//3446 1947//3446 1650//3446 
f 1959//3447 1958//3447 1702//3447 
f 1959//3448 1702//3448 1698//3448 
f 1653//3449 1947//3449 1651//3449 
f 1653//3450 1948//3450 1947//3450 
f 1949//3451 1948//3451 1653//3451 
f 1960//3452 1959//3452 1698//3452 
f 1960//3453 1698//3453 1697//3453 
f 1656//3454 1949//3454 1653//3454 
f 1961//3455 1960//3455 1697//3455 
f 1961//3456 1697//3456 1695//3456 
f 1658//3457 1949//3457 1656//3457 
f 1658//3458 1950//3458 1949//3458 
f 1962//3459 1961//3459 1695//3459 
f 1962//3460 1693//3460 1690//3460 
f 1962//3461 1695//3461 1693//3461 
f 1660//3462 1950//3462 1658//3462 
f 1660//3463 1951//3463 1950//3463 
f 1963//3464 1962//3464 1690//3464 
f 1963//3465 1690//3465 1688//3465 
f 1662//3466 1951//3466 1660//3466 
f 1662//3467 1665//3467 1664//3467 
f 1662//3468 1664//3468 1951//3468 
f 1964//3469 1963//3469 1688//3469 
f 1965//3470 1665//3470 1662//3470 
f 1966//3471 1964//3471 1688//3471 
f 1966//3472 1685//3472 1682//3472 
f 1966//3473 1688//3473 1685//3473 
f 1967//3474 1667//3474 1665//3474 
f 1967//3475 1665//3475 1965//3475 
f 1968//3476 1682//3476 1681//3476 
f 1968//3477 1966//3477 1682//3477 
f 1969//3478 1669//3478 1667//3478 
f 1969//3479 1667//3479 1967//3479 
f 1970//3480 1968//3480 1681//3480 
f 1971//3481 1671//3481 1669//3481 
f 1971//3482 1673//3482 1671//3482 
f 1971//3483 1669//3483 1969//3483 
f 1972//3484 1970//3484 1681//3484 
f 1972//3485 1681//3485 1679//3485 
f 1973//3486 1673//3486 1971//3486 
f 1974//3487 1972//3487 1679//3487 
f 1974//3488 1677//3488 1675//3488 
f 1974//3489 1679//3489 1677//3489 
f 1975//3490 1675//3490 1673//3490 
f 1975//3491 1974//3491 1675//3491 
f 1975//3492 1673//3492 1973//3492 
f 1662//3493 1661//3493 1965//3493 
f 1661//3494 1976//3494 1965//3494 
f 1965//3495 1977//3495 1967//3495 
f 1976//3496 1977//3496 1965//3496 
f 1967//3497 1978//3497 1969//3497 
f 1977//3498 1978//3498 1967//3498 
f 1969//3499 1979//3499 1971//3499 
f 1978//3500 1979//3500 1969//3500 
f 1971//3501 1980//3501 1973//3501 
f 1979//3502 1980//3502 1971//3502 
f 1973//3503 1981//3503 1975//3503 
f 1980//3504 1981//3504 1973//3504 
f 1975//3505 1982//3505 1974//3505 
f 1981//3506 1982//3506 1975//3506 
f 1974//3507 1983//3507 1972//3507 
f 1982//3508 1983//3508 1974//3508 
f 1972//3509 1984//3509 1970//3509 
f 1970//3510 1984//3510 1968//3510 
f 1983//3511 1984//3511 1972//3511 
f 1984//3512 1985//3512 1968//3512 
f 1985//3513 1986//3513 1968//3513 
f 1968//3514 1986//3514 1966//3514 
f 1966//3515 1986//3515 1964//3515 
f 1986//3516 1987//3516 1964//3516 
f 1987//3517 1988//3517 1964//3517 
f 1964//3518 1988//3518 1963//3518 
f 1963//3519 1988//3519 1962//3519 
f 1988//3520 1989//3520 1962//3520 
f 1989//3521 1990//3521 1962//3521 
f 1962//3522 1990//3522 1961//3522 
f 1961//3523 1990//3523 1960//3523 
f 1990//3524 1991//3524 1960//3524 
f 1991//3525 1992//3525 1960//3525 
f 1960//3526 1992//3526 1959//3526 
f 1992//3527 1993//3527 1959//3527 
f 1959//3528 1993//3528 1958//3528 
f 1993//3529 1994//3529 1958//3529 
f 1958//3530 1994//3530 1957//3530 
f 1957//3531 1994//3531 1956//3531 
f 1994//3532 1995//3532 1956//3532 
f 1995//3533 1996//3533 1956//3533 
f 1956//3534 1996//3534 1955//3534 
f 1996//3535 1997//3535 1955//3535 
f 1955//3536 1997//3536 1954//3536 
f 1954//3537 1997//3537 1952//3537 
f 1997//3538 1998//3538 1952//3538 
f 1952//3539 1999//3539 1953//3539 
f 1998//3540 1999//3540 1952//3540 
f 1953//3541 1612//3541 1611//3541 
f 1999//3542 1612//3542 1953//3542 
f 1625//3543 1623//3543 2000//3543 
f 1625//3544 2000//3544 2001//3544 
f 1622//3545 2000//3545 1623//3545 
f 1622//3546 2002//3546 2000//3546 
f 1627//3547 1625//3547 2001//3547 
f 1627//3548 2001//3548 2003//3548 
f 1619//3549 2002//3549 1622//3549 
f 1619//3550 2004//3550 2005//3550 
f 1619//3551 2005//3551 2002//3551 
f 1629//3552 1627//3552 2003//3552 
f 1629//3553 2003//3553 2006//3553 
f 1617//3554 2004//3554 1619//3554 
f 2007//3555 2004//3555 1617//3555 
f 1631//3556 1629//3556 2006//3556 
f 1631//3557 2006//3557 2008//3557 
f 1616//3558 2007//3558 1617//3558 
f 1633//3559 1631//3559 2008//3559 
f 1633//3560 2008//3560 2009//3560 
f 2010//3561 1633//3561 2009//3561 
f 1614//3562 2011//3562 2007//3562 
f 1614//3563 2007//3563 1616//3563 
f 1635//3564 1633//3564 2010//3564 
f 1612//3565 1610//3565 2011//3565 
f 1612//3566 2011//3566 1614//3566 
f 1638//3567 2010//3567 2012//3567 
f 1638//3568 1635//3568 2010//3568 
f 1609//3569 1610//3569 1612//3569 
f 1999//3570 1609//3570 1612//3570 
f 1639//3571 1638//3571 2012//3571 
f 1639//3572 2012//3572 2013//3572 
f 1608//3573 1609//3573 1999//3573 
f 1998//3574 1608//3574 1999//3574 
f 1641//3575 2013//3575 2014//3575 
f 1641//3576 1639//3576 2013//3576 
f 1997//3577 1607//3577 1608//3577 
f 1997//3578 1608//3578 1998//3578 
f 1644//3579 2014//3579 2015//3579 
f 1644//3580 1641//3580 2014//3580 
f 1996//3581 1606//3581 1607//3581 
f 1996//3582 1607//3582 1997//3582 
f 2016//3583 1644//3583 2015//3583 
f 1646//3584 1644//3584 2016//3584 
f 1995//3585 1605//3585 1606//3585 
f 1995//3586 1606//3586 1996//3586 
f 1647//3587 2016//3587 2017//3587 
f 1647//3588 1646//3588 2016//3588 
f 1994//3589 1604//3589 1605//3589 
f 1994//3590 1605//3590 1995//3590 
f 2018//3591 1649//3591 1647//3591 
f 2018//3592 1647//3592 2017//3592 
f 1993//3593 1604//3593 1994//3593 
f 1603//3594 1604//3594 1993//3594 
f 1652//3595 1649//3595 2018//3595 
f 2019//3596 1652//3596 2018//3596 
f 1602//3597 1603//3597 1993//3597 
f 1602//3598 1993//3598 1992//3598 
f 2020//3599 1652//3599 2019//3599 
f 2020//3600 1654//3600 1652//3600 
f 1601//3601 1602//3601 1992//3601 
f 1601//3602 1992//3602 1991//3602 
f 1655//3603 1654//3603 2020//3603 
f 2021//3604 1655//3604 2020//3604 
f 1990//3605 1601//3605 1991//3605 
f 1600//3606 1601//3606 1990//3606 
f 2022//3607 1655//3607 2021//3607 
f 2022//3608 1657//3608 1655//3608 
f 1599//3609 1600//3609 1990//3609 
f 1599//3610 1990//3610 1989//3610 
f 2023//3611 1657//3611 2022//3611 
f 2023//3612 1659//3612 1657//3612 
f 1598//3613 1599//3613 1989//3613 
f 1598//3614 1989//3614 1988//3614 
f 1586//3615 1659//3615 2023//3615 
f 1586//3616 1661//3616 1659//3616 
f 1987//3617 1598//3617 1988//3617 
f 1597//3618 1598//3618 1987//3618 
f 1986//3619 1597//3619 1987//3619 
f 1585//3620 1661//3620 1586//3620 
f 1585//3621 1976//3621 1661//3621 
f 1977//3622 1976//3622 1585//3622 
f 1596//3623 1597//3623 1986//3623 
f 1587//3624 1977//3624 1585//3624 
f 1978//3625 1977//3625 1587//3625 
f 1595//3626 1985//3626 1984//3626 
f 1595//3627 1986//3627 1985//3627 
f 1595//3628 1596//3628 1986//3628 
f 1588//3629 1978//3629 1587//3629 
f 1594//3630 1984//3630 1983//3630 
f 1594//3631 1595//3631 1984//3631 
f 1589//3632 1979//3632 1978//3632 
f 1589//3633 1978//3633 1588//3633 
f 1593//3634 1983//3634 1982//3634 
f 1593//3635 1594//3635 1983//3635 
f 1590//3636 1980//3636 1979//3636 
f 1590//3637 1979//3637 1589//3637 
f 1592//3638 1593//3638 1982//3638 
f 1591//3639 1981//3639 1980//3639 
f 1591//3640 1982//3640 1981//3640 
f 1591//3641 1980//3641 1590//3641 
f 1591//3642 1592//3642 1982//3642 
f 1610//3643 1324//3643 2024//3643 
f 2011//3644 2024//3644 2025//3644 
f 2011//3645 1610//3645 2024//3645 
f 2007//3646 2025//3646 2026//3646 
f 2007//3647 2011//3647 2025//3647 
f 2004//3648 2026//3648 2027//3648 
f 2004//3649 2007//3649 2026//3649 
f 2005//3650 2027//3650 2028//3650 
f 2005//3651 2004//3651 2027//3651 
f 2002//3652 2028//3652 2029//3652 
f 2002//3653 2005//3653 2028//3653 
f 2000//3654 2029//3654 2030//3654 
f 2000//3655 2002//3655 2029//3655 
f 2001//3656 2030//3656 2031//3656 
f 2001//3657 2000//3657 2030//3657 
f 2003//3658 2031//3658 2032//3658 
f 2003//3659 2001//3659 2031//3659 
f 2006//3660 2032//3660 2033//3660 
f 2006//3661 2003//3661 2032//3661 
f 2008//3662 2033//3662 2034//3662 
f 2008//3663 2006//3663 2033//3663 
f 2009//3664 2008//3664 2034//3664 
f 2009//3665 2034//3665 2035//3665 
f 2010//3666 2009//3666 2035//3666 
f 2010//3667 2035//3667 2036//3667 
f 2012//3668 2010//3668 2036//3668 
f 2012//3669 2036//3669 2037//3669 
f 2013//3670 2012//3670 2037//3670 
f 2013//3671 2037//3671 2038//3671 
f 2014//3672 2013//3672 2038//3672 
f 2015//3673 2038//3673 2039//3673 
f 2015//3674 2039//3674 2040//3674 
f 2015//3675 2014//3675 2038//3675 
f 2016//3676 2040//3676 2041//3676 
f 2016//3677 2015//3677 2040//3677 
f 2017//3678 2041//3678 2042//3678 
f 2017//3679 2016//3679 2041//3679 
f 2018//3680 2017//3680 2042//3680 
f 2019//3681 2042//3681 2043//3681 
f 2019//3682 2018//3682 2042//3682 
f 2020//3683 2043//3683 2044//3683 
f 2020//3684 2044//3684 2045//3684 
f 2020//3685 2019//3685 2043//3685 
f 2021//3686 2045//3686 2046//3686 
f 2021//3687 2020//3687 2045//3687 
f 2022//3688 2021//3688 2046//3688 
f 2023//3689 2046//3689 2047//3689 
f 2023//3690 2047//3690 1444//3690 
f 2023//3691 2022//3691 2046//3691 
f 1586//3692 2023//3692 1444//3692 
f 2048//3693 1330//3693 1066//3693 
f 2048//3694 1066//3694 2049//3694 
f 2048//3695 2049//3695 2050//3695 
f 2048//3696 2050//3696 2051//3696 
f 2048//3697 2052//3697 2053//3697 
f 2048//3698 2053//3698 2054//3698 
f 2048//3699 2054//3699 1330//3699 
f 2055//3700 2051//3700 2056//3700 
f 2055//3701 2056//3701 2057//3701 
f 2055//3702 2058//3702 2059//3702 
f 2055//3703 2059//3703 2052//3703 
f 2055//3704 2048//3704 2051//3704 
f 2055//3705 2052//3705 2048//3705 
f 2060//3706 2057//3706 2061//3706 
f 2060//3707 2061//3707 2062//3707 
f 2060//3708 2058//3708 2055//3708 
f 2060//3709 2063//3709 2064//3709 
f 2060//3710 2064//3710 2058//3710 
f 2060//3711 2055//3711 2057//3711 
f 2065//3712 2062//3712 2066//3712 
f 2065//3713 2066//3713 2067//3713 
f 2065//3714 2060//3714 2062//3714 
f 2065//3715 2068//3715 2069//3715 
f 2065//3716 2069//3716 2063//3716 
f 2065//3717 2063//3717 2060//3717 
f 2070//3718 2067//3718 2071//3718 
f 2070//3719 2071//3719 2072//3719 
f 2070//3720 2068//3720 2065//3720 
f 2070//3721 2065//3721 2067//3721 
f 2070//3722 2073//3722 2074//3722 
f 2070//3723 2074//3723 2068//3723 
f 2075//3724 2073//3724 2070//3724 
f 2075//3725 2070//3725 2072//3725 
f 2075//3726 2072//3726 2076//3726 
f 2075//3727 2076//3727 2077//3727 
f 2075//3728 2078//3728 2079//3728 
f 2075//3729 2079//3729 2073//3729 
f 2080//3730 2077//3730 2081//3730 
f 2080//3731 2082//3731 2078//3731 
f 2080//3732 2078//3732 2075//3732 
f 2080//3733 2075//3733 2077//3733 
f 2083//3734 2081//3734 2084//3734 
f 2083//3735 2084//3735 2085//3735 
f 2083//3736 2086//3736 2087//3736 
f 2083//3737 2087//3737 2082//3737 
f 2083//3738 2080//3738 2081//3738 
f 2083//3739 2082//3739 2080//3739 
f 2088//3740 2085//3740 2089//3740 
f 2088//3741 2089//3741 2090//3741 
f 2088//3742 2091//3742 2092//3742 
f 2088//3743 2092//3743 2086//3743 
f 2088//3744 2083//3744 2085//3744 
f 2088//3745 2086//3745 2083//3745 
f 2093//3746 2090//3746 2094//3746 
f 2093//3747 2094//3747 2095//3747 
f 2093//3748 2096//3748 2097//3748 
f 2093//3749 2097//3749 2091//3749 
f 2093//3750 2088//3750 2090//3750 
f 2093//3751 2091//3751 2088//3751 
f 2098//3752 2095//3752 2099//3752 
f 2098//3753 2099//3753 2100//3753 
f 2098//3754 2101//3754 2102//3754 
f 2098//3755 2102//3755 2096//3755 
f 2098//3756 2096//3756 2093//3756 
f 2098//3757 2093//3757 2095//3757 
f 2103//3758 2098//3758 2100//3758 
f 2103//3759 2100//3759 2104//3759 
f 2103//3760 2104//3760 2105//3760 
f 2103//3761 2105//3761 1064//3761 
f 2103//3762 1064//3762 1450//3762 
f 2103//3763 1450//3763 2106//3763 
f 2103//3764 2106//3764 2107//3764 
f 2103//3765 2107//3765 2101//3765 
f 2103//3766 2101//3766 2098//3766 
f 2108//3767 2109//3767 2110//3767 
f 2111//3768 2108//3768 2110//3768 
f 2111//3769 2110//3769 2112//3769 
f 2113//3770 2109//3770 2108//3770 
f 2113//3771 2114//3771 2109//3771 
f 2115//3772 2111//3772 2112//3772 
f 2115//3773 2112//3773 2116//3773 
f 2117//3774 2114//3774 2113//3774 
f 2118//3775 2114//3775 2117//3775 
f 2119//3776 2115//3776 2116//3776 
f 2119//3777 2116//3777 2120//3777 
f 2121//3778 2118//3778 2117//3778 
f 2122//3779 2118//3779 2121//3779 
f 2123//3780 2119//3780 2120//3780 
f 2123//3781 2120//3781 2124//3781 
f 2125//3782 2122//3782 2121//3782 
f 2126//3783 2123//3783 2124//3783 
f 2126//3784 2124//3784 2127//3784 
f 2128//3785 2122//3785 2125//3785 
f 2129//3786 2128//3786 2125//3786 
f 2130//3787 2127//3787 2131//3787 
f 2130//3788 2126//3788 2127//3788 
f 1320//3789 2128//3789 2129//3789 
f 459//3790 1320//3790 2129//3790 
f 2132//3791 2131//3791 2133//3791 
f 2132//3792 2130//3792 2131//3792 
f 1321//3793 1320//3793 459//3793 
f 458//3794 1321//3794 459//3794 
f 2134//3795 2133//3795 2135//3795 
f 2134//3796 2132//3796 2133//3796 
f 1295//3797 1321//3797 458//3797 
f 771//3798 1295//3798 458//3798 
f 2136//3799 2135//3799 2137//3799 
f 2136//3800 2134//3800 2135//3800 
f 770//3801 1294//3801 1295//3801 
f 770//3802 1295//3802 771//3802 
f 2138//3803 2137//3803 2139//3803 
f 2138//3804 2136//3804 2137//3804 
f 1284//3805 1294//3805 770//3805 
f 742//3806 1284//3806 770//3806 
f 2140//3807 2139//3807 2141//3807 
f 2140//3808 2138//3808 2139//3808 
f 741//3809 1275//3809 1284//3809 
f 741//3810 1284//3810 742//3810 
f 2142//3811 2141//3811 2143//3811 
f 2142//3812 2140//3812 2141//3812 
f 714//3813 1264//3813 1275//3813 
f 714//3814 1275//3814 741//3814 
f 2144//3815 2145//3815 2142//3815 
f 2144//3816 2142//3816 2143//3816 
f 1254//3817 1264//3817 714//3817 
f 1254//3818 714//3818 700//3818 
f 2146//3819 2145//3819 2144//3819 
f 2147//3820 2146//3820 2144//3820 
f 1244//3821 1254//3821 700//3821 
f 1244//3822 700//3822 686//3822 
f 2148//3823 2146//3823 2147//3823 
f 2149//3824 2148//3824 2147//3824 
f 685//3825 1244//3825 686//3825 
f 1234//3826 1244//3826 685//3826 
f 2150//3827 2148//3827 2149//3827 
f 2150//3828 2151//3828 2148//3828 
f 658//3829 1234//3829 685//3829 
f 1225//3830 1234//3830 658//3830 
f 2152//3831 2151//3831 2150//3831 
f 2153//3832 2152//3832 2150//3832 
f 1214//3833 1225//3833 658//3833 
f 1214//3834 658//3834 657//3834 
f 2154//3835 2152//3835 2153//3835 
f 2155//3836 2154//3836 2153//3836 
f 1204//3837 1214//3837 657//3837 
f 1204//3838 657//3838 643//3838 
f 461//3839 2154//3839 2155//3839 
f 1083//3840 461//3840 2155//3840 
f 1195//3841 1204//3841 643//3841 
f 1195//3842 643//3842 629//3842 
f 1082//3843 461//3843 1083//3843 
f 1082//3844 462//3844 461//3844 
f 615//3845 1195//3845 629//3845 
f 1184//3846 1195//3846 615//3846 
f 489//3847 462//3847 1082//3847 
f 1094//3848 489//3848 1082//3848 
f 503//3849 489//3849 1094//3849 
f 1174//3850 1184//3850 615//3850 
f 1174//3851 615//3851 601//3851 
f 1104//3852 503//3852 1094//3852 
f 517//3853 503//3853 1104//3853 
f 1164//3854 1174//3854 601//3854 
f 1164//3855 601//3855 587//3855 
f 1114//3856 517//3856 1104//3856 
f 1114//3857 531//3857 517//3857 
f 1154//3858 1164//3858 587//3858 
f 1154//3859 587//3859 573//3859 
f 1124//3860 531//3860 1114//3860 
f 1124//3861 545//3861 531//3861 
f 1144//3862 573//3862 559//3862 
f 1144//3863 1154//3863 573//3863 
f 1134//3864 559//3864 545//3864 
f 1134//3865 545//3865 1124//3865 
f 1134//3866 1144//3866 559//3866 
f 1572//3867 2156//3867 819//3867 
f 820//3868 2156//3868 795//3868 
f 819//3869 2156//3869 820//3869 
f 795//3870 2157//3870 768//3870 
f 2156//3871 2157//3871 795//3871 
f 768//3872 2158//3872 767//3872 
f 2157//3873 2158//3873 768//3873 
f 2158//3874 2159//3874 767//3874 
f 767//3875 2160//3875 754//3875 
f 2159//3876 2160//3876 767//3876 
f 754//3877 2161//3877 739//3877 
f 2160//3878 2161//3878 754//3878 
f 739//3879 2162//3879 726//3879 
f 2161//3880 2162//3880 739//3880 
f 726//3881 2163//3881 712//3881 
f 2162//3882 2163//3882 726//3882 
f 712//3883 2164//3883 698//3883 
f 2163//3884 2164//3884 712//3884 
f 698//3885 2165//3885 683//3885 
f 2164//3886 2165//3886 698//3886 
f 2165//3887 2166//3887 683//3887 
f 683//3888 2166//3888 670//3888 
f 2166//3889 2167//3889 670//3889 
f 670//3890 2167//3890 655//3890 
f 2167//3891 2168//3891 655//3891 
f 655//3892 2168//3892 641//3892 
f 2168//3893 2169//3893 641//3893 
f 641//3894 2169//3894 627//3894 
f 2169//3895 2170//3895 627//3895 
f 613//3896 2170//3896 599//3896 
f 627//3897 2170//3897 613//3897 
f 2170//3898 2171//3898 599//3898 
f 2171//3899 2172//3899 599//3899 
f 599//3900 2172//3900 585//3900 
f 2172//3901 2173//3901 585//3901 
f 571//3902 2173//3902 557//3902 
f 585//3903 2173//3903 571//3903 
f 2173//3904 2174//3904 557//3904 
f 557//3905 2175//3905 543//3905 
f 2174//3906 2175//3906 557//3906 
f 543//3907 2176//3907 529//3907 
f 2175//3908 2176//3908 543//3908 
f 529//3909 2177//3909 515//3909 
f 2176//3910 2177//3910 529//3910 
f 515//3911 2178//3911 501//3911 
f 2177//3912 2178//3912 515//3912 
f 501//3913 2179//3913 485//3913 
f 2178//3914 2179//3914 501//3914 
f 485//3915 1523//3915 486//3915 
f 2179//3916 1523//3916 485//3916 
f 2180//3917 2181//3917 1561//3917 
f 2180//3918 1561//3918 1559//3918 
f 2182//3919 1561//3919 2181//3919 
f 2182//3920 1563//3920 1561//3920 
f 2183//3921 2180//3921 1559//3921 
f 2183//3922 1557//3922 1555//3922 
f 2183//3923 1559//3923 1557//3923 
f 2184//3924 1563//3924 2182//3924 
f 2184//3925 1565//3925 1563//3925 
f 2185//3926 2183//3926 1555//3926 
f 2186//3927 1565//3927 2184//3927 
f 2186//3928 1567//3928 1565//3928 
f 2187//3929 2185//3929 1555//3929 
f 2187//3930 1555//3930 1553//3930 
f 1551//3931 2187//3931 1553//3931 
f 2188//3932 1567//3932 2186//3932 
f 2188//3933 1569//3933 1567//3933 
f 2189//3934 2187//3934 1551//3934 
f 2190//3935 1569//3935 2188//3935 
f 2190//3936 1571//3936 1569//3936 
f 2191//3937 2189//3937 1551//3937 
f 2191//3938 1551//3938 1549//3938 
f 1498//3939 1571//3939 2190//3939 
f 1498//3940 1572//3940 1571//3940 
f 2192//3941 1549//3941 1547//3941 
f 2192//3942 2191//3942 1549//3942 
f 1497//3943 2156//3943 1572//3943 
f 1497//3944 1572//3944 1498//3944 
f 1545//3945 2192//3945 1547//3945 
f 2193//3946 2192//3946 1545//3946 
f 1499//3947 2157//3947 2156//3947 
f 1499//3948 2156//3948 1497//3948 
f 1543//3949 2193//3949 1545//3949 
f 2194//3950 2193//3950 1543//3950 
f 2158//3951 2157//3951 1499//3951 
f 1500//3952 2158//3952 1499//3952 
f 2195//3953 1543//3953 1541//3953 
f 2195//3954 2194//3954 1543//3954 
f 1501//3955 2159//3955 2158//3955 
f 1501//3956 2158//3956 1500//3956 
f 2196//3957 1541//3957 1539//3957 
f 2196//3958 2195//3958 1541//3958 
f 2160//3959 2159//3959 1501//3959 
f 1502//3960 2160//3960 1501//3960 
f 2197//3961 1539//3961 1537//3961 
f 2197//3962 2196//3962 1539//3962 
f 1503//3963 2161//3963 2160//3963 
f 1503//3964 2160//3964 1502//3964 
f 1535//3965 2198//3965 2197//3965 
f 1535//3966 2197//3966 1537//3966 
f 2162//3967 2161//3967 1503//3967 
f 2162//3968 1503//3968 1504//3968 
f 1533//3969 2198//3969 1535//3969 
f 1533//3970 2199//3970 2198//3970 
f 2163//3971 2162//3971 1504//3971 
f 2163//3972 1504//3972 1505//3972 
f 1531//3973 2199//3973 1533//3973 
f 1531//3974 2200//3974 2199//3974 
f 2164//3975 2163//3975 1505//3975 
f 2164//3976 1505//3976 1506//3976 
f 1529//3977 2200//3977 1531//3977 
f 1529//3978 2201//3978 2200//3978 
f 2165//3979 2164//3979 1506//3979 
f 2165//3980 1506//3980 1507//3980 
f 1527//3981 2201//3981 1529//3981 
f 1527//3982 2202//3982 2201//3982 
f 2166//3983 2165//3983 1507//3983 
f 2166//3984 1507//3984 1508//3984 
f 1525//3985 2202//3985 1527//3985 
f 1525//3986 2203//3986 2202//3986 
f 2167//3987 2166//3987 1508//3987 
f 2167//3988 1508//3988 1509//3988 
f 1522//3989 2203//3989 1525//3989 
f 1523//3990 1522//3990 1525//3990 
f 1510//3991 2167//3991 1509//3991 
f 2168//3992 2167//3992 1510//3992 
f 2179//3993 1522//3993 1523//3993 
f 2179//3994 1521//3994 1522//3994 
f 2169//3995 2168//3995 1510//3995 
f 2169//3996 1510//3996 1511//3996 
f 2178//3997 1521//3997 2179//3997 
f 2178//3998 1520//3998 1521//3998 
f 2170//3999 1511//3999 1512//3999 
f 2170//4000 2169//4000 1511//4000 
f 2177//4001 1520//4001 2178//4001 
f 2177//4002 1519//4002 1520//4002 
f 1518//4003 1519//4003 2177//4003 
f 2171//4004 1512//4004 1513//4004 
f 2171//4005 1513//4005 1514//4005 
f 2171//4006 2170//4006 1512//4006 
f 2176//4007 1517//4007 1518//4007 
f 2176//4008 1518//4008 2177//4008 
f 2172//4009 2171//4009 1514//4009 
f 2175//4010 1517//4010 2176//4010 
f 2173//4011 1514//4011 1515//4011 
f 2173//4012 2172//4012 1514//4012 
f 2174//4013 1517//4013 2175//4013 
f 2174//4014 1515//4014 1516//4014 
f 2174//4015 1516//4015 1517//4015 
f 2174//4016 2173//4016 1515//4016 
f 2203//4017 1522//4017 1061//4017 
f 2203//4018 1061//4018 2204//4018 
f 2202//4019 2204//4019 2205//4019 
f 2202//4020 2203//4020 2204//4020 
f 2201//4021 2205//4021 2206//4021 
f 2201//4022 2202//4022 2205//4022 
f 2200//4023 2206//4023 2207//4023 
f 2200//4024 2201//4024 2206//4024 
f 2199//4025 2207//4025 2208//4025 
f 2199//4026 2200//4026 2207//4026 
f 2198//4027 2208//4027 2209//4027 
f 2198//4028 2199//4028 2208//4028 
f 2197//4029 2209//4029 2210//4029 
f 2197//4030 2198//4030 2209//4030 
f 2196//4031 2210//4031 2211//4031 
f 2196//4032 2197//4032 2210//4032 
f 2195//4033 2211//4033 2212//4033 
f 2195//4034 2196//4034 2211//4034 
f 2194//4035 2212//4035 2213//4035 
f 2194//4036 2195//4036 2212//4036 
f 2193//4037 2194//4037 2213//4037 
f 2193//4038 2213//4038 2214//4038 
f 2192//4039 2193//4039 2214//4039 
f 2192//4040 2214//4040 2215//4040 
f 2191//4041 2192//4041 2215//4041 
f 2191//4042 2215//4042 2216//4042 
f 2189//4043 2191//4043 2216//4043 
f 2189//4044 2216//4044 2217//4044 
f 2187//4045 2189//4045 2217//4045 
f 2187//4046 2217//4046 2218//4046 
f 2185//4047 2218//4047 2219//4047 
f 2185//4048 2187//4048 2218//4048 
f 2183//4049 2219//4049 2220//4049 
f 2183//4050 2185//4050 2219//4050 
f 2180//4051 2220//4051 2221//4051 
f 2180//4052 2221//4052 2222//4052 
f 2180//4053 2183//4053 2220//4053 
f 2181//4054 2180//4054 2222//4054 
f 2182//4055 2222//4055 2223//4055 
f 2182//4056 2181//4056 2222//4056 
f 2184//4057 2223//4057 2224//4057 
f 2184//4058 2182//4058 2223//4058 
f 2186//4059 2224//4059 2225//4059 
f 2186//4060 2184//4060 2224//4060 
f 2188//4061 2225//4061 2226//4061 
f 2188//4062 2186//4062 2225//4062 
f 2190//4063 2226//4063 2227//4063 
f 2190//4064 2227//4064 865//4064 
f 2190//4065 2188//4065 2226//4065 
f 1498//4066 2190//4066 865//4066 
f 1452//4067 960//4067 949//4067 
f 1455//4068 1454//4068 2228//4068 
f 2229//4069 828//4069 826//4069 
f 2229//4070 826//4070 824//4070 
f 2230//4071 916//4071 905//4071 
f 2230//4072 905//4072 830//4072 
f 2230//4073 830//4073 828//4073 
f 2230//4074 828//4074 2229//4074 
f 2231//4075 824//4075 821//4075 
f 2231//4076 821//4076 823//4076 
f 2231//4077 2229//4077 824//4077 
f 2232//4078 949//4078 938//4078 
f 2232//4079 938//4079 927//4079 
f 2232//4080 927//4080 916//4080 
f 2232//4081 916//4081 2230//4081 
f 2232//4082 1452//4082 949//4082 
f 2233//4083 2229//4083 2231//4083 
f 2233//4084 2230//4084 2229//4084 
f 2234//4085 823//4085 854//4085 
f 2234//4086 854//4086 853//4086 
f 2234//4087 2231//4087 823//4087 
f 2235//4088 1459//4088 1458//4088 
f 2235//4089 1458//4089 1452//4089 
f 2235//4090 1452//4090 2232//4090 
f 2235//4091 2232//4091 2230//4091 
f 2235//4092 2230//4092 2233//4092 
f 2236//4093 2233//4093 2231//4093 
f 2236//4094 2231//4094 2234//4094 
f 2237//4095 853//4095 2238//4095 
f 2237//4096 2238//4096 2239//4096 
f 2237//4097 2234//4097 853//4097 
f 2240//4098 1462//4098 1459//4098 
f 2240//4099 2235//4099 2233//4099 
f 2240//4100 1459//4100 2235//4100 
f 2240//4101 2233//4101 2236//4101 
f 2241//4102 2236//4102 2234//4102 
f 2241//4103 2234//4103 2237//4103 
f 2242//4104 2239//4104 2243//4104 
f 2242//4105 2243//4105 2244//4105 
f 2242//4106 2237//4106 2239//4106 
f 2245//4107 1466//4107 1465//4107 
f 2245//4108 1465//4108 1462//4108 
f 2245//4109 2240//4109 2236//4109 
f 2245//4110 1462//4110 2240//4110 
f 2245//4111 2236//4111 2241//4111 
f 2246//4112 2241//4112 2237//4112 
f 2246//4113 2237//4113 2242//4113 
f 2247//4114 2244//4114 2248//4114 
f 2247//4115 2248//4115 2249//4115 
f 2247//4116 2242//4116 2244//4116 
f 2250//4117 1470//4117 1466//4117 
f 2250//4118 2241//4118 2246//4118 
f 2250//4119 2245//4119 2241//4119 
f 2250//4120 1466//4120 2245//4120 
f 2251//4121 2242//4121 2247//4121 
f 2251//4122 2246//4122 2242//4122 
f 2252//4123 2246//4123 2251//4123 
f 2252//4124 1474//4124 1470//4124 
f 2252//4125 1475//4125 1474//4125 
f 2252//4126 2250//4126 2246//4126 
f 2252//4127 1470//4127 2250//4127 
f 2253//4128 2249//4128 2254//4128 
f 2253//4129 2254//4129 2255//4129 
f 2253//4130 2255//4130 2256//4130 
f 2253//4131 2251//4131 2247//4131 
f 2253//4132 2247//4132 2249//4132 
f 2257//4133 1479//4133 1475//4133 
f 2257//4134 2251//4134 2253//4134 
f 2257//4135 1475//4135 2252//4135 
f 2257//4136 2252//4136 2251//4136 
f 2258//4137 1454//4137 1479//4137 
f 2258//4138 2257//4138 2253//4138 
f 2258//4139 2228//4139 1454//4139 
f 2258//4140 1479//4140 2257//4140 
f 2258//4141 2253//4141 2256//4141 
f 2258//4142 2256//4142 2259//4142 
f 2258//4143 2259//4143 2260//4143 
f 2258//4144 2260//4144 2228//4144 
f 2261//4145 1445//4145 1444//4145 
f 2261//4146 1447//4146 1445//4146 
f 2261//4147 1444//4147 2047//4147 
f 2262//4148 1447//4148 2261//4148 
f 2263//4149 1449//4149 1447//4149 
f 2263//4150 1450//4150 1449//4150 
f 2263//4151 2106//4151 1450//4151 
f 2263//4152 1447//4152 2262//4152 
f 2264//4153 2047//4153 2046//4153 
f 2264//4154 2261//4154 2047//4154 
f 2265//4155 2262//4155 2261//4155 
f 2265//4156 2261//4156 2264//4156 
f 2266//4157 2106//4157 2263//4157 
f 2266//4158 2107//4158 2106//4158 
f 2266//4159 2262//4159 2265//4159 
f 2266//4160 2263//4160 2262//4160 
f 2267//4161 2046//4161 2045//4161 
f 2267//4162 2264//4162 2046//4162 
f 2268//4163 2264//4163 2267//4163 
f 2268//4164 2265//4164 2264//4164 
f 2269//4165 2266//4165 2265//4165 
f 2269//4166 2101//4166 2107//4166 
f 2269//4167 2265//4167 2268//4167 
f 2269//4168 2107//4168 2266//4168 
f 2270//4169 2267//4169 2045//4169 
f 2270//4170 2045//4170 2044//4170 
f 2271//4171 2268//4171 2267//4171 
f 2271//4172 2267//4172 2270//4172 
f 2272//4173 2268//4173 2271//4173 
f 2272//4174 2102//4174 2101//4174 
f 2272//4175 2101//4175 2269//4175 
f 2272//4176 2269//4176 2268//4176 
f 2273//4177 2043//4177 2042//4177 
f 2273//4178 2044//4178 2043//4178 
f 2273//4179 2270//4179 2044//4179 
f 2274//4180 2271//4180 2270//4180 
f 2274//4181 2270//4181 2273//4181 
f 2275//4182 2096//4182 2102//4182 
f 2275//4183 2272//4183 2271//4183 
f 2275//4184 2102//4184 2272//4184 
f 2275//4185 2271//4185 2274//4185 
f 2276//4186 2273//4186 2042//4186 
f 2277//4187 2274//4187 2273//4187 
f 2277//4188 2275//4188 2274//4188 
f 2277//4189 2273//4189 2276//4189 
f 2278//4190 2096//4190 2275//4190 
f 2278//4191 2275//4191 2277//4191 
f 2278//4192 2097//4192 2096//4192 
f 2279//4193 2042//4193 2041//4193 
f 2279//4194 2276//4194 2042//4194 
f 2280//4195 2276//4195 2279//4195 
f 2280//4196 2277//4196 2276//4196 
f 2281//4197 2097//4197 2278//4197 
f 2281//4198 2278//4198 2277//4198 
f 2281//4199 2091//4199 2097//4199 
f 2281//4200 2277//4200 2280//4200 
f 2282//4201 2040//4201 2039//4201 
f 2282//4202 2041//4202 2040//4202 
f 2282//4203 2279//4203 2041//4203 
f 2283//4204 2280//4204 2279//4204 
f 2283//4205 2279//4205 2282//4205 
f 2284//4206 2092//4206 2091//4206 
f 2284//4207 2281//4207 2280//4207 
f 2284//4208 2091//4208 2281//4208 
f 2284//4209 2280//4209 2283//4209 
f 2285//4210 2282//4210 2039//4210 
f 2286//4211 2283//4211 2282//4211 
f 2286//4212 2282//4212 2285//4212 
f 2287//4213 2086//4213 2092//4213 
f 2287//4214 2284//4214 2283//4214 
f 2287//4215 2283//4215 2286//4215 
f 2287//4216 2092//4216 2284//4216 
f 2288//4217 2038//4217 2037//4217 
f 2288//4218 2039//4218 2038//4218 
f 2288//4219 2285//4219 2039//4219 
f 2289//4220 2286//4220 2285//4220 
f 2289//4221 2285//4221 2288//4221 
f 2290//4222 2086//4222 2287//4222 
f 2290//4223 2087//4223 2086//4223 
f 2290//4224 2287//4224 2286//4224 
f 2290//4225 2286//4225 2289//4225 
f 2291//4226 2288//4226 2037//4226 
f 2292//4227 2288//4227 2291//4227 
f 2292//4228 2289//4228 2288//4228 
f 2292//4229 2290//4229 2289//4229 
f 2293//4230 2087//4230 2290//4230 
f 2293//4231 2290//4231 2292//4231 
f 2293//4232 2082//4232 2087//4232 
f 2294//4233 2292//4233 2291//4233 
f 2294//4234 2037//4234 2036//4234 
f 2294//4235 2291//4235 2037//4235 
f 2295//4236 2292//4236 2294//4236 
f 2296//4237 2292//4237 2295//4237 
f 2296//4238 2293//4238 2292//4238 
f 2296//4239 2082//4239 2293//4239 
f 2296//4240 2078//4240 2082//4240 
f 2297//4241 2036//4241 2035//4241 
f 2297//4242 2294//4242 2036//4242 
f 2298//4243 2294//4243 2297//4243 
f 2298//4244 2295//4244 2294//4244 
f 2299//4245 2296//4245 2295//4245 
f 2299//4246 2078//4246 2296//4246 
f 2299//4247 2295//4247 2298//4247 
f 2299//4248 2079//4248 2078//4248 
f 2300//4249 2035//4249 2034//4249 
f 2300//4250 2297//4250 2035//4250 
f 2301//4251 2298//4251 2297//4251 
f 2301//4252 2297//4252 2300//4252 
f 2302//4253 2299//4253 2298//4253 
f 2302//4254 2079//4254 2299//4254 
f 2302//4255 2298//4255 2301//4255 
f 2302//4256 2073//4256 2079//4256 
f 2303//4257 2034//4257 2033//4257 
f 2303//4258 2300//4258 2034//4258 
f 2304//4259 2301//4259 2300//4259 
f 2304//4260 2300//4260 2303//4260 
f 2305//4261 2302//4261 2301//4261 
f 2305//4262 2073//4262 2302//4262 
f 2305//4263 2301//4263 2304//4263 
f 2305//4264 2074//4264 2073//4264 
f 2306//4265 2033//4265 2032//4265 
f 2306//4266 2303//4266 2033//4266 
f 2307//4267 2303//4267 2306//4267 
f 2307//4268 2304//4268 2303//4268 
f 2308//4269 2305//4269 2304//4269 
f 2308//4270 2074//4270 2305//4270 
f 2308//4271 2068//4271 2074//4271 
f 2308//4272 2304//4272 2307//4272 
f 2309//4273 2032//4273 2031//4273 
f 2309//4274 2306//4274 2032//4274 
f 2309//4275 2307//4275 2306//4275 
f 2310//4276 2307//4276 2309//4276 
f 2311//4277 2069//4277 2068//4277 
f 2311//4278 2308//4278 2307//4278 
f 2311//4279 2068//4279 2308//4279 
f 2311//4280 2307//4280 2310//4280 
f 2312//4281 2031//4281 2030//4281 
f 2312//4282 2309//4282 2031//4282 
f 2313//4283 2310//4283 2309//4283 
f 2313//4284 2309//4284 2312//4284 
f 2314//4285 2063//4285 2069//4285 
f 2314//4286 2069//4286 2311//4286 
f 2314//4287 2311//4287 2310//4287 
f 2314//4288 2310//4288 2313//4288 
f 2315//4289 2030//4289 2029//4289 
f 2315//4290 2312//4290 2030//4290 
f 2315//4291 2313//4291 2312//4291 
f 2316//4292 2313//4292 2315//4292 
f 2317//4293 2064//4293 2063//4293 
f 2317//4294 2063//4294 2314//4294 
f 2317//4295 2314//4295 2313//4295 
f 2317//4296 2313//4296 2316//4296 
f 2318//4297 2029//4297 2028//4297 
f 2318//4298 2315//4298 2029//4298 
f 2319//4299 2315//4299 2318//4299 
f 2319//4300 2316//4300 2315//4300 
f 2320//4301 2064//4301 2317//4301 
f 2320//4302 2058//4302 2064//4302 
f 2320//4303 2317//4303 2316//4303 
f 2320//4304 2316//4304 2319//4304 
f 2321//4305 2028//4305 2027//4305 
f 2321//4306 2318//4306 2028//4306 
f 2322//4307 2318//4307 2321//4307 
f 2322//4308 2320//4308 2319//4308 
f 2322//4309 2319//4309 2318//4309 
f 2323//4310 2059//4310 2058//4310 
f 2323//4311 2058//4311 2320//4311 
f 2323//4312 2320//4312 2322//4312 
f 2324//4313 2027//4313 2026//4313 
f 2324//4314 2322//4314 2321//4314 
f 2324//4315 2321//4315 2027//4315 
f 2325//4316 2322//4316 2324//4316 
f 2326//4317 2322//4317 2325//4317 
f 2326//4318 2052//4318 2059//4318 
f 2326//4319 2059//4319 2323//4319 
f 2326//4320 2323//4320 2322//4320 
f 2327//4321 2026//4321 2025//4321 
f 2327//4322 2324//4322 2026//4322 
f 2328//4323 2325//4323 2324//4323 
f 2328//4324 2324//4324 2327//4324 
f 2329//4325 2326//4325 2325//4325 
f 2329//4326 2052//4326 2326//4326 
f 2329//4327 2325//4327 2328//4327 
f 2329//4328 2053//4328 2052//4328 
f 2330//4329 2328//4329 2327//4329 
f 2330//4330 2024//4330 1324//4330 
f 2330//4331 2025//4331 2024//4331 
f 2330//4332 1324//4332 1323//4332 
f 2330//4333 1323//4333 1327//4333 
f 2330//4334 2327//4334 2025//4334 
f 2331//4335 2328//4335 2330//4335 
f 2331//4336 2330//4336 1327//4336 
f 2331//4337 1327//4337 1331//4337 
f 2332//4338 2329//4338 2328//4338 
f 2332//4339 2053//4339 2329//4339 
f 2332//4340 2331//4340 1331//4340 
f 2332//4341 1331//4341 1330//4341 
f 2332//4342 2054//4342 2053//4342 
f 2332//4343 1330//4343 2054//4343 
f 2332//4344 2328//4344 2331//4344 
f 1068//4345 2049//4345 1066//4345 
f 1083//4346 2155//4346 1084//4346 
f 2333//4347 1062//4347 1064//4347 
f 2333//4348 1064//4348 2105//4348 
f 2334//4349 1307//4349 1062//4349 
f 2334//4350 1062//4350 2333//4350 
f 2335//4351 1308//4351 1307//4351 
f 2335//4352 1307//4352 2334//4352 
f 2336//4353 1311//4353 1308//4353 
f 2336//4354 1308//4354 2335//4354 
f 2337//4355 1313//4355 1311//4355 
f 2337//4356 1311//4356 2336//4356 
f 2338//4357 1315//4357 1313//4357 
f 2338//4358 1313//4358 2337//4358 
f 2339//4359 1317//4359 1315//4359 
f 2339//4360 1315//4360 2338//4360 
f 2340//4361 1319//4361 1317//4361 
f 2340//4362 1320//4362 1319//4362 
f 2340//4363 1317//4363 2339//4363 
f 2340//4364 2128//4364 1320//4364 
f 2341//4365 2105//4365 2104//4365 
f 2341//4366 2333//4366 2105//4366 
f 2342//4367 2334//4367 2333//4367 
f 2342//4368 2333//4368 2341//4368 
f 2343//4369 2335//4369 2334//4369 
f 2343//4370 2334//4370 2342//4370 
f 2344//4371 2335//4371 2343//4371 
f 2344//4372 2336//4372 2335//4372 
f 2345//4373 2337//4373 2336//4373 
f 2345//4374 2336//4374 2344//4374 
f 2346//4375 2337//4375 2345//4375 
f 2346//4376 2338//4376 2337//4376 
f 2347//4377 2338//4377 2346//4377 
f 2347//4378 2339//4378 2338//4378 
f 2348//4379 2122//4379 2128//4379 
f 2348//4380 2340//4380 2339//4380 
f 2348//4381 2128//4381 2340//4381 
f 2348//4382 2339//4382 2347//4382 
f 2349//4383 2104//4383 2100//4383 
f 2349//4384 2341//4384 2104//4384 
f 2350//4385 2341//4385 2349//4385 
f 2350//4386 2342//4386 2341//4386 
f 2351//4387 2342//4387 2350//4387 
f 2351//4388 2343//4388 2342//4388 
f 2352//4389 2344//4389 2343//4389 
f 2352//4390 2343//4390 2351//4390 
f 2353//4391 2344//4391 2352//4391 
f 2353//4392 2345//4392 2344//4392 
f 2354//4393 2346//4393 2345//4393 
f 2354//4394 2345//4394 2353//4394 
f 2355//4395 2347//4395 2346//4395 
f 2355//4396 2346//4396 2354//4396 
f 2356//4397 2348//4397 2347//4397 
f 2356//4398 2118//4398 2122//4398 
f 2356//4399 2347//4399 2355//4399 
f 2356//4400 2122//4400 2348//4400 
f 2357//4401 2100//4401 2099//4401 
f 2357//4402 2349//4402 2100//4402 
f 2358//4403 2350//4403 2349//4403 
f 2358//4404 2351//4404 2350//4404 
f 2358//4405 2349//4405 2357//4405 
f 2359//4406 2351//4406 2358//4406 
f 2360//4407 2351//4407 2359//4407 
f 2360//4408 2352//4408 2351//4408 
f 2361//4409 2352//4409 2360//4409 
f 2361//4410 2353//4410 2352//4410 
f 2362//4411 2353//4411 2361//4411 
f 2362//4412 2354//4412 2353//4412 
f 2363//4413 2355//4413 2354//4413 
f 2363//4414 2354//4414 2362//4414 
f 2364//4415 2355//4415 2363//4415 
f 2364//4416 2114//4416 2118//4416 
f 2364//4417 2356//4417 2355//4417 
f 2364//4418 2118//4418 2356//4418 
f 2365//4419 2099//4419 2095//4419 
f 2365//4420 2357//4420 2099//4420 
f 2365//4421 2358//4421 2357//4421 
f 2366//4422 2358//4422 2365//4422 
f 2367//4423 2358//4423 2366//4423 
f 2367//4424 2359//4424 2358//4424 
f 2368//4425 2359//4425 2367//4425 
f 2368//4426 2360//4426 2359//4426 
f 2369//4427 2362//4427 2361//4427 
f 2369//4428 2360//4428 2368//4428 
f 2369//4429 2361//4429 2360//4429 
f 2370//4430 2362//4430 2369//4430 
f 2371//4431 2363//4431 2362//4431 
f 2371//4432 2362//4432 2370//4432 
f 2372//4433 2364//4433 2363//4433 
f 2372//4434 2114//4434 2364//4434 
f 2372//4435 2363//4435 2371//4435 
f 2372//4436 2109//4436 2114//4436 
f 2373//4437 2365//4437 2095//4437 
f 2373//4438 2095//4438 2094//4438 
f 2373//4439 2366//4439 2365//4439 
f 2374//4440 2366//4440 2373//4440 
f 2375//4441 2367//4441 2366//4441 
f 2375//4442 2366//4442 2374//4442 
f 2376//4443 2367//4443 2375//4443 
f 2376//4444 2368//4444 2367//4444 
f 2377//4445 2369//4445 2368//4445 
f 2377//4446 2368//4446 2376//4446 
f 2378//4447 2370//4447 2369//4447 
f 2378//4448 2369//4448 2377//4448 
f 2379//4449 2370//4449 2378//4449 
f 2379//4450 2371//4450 2370//4450 
f 2380//4451 2110//4451 2109//4451 
f 2380//4452 2372//4452 2371//4452 
f 2380//4453 2109//4453 2372//4453 
f 2380//4454 2371//4454 2379//4454 
f 2381//4455 2373//4455 2094//4455 
f 2381//4456 2094//4456 2090//4456 
f 2382//4457 2374//4457 2373//4457 
f 2382//4458 2373//4458 2381//4458 
f 2383//4459 2375//4459 2374//4459 
f 2383//4460 2376//4460 2375//4460 
f 2383//4461 2374//4461 2382//4461 
f 2384//4462 2377//4462 2376//4462 
f 2384//4463 2376//4463 2383//4463 
f 2385//4464 2377//4464 2384//4464 
f 2385//4465 2378//4465 2377//4465 
f 2386//4466 2378//4466 2385//4466 
f 2387//4467 2379//4467 2378//4467 
f 2387//4468 2380//4468 2379//4468 
f 2387//4469 2378//4469 2386//4469 
f 2388//4470 2112//4470 2110//4470 
f 2388//4471 2110//4471 2380//4471 
f 2388//4472 2380//4472 2387//4472 
f 2389//4473 2090//4473 2089//4473 
f 2389//4474 2381//4474 2090//4474 
f 2390//4475 2382//4475 2381//4475 
f 2390//4476 2381//4476 2389//4476 
f 2390//4477 2383//4477 2382//4477 
f 2391//4478 2383//4478 2390//4478 
f 2392//4479 2383//4479 2391//4479 
f 2392//4480 2384//4480 2383//4480 
f 2393//4481 2384//4481 2392//4481 
f 2393//4482 2385//4482 2384//4482 
f 2394//4483 2385//4483 2393//4483 
f 2394//4484 2386//4484 2385//4484 
f 2395//4485 2386//4485 2394//4485 
f 2395//4486 2387//4486 2386//4486 
f 2396//4487 2387//4487 2395//4487 
f 2396//4488 2116//4488 2112//4488 
f 2396//4489 2112//4489 2388//4489 
f 2396//4490 2388//4490 2387//4490 
f 2397//4491 2089//4491 2085//4491 
f 2397//4492 2389//4492 2089//4492 
f 2397//4493 2390//4493 2389//4493 
f 2398//4494 2391//4494 2390//4494 
f 2398//4495 2390//4495 2397//4495 
f 2399//4496 2391//4496 2398//4496 
f 2399//4497 2392//4497 2391//4497 
f 2400//4498 2392//4498 2399//4498 
f 2400//4499 2393//4499 2392//4499 
f 2401//4500 2393//4500 2400//4500 
f 2402//4501 2394//4501 2393//4501 
f 2402//4502 2395//4502 2394//4502 
f 2402//4503 2393//4503 2401//4503 
f 2403//4504 2396//4504 2395//4504 
f 2403//4505 2395//4505 2402//4505 
f 2404//4506 2396//4506 2403//4506 
f 2404//4507 2116//4507 2396//4507 
f 2404//4508 2120//4508 2116//4508 
f 2405//4509 2085//4509 2084//4509 
f 2405//4510 2397//4510 2085//4510 
f 2406//4511 2397//4511 2405//4511 
f 2406//4512 2398//4512 2397//4512 
f 2407//4513 2399//4513 2398//4513 
f 2407//4514 2398//4514 2406//4514 
f 2407//4515 2400//4515 2399//4515 
f 2408//4516 2400//4516 2407//4516 
f 2408//4517 2401//4517 2400//4517 
f 2409//4518 2401//4518 2408//4518 
f 2410//4519 2402//4519 2401//4519 
f 2410//4520 2401//4520 2409//4520 
f 2411//4521 2404//4521 2403//4521 
f 2411//4522 2403//4522 2402//4522 
f 2411//4523 2402//4523 2410//4523 
f 2412//4524 2120//4524 2404//4524 
f 2412//4525 2124//4525 2120//4525 
f 2412//4526 2404//4526 2411//4526 
f 2413//4527 2084//4527 2081//4527 
f 2413//4528 2405//4528 2084//4528 
f 2414//4529 2405//4529 2413//4529 
f 2414//4530 2406//4530 2405//4530 
f 2415//4531 2406//4531 2414//4531 
f 2415//4532 2407//4532 2406//4532 
f 2416//4533 2407//4533 2415//4533 
f 2416//4534 2408//4534 2407//4534 
f 2417//4535 2408//4535 2416//4535 
f 2417//4536 2409//4536 2408//4536 
f 2418//4537 2410//4537 2409//4537 
f 2418//4538 2409//4538 2417//4538 
f 2419//4539 2410//4539 2418//4539 
f 2419//4540 2411//4540 2410//4540 
f 2420//4541 2127//4541 2124//4541 
f 2420//4542 2124//4542 2412//4542 
f 2420//4543 2412//4543 2411//4543 
f 2420//4544 2411//4544 2419//4544 
f 2421//4545 2077//4545 2076//4545 
f 2421//4546 2081//4546 2077//4546 
f 2421//4547 2413//4547 2081//4547 
f 2421//4548 2414//4548 2413//4548 
f 2422//4549 2414//4549 2421//4549 
f 2423//4550 2414//4550 2422//4550 
f 2423//4551 2415//4551 2414//4551 
f 2423//4552 2416//4552 2415//4552 
f 2424//4553 2416//4553 2423//4553 
f 2425//4554 2416//4554 2424//4554 
f 2425//4555 2417//4555 2416//4555 
f 2425//4556 2418//4556 2417//4556 
f 2426//4557 2418//4557 2425//4557 
f 2427//4558 2418//4558 2426//4558 
f 2427//4559 2419//4559 2418//4559 
f 2428//4560 2419//4560 2427//4560 
f 2428//4561 2131//4561 2127//4561 
f 2428//4562 2127//4562 2420//4562 
f 2428//4563 2420//4563 2419//4563 
f 2429//4564 2421//4564 2076//4564 
f 2430//4565 2421//4565 2429//4565 
f 2430//4566 2422//4566 2421//4566 
f 2430//4567 2423//4567 2422//4567 
f 2431//4568 2423//4568 2430//4568 
f 2432//4569 2424//4569 2423//4569 
f 2432//4570 2423//4570 2431//4570 
f 2433//4571 2425//4571 2424//4571 
f 2433//4572 2424//4572 2432//4572 
f 2434//4573 2425//4573 2433//4573 
f 2434//4574 2426//4574 2425//4574 
f 2435//4575 2427//4575 2426//4575 
f 2435//4576 2426//4576 2434//4576 
f 2436//4577 2428//4577 2427//4577 
f 2436//4578 2131//4578 2428//4578 
f 2436//4579 2427//4579 2435//4579 
f 2436//4580 2133//4580 2131//4580 
f 2437//4581 2076//4581 2072//4581 
f 2437//4582 2429//4582 2076//4582 
f 2437//4583 2430//4583 2429//4583 
f 2438//4584 2430//4584 2437//4584 
f 2439//4585 2432//4585 2431//4585 
f 2439//4586 2430//4586 2438//4586 
f 2439//4587 2431//4587 2430//4587 
f 2440//4588 2432//4588 2439//4588 
f 2441//4589 2433//4589 2432//4589 
f 2441//4590 2434//4590 2433//4590 
f 2441//4591 2432//4591 2440//4591 
f 2442//4592 2434//4592 2441//4592 
f 2443//4593 2434//4593 2442//4593 
f 2443//4594 2435//4594 2434//4594 
f 2443//4595 2436//4595 2435//4595 
f 2444//4596 2133//4596 2436//4596 
f 2444//4597 2135//4597 2133//4597 
f 2444//4598 2436//4598 2443//4598 
f 2445//4599 2072//4599 2071//4599 
f 2445//4600 2437//4600 2072//4600 
f 2446//4601 2437//4601 2445//4601 
f 2446//4602 2438//4602 2437//4602 
f 2447//4603 2439//4603 2438//4603 
f 2447//4604 2438//4604 2446//4604 
f 2448//4605 2440//4605 2439//4605 
f 2448//4606 2439//4606 2447//4606 
f 2449//4607 2441//4607 2440//4607 
f 2449//4608 2440//4608 2448//4608 
f 2450//4609 2442//4609 2441//4609 
f 2450//4610 2441//4610 2449//4610 
f 2451//4611 2443//4611 2442//4611 
f 2451//4612 2442//4612 2450//4612 
f 2452//4613 2137//4613 2135//4613 
f 2452//4614 2135//4614 2444//4614 
f 2452//4615 2444//4615 2443//4615 
f 2452//4616 2443//4616 2451//4616 
f 2453//4617 2071//4617 2067//4617 
f 2453//4618 2445//4618 2071//4618 
f 2454//4619 2445//4619 2453//4619 
f 2454//4620 2446//4620 2445//4620 
f 2455//4621 2448//4621 2447//4621 
f 2455//4622 2447//4622 2446//4622 
f 2455//4623 2446//4623 2454//4623 
f 2456//4624 2448//4624 2455//4624 
f 2457//4625 2449//4625 2448//4625 
f 2457//4626 2450//4626 2449//4626 
f 2457//4627 2448//4627 2456//4627 
f 2458//4628 2450//4628 2457//4628 
f 2459//4629 2451//4629 2450//4629 
f 2459//4630 2452//4630 2451//4630 
f 2459//4631 2450//4631 2458//4631 
f 2460//4632 2452//4632 2459//4632 
f 2460//4633 2139//4633 2137//4633 
f 2460//4634 2137//4634 2452//4634 
f 2461//4635 2066//4635 2062//4635 
f 2461//4636 2067//4636 2066//4636 
f 2461//4637 2453//4637 2067//4637 
f 2462//4638 2453//4638 2461//4638 
f 2462//4639 2454//4639 2453//4639 
f 2463//4640 2454//4640 2462//4640 
f 2463//4641 2455//4641 2454//4641 
f 2464//4642 2456//4642 2455//4642 
f 2464//4643 2457//4643 2456//4643 
f 2464//4644 2455//4644 2463//4644 
f 2465//4645 2457//4645 2464//4645 
f 2466//4646 2457//4646 2465//4646 
f 2466//4647 2458//4647 2457//4647 
f 2467//4648 2459//4648 2458//4648 
f 2467//4649 2458//4649 2466//4649 
f 2468//4650 2459//4650 2467//4650 
f 2468//4651 2139//4651 2460//4651 
f 2468//4652 2141//4652 2139//4652 
f 2468//4653 2460//4653 2459//4653 
f 2469//4654 2062//4654 2061//4654 
f 2469//4655 2461//4655 2062//4655 
f 2470//4656 2461//4656 2469//4656 
f 2470//4657 2463//4657 2462//4657 
f 2470//4658 2462//4658 2461//4658 
f 2471//4659 2463//4659 2470//4659 
f 2472//4660 2463//4660 2471//4660 
f 2472//4661 2464//4661 2463//4661 
f 2473//4662 2464//4662 2472//4662 
f 2473//4663 2465//4663 2464//4663 
f 2474//4664 2466//4664 2465//4664 
f 2474//4665 2465//4665 2473//4665 
f 2475//4666 2466//4666 2474//4666 
f 2475//4667 2468//4667 2467//4667 
f 2475//4668 2467//4668 2466//4668 
f 2476//4669 2141//4669 2468//4669 
f 2476//4670 2468//4670 2475//4670 
f 2476//4671 2143//4671 2141//4671 
f 2477//4672 2469//4672 2061//4672 
f 2478//4673 2470//4673 2469//4673 
f 2478//4674 2469//4674 2477//4674 
f 2478//4675 2471//4675 2470//4675 
f 2479//4676 2471//4676 2478//4676 
f 2480//4677 2473//4677 2472//4677 
f 2480//4678 2472//4678 2471//4678 
f 2480//4679 2471//4679 2479//4679 
f 2481//4680 2473//4680 2480//4680 
f 2482//4681 2475//4681 2474//4681 
f 2482//4682 2474//4682 2473//4682 
f 2482//4683 2473//4683 2481//4683 
f 2483//4684 2475//4684 2482//4684 
f 2484//4685 2476//4685 2475//4685 
f 2484//4686 2143//4686 2476//4686 
f 2484//4687 2144//4687 2143//4687 
f 2484//4688 2147//4688 2144//4688 
f 2484//4689 2475//4689 2483//4689 
f 2485//4690 2061//4690 2057//4690 
f 2485//4691 2477//4691 2061//4691 
f 2486//4692 2477//4692 2485//4692 
f 2486//4693 2478//4693 2477//4693 
f 2487//4694 2479//4694 2478//4694 
f 2487//4695 2478//4695 2486//4695 
f 2488//4696 2480//4696 2479//4696 
f 2488//4697 2479//4697 2487//4697 
f 2489//4698 2480//4698 2488//4698 
f 2489//4699 2481//4699 2480//4699 
f 2490//4700 2482//4700 2481//4700 
f 2490//4701 2481//4701 2489//4701 
f 2491//4702 2483//4702 2482//4702 
f 2491//4703 2484//4703 2483//4703 
f 2491//4704 2482//4704 2490//4704 
f 2492//4705 2484//4705 2491//4705 
f 2492//4706 2147//4706 2484//4706 
f 2493//4707 2057//4707 2056//4707 
f 2493//4708 2485//4708 2057//4708 
f 2493//4709 2486//4709 2485//4709 
f 2494//4710 2486//4710 2493//4710 
f 2495//4711 2486//4711 2494//4711 
f 2495//4712 2488//4712 2487//4712 
f 2495//4713 2487//4713 2486//4713 
f 2496//4714 2488//4714 2495//4714 
f 2497//4715 2488//4715 2496//4715 
f 2497//4716 2489//4716 2488//4716 
f 2497//4717 2490//4717 2489//4717 
f 2498//4718 2490//4718 2497//4718 
f 2499//4719 2491//4719 2490//4719 
f 2499//4720 2492//4720 2491//4720 
f 2499//4721 2490//4721 2498//4721 
f 2500//4722 2147//4722 2492//4722 
f 2500//4723 2492//4723 2499//4723 
f 2500//4724 2149//4724 2147//4724 
f 2501//4725 2056//4725 2051//4725 
f 2501//4726 2493//4726 2056//4726 
f 2502//4727 2494//4727 2493//4727 
f 2502//4728 2493//4728 2501//4728 
f 2503//4729 2495//4729 2494//4729 
f 2503//4730 2494//4730 2502//4730 
f 2504//4731 2497//4731 2496//4731 
f 2504//4732 2496//4732 2495//4732 
f 2504//4733 2495//4733 2503//4733 
f 2505//4734 2497//4734 2504//4734 
f 2506//4735 2498//4735 2497//4735 
f 2506//4736 2497//4736 2505//4736 
f 2507//4737 2498//4737 2506//4737 
f 2507//4738 2499//4738 2498//4738 
f 2508//4739 2499//4739 2507//4739 
f 2508//4740 2500//4740 2499//4740 
f 2508//4741 2149//4741 2500//4741 
f 2508//4742 2150//4742 2149//4742 
f 2509//4743 2050//4743 2049//4743 
f 2509//4744 2051//4744 2050//4744 
f 2509//4745 2501//4745 2051//4745 
f 2510//4746 2501//4746 2509//4746 
f 2510//4747 2502//4747 2501//4747 
f 2511//4748 2503//4748 2502//4748 
f 2511//4749 2502//4749 2510//4749 
f 2512//4750 2504//4750 2503//4750 
f 2512//4751 2505//4751 2504//4751 
f 2512//4752 2503//4752 2511//4752 
f 2513//4753 2506//4753 2505//4753 
f 2513//4754 2505//4754 2512//4754 
f 2514//4755 2506//4755 2513//4755 
f 2515//4756 2507//4756 2506//4756 
f 2515//4757 2506//4757 2514//4757 
f 2516//4758 2508//4758 2507//4758 
f 2516//4759 2150//4759 2508//4759 
f 2516//4760 2153//4760 2150//4760 
f 2516//4761 2507//4761 2515//4761 
f 2517//4762 2509//4762 2049//4762 
f 2517//4763 2510//4763 2509//4763 
f 2517//4764 2049//4764 1068//4764 
f 2518//4765 1068//4765 1070//4765 
f 2518//4766 1070//4766 1072//4766 
f 2518//4767 2517//4767 1068//4767 
f 2518//4768 2510//4768 2517//4768 
f 2519//4769 2511//4769 2510//4769 
f 2519//4770 2518//4770 1072//4770 
f 2519//4771 2510//4771 2518//4771 
f 2520//4772 1072//4772 1074//4772 
f 2520//4773 1074//4773 1076//4773 
f 2520//4774 2512//4774 2511//4774 
f 2520//4775 2511//4775 2519//4775 
f 2520//4776 2519//4776 1072//4776 
f 2521//4777 2513//4777 2512//4777 
f 2521//4778 2512//4778 2520//4778 
f 2521//4779 2520//4779 1076//4779 
f 2522//4780 1076//4780 1078//4780 
f 2522//4781 1078//4781 1080//4781 
f 2522//4782 2514//4782 2513//4782 
f 2522//4783 2515//4783 2514//4783 
f 2522//4784 2513//4784 2521//4784 
f 2522//4785 2521//4785 1076//4785 
f 2523//4786 2522//4786 1080//4786 
f 2523//4787 2515//4787 2522//4787 
f 2524//4788 1084//4788 2155//4788 
f 2524//4789 1080//4789 1084//4789 
f 2524//4790 2155//4790 2153//4790 
f 2524//4791 2153//4791 2516//4791 
f 2524//4792 2516//4792 2515//4792 
f 2524//4793 2523//4793 1080//4793 
f 2524//4794 2515//4794 2523//4794 
f 1482//4795 843//4795 845//4795 
f 1490//4796 2205//4796 1481//4796 
f 1489//4797 2206//4797 1490//4797 
f 1496//4798 2207//4798 1489//4798 
f 1494//4799 2208//4799 1496//4799 
f 1493//4800 2209//4800 1494//4800 
f 2223//4801 2222//4801 2249//4801 
f 2224//4802 2223//4802 2248//4802 
f 2225//4803 2224//4803 2244//4803 
f 2226//4804 2225//4804 2243//4804 
f 2227//4805 2226//4805 2239//4805 
f 852//4806 2238//4806 853//4806 
f 856//4807 2238//4807 852//4807 
f 859//4808 2238//4808 856//4808 
f 861//4809 2238//4809 859//4809 
f 863//4810 2238//4810 861//4810 
f 866//4811 2238//4811 863//4811 
f 2525//4812 843//4812 1482//4812 
f 2526//4813 846//4813 843//4813 
f 2526//4814 2525//4814 2204//4814 
f 2526//4815 843//4815 2525//4815 
f 2527//4816 847//4816 846//4816 
f 2527//4817 846//4817 2526//4817 
f 2527//4818 2526//4818 2204//4818 
f 2528//4819 848//4819 847//4819 
f 2528//4820 2527//4820 2204//4820 
f 2528//4821 847//4821 2527//4821 
f 2529//4822 849//4822 848//4822 
f 2529//4823 848//4823 2528//4823 
f 2529//4824 2528//4824 2204//4824 
f 2530//4825 850//4825 849//4825 
f 2530//4826 1061//4826 850//4826 
f 2530//4827 2204//4827 1061//4827 
f 2530//4828 849//4828 2529//4828 
f 2530//4829 2529//4829 2204//4829 
f 2531//4830 2204//4830 2525//4830 
f 2531//4831 1482//4831 1481//4831 
f 2531//4832 2525//4832 1482//4832 
f 2531//4833 1481//4833 2205//4833 
f 2532//4834 2204//4834 2531//4834 
f 2532//4835 2531//4835 2205//4835 
f 2533//4836 2204//4836 2532//4836 
f 2533//4837 2532//4837 2205//4837 
f 2534//4838 2204//4838 2533//4838 
f 2534//4839 2533//4839 2205//4839 
f 2535//4840 2534//4840 2205//4840 
f 2535//4841 2204//4841 2534//4841 
f 2536//4842 2205//4842 2204//4842 
f 2536//4843 2535//4843 2205//4843 
f 2536//4844 2204//4844 2535//4844 
f 2537//4845 2205//4845 1490//4845 
f 2537//4846 1490//4846 2206//4846 
f 2538//4847 2537//4847 2206//4847 
f 2538//4848 2205//4848 2537//4848 
f 2539//4849 2538//4849 2206//4849 
f 2539//4850 2205//4850 2538//4850 
f 2540//4851 2205//4851 2539//4851 
f 2540//4852 2539//4852 2206//4852 
f 2541//4853 2205//4853 2540//4853 
f 2541//4854 2540//4854 2206//4854 
f 2542//4855 2205//4855 2541//4855 
f 2542//4856 2206//4856 2205//4856 
f 2542//4857 2541//4857 2206//4857 
f 2543//4858 1489//4858 2207//4858 
f 2543//4859 2206//4859 1489//4859 
f 2544//4860 2543//4860 2207//4860 
f 2544//4861 2206//4861 2543//4861 
f 2545//4862 2206//4862 2544//4862 
f 2545//4863 2544//4863 2207//4863 
f 2546//4864 2545//4864 2207//4864 
f 2546//4865 2206//4865 2545//4865 
f 2547//4866 2546//4866 2207//4866 
f 2547//4867 2206//4867 2546//4867 
f 2548//4868 2547//4868 2207//4868 
f 2548//4869 2207//4869 2206//4869 
f 2548//4870 2206//4870 2547//4870 
f 2549//4871 1496//4871 2208//4871 
f 2549//4872 2207//4872 1496//4872 
f 2550//4873 2207//4873 2549//4873 
f 2550//4874 2549//4874 2208//4874 
f 2551//4875 2207//4875 2550//4875 
f 2551//4876 2550//4876 2208//4876 
f 2552//4877 2207//4877 2551//4877 
f 2552//4878 2551//4878 2208//4878 
f 2553//4879 2207//4879 2552//4879 
f 2553//4880 2552//4880 2208//4880 
f 2554//4881 2207//4881 2553//4881 
f 2554//4882 2553//4882 2208//4882 
f 2554//4883 2208//4883 2207//4883 
f 2555//4884 1494//4884 2209//4884 
f 2555//4885 2208//4885 1494//4885 
f 2556//4886 2555//4886 2209//4886 
f 2556//4887 2208//4887 2555//4887 
f 2557//4888 2556//4888 2209//4888 
f 2557//4889 2208//4889 2556//4889 
f 2558//4890 2557//4890 2209//4890 
f 2558//4891 2208//4891 2557//4891 
f 2559//4892 2558//4892 2209//4892 
f 2559//4893 2208//4893 2558//4893 
f 2560//4894 2559//4894 2209//4894 
f 2560//4895 2208//4895 2559//4895 
f 2560//4896 2209//4896 2208//4896 
f 2561//4897 2209//4897 1493//4897 
f 2562//4898 2209//4898 2561//4898 
f 2563//4899 2209//4899 2562//4899 
f 2564//4900 2209//4900 2563//4900 
f 2565//4901 2209//4901 2564//4901 
f 2566//4902 2209//4902 2565//4902 
f 2566//4903 2210//4903 2209//4903 
f 2567//4904 1493//4904 1492//4904 
f 2567//4905 2561//4905 1493//4905 
f 2567//4906 2562//4906 2561//4906 
f 2567//4907 2563//4907 2562//4907 
f 2567//4908 2564//4908 2563//4908 
f 2567//4909 2565//4909 2564//4909 
f 2568//4910 2566//4910 2565//4910 
f 2568//4911 2565//4911 2567//4911 
f 2569//4912 2210//4912 2566//4912 
f 2569//4913 2566//4913 2568//4913 
f 2570//4914 2567//4914 1492//4914 
f 2571//4915 2567//4915 2570//4915 
f 2572//4916 2567//4916 2571//4916 
f 2573//4917 2567//4917 2572//4917 
f 2574//4918 2568//4918 2567//4918 
f 2574//4919 2567//4919 2573//4919 
f 2575//4920 2211//4920 2210//4920 
f 2575//4921 2210//4921 2569//4921 
f 2575//4922 2569//4922 2568//4922 
f 2575//4923 2568//4923 2574//4923 
f 2576//4924 1492//4924 1487//4924 
f 2576//4925 2570//4925 1492//4925 
f 2576//4926 2571//4926 2570//4926 
f 2576//4927 2572//4927 2571//4927 
f 2576//4928 2573//4928 2572//4928 
f 2576//4929 2574//4929 2573//4929 
f 2577//4930 2574//4930 2576//4930 
f 2578//4931 2211//4931 2575//4931 
f 2578//4932 2575//4932 2574//4932 
f 2578//4933 2574//4933 2577//4933 
f 2579//4934 2576//4934 1487//4934 
f 2580//4935 2576//4935 2579//4935 
f 2581//4936 2576//4936 2580//4936 
f 2582//4937 2576//4937 2581//4937 
f 2583//4938 2577//4938 2576//4938 
f 2583//4939 2576//4939 2582//4939 
f 2584//4940 2212//4940 2211//4940 
f 2584//4941 2211//4941 2578//4941 
f 2584//4942 2578//4942 2577//4942 
f 2584//4943 2577//4943 2583//4943 
f 2585//4944 2583//4944 2582//4944 
f 2585//4945 1487//4945 1486//4945 
f 2585//4946 2579//4946 1487//4946 
f 2585//4947 2580//4947 2579//4947 
f 2585//4948 2581//4948 2580//4948 
f 2585//4949 2582//4949 2581//4949 
f 2586//4950 2583//4950 2585//4950 
f 2587//4951 2584//4951 2583//4951 
f 2587//4952 2583//4952 2586//4952 
f 2587//4953 2212//4953 2584//4953 
f 2588//4954 2585//4954 1486//4954 
f 2589//4955 2585//4955 2588//4955 
f 2590//4956 2585//4956 2589//4956 
f 2591//4957 2585//4957 2590//4957 
f 2592//4958 2586//4958 2585//4958 
f 2592//4959 2585//4959 2591//4959 
f 2593//4960 2587//4960 2586//4960 
f 2593//4961 2212//4961 2587//4961 
f 2593//4962 2586//4962 2592//4962 
f 2593//4963 2213//4963 2212//4963 
f 2594//4964 1486//4964 1485//4964 
f 2594//4965 2588//4965 1486//4965 
f 2594//4966 2589//4966 2588//4966 
f 2594//4967 2590//4967 2589//4967 
f 2594//4968 2591//4968 2590//4968 
f 2595//4969 2592//4969 2591//4969 
f 2595//4970 2591//4970 2594//4970 
f 2596//4971 2593//4971 2592//4971 
f 2596//4972 2213//4972 2593//4972 
f 2596//4973 2592//4973 2595//4973 
f 2597//4974 2594//4974 1485//4974 
f 2598//4975 2594//4975 2597//4975 
f 2599//4976 2594//4976 2598//4976 
f 2600//4977 2594//4977 2599//4977 
f 2601//4978 2595//4978 2594//4978 
f 2601//4979 2594//4979 2600//4979 
f 2602//4980 2213//4980 2596//4980 
f 2602//4981 2596//4981 2595//4981 
f 2602//4982 2595//4982 2601//4982 
f 2602//4983 2214//4983 2213//4983 
f 2603//4984 1485//4984 1453//4984 
f 2603//4985 2597//4985 1485//4985 
f 2603//4986 2598//4986 2597//4986 
f 2603//4987 2599//4987 2598//4987 
f 2603//4988 2600//4988 2599//4988 
f 2604//4989 2601//4989 2600//4989 
f 2604//4990 2600//4990 2603//4990 
f 2605//4991 2602//4991 2601//4991 
f 2605//4992 2214//4992 2602//4992 
f 2605//4993 2601//4993 2604//4993 
f 2606//4994 2603//4994 1453//4994 
f 2607//4995 2603//4995 2606//4995 
f 2608//4996 2603//4996 2607//4996 
f 2609//4997 2603//4997 2608//4997 
f 2610//4998 2604//4998 2603//4998 
f 2610//4999 2603//4999 2609//4999 
f 2611//5000 2215//5000 2214//5000 
f 2611//5001 2214//5001 2605//5001 
f 2611//5002 2605//5002 2604//5002 
f 2611//5003 2604//5003 2610//5003 
f 2612//5004 1453//5004 1455//5004 
f 2612//5005 2606//5005 1453//5005 
f 2612//5006 2607//5006 2606//5006 
f 2612//5007 2608//5007 2607//5007 
f 2612//5008 2609//5008 2608//5008 
f 2612//5009 2610//5009 2609//5009 
f 2613//5010 2610//5010 2612//5010 
f 2614//5011 2215//5011 2611//5011 
f 2614//5012 2611//5012 2610//5012 
f 2614//5013 2610//5013 2613//5013 
f 2615//5014 2612//5014 1455//5014 
f 2616//5015 2612//5015 2615//5015 
f 2617//5016 2612//5016 2616//5016 
f 2618//5017 2612//5017 2617//5017 
f 2618//5018 2613//5018 2612//5018 
f 2619//5019 2613//5019 2618//5019 
f 2619//5020 2614//5020 2613//5020 
f 2620//5021 2614//5021 2619//5021 
f 2620//5022 2216//5022 2215//5022 
f 2620//5023 2215//5023 2614//5023 
f 2621//5024 2617//5024 2616//5024 
f 2621//5025 2615//5025 1455//5025 
f 2621//5026 1455//5026 2228//5026 
f 2621//5027 2618//5027 2617//5027 
f 2621//5028 2616//5028 2615//5028 
f 2622//5029 2619//5029 2618//5029 
f 2622//5030 2618//5030 2621//5030 
f 2623//5031 2619//5031 2622//5031 
f 2623//5032 2620//5032 2619//5032 
f 2623//5033 2216//5033 2620//5033 
f 2624//5034 2621//5034 2228//5034 
f 2625//5035 2621//5035 2624//5035 
f 2626//5036 2621//5036 2625//5036 
f 2627//5037 2621//5037 2626//5037 
f 2628//5038 2622//5038 2621//5038 
f 2628//5039 2621//5039 2627//5039 
f 2629//5040 2622//5040 2628//5040 
f 2629//5041 2216//5041 2623//5041 
f 2629//5042 2217//5042 2216//5042 
f 2629//5043 2623//5043 2622//5043 
f 2630//5044 2624//5044 2228//5044 
f 2630//5045 2625//5045 2624//5045 
f 2630//5046 2626//5046 2625//5046 
f 2630//5047 2627//5047 2626//5047 
f 2630//5048 2228//5048 2260//5048 
f 2630//5049 2628//5049 2627//5049 
f 2631//5050 2628//5050 2630//5050 
f 2632//5051 2629//5051 2628//5051 
f 2632//5052 2628//5052 2631//5052 
f 2632//5053 2217//5053 2629//5053 
f 2633//5054 2630//5054 2260//5054 
f 2634//5055 2630//5055 2633//5055 
f 2635//5056 2630//5056 2634//5056 
f 2636//5057 2630//5057 2635//5057 
f 2637//5058 2631//5058 2630//5058 
f 2637//5059 2630//5059 2636//5059 
f 2638//5060 2632//5060 2631//5060 
f 2638//5061 2217//5061 2632//5061 
f 2638//5062 2218//5062 2217//5062 
f 2638//5063 2631//5063 2637//5063 
f 2639//5064 2260//5064 2259//5064 
f 2639//5065 2633//5065 2260//5065 
f 2639//5066 2634//5066 2633//5066 
f 2639//5067 2635//5067 2634//5067 
f 2639//5068 2636//5068 2635//5068 
f 2640//5069 2637//5069 2636//5069 
f 2640//5070 2636//5070 2639//5070 
f 2641//5071 2218//5071 2638//5071 
f 2641//5072 2638//5072 2637//5072 
f 2641//5073 2637//5073 2640//5073 
f 2642//5074 2639//5074 2259//5074 
f 2643//5075 2639//5075 2642//5075 
f 2644//5076 2639//5076 2643//5076 
f 2645//5077 2639//5077 2644//5077 
f 2646//5078 2640//5078 2639//5078 
f 2646//5079 2639//5079 2645//5079 
f 2647//5080 2218//5080 2641//5080 
f 2647//5081 2219//5081 2218//5081 
f 2647//5082 2641//5082 2640//5082 
f 2647//5083 2640//5083 2646//5083 
f 2648//5084 2259//5084 2256//5084 
f 2648//5085 2642//5085 2259//5085 
f 2648//5086 2643//5086 2642//5086 
f 2648//5087 2644//5087 2643//5087 
f 2648//5088 2645//5088 2644//5088 
f 2649//5089 2646//5089 2645//5089 
f 2649//5090 2647//5090 2646//5090 
f 2649//5091 2645//5091 2648//5091 
f 2650//5092 2219//5092 2647//5092 
f 2650//5093 2647//5093 2649//5093 
f 2651//5094 2648//5094 2256//5094 
f 2652//5095 2648//5095 2651//5095 
f 2653//5096 2648//5096 2652//5096 
f 2654//5097 2648//5097 2653//5097 
f 2655//5098 2648//5098 2654//5098 
f 2655//5099 2649//5099 2648//5099 
f 2656//5100 2650//5100 2649//5100 
f 2656//5101 2649//5101 2655//5101 
f 2656//5102 2220//5102 2219//5102 
f 2656//5103 2219//5103 2650//5103 
f 2657//5104 2654//5104 2653//5104 
f 2657//5105 2256//5105 2255//5105 
f 2657//5106 2653//5106 2652//5106 
f 2657//5107 2652//5107 2651//5107 
f 2657//5108 2651//5108 2256//5108 
f 2658//5109 2655//5109 2654//5109 
f 2658//5110 2656//5110 2655//5110 
f 2658//5111 2654//5111 2657//5111 
f 2659//5112 2656//5112 2658//5112 
f 2659//5113 2220//5113 2656//5113 
f 2660//5114 2657//5114 2255//5114 
f 2661//5115 2657//5115 2660//5115 
f 2662//5116 2657//5116 2661//5116 
f 2663//5117 2657//5117 2662//5117 
f 2664//5118 2658//5118 2657//5118 
f 2664//5119 2657//5119 2663//5119 
f 2665//5120 2659//5120 2658//5120 
f 2665//5121 2220//5121 2659//5121 
f 2665//5122 2658//5122 2664//5122 
f 2665//5123 2221//5123 2220//5123 
f 2666//5124 2660//5124 2255//5124 
f 2666//5125 2255//5125 2254//5125 
f 2666//5126 2663//5126 2662//5126 
f 2666//5127 2661//5127 2660//5127 
f 2666//5128 2662//5128 2661//5128 
f 2667//5129 2663//5129 2666//5129 
f 2667//5130 2664//5130 2663//5130 
f 2668//5131 2665//5131 2664//5131 
f 2668//5132 2221//5132 2665//5132 
f 2668//5133 2664//5133 2667//5133 
f 2669//5134 2666//5134 2254//5134 
f 2670//5135 2666//5135 2669//5135 
f 2671//5136 2666//5136 2670//5136 
f 2672//5137 2666//5137 2671//5137 
f 2673//5138 2667//5138 2666//5138 
f 2673//5139 2666//5139 2672//5139 
f 2674//5140 2667//5140 2673//5140 
f 2674//5141 2221//5141 2668//5141 
f 2674//5142 2668//5142 2667//5142 
f 2674//5143 2222//5143 2221//5143 
f 2675//5144 2254//5144 2249//5144 
f 2675//5145 2669//5145 2254//5145 
f 2675//5146 2670//5146 2669//5146 
f 2675//5147 2671//5147 2670//5147 
f 2675//5148 2672//5148 2671//5148 
f 2676//5149 2675//5149 2249//5149 
f 2676//5150 2672//5150 2675//5150 
f 2677//5151 2674//5151 2673//5151 
f 2677//5152 2673//5152 2672//5152 
f 2677//5153 2676//5153 2249//5153 
f 2677//5154 2672//5154 2676//5154 
f 2678//5155 2249//5155 2222//5155 
f 2678//5156 2674//5156 2677//5156 
f 2678//5157 2222//5157 2674//5157 
f 2678//5158 2677//5158 2249//5158 
f 2679//5159 2249//5159 2248//5159 
f 2680//5160 2249//5160 2679//5160 
f 2680//5161 2679//5161 2248//5161 
f 2681//5162 2249//5162 2680//5162 
f 2681//5163 2680//5163 2248//5163 
f 2682//5164 2223//5164 2249//5164 
f 2682//5165 2248//5165 2223//5165 
f 2682//5166 2249//5166 2681//5166 
f 2682//5167 2681//5167 2248//5167 
f 2683//5168 2248//5168 2244//5168 
f 2684//5169 2248//5169 2683//5169 
f 2684//5170 2683//5170 2244//5170 
f 2685//5171 2248//5171 2684//5171 
f 2685//5172 2684//5172 2244//5172 
f 2686//5173 2685//5173 2244//5173 
f 2686//5174 2244//5174 2224//5174 
f 2686//5175 2224//5175 2248//5175 
f 2686//5176 2248//5176 2685//5176 
f 2687//5177 2244//5177 2243//5177 
f 2688//5178 2244//5178 2687//5178 
f 2688//5179 2687//5179 2243//5179 
f 2689//5180 2244//5180 2688//5180 
f 2689//5181 2688//5181 2243//5181 
f 2690//5182 2244//5182 2689//5182 
f 2690//5183 2689//5183 2243//5183 
f 2690//5184 2243//5184 2225//5184 
f 2690//5185 2225//5185 2244//5185 
f 2691//5186 2243//5186 2239//5186 
f 2692//5187 2243//5187 2691//5187 
f 2692//5188 2691//5188 2239//5188 
f 2693//5189 2243//5189 2692//5189 
f 2693//5190 2692//5190 2239//5190 
f 2694//5191 2243//5191 2693//5191 
f 2694//5192 2693//5192 2239//5192 
f 2695//5193 2243//5193 2694//5193 
f 2695//5194 2694//5194 2239//5194 
f 2695//5195 2226//5195 2243//5195 
f 2695//5196 2239//5196 2226//5196 
f 2696//5197 2239//5197 2238//5197 
f 2697//5198 2239//5198 2696//5198 
f 2697//5199 2696//5199 2238//5199 
f 2698//5200 2239//5200 2697//5200 
f 2698//5201 2697//5201 2238//5201 
f 2699//5202 2239//5202 2698//5202 
f 2699//5203 2698//5203 2238//5203 
f 2700//5204 866//5204 865//5204 
f 2700//5205 2239//5205 2699//5205 
f 2700//5206 2699//5206 2238//5206 
f 2700//5207 865//5207 2227//5207 
f 2700//5208 2227//5208 2239//5208 
f 2700//5209 2238//5209 866//5209 
f 2701//5210 457//5210 459//5210 
f 2701//5211 459//5211 2129//5211 
f 2702//5212 798//5212 457//5212 
f 2702//5213 457//5213 2701//5213 
f 2703//5214 799//5214 798//5214 
f 2703//5215 802//5215 799//5215 
f 2703//5216 798//5216 2702//5216 
f 2704//5217 802//5217 2703//5217 
f 2705//5218 803//5218 802//5218 
f 2705//5219 802//5219 2704//5219 
f 2706//5220 806//5220 803//5220 
f 2706//5221 803//5221 2705//5221 
f 2707//5222 807//5222 806//5222 
f 2707//5223 806//5223 2706//5223 
f 2708//5224 810//5224 807//5224 
f 2708//5225 807//5225 2707//5225 
f 2709//5226 812//5226 810//5226 
f 2709//5227 813//5227 812//5227 
f 2709//5228 810//5228 2708//5228 
f 2710//5229 813//5229 2709//5229 
f 2711//5230 815//5230 813//5230 
f 2711//5231 813//5231 2710//5231 
f 2712//5232 817//5232 815//5232 
f 2712//5233 819//5233 817//5233 
f 2712//5234 1570//5234 819//5234 
f 2712//5235 815//5235 2711//5235 
f 2713//5236 2129//5236 2125//5236 
f 2713//5237 2701//5237 2129//5237 
f 2714//5238 2701//5238 2713//5238 
f 2714//5239 2702//5239 2701//5239 
f 2715//5240 2702//5240 2714//5240 
f 2715//5241 2703//5241 2702//5241 
f 2716//5242 2703//5242 2715//5242 
f 2716//5243 2704//5243 2703//5243 
f 2717//5244 2705//5244 2704//5244 
f 2717//5245 2704//5245 2716//5245 
f 2718//5246 2705//5246 2717//5246 
f 2718//5247 2706//5247 2705//5247 
f 2719//5248 2707//5248 2706//5248 
f 2719//5249 2706//5249 2718//5249 
f 2720//5250 2707//5250 2719//5250 
f 2720//5251 2708//5251 2707//5251 
f 2721//5252 2709//5252 2708//5252 
f 2721//5253 2708//5253 2720//5253 
f 2722//5254 2709//5254 2721//5254 
f 2722//5255 2710//5255 2709//5255 
f 2723//5256 2710//5256 2722//5256 
f 2723//5257 2711//5257 2710//5257 
f 2724//5258 2711//5258 2723//5258 
f 2724//5259 1568//5259 1570//5259 
f 2724//5260 1570//5260 2712//5260 
f 2724//5261 2712//5261 2711//5261 
f 2725//5262 2713//5262 2125//5262 
f 2725//5263 2125//5263 2121//5263 
f 2726//5264 2713//5264 2725//5264 
f 2726//5265 2714//5265 2713//5265 
f 2727//5266 2715//5266 2714//5266 
f 2727//5267 2714//5267 2726//5267 
f 2728//5268 2716//5268 2715//5268 
f 2728//5269 2715//5269 2727//5269 
f 2729//5270 2717//5270 2716//5270 
f 2729//5271 2716//5271 2728//5271 
f 2730//5272 2718//5272 2717//5272 
f 2730//5273 2717//5273 2729//5273 
f 2731//5274 2718//5274 2730//5274 
f 2731//5275 2719//5275 2718//5275 
f 2732//5276 2720//5276 2719//5276 
f 2732//5277 2719//5277 2731//5277 
f 2733//5278 2720//5278 2732//5278 
f 2733//5279 2721//5279 2720//5279 
f 2734//5280 2721//5280 2733//5280 
f 2734//5281 2722//5281 2721//5281 
f 2735//5282 2723//5282 2722//5282 
f 2735//5283 2722//5283 2734//5283 
f 2736//5284 1568//5284 2724//5284 
f 2736//5285 2724//5285 2723//5285 
f 2736//5286 2723//5286 2735//5286 
f 2736//5287 1566//5287 1568//5287 
f 2737//5288 2725//5288 2121//5288 
f 2737//5289 2121//5289 2117//5289 
f 2738//5290 2726//5290 2725//5290 
f 2738//5291 2727//5291 2726//5291 
f 2738//5292 2725//5292 2737//5292 
f 2739//5293 2727//5293 2738//5293 
f 2740//5294 2727//5294 2739//5294 
f 2740//5295 2728//5295 2727//5295 
f 2741//5296 2729//5296 2728//5296 
f 2741//5297 2728//5297 2740//5297 
f 2742//5298 2730//5298 2729//5298 
f 2742//5299 2729//5299 2741//5299 
f 2743//5300 2731//5300 2730//5300 
f 2743//5301 2730//5301 2742//5301 
f 2744//5302 2731//5302 2743//5302 
f 2744//5303 2732//5303 2731//5303 
f 2745//5304 2733//5304 2732//5304 
f 2745//5305 2732//5305 2744//5305 
f 2746//5306 2734//5306 2733//5306 
f 2746//5307 2733//5307 2745//5307 
f 2747//5308 2735//5308 2734//5308 
f 2747//5309 2734//5309 2746//5309 
f 2748//5310 2736//5310 2735//5310 
f 2748//5311 1566//5311 2736//5311 
f 2748//5312 1564//5312 1566//5312 
f 2748//5313 2735//5313 2747//5313 
f 2749//5314 2737//5314 2117//5314 
f 2749//5315 2117//5315 2113//5315 
f 2750//5316 2737//5316 2749//5316 
f 2750//5317 2738//5317 2737//5317 
f 2751//5318 2740//5318 2739//5318 
f 2751//5319 2739//5319 2738//5319 
f 2751//5320 2738//5320 2750//5320 
f 2752//5321 2740//5321 2751//5321 
f 2753//5322 2741//5322 2740//5322 
f 2753//5323 2740//5323 2752//5323 
f 2754//5324 2742//5324 2741//5324 
f 2754//5325 2741//5325 2753//5325 
f 2755//5326 2743//5326 2742//5326 
f 2755//5327 2742//5327 2754//5327 
f 2756//5328 2743//5328 2755//5328 
f 2756//5329 2744//5329 2743//5329 
f 2757//5330 2745//5330 2744//5330 
f 2757//5331 2744//5331 2756//5331 
f 2758//5332 2745//5332 2757//5332 
f 2758//5333 2746//5333 2745//5333 
f 2758//5334 2747//5334 2746//5334 
f 2759//5335 2747//5335 2758//5335 
f 2760//5336 2747//5336 2759//5336 
f 2760//5337 1562//5337 1564//5337 
f 2760//5338 1564//5338 2748//5338 
f 2760//5339 2748//5339 2747//5339 
f 2761//5340 2749//5340 2113//5340 
f 2761//5341 2113//5341 2108//5341 
f 2762//5342 2749//5342 2761//5342 
f 2762//5343 2750//5343 2749//5343 
f 2763//5344 2751//5344 2750//5344 
f 2763//5345 2750//5345 2762//5345 
f 2763//5346 2752//5346 2751//5346 
f 2764//5347 2752//5347 2763//5347 
f 2765//5348 2753//5348 2752//5348 
f 2765//5349 2752//5349 2764//5349 
f 2766//5350 2754//5350 2753//5350 
f 2766//5351 2753//5351 2765//5351 
f 2767//5352 2754//5352 2766//5352 
f 2767//5353 2755//5353 2754//5353 
f 2768//5354 2756//5354 2755//5354 
f 2768//5355 2757//5355 2756//5355 
f 2768//5356 2755//5356 2767//5356 
f 2769//5357 2757//5357 2768//5357 
f 2770//5358 2758//5358 2757//5358 
f 2770//5359 2759//5359 2758//5359 
f 2770//5360 2757//5360 2769//5360 
f 2771//5361 2759//5361 2770//5361 
f 2772//5362 2760//5362 2759//5362 
f 2772//5363 1560//5363 1562//5363 
f 2772//5364 2759//5364 2771//5364 
f 2772//5365 1562//5365 2760//5365 
f 2773//5366 2761//5366 2108//5366 
f 2773//5367 2108//5367 2111//5367 
f 2774//5368 2761//5368 2773//5368 
f 2774//5369 2762//5369 2761//5369 
f 2775//5370 2763//5370 2762//5370 
f 2775//5371 2764//5371 2763//5371 
f 2775//5372 2762//5372 2774//5372 
f 2776//5373 2764//5373 2775//5373 
f 2777//5374 2765//5374 2764//5374 
f 2777//5375 2766//5375 2765//5375 
f 2777//5376 2764//5376 2776//5376 
f 2778//5377 2766//5377 2777//5377 
f 2779//5378 2767//5378 2766//5378 
f 2779//5379 2768//5379 2767//5379 
f 2779//5380 2766//5380 2778//5380 
f 2780//5381 2768//5381 2779//5381 
f 2781//5382 2769//5382 2768//5382 
f 2781//5383 2768//5383 2780//5383 
f 2782//5384 2770//5384 2769//5384 
f 2782//5385 2769//5385 2781//5385 
f 2783//5386 2771//5386 2770//5386 
f 2783//5387 2770//5387 2782//5387 
f 2784//5388 1560//5388 2772//5388 
f 2784//5389 1558//5389 1560//5389 
f 2784//5390 2772//5390 2771//5390 
f 2784//5391 2771//5391 2783//5391 
f 2785//5392 2111//5392 2115//5392 
f 2785//5393 2773//5393 2111//5393 
f 2785//5394 2774//5394 2773//5394 
f 2786//5395 2774//5395 2785//5395 
f 2787//5396 2775//5396 2774//5396 
f 2787//5397 2774//5397 2786//5397 
f 2788//5398 2775//5398 2787//5398 
f 2788//5399 2776//5399 2775//5399 
f 2789//5400 2776//5400 2788//5400 
f 2789//5401 2777//5401 2776//5401 
f 2789//5402 2778//5402 2777//5402 
f 2790//5403 2778//5403 2789//5403 
f 2791//5404 2778//5404 2790//5404 
f 2791//5405 2779//5405 2778//5405 
f 2792//5406 2779//5406 2791//5406 
f 2792//5407 2780//5407 2779//5407 
f 2793//5408 2780//5408 2792//5408 
f 2793//5409 2781//5409 2780//5409 
f 2794//5410 2781//5410 2793//5410 
f 2794//5411 2782//5411 2781//5411 
f 2795//5412 2782//5412 2794//5412 
f 2795//5413 2783//5413 2782//5413 
f 2796//5414 2783//5414 2795//5414 
f 2796//5415 1556//5415 1558//5415 
f 2796//5416 1558//5416 2784//5416 
f 2796//5417 2784//5417 2783//5417 
f 2797//5418 2115//5418 2119//5418 
f 2797//5419 2785//5419 2115//5419 
f 2798//5420 2786//5420 2785//5420 
f 2798//5421 2785//5421 2797//5421 
f 2799//5422 2787//5422 2786//5422 
f 2799//5423 2786//5423 2798//5423 
f 2800//5424 2788//5424 2787//5424 
f 2800//5425 2787//5425 2799//5425 
f 2801//5426 2789//5426 2788//5426 
f 2801//5427 2788//5427 2800//5427 
f 2802//5428 2790//5428 2789//5428 
f 2802//5429 2791//5429 2790//5429 
f 2802//5430 2789//5430 2801//5430 
f 2803//5431 2791//5431 2802//5431 
f 2804//5432 2792//5432 2791//5432 
f 2804//5433 2791//5433 2803//5433 
f 2805//5434 2792//5434 2804//5434 
f 2805//5435 2793//5435 2792//5435 
f 2806//5436 2794//5436 2793//5436 
f 2806//5437 2795//5437 2794//5437 
f 2806//5438 2793//5438 2805//5438 
f 2807//5439 2795//5439 2806//5439 
f 2808//5440 2795//5440 2807//5440 
f 2808//5441 2796//5441 2795//5441 
f 2808//5442 1556//5442 2796//5442 
f 2808//5443 1554//5443 1556//5443 
f 2809//5444 2123//5444 2126//5444 
f 2809//5445 2119//5445 2123//5445 
f 2809//5446 2797//5446 2119//5446 
f 2810//5447 2798//5447 2797//5447 
f 2810//5448 2797//5448 2809//5448 
f 2811//5449 2799//5449 2798//5449 
f 2811//5450 2798//5450 2810//5450 
f 2812//5451 2800//5451 2799//5451 
f 2812//5452 2799//5452 2811//5452 
f 2813//5453 2801//5453 2800//5453 
f 2813//5454 2800//5454 2812//5454 
f 2814//5455 2802//5455 2801//5455 
f 2814//5456 2801//5456 2813//5456 
f 2815//5457 2803//5457 2802//5457 
f 2815//5458 2802//5458 2814//5458 
f 2816//5459 2804//5459 2803//5459 
f 2816//5460 2803//5460 2815//5460 
f 2817//5461 2805//5461 2804//5461 
f 2817//5462 2804//5462 2816//5462 
f 2818//5463 2806//5463 2805//5463 
f 2818//5464 2805//5464 2817//5464 
f 2819//5465 2807//5465 2806//5465 
f 2819//5466 2806//5466 2818//5466 
f 2820//5467 1552//5467 1554//5467 
f 2820//5468 2808//5468 2807//5468 
f 2820//5469 1554//5469 2808//5469 
f 2820//5470 2807//5470 2819//5470 
f 2821//5471 2809//5471 2126//5471 
f 2821//5472 2810//5472 2809//5472 
f 2822//5473 2810//5473 2821//5473 
f 2823//5474 2811//5474 2810//5474 
f 2823//5475 2810//5475 2822//5475 
f 2824//5476 2811//5476 2823//5476 
f 2824//5477 2812//5477 2811//5477 
f 2824//5478 2813//5478 2812//5478 
f 2825//5479 2813//5479 2824//5479 
f 2826//5480 2813//5480 2825//5480 
f 2826//5481 2814//5481 2813//5481 
f 2827//5482 2815//5482 2814//5482 
f 2827//5483 2816//5483 2815//5483 
f 2827//5484 2814//5484 2826//5484 
f 2828//5485 2816//5485 2827//5485 
f 2829//5486 2816//5486 2828//5486 
f 2829//5487 2817//5487 2816//5487 
f 2830//5488 2819//5488 2818//5488 
f 2830//5489 2817//5489 2829//5489 
f 2830//5490 2818//5490 2817//5490 
f 2831//5491 2819//5491 2830//5491 
f 2832//5492 1552//5492 2820//5492 
f 2832//5493 2820//5493 2819//5493 
f 2832//5494 2819//5494 2831//5494 
f 2832//5495 1550//5495 1552//5495 
f 2833//5496 2126//5496 2130//5496 
f 2833//5497 2821//5497 2126//5497 
f 2834//5498 2822//5498 2821//5498 
f 2834//5499 2821//5499 2833//5499 
f 2835//5500 2822//5500 2834//5500 
f 2835//5501 2823//5501 2822//5501 
f 2836//5502 2823//5502 2835//5502 
f 2836//5503 2824//5503 2823//5503 
f 2837//5504 2825//5504 2824//5504 
f 2837//5505 2824//5505 2836//5505 
f 2838//5506 2826//5506 2825//5506 
f 2838//5507 2827//5507 2826//5507 
f 2838//5508 2825//5508 2837//5508 
f 2839//5509 2827//5509 2838//5509 
f 2840//5510 2828//5510 2827//5510 
f 2840//5511 2827//5511 2839//5511 
f 2841//5512 2829//5512 2828//5512 
f 2841//5513 2828//5513 2840//5513 
f 2842//5514 2829//5514 2841//5514 
f 2842//5515 2830//5515 2829//5515 
f 2843//5516 2830//5516 2842//5516 
f 2843//5517 2831//5517 2830//5517 
f 2844//5518 2832//5518 2831//5518 
f 2844//5519 1550//5519 2832//5519 
f 2844//5520 1548//5520 1550//5520 
f 2844//5521 2831//5521 2843//5521 
f 2845//5522 2132//5522 2134//5522 
f 2845//5523 2130//5523 2132//5523 
f 2845//5524 2833//5524 2130//5524 
f 2846//5525 2834//5525 2833//5525 
f 2846//5526 2833//5526 2845//5526 
f 2847//5527 2835//5527 2834//5527 
f 2847//5528 2834//5528 2846//5528 
f 2848//5529 2836//5529 2835//5529 
f 2848//5530 2835//5530 2847//5530 
f 2849//5531 2837//5531 2836//5531 
f 2849//5532 2836//5532 2848//5532 
f 2850//5533 2838//5533 2837//5533 
f 2850//5534 2837//5534 2849//5534 
f 2851//5535 2839//5535 2838//5535 
f 2851//5536 2838//5536 2850//5536 
f 2852//5537 2840//5537 2839//5537 
f 2852//5538 2839//5538 2851//5538 
f 2853//5539 2841//5539 2840//5539 
f 2853//5540 2840//5540 2852//5540 
f 2854//5541 2843//5541 2842//5541 
f 2854//5542 2842//5542 2841//5542 
f 2854//5543 2841//5543 2853//5543 
f 2855//5544 2844//5544 2843//5544 
f 2855//5545 2843//5545 2854//5545 
f 2856//5546 2844//5546 2855//5546 
f 2856//5547 1546//5547 1548//5547 
f 2856//5548 1548//5548 2844//5548 
f 2857//5549 2845//5549 2134//5549 
f 2858//5550 2846//5550 2845//5550 
f 2858//5551 2845//5551 2857//5551 
f 2859//5552 2846//5552 2858//5552 
f 2859//5553 2847//5553 2846//5553 
f 2860//5554 2847//5554 2859//5554 
f 2860//5555 2848//5555 2847//5555 
f 2861//5556 2848//5556 2860//5556 
f 2861//5557 2850//5557 2849//5557 
f 2861//5558 2849//5558 2848//5558 
f 2862//5559 2850//5559 2861//5559 
f 2863//5560 2850//5560 2862//5560 
f 2863//5561 2851//5561 2850//5561 
f 2864//5562 2853//5562 2852//5562 
f 2864//5563 2851//5563 2863//5563 
f 2864//5564 2852//5564 2851//5564 
f 2865//5565 2853//5565 2864//5565 
f 2866//5566 2854//5566 2853//5566 
f 2866//5567 2855//5567 2854//5567 
f 2866//5568 2853//5568 2865//5568 
f 2867//5569 2855//5569 2866//5569 
f 2868//5570 2856//5570 2855//5570 
f 2868//5571 1546//5571 2856//5571 
f 2868//5572 2855//5572 2867//5572 
f 2868//5573 1544//5573 1546//5573 
f 2869//5574 2136//5574 2138//5574 
f 2869//5575 2134//5575 2136//5575 
f 2869//5576 2857//5576 2134//5576 
f 2870//5577 2857//5577 2869//5577 
f 2870//5578 2858//5578 2857//5578 
f 2871//5579 2859//5579 2858//5579 
f 2871//5580 2858//5580 2870//5580 
f 2871//5581 2860//5581 2859//5581 
f 2872//5582 2860//5582 2871//5582 
f 2873//5583 2861//5583 2860//5583 
f 2873//5584 2862//5584 2861//5584 
f 2873//5585 2860//5585 2872//5585 
f 2874//5586 2863//5586 2862//5586 
f 2874//5587 2862//5587 2873//5587 
f 2875//5588 2863//5588 2874//5588 
f 2876//5589 2864//5589 2863//5589 
f 2876//5590 2863//5590 2875//5590 
f 2877//5591 2864//5591 2876//5591 
f 2877//5592 2865//5592 2864//5592 
f 2878//5593 2865//5593 2877//5593 
f 2878//5594 2866//5594 2865//5594 
f 2879//5595 2866//5595 2878//5595 
f 2879//5596 2867//5596 2866//5596 
f 2880//5597 2867//5597 2879//5597 
f 2880//5598 2868//5598 2867//5598 
f 2880//5599 1544//5599 2868//5599 
f 2880//5600 1542//5600 1544//5600 
f 2881//5601 2869//5601 2138//5601 
f 2882//5602 2870//5602 2869//5602 
f 2882//5603 2869//5603 2881//5603 
f 2883//5604 2871//5604 2870//5604 
f 2883//5605 2870//5605 2882//5605 
f 2884//5606 2872//5606 2871//5606 
f 2884//5607 2871//5607 2883//5607 
f 2885//5608 2873//5608 2872//5608 
f 2885//5609 2872//5609 2884//5609 
f 2886//5610 2874//5610 2873//5610 
f 2886//5611 2873//5611 2885//5611 
f 2887//5612 2875//5612 2874//5612 
f 2887//5613 2874//5613 2886//5613 
f 2888//5614 2876//5614 2875//5614 
f 2888//5615 2875//5615 2887//5615 
f 2889//5616 2877//5616 2876//5616 
f 2889//5617 2876//5617 2888//5617 
f 2890//5618 2877//5618 2889//5618 
f 2890//5619 2878//5619 2877//5619 
f 2891//5620 2878//5620 2890//5620 
f 2891//5621 2879//5621 2878//5621 
f 2891//5622 2880//5622 2879//5622 
f 2892//5623 2880//5623 2891//5623 
f 2892//5624 1540//5624 1542//5624 
f 2892//5625 1542//5625 2880//5625 
f 2893//5626 2140//5626 2142//5626 
f 2893//5627 2138//5627 2140//5627 
f 2893//5628 2881//5628 2138//5628 
f 2894//5629 2882//5629 2881//5629 
f 2894//5630 2881//5630 2893//5630 
f 2895//5631 2883//5631 2882//5631 
f 2895//5632 2882//5632 2894//5632 
f 2896//5633 2884//5633 2883//5633 
f 2896//5634 2883//5634 2895//5634 
f 2897//5635 2885//5635 2884//5635 
f 2897//5636 2884//5636 2896//5636 
f 2898//5637 2886//5637 2885//5637 
f 2898//5638 2887//5638 2886//5638 
f 2898//5639 2885//5639 2897//5639 
f 2899//5640 2887//5640 2898//5640 
f 2900//5641 2888//5641 2887//5641 
f 2900//5642 2887//5642 2899//5642 
f 2901//5643 2889//5643 2888//5643 
f 2901//5644 2888//5644 2900//5644 
f 2902//5645 2890//5645 2889//5645 
f 2902//5646 2889//5646 2901//5646 
f 2903//5647 2890//5647 2902//5647 
f 2903//5648 2891//5648 2890//5648 
f 2904//5649 2892//5649 2891//5649 
f 2904//5650 1540//5650 2892//5650 
f 2904//5651 1538//5651 1540//5651 
f 2904//5652 2891//5652 2903//5652 
f 2905//5653 2893//5653 2142//5653 
f 2906//5654 2893//5654 2905//5654 
f 2906//5655 2895//5655 2894//5655 
f 2906//5656 2894//5656 2893//5656 
f 2907//5657 2895//5657 2906//5657 
f 2908//5658 2895//5658 2907//5658 
f 2908//5659 2896//5659 2895//5659 
f 2909//5660 2897//5660 2896//5660 
f 2909//5661 2898//5661 2897//5661 
f 2909//5662 2896//5662 2908//5662 
f 2910//5663 2898//5663 2909//5663 
f 2911//5664 2899//5664 2898//5664 
f 2911//5665 2900//5665 2899//5665 
f 2911//5666 2898//5666 2910//5666 
f 2912//5667 2900//5667 2911//5667 
f 2913//5668 2901//5668 2900//5668 
f 2913//5669 2902//5669 2901//5669 
f 2913//5670 2900//5670 2912//5670 
f 2914//5671 2902//5671 2913//5671 
f 2915//5672 2903//5672 2902//5672 
f 2915//5673 2904//5673 2903//5673 
f 2915//5674 2902//5674 2914//5674 
f 2916//5675 1538//5675 2904//5675 
f 2916//5676 1536//5676 1538//5676 
f 2916//5677 2904//5677 2915//5677 
f 2917//5678 2145//5678 2146//5678 
f 2917//5679 2142//5679 2145//5679 
f 2917//5680 2905//5680 2142//5680 
f 2918//5681 2906//5681 2905//5681 
f 2918//5682 2907//5682 2906//5682 
f 2918//5683 2905//5683 2917//5683 
f 2919//5684 2907//5684 2918//5684 
f 2920//5685 2908//5685 2907//5685 
f 2920//5686 2909//5686 2908//5686 
f 2920//5687 2907//5687 2919//5687 
f 2921//5688 2909//5688 2920//5688 
f 2921//5689 2910//5689 2909//5689 
f 2922//5690 2910//5690 2921//5690 
f 2923//5691 2912//5691 2911//5691 
f 2923//5692 2911//5692 2910//5692 
f 2923//5693 2910//5693 2922//5693 
f 2924//5694 2912//5694 2923//5694 
f 2925//5695 2912//5695 2924//5695 
f 2925//5696 2913//5696 2912//5696 
f 2926//5697 2913//5697 2925//5697 
f 2926//5698 2914//5698 2913//5698 
f 2927//5699 2914//5699 2926//5699 
f 2927//5700 2915//5700 2914//5700 
f 2928//5701 2915//5701 2927//5701 
f 2928//5702 1534//5702 1536//5702 
f 2928//5703 1536//5703 2916//5703 
f 2928//5704 2916//5704 2915//5704 
f 2929//5705 2146//5705 2148//5705 
f 2929//5706 2917//5706 2146//5706 
f 2930//5707 2918//5707 2917//5707 
f 2930//5708 2917//5708 2929//5708 
f 2931//5709 2918//5709 2930//5709 
f 2931//5710 2919//5710 2918//5710 
f 2932//5711 2920//5711 2919//5711 
f 2932//5712 2919//5712 2931//5712 
f 2933//5713 2920//5713 2932//5713 
f 2933//5714 2921//5714 2920//5714 
f 2934//5715 2923//5715 2922//5715 
f 2934//5716 2921//5716 2933//5716 
f 2934//5717 2922//5717 2921//5717 
f 2935//5718 2923//5718 2934//5718 
f 2936//5719 2924//5719 2923//5719 
f 2936//5720 2925//5720 2924//5720 
f 2936//5721 2923//5721 2935//5721 
f 2937//5722 2925//5722 2936//5722 
f 2938//5723 2926//5723 2925//5723 
f 2938//5724 2925//5724 2937//5724 
f 2939//5725 2926//5725 2938//5725 
f 2939//5726 2927//5726 2926//5726 
f 2939//5727 2928//5727 2927//5727 
f 2940//5728 1534//5728 2928//5728 
f 2940//5729 2928//5729 2939//5729 
f 2940//5730 1532//5730 1534//5730 
f 2941//5731 2929//5731 2148//5731 
f 2942//5732 2931//5732 2930//5732 
f 2942//5733 2930//5733 2929//5733 
f 2942//5734 2929//5734 2941//5734 
f 2943//5735 2931//5735 2942//5735 
f 2944//5736 2932//5736 2931//5736 
f 2944//5737 2931//5737 2943//5737 
f 2944//5738 2933//5738 2932//5738 
f 2945//5739 2934//5739 2933//5739 
f 2945//5740 2933//5740 2944//5740 
f 2946//5741 2934//5741 2945//5741 
f 2947//5742 2935//5742 2934//5742 
f 2947//5743 2936//5743 2935//5743 
f 2947//5744 2934//5744 2946//5744 
f 2948//5745 2936//5745 2947//5745 
f 2949//5746 2936//5746 2948//5746 
f 2949//5747 2937//5747 2936//5747 
f 2949//5748 2938//5748 2937//5748 
f 2950//5749 2938//5749 2949//5749 
f 2951//5750 2939//5750 2938//5750 
f 2951//5751 2938//5751 2950//5751 
f 2951//5752 2940//5752 2939//5752 
f 2952//5753 1532//5753 2940//5753 
f 2952//5754 1530//5754 1532//5754 
f 2952//5755 2940//5755 2951//5755 
f 2953//5756 2151//5756 2152//5756 
f 2953//5757 2148//5757 2151//5757 
f 2953//5758 2941//5758 2148//5758 
f 2954//5759 2942//5759 2941//5759 
f 2954//5760 2941//5760 2953//5760 
f 2955//5761 2943//5761 2942//5761 
f 2955//5762 2942//5762 2954//5762 
f 2956//5763 2944//5763 2943//5763 
f 2956//5764 2943//5764 2955//5764 
f 2957//5765 2945//5765 2944//5765 
f 2957//5766 2944//5766 2956//5766 
f 2958//5767 2946//5767 2945//5767 
f 2958//5768 2947//5768 2946//5768 
f 2958//5769 2945//5769 2957//5769 
f 2959//5770 2947//5770 2958//5770 
f 2960//5771 2948//5771 2947//5771 
f 2960//5772 2947//5772 2959//5772 
f 2961//5773 2948//5773 2960//5773 
f 2961//5774 2949//5774 2948//5774 
f 2962//5775 2949//5775 2961//5775 
f 2962//5776 2950//5776 2949//5776 
f 2963//5777 2950//5777 2962//5777 
f 2963//5778 2951//5778 2950//5778 
f 2964//5779 2951//5779 2963//5779 
f 2964//5780 1528//5780 1530//5780 
f 2964//5781 1530//5781 2952//5781 
f 2964//5782 2952//5782 2951//5782 
f 2965//5783 2953//5783 2152//5783 
f 2965//5784 2954//5784 2953//5784 
f 2966//5785 2954//5785 2965//5785 
f 2967//5786 2955//5786 2954//5786 
f 2967//5787 2954//5787 2966//5787 
f 2968//5788 2956//5788 2955//5788 
f 2968//5789 2957//5789 2956//5789 
f 2968//5790 2955//5790 2967//5790 
f 2969//5791 2957//5791 2968//5791 
f 2970//5792 2958//5792 2957//5792 
f 2970//5793 2957//5793 2969//5793 
f 2971//5794 2959//5794 2958//5794 
f 2971//5795 2958//5795 2970//5795 
f 2972//5796 2960//5796 2959//5796 
f 2972//5797 2959//5797 2971//5797 
f 2973//5798 2961//5798 2960//5798 
f 2973//5799 2962//5799 2961//5799 
f 2973//5800 2960//5800 2972//5800 
f 2974//5801 2962//5801 2973//5801 
f 2974//5802 2963//5802 2962//5802 
f 2975//5803 2963//5803 2974//5803 
f 2976//5804 2964//5804 2963//5804 
f 2976//5805 1528//5805 2964//5805 
f 2976//5806 2963//5806 2975//5806 
f 2976//5807 1526//5807 1528//5807 
f 2977//5808 2965//5808 2152//5808 
f 2977//5809 2154//5809 461//5809 
f 2977//5810 2152//5810 2154//5810 
f 2977//5811 461//5811 463//5811 
f 2978//5812 2966//5812 2965//5812 
f 2978//5813 463//5813 465//5813 
f 2978//5814 465//5814 467//5814 
f 2978//5815 2965//5815 2977//5815 
f 2978//5816 2977//5816 463//5816 
f 2979//5817 2966//5817 2978//5817 
f 2979//5818 2978//5818 467//5818 
f 2979//5819 2967//5819 2966//5819 
f 2980//5820 467//5820 469//5820 
f 2980//5821 469//5821 471//5821 
f 2980//5822 2979//5822 467//5822 
f 2980//5823 2967//5823 2979//5823 
f 2980//5824 2968//5824 2967//5824 
f 2981//5825 2980//5825 471//5825 
f 2981//5826 2968//5826 2980//5826 
f 2981//5827 2969//5827 2968//5827 
f 2982//5828 471//5828 473//5828 
f 2982//5829 2970//5829 2969//5829 
f 2982//5830 2969//5830 2981//5830 
f 2982//5831 2981//5831 471//5831 
f 2983//5832 2971//5832 2970//5832 
f 2983//5833 473//5833 475//5833 
f 2983//5834 2982//5834 473//5834 
f 2983//5835 2970//5835 2982//5835 
f 2984//5836 2972//5836 2971//5836 
f 2984//5837 475//5837 477//5837 
f 2984//5838 2983//5838 475//5838 
f 2984//5839 2971//5839 2983//5839 
f 2985//5840 477//5840 479//5840 
f 2985//5841 2974//5841 2973//5841 
f 2985//5842 2973//5842 2972//5842 
f 2985//5843 2984//5843 477//5843 
f 2985//5844 2972//5844 2984//5844 
f 2986//5845 479//5845 481//5845 
f 2986//5846 481//5846 483//5846 
f 2986//5847 2975//5847 2974//5847 
f 2986//5848 2974//5848 2985//5848 
f 2986//5849 2985//5849 479//5849 
f 2987//5850 2975//5850 2986//5850 
f 2987//5851 2986//5851 483//5851 
f 2988//5852 2987//5852 483//5852 
f 2988//5853 483//5853 487//5853 
f 2988//5854 487//5854 486//5854 
f 2988//5855 2976//5855 2975//5855 
f 2988//5856 1526//5856 2976//5856 
f 2988//5857 1524//5857 1526//5857 
f 2988//5858 486//5858 1524//5858 
f 2988//5859 2975//5859 2987//5859 
f 2989//5860 2990//5860 57//5860 
f 2989//5861 2991//5861 2990//5861 
f 2992//5862 2993//5862 2994//5862 
f 2992//5863 2994//5863 2995//5863 
f 2996//5864 2989//5864 60//5864 
f 2996//5865 2997//5865 2989//5865 
f 2998//5866 2995//5866 2999//5866 
f 2998//5867 2999//5867 3000//5867 
f 2998//5868 3000//5868 3001//5868 
f 3002//5869 2993//5869 2992//5869 
f 3003//5870 2997//5870 2996//5870 
f 3003//5871 2996//5871 60//5871 
f 3003//5872 60//5872 64//5872 
f 3003//5873 3004//5873 2997//5873 
f 3003//5874 3001//5874 3004//5874 
f 3005//5875 2995//5875 2998//5875 
f 3006//5876 1891//5876 3007//5876 
f 3006//5877 2993//5877 3002//5877 
f 3006//5878 1892//5878 1891//5878 
f 3006//5879 3007//5879 2993//5879 
f 3008//5880 3003//5880 64//5880 
f 3008//5881 3001//5881 3003//5881 
f 3008//5882 64//5882 70//5882 
f 3009//5883 2992//5883 2995//5883 
f 3009//5884 2995//5884 3005//5884 
f 3010//5885 3001//5885 3008//5885 
f 3010//5886 3008//5886 70//5886 
f 3010//5887 70//5887 75//5887 
f 3010//5888 2998//5888 3001//5888 
f 3011//5889 2992//5889 3009//5889 
f 3011//5890 3002//5890 2992//5890 
f 3012//5891 2998//5891 3010//5891 
f 3012//5892 75//5892 76//5892 
f 3012//5893 3005//5893 2998//5893 
f 3012//5894 3010//5894 75//5894 
f 3013//5895 3006//5895 3002//5895 
f 3013//5896 1892//5896 3006//5896 
f 3013//5897 3002//5897 3011//5897 
f 3013//5898 1893//5898 1892//5898 
f 3014//5899 3011//5899 3009//5899 
f 3014//5900 3005//5900 3012//5900 
f 3014//5901 3009//5901 3005//5901 
f 3014//5902 76//5902 88//5902 
f 3014//5903 3012//5903 76//5903 
f 3015//5904 3011//5904 3014//5904 
f 3015//5905 3014//5905 88//5905 
f 3015//5906 88//5906 95//5906 
f 3016//5907 3011//5907 3015//5907 
f 3016//5908 3013//5908 3011//5908 
f 3016//5909 1893//5909 3013//5909 
f 3016//5910 3015//5910 95//5910 
f 3016//5911 95//5911 103//5911 
f 3016//5912 103//5912 102//5912 
f 3016//5913 1894//5913 1893//5913 
f 3016//5914 102//5914 1894//5914 
f 47//5915 1733//5915 48//5915 
f 3017//5916 43//5916 45//5916 
f 3017//5917 45//5917 1798//5917 
f 3018//5918 453//5918 43//5918 
f 3018//5919 43//5919 3017//5919 
f 3019//5920 455//5920 453//5920 
f 3019//5921 453//5921 3018//5921 
f 3020//5922 1798//5922 1800//5922 
f 3020//5923 3017//5923 1798//5923 
f 3021//5924 455//5924 3019//5924 
f 3021//5925 2//5925 455//5925 
f 3022//5926 3018//5926 3017//5926 
f 3022//5927 3017//5927 3020//5927 
f 3023//5928 3//5928 2//5928 
f 3023//5929 2//5929 3021//5929 
f 3024//5930 3019//5930 3018//5930 
f 3024//5931 3018//5931 3022//5931 
f 3025//5932 3//5932 3023//5932 
f 3026//5933 20//5933 3//5933 
f 3026//5934 3//5934 3025//5934 
f 3027//5935 1800//5935 1802//5935 
f 3027//5936 3020//5936 1800//5936 
f 3028//5937 3019//5937 3024//5937 
f 3028//5938 3021//5938 3019//5938 
f 3029//5939 3020//5939 3027//5939 
f 3029//5940 3022//5940 3020//5940 
f 3030//5941 26//5941 20//5941 
f 3030//5942 20//5942 3026//5942 
f 3031//5943 3021//5943 3028//5943 
f 3031//5944 3023//5944 3021//5944 
f 3032//5945 3022//5945 3029//5945 
f 3032//5946 3024//5946 3022//5946 
f 3033//5947 3023//5947 3031//5947 
f 3033//5948 3025//5948 3023//5948 
f 3034//5949 26//5949 3030//5949 
f 3034//5950 29//5950 26//5950 
f 3034//5951 32//5951 29//5951 
f 3035//5952 3025//5952 3033//5952 
f 3035//5953 3026//5953 3025//5953 
f 3036//5954 3027//5954 1802//5954 
f 3036//5955 1802//5955 1804//5955 
f 3037//5956 3028//5956 3024//5956 
f 3037//5957 3024//5957 3032//5957 
f 3038//5958 32//5958 3034//5958 
f 3039//5959 3029//5959 3027//5959 
f 3039//5960 3027//5960 3036//5960 
f 3040//5961 3030//5961 3026//5961 
f 3040//5962 3034//5962 3030//5962 
f 3040//5963 3026//5963 3035//5963 
f 3041//5964 3031//5964 3028//5964 
f 3041//5965 3028//5965 3037//5965 
f 3042//5966 3029//5966 3039//5966 
f 3042//5967 3037//5967 3032//5967 
f 3042//5968 3032//5968 3029//5968 
f 3043//5969 3031//5969 3041//5969 
f 3043//5970 3033//5970 3031//5970 
f 3043//5971 3035//5971 3033//5971 
f 3044//5972 33//5972 32//5972 
f 3044//5973 39//5973 33//5973 
f 3044//5974 32//5974 3038//5974 
f 3045//5975 3034//5975 3040//5975 
f 3046//5976 3035//5976 3043//5976 
f 3047//5977 1804//5977 1806//5977 
f 3047//5978 3036//5978 1804//5978 
f 3048//5979 3037//5979 3042//5979 
f 3049//5980 41//5980 39//5980 
f 3049//5981 39//5981 3044//5981 
f 3050//5982 3038//5982 3034//5982 
f 3050//5983 3034//5983 3045//5983 
f 3051//5984 3039//5984 3036//5984 
f 3051//5985 3036//5985 3047//5985 
f 3052//5986 3035//5986 3046//5986 
f 3052//5987 3040//5987 3035//5987 
f 3053//5988 3041//5988 3037//5988 
f 3053//5989 3037//5989 3048//5989 
f 3053//5990 3043//5990 3041//5990 
f 3054//5991 41//5991 3049//5991 
f 3054//5992 42//5992 41//5992 
f 3054//5993 1879//5993 42//5993 
f 3055//5994 3042//5994 3039//5994 
f 3055//5995 3039//5995 3051//5995 
f 3056//5996 3043//5996 3053//5996 
f 3057//5997 3044//5997 3038//5997 
f 3057//5998 3038//5998 3050//5998 
f 3058//5999 3045//5999 3040//5999 
f 3058//6000 3040//6000 3052//6000 
f 3059//6001 3046//6001 3043//6001 
f 3059//6002 3043//6002 3056//6002 
f 3060//6003 1806//6003 1808//6003 
f 3060//6004 3047//6004 1806//6004 
f 3061//6005 3042//6005 3055//6005 
f 3061//6006 3048//6006 3042//6006 
f 3062//6007 3044//6007 3057//6007 
f 3062//6008 3049//6008 3044//6008 
f 3063//6009 3045//6009 3058//6009 
f 3063//6010 3050//6010 3045//6010 
f 3064//6011 3051//6011 3047//6011 
f 3064//6012 3047//6012 3060//6012 
f 3065//6013 3046//6013 3059//6013 
f 3065//6014 3052//6014 3046//6014 
f 3066//6015 3048//6015 3061//6015 
f 3066//6016 3053//6016 3048//6016 
f 3067//6017 1879//6017 3054//6017 
f 3067//6018 3049//6018 3062//6018 
f 3067//6019 3054//6019 3049//6019 
f 3067//6020 1880//6020 1879//6020 
f 3068//6021 3051//6021 3064//6021 
f 3068//6022 3055//6022 3051//6022 
f 3069//6023 3053//6023 3066//6023 
f 3069//6024 3056//6024 3053//6024 
f 3070//6025 3057//6025 3050//6025 
f 3070//6026 3050//6026 3063//6026 
f 3071//6027 3052//6027 3065//6027 
f 3071//6028 3058//6028 3052//6028 
f 3072//6029 3059//6029 3056//6029 
f 3072//6030 3056//6030 3069//6030 
f 3073//6031 3060//6031 1808//6031 
f 3073//6032 1808//6032 1810//6032 
f 3074//6033 3061//6033 3055//6033 
f 3074//6034 3055//6034 3068//6034 
f 3075//6035 3057//6035 3070//6035 
f 3075//6036 3062//6036 3057//6036 
f 3076//6037 3058//6037 3071//6037 
f 3076//6038 3063//6038 3058//6038 
f 3077//6039 3060//6039 3073//6039 
f 3077//6040 3064//6040 3060//6040 
f 3078//6041 3065//6041 3059//6041 
f 3078//6042 3059//6042 3072//6042 
f 3078//6043 3071//6043 3065//6043 
f 3079//6044 3061//6044 3074//6044 
f 3079//6045 3066//6045 3061//6045 
f 3080//6046 1810//6046 1812//6046 
f 3080//6047 3073//6047 1810//6047 
f 3081//6048 3067//6048 3062//6048 
f 3081//6049 1880//6049 3067//6049 
f 3081//6050 3062//6050 3075//6050 
f 3081//6051 1877//6051 1880//6051 
f 3082//6052 3068//6052 3064//6052 
f 3082//6053 3064//6053 3077//6053 
f 3083//6054 3069//6054 3066//6054 
f 3083//6055 3066//6055 3079//6055 
f 3084//6056 3070//6056 3063//6056 
f 3084//6057 3075//6057 3070//6057 
f 3084//6058 3063//6058 3076//6058 
f 3085//6059 3077//6059 3073//6059 
f 3085//6060 3073//6060 3080//6060 
f 3086//6061 3076//6061 3071//6061 
f 3086//6062 3071//6062 3078//6062 
f 3087//6063 3072//6063 3069//6063 
f 3087//6064 3069//6064 3083//6064 
f 3088//6065 3080//6065 1812//6065 
f 3089//6066 3074//6066 3068//6066 
f 3089//6067 3068//6067 3082//6067 
f 3090//6068 3089//6068 3082//6068 
f 3090//6069 3082//6069 3077//6069 
f 3090//6070 3077//6070 3085//6070 
f 3091//6071 3075//6071 3084//6071 
f 3092//6072 3076//6072 3086//6072 
f 3093//6073 3080//6073 3088//6073 
f 3093//6074 3085//6074 3080//6074 
f 3094//6075 3078//6075 3072//6075 
f 3094//6076 3086//6076 3078//6076 
f 3094//6077 3072//6077 3087//6077 
f 3095//6078 3079//6078 3074//6078 
f 3095//6079 3074//6079 3089//6079 
f 3096//6080 3089//6080 3090//6080 
f 3097//6081 1875//6081 1877//6081 
f 3097//6082 3081//6082 3075//6082 
f 3097//6083 3075//6083 3091//6083 
f 3097//6084 1877//6084 3081//6084 
f 3098//6085 3088//6085 1812//6085 
f 3098//6086 1812//6086 1814//6086 
f 3098//6087 1814//6087 3099//6087 
f 3100//6088 3085//6088 3093//6088 
f 3100//6089 3090//6089 3085//6089 
f 3101//6090 3087//6090 3083//6090 
f 3101//6091 3083//6091 3079//6091 
f 3101//6092 3079//6092 3095//6092 
f 3102//6093 3076//6093 3092//6093 
f 3102//6094 3084//6094 3076//6094 
f 3102//6095 3091//6095 3084//6095 
f 3103//6096 3095//6096 3089//6096 
f 3103//6097 3089//6097 3096//6097 
f 3104//6098 3093//6098 3088//6098 
f 3104//6099 3088//6099 3098//6099 
f 3105//6100 3086//6100 3094//6100 
f 3106//6101 3087//6101 3101//6101 
f 3107//6102 3098//6102 3099//6102 
f 3107//6103 3108//6103 3109//6103 
f 3107//6104 3099//6104 3108//6104 
f 3110//6105 3090//6105 3100//6105 
f 3110//6106 3096//6106 3090//6106 
f 3111//6107 3091//6107 3102//6107 
f 3112//6108 3101//6108 3095//6108 
f 3112//6109 3095//6109 3103//6109 
f 3113//6110 3100//6110 3093//6110 
f 3113//6111 3093//6111 3104//6111 
f 3113//6112 3110//6112 3100//6112 
f 3114//6113 3092//6113 3086//6113 
f 3114//6114 3102//6114 3092//6114 
f 3114//6115 3086//6115 3105//6115 
f 3115//6116 3109//6116 3116//6116 
f 3115//6117 3104//6117 3098//6117 
f 3115//6118 3098//6118 3107//6118 
f 3115//6119 3107//6119 3109//6119 
f 3117//6120 3094//6120 3087//6120 
f 3117//6121 3087//6121 3106//6121 
f 3118//6122 3096//6122 3110//6122 
f 3118//6123 3103//6123 3096//6123 
f 3118//6124 3112//6124 3103//6124 
f 3119//6125 3101//6125 3112//6125 
f 3119//6126 3106//6126 3101//6126 
f 3120//6127 3097//6127 3091//6127 
f 3120//6128 1875//6128 3097//6128 
f 3120//6129 3091//6129 3111//6129 
f 3120//6130 1873//6130 1875//6130 
f 3121//6131 3118//6131 3110//6131 
f 3121//6132 3110//6132 3113//6132 
f 3122//6133 3116//6133 3123//6133 
f 3122//6134 3113//6134 3104//6134 
f 3122//6135 3115//6135 3116//6135 
f 3122//6136 3104//6136 3115//6136 
f 3124//6137 3112//6137 3118//6137 
f 3125//6138 3102//6138 3114//6138 
f 3126//6139 3117//6139 3106//6139 
f 3126//6140 3106//6140 3119//6140 
f 3127//6141 3118//6141 3121//6141 
f 3127//6142 3124//6142 3118//6142 
f 3128//6143 3094//6143 3117//6143 
f 3128//6144 3105//6144 3094//6144 
f 3129//6145 3119//6145 3112//6145 
f 3129//6146 3112//6146 3124//6146 
f 3130//6147 3122//6147 3123//6147 
f 3130//6148 3131//6148 3132//6148 
f 3130//6149 3123//6149 3131//6149 
f 3130//6150 3113//6150 3122//6150 
f 3130//6151 3121//6151 3113//6151 
f 3133//6152 3111//6152 3102//6152 
f 3133//6153 3102//6153 3125//6153 
f 3133//6154 3120//6154 3111//6154 
f 3134//6155 3124//6155 3127//6155 
f 3135//6156 3105//6156 3128//6156 
f 3135//6157 3114//6157 3105//6157 
f 3135//6158 3125//6158 3114//6158 
f 3136//6159 3128//6159 3117//6159 
f 3136//6160 3135//6160 3128//6160 
f 3136//6161 3117//6161 3126//6161 
f 3137//6162 3126//6162 3119//6162 
f 3137//6163 3119//6163 3129//6163 
f 3138//6164 3127//6164 3121//6164 
f 3138//6165 3130//6165 3132//6165 
f 3138//6166 3134//6166 3127//6166 
f 3138//6167 3121//6167 3130//6167 
f 3139//6168 3129//6168 3124//6168 
f 3139//6169 3124//6169 3134//6169 
f 3139//6170 3137//6170 3129//6170 
f 3140//6171 3120//6171 3133//6171 
f 3140//6172 1871//6172 1873//6172 
f 3140//6173 1873//6173 3120//6173 
f 3141//6174 3134//6174 3138//6174 
f 3142//6175 3125//6175 3135//6175 
f 3142//6176 3133//6176 3125//6176 
f 3143//6177 3135//6177 3136//6177 
f 3144//6178 3137//6178 3139//6178 
f 3145//6179 3132//6179 3146//6179 
f 3145//6180 3138//6180 3132//6180 
f 3147//6181 3136//6181 3126//6181 
f 3147//6182 3143//6182 3136//6182 
f 3147//6183 3137//6183 3144//6183 
f 3147//6184 3126//6184 3137//6184 
f 3148//6185 3134//6185 3141//6185 
f 3148//6186 3139//6186 3134//6186 
f 3149//6187 3133//6187 3142//6187 
f 3150//6188 3142//6188 3135//6188 
f 3150//6189 3135//6189 3143//6189 
f 3151//6190 3141//6190 3138//6190 
f 3151//6191 3146//6191 3152//6191 
f 3151//6192 3145//6192 3146//6192 
f 3151//6193 3138//6193 3145//6193 
f 3153//6194 3143//6194 3147//6194 
f 3154//6195 3139//6195 3148//6195 
f 3154//6196 3144//6196 3139//6196 
f 3155//6197 3147//6197 3144//6197 
f 3156//6198 1871//6198 3140//6198 
f 3156//6199 3133//6199 3149//6199 
f 3156//6200 3140//6200 3133//6200 
f 3156//6201 1872//6201 1871//6201 
f 3157//6202 3148//6202 3141//6202 
f 3157//6203 3151//6203 3152//6203 
f 3157//6204 3141//6204 3151//6204 
f 3158//6205 3149//6205 3142//6205 
f 3158//6206 3156//6206 3149//6206 
f 3158//6207 3142//6207 3150//6207 
f 3159//6208 3150//6208 3143//6208 
f 3159//6209 3143//6209 3153//6209 
f 3160//6210 3153//6210 3147//6210 
f 3160//6211 3159//6211 3153//6211 
f 3160//6212 3147//6212 3155//6212 
f 3161//6213 3154//6213 3148//6213 
f 3161//6214 3148//6214 3157//6214 
f 3162//6215 3144//6215 3154//6215 
f 3162//6216 3155//6216 3144//6216 
f 3162//6217 3154//6217 3161//6217 
f 3163//6218 3156//6218 3158//6218 
f 3163//6219 1872//6219 3156//6219 
f 3164//6220 3152//6220 3165//6220 
f 3164//6221 3157//6221 3152//6221 
f 3164//6222 3161//6222 3157//6222 
f 3166//6223 3158//6223 3150//6223 
f 3166//6224 3150//6224 3159//6224 
f 3166//6225 3163//6225 3158//6225 
f 3167//6226 3166//6226 3159//6226 
f 3167//6227 3159//6227 3160//6227 
f 3168//6228 3167//6228 3160//6228 
f 3168//6229 3160//6229 3155//6229 
f 3168//6230 3155//6230 3162//6230 
f 3169//6231 3162//6231 3161//6231 
f 3170//6232 3161//6232 3164//6232 
f 3170//6233 3169//6233 3161//6233 
f 3171//6234 1872//6234 3163//6234 
f 3171//6235 1874//6235 1872//6235 
f 3171//6236 3163//6236 3166//6236 
f 3172//6237 3166//6237 3167//6237 
f 3173//6238 3167//6238 3168//6238 
f 3174//6239 3168//6239 3162//6239 
f 3174//6240 3162//6240 3169//6240 
f 3175//6241 3164//6241 3165//6241 
f 3175//6242 3170//6242 3164//6242 
f 3175//6243 3165//6243 3176//6243 
f 3177//6244 3169//6244 3170//6244 
f 3178//6245 3166//6245 3172//6245 
f 3178//6246 1874//6246 3171//6246 
f 3178//6247 3171//6247 3166//6247 
f 3179//6248 3178//6248 3172//6248 
f 3179//6249 3172//6249 3167//6249 
f 3179//6250 3167//6250 3173//6250 
f 3180//6251 3173//6251 3168//6251 
f 3180//6252 3168//6252 3174//6252 
f 3181//6253 3175//6253 3176//6253 
f 3181//6254 3176//6254 3182//6254 
f 3183//6255 3169//6255 3177//6255 
f 3183//6256 3174//6256 3169//6256 
f 3184//6257 3177//6257 3170//6257 
f 3184//6258 3175//6258 3181//6258 
f 3184//6259 3170//6259 3175//6259 
f 3185//6260 3178//6260 3179//6260 
f 3185//6261 1874//6261 3178//6261 
f 3185//6262 1876//6262 1874//6262 
f 3186//6263 3173//6263 3180//6263 
f 3186//6264 3179//6264 3173//6264 
f 3187//6265 3180//6265 3174//6265 
f 3187//6266 3174//6266 3183//6266 
f 3188//6267 3177//6267 3184//6267 
f 3188//6268 3187//6268 3183//6268 
f 3188//6269 3183//6269 3177//6269 
f 3189//6270 3181//6270 3182//6270 
f 3189//6271 3184//6271 3181//6271 
f 3190//6272 3185//6272 3179//6272 
f 3190//6273 1876//6273 3185//6273 
f 3190//6274 3179//6274 3186//6274 
f 3191//6275 3186//6275 3180//6275 
f 3191//6276 3180//6276 3187//6276 
f 3191//6277 3190//6277 3186//6277 
f 3192//6278 3191//6278 3187//6278 
f 3192//6279 3187//6279 3188//6279 
f 3193//6280 3188//6280 3184//6280 
f 3193//6281 3184//6281 3189//6281 
f 3194//6282 3190//6282 3191//6282 
f 3194//6283 1876//6283 3190//6283 
f 3194//6284 1878//6284 1876//6284 
f 3195//6285 3182//6285 3196//6285 
f 3195//6286 3189//6286 3182//6286 
f 3197//6287 3191//6287 3192//6287 
f 3198//6288 3188//6288 3193//6288 
f 3198//6289 3192//6289 3188//6289 
f 3199//6290 3193//6290 3189//6290 
f 3199//6291 3198//6291 3193//6291 
f 3199//6292 3189//6292 3195//6292 
f 3200//6293 3191//6293 3197//6293 
f 3200//6294 3194//6294 3191//6294 
f 3200//6295 1878//6295 3194//6295 
f 3201//6296 3197//6296 3192//6296 
f 3201//6297 3192//6297 3198//6297 
f 3201//6298 3200//6298 3197//6298 
f 3202//6299 3198//6299 3199//6299 
f 3203//6300 3200//6300 3201//6300 
f 3203//6301 1881//6301 1878//6301 
f 3203//6302 1878//6302 3200//6302 
f 3204//6303 3196//6303 3205//6303 
f 3204//6304 3195//6304 3196//6304 
f 3206//6305 3203//6305 3201//6305 
f 3206//6306 3198//6306 3202//6306 
f 3206//6307 3201//6307 3198//6307 
f 3207//6308 3202//6308 3199//6308 
f 3207//6309 3195//6309 3204//6309 
f 3207//6310 3199//6310 3195//6310 
f 3208//6311 3203//6311 3206//6311 
f 3208//6312 1881//6312 3203//6312 
f 3209//6313 3202//6313 3207//6313 
f 3210//6314 3204//6314 3205//6314 
f 3211//6315 3202//6315 3209//6315 
f 3211//6316 3206//6316 3202//6316 
f 3212//6317 3207//6317 3204//6317 
f 3212//6318 3204//6318 3210//6318 
f 3213//6319 3208//6319 3206//6319 
f 3213//6320 1881//6320 3208//6320 
f 3213//6321 3206//6321 3211//6321 
f 3213//6322 1882//6322 1881//6322 
f 3214//6323 3209//6323 3207//6323 
f 3214//6324 3207//6324 3212//6324 
f 3215//6325 3210//6325 3205//6325 
f 3215//6326 3205//6326 3216//6326 
f 3217//6327 3211//6327 3209//6327 
f 3217//6328 3209//6328 3214//6328 
f 3218//6329 3212//6329 3210//6329 
f 3218//6330 3210//6330 3215//6330 
f 3219//6331 3216//6331 3220//6331 
f 3219//6332 3215//6332 3216//6332 
f 3219//6333 3218//6333 3215//6333 
f 3221//6334 3222//6334 1717//6334 
f 3221//6335 3223//6335 3222//6335 
f 3221//6336 1717//6336 1720//6336 
f 3224//6337 3225//6337 3226//6337 
f 3224//6338 3220//6338 3225//6338 
f 3224//6339 3219//6339 3220//6339 
f 3227//6340 3213//6340 3211//6340 
f 3227//6341 1882//6341 3213//6341 
f 3227//6342 3211//6342 3217//6342 
f 3227//6343 1883//6343 1882//6343 
f 3228//6344 3212//6344 3218//6344 
f 3228//6345 3214//6345 3212//6345 
f 3229//6346 3230//6346 3231//6346 
f 3229//6347 3232//6347 3230//6347 
f 3233//6348 3234//6348 3223//6348 
f 3233//6349 3223//6349 3221//6349 
f 3235//6350 3226//6350 3236//6350 
f 3237//6351 3228//6351 3218//6351 
f 3237//6352 3218//6352 3219//6352 
f 3238//6353 3239//6353 3240//6353 
f 3238//6354 3236//6354 3239//6354 
f 3241//6355 3221//6355 1720//6355 
f 3242//6356 3219//6356 3224//6356 
f 3243//6357 3217//6357 3214//6357 
f 3243//6358 3214//6358 3228//6358 
f 3244//6359 3232//6359 3229//6359 
f 3244//6360 3245//6360 3232//6360 
f 3244//6361 3240//6361 3245//6361 
f 3246//6362 3247//6362 3234//6362 
f 3246//6363 3231//6363 3247//6363 
f 3246//6364 3234//6364 3233//6364 
f 3248//6365 3226//6365 3235//6365 
f 3248//6366 3224//6366 3226//6366 
f 3249//6367 3235//6367 3236//6367 
f 3249//6368 3236//6368 3238//6368 
f 3249//6369 3248//6369 3235//6369 
f 3250//6370 3228//6370 3237//6370 
f 3250//6371 3243//6371 3228//6371 
f 3251//6372 3233//6372 3221//6372 
f 3251//6373 3221//6373 3241//6373 
f 3252//6374 3237//6374 3219//6374 
f 3252//6375 3219//6375 3242//6375 
f 3253//6376 3238//6376 3240//6376 
f 3253//6377 3240//6377 3244//6377 
f 3253//6378 3249//6378 3238//6378 
f 3254//6379 3227//6379 3217//6379 
f 3254//6380 1883//6380 3227//6380 
f 3254//6381 3217//6381 3243//6381 
f 3254//6382 1884//6382 1883//6382 
f 3255//6383 3229//6383 3231//6383 
f 3255//6384 3231//6384 3246//6384 
f 3256//6385 3251//6385 3241//6385 
f 3256//6386 1720//6386 1721//6386 
f 3256//6387 3241//6387 1720//6387 
f 3257//6388 3233//6388 3251//6388 
f 3257//6389 3246//6389 3233//6389 
f 3258//6390 3248//6390 3249//6390 
f 3259//6391 3243//6391 3250//6391 
f 3260//6392 3252//6392 3242//6392 
f 3260//6393 3242//6393 3224//6393 
f 3260//6394 3224//6394 3248//6394 
f 3261//6395 3249//6395 3253//6395 
f 3262//6396 3237//6396 3252//6396 
f 3262//6397 3250//6397 3237//6397 
f 3263//6398 3229//6398 3255//6398 
f 3263//6399 3244//6399 3229//6399 
f 3264//6400 3251//6400 3256//6400 
f 3265//6401 3256//6401 1721//6401 
f 3266//6402 3255//6402 3246//6402 
f 3266//6403 3246//6403 3257//6403 
f 3266//6404 3263//6404 3255//6404 
f 3267//6405 3254//6405 3243//6405 
f 3267//6406 3243//6406 3259//6406 
f 3267//6407 1884//6407 3254//6407 
f 3267//6408 1885//6408 1884//6408 
f 3268//6409 3249//6409 3261//6409 
f 3268//6410 3258//6410 3249//6410 
f 3269//6411 3252//6411 3260//6411 
f 3270//6412 3260//6412 3248//6412 
f 3270//6413 3258//6413 3268//6413 
f 3270//6414 3248//6414 3258//6414 
f 3271//6415 3244//6415 3263//6415 
f 3271//6416 3253//6416 3244//6416 
f 3272//6417 3251//6417 3264//6417 
f 3272//6418 3257//6418 3251//6418 
f 3273//6419 3259//6419 3250//6419 
f 3273//6420 3250//6420 3262//6420 
f 3274//6421 3264//6421 3256//6421 
f 3274//6422 3256//6422 3265//6422 
f 3275//6423 3263//6423 3266//6423 
f 3276//6424 3261//6424 3253//6424 
f 3276//6425 3253//6425 3271//6425 
f 3277//6426 3252//6426 3269//6426 
f 3277//6427 3262//6427 3252//6427 
f 3277//6428 3273//6428 3262//6428 
f 3278//6429 3269//6429 3260//6429 
f 3278//6430 3260//6430 3270//6430 
f 3279//6431 3266//6431 3257//6431 
f 3279//6432 3275//6432 3266//6432 
f 3279//6433 3257//6433 3272//6433 
f 3280//6434 3259//6434 3273//6434 
f 3280//6435 1885//6435 3267//6435 
f 3280//6436 3267//6436 3259//6436 
f 3281//6437 3265//6437 1721//6437 
f 3281//6438 1721//6438 1723//6438 
f 3282//6439 3264//6439 3274//6439 
f 3282//6440 3272//6440 3264//6440 
f 3283//6441 3270//6441 3268//6441 
f 3284//6442 3276//6442 3271//6442 
f 3284//6443 3271//6443 3263//6443 
f 3284//6444 3263//6444 3275//6444 
f 3285//6445 3268//6445 3261//6445 
f 3285//6446 3261//6446 3276//6446 
f 3286//6447 3273//6447 3277//6447 
f 3287//6448 3275//6448 3279//6448 
f 3288//6449 3274//6449 3265//6449 
f 3288//6450 3281//6450 1723//6450 
f 3288//6451 3265//6451 3281//6451 
f 3289//6452 3277//6452 3269//6452 
f 3289//6453 3269//6453 3278//6453 
f 3290//6454 3276//6454 3284//6454 
f 3291//6455 3279//6455 3272//6455 
f 3291//6456 3272//6456 3282//6456 
f 3292//6457 3289//6457 3278//6457 
f 3292//6458 3270//6458 3283//6458 
f 3292//6459 3278//6459 3270//6459 
f 3293//6460 3275//6460 3287//6460 
f 3293//6461 3284//6461 3275//6461 
f 3294//6462 3282//6462 3274//6462 
f 3294//6463 3274//6463 3288//6463 
f 3295//6464 3280//6464 3273//6464 
f 3295//6465 3273//6465 3286//6465 
f 3295//6466 1885//6466 3280//6466 
f 3295//6467 1886//6467 1885//6467 
f 3296//6468 3285//6468 3276//6468 
f 3296//6469 3276//6469 3290//6469 
f 3297//6470 3277//6470 3289//6470 
f 3297//6471 3286//6471 3277//6471 
f 3298//6472 3279//6472 3291//6472 
f 3298//6473 3287//6473 3279//6473 
f 3299//6474 3283//6474 3268//6474 
f 3299//6475 3268//6475 3285//6475 
f 3300//6476 3289//6476 3292//6476 
f 3300//6477 3297//6477 3289//6477 
f 3301//6478 3290//6478 3284//6478 
f 3301//6479 3284//6479 3293//6479 
f 3302//6480 3291//6480 3282//6480 
f 3302//6481 3298//6481 3291//6481 
f 3302//6482 3282//6482 3294//6482 
f 3303//6483 3287//6483 3298//6483 
f 3303//6484 3293//6484 3287//6484 
f 3304//6485 1723//6485 1725//6485 
f 3305//6486 3295//6486 3286//6486 
f 3305//6487 1886//6487 3295//6487 
f 3305//6488 3286//6488 3297//6488 
f 3306//6489 3283//6489 3299//6489 
f 3306//6490 3292//6490 3283//6490 
f 3307//6491 3297//6491 3300//6491 
f 3308//6492 3285//6492 3296//6492 
f 3308//6493 3299//6493 3285//6493 
f 3308//6494 3306//6494 3299//6494 
f 3309//6495 3290//6495 3301//6495 
f 3309//6496 3296//6496 3290//6496 
f 3310//6497 3301//6497 3293//6497 
f 3310//6498 3293//6498 3303//6498 
f 3311//6499 3298//6499 3302//6499 
f 3312//6500 3304//6500 1725//6500 
f 3312//6501 1723//6501 3304//6501 
f 3312//6502 3288//6502 1723//6502 
f 3313//6503 3300//6503 3292//6503 
f 3313//6504 3292//6504 3306//6504 
f 3314//6505 3305//6505 3297//6505 
f 3314//6506 3297//6506 3307//6506 
f 3314//6507 1886//6507 3305//6507 
f 3314//6508 1887//6508 1886//6508 
f 3315//6509 3306//6509 3308//6509 
f 3316//6510 3303//6510 3298//6510 
f 3316//6511 3310//6511 3303//6511 
f 3316//6512 3298//6512 3311//6512 
f 3317//6513 3288//6513 3312//6513 
f 3317//6514 3302//6514 3294//6514 
f 3317//6515 3294//6515 3288//6515 
f 3318//6516 3309//6516 3301//6516 
f 3318//6517 3301//6517 3310//6517 
f 3319//6518 3308//6518 3296//6518 
f 3319//6519 3296//6519 3309//6519 
f 3320//6520 3307//6520 3300//6520 
f 3320//6521 3300//6521 3313//6521 
f 3321//6522 3310//6522 3316//6522 
f 3322//6523 3313//6523 3306//6523 
f 3322//6524 3306//6524 3315//6524 
f 3323//6525 3302//6525 3317//6525 
f 3324//6526 1725//6526 1727//6526 
f 3325//6527 3322//6527 3315//6527 
f 3325//6528 3308//6528 3319//6528 
f 3325//6529 3315//6529 3308//6529 
f 3326//6530 3319//6530 3309//6530 
f 3326//6531 3309//6531 3318//6531 
f 3327//6532 3307//6532 3320//6532 
f 3327//6533 3314//6533 3307//6533 
f 3327//6534 1887//6534 3314//6534 
f 3328//6535 3310//6535 3321//6535 
f 3328//6536 3318//6536 3310//6536 
f 3329//6537 3311//6537 3302//6537 
f 3329//6538 3302//6538 3323//6538 
f 3330//6539 1725//6539 3324//6539 
f 3330//6540 3324//6540 1727//6540 
f 3330//6541 3312//6541 1725//6541 
f 3330//6542 3317//6542 3312//6542 
f 3331//6543 3313//6543 3322//6543 
f 3331//6544 3320//6544 3313//6544 
f 3332//6545 3331//6545 3322//6545 
f 3332//6546 3322//6546 3325//6546 
f 3333//6547 3319//6547 3326//6547 
f 3333//6548 3325//6548 3319//6548 
f 3333//6549 3332//6549 3325//6549 
f 3334//6550 3311//6550 3329//6550 
f 3334//6551 3316//6551 3311//6551 
f 3335//6552 3317//6552 3330//6552 
f 3336//6553 3327//6553 3320//6553 
f 3336//6554 1887//6554 3327//6554 
f 3336//6555 3320//6555 3331//6555 
f 3336//6556 1888//6556 1887//6556 
f 3337//6557 3326//6557 3318//6557 
f 3337//6558 3318//6558 3328//6558 
f 3338//6559 3331//6559 3332//6559 
f 3339//6560 3321//6560 3316//6560 
f 3339//6561 3316//6561 3334//6561 
f 3340//6562 3332//6562 3333//6562 
f 3341//6563 3329//6563 3323//6563 
f 3341//6564 3323//6564 3317//6564 
f 3341//6565 3317//6565 3335//6565 
f 3342//6566 1727//6566 1729//6566 
f 3343//6567 3326//6567 3337//6567 
f 3343//6568 3333//6568 3326//6568 
f 3344//6569 3336//6569 3331//6569 
f 3344//6570 1888//6570 3336//6570 
f 3344//6571 3331//6571 3338//6571 
f 3345//6572 3321//6572 3339//6572 
f 3345//6573 3328//6573 3321//6573 
f 3346//6574 3338//6574 3332//6574 
f 3346//6575 3332//6575 3340//6575 
f 3347//6576 3329//6576 3341//6576 
f 3348//6577 3330//6577 1727//6577 
f 3348//6578 1727//6578 3342//6578 
f 3349//6579 3333//6579 3343//6579 
f 3349//6580 3340//6580 3333//6580 
f 3350//6581 3334//6581 3329//6581 
f 3350//6582 3329//6582 3347//6582 
f 3351//6583 3335//6583 3330//6583 
f 3351//6584 3330//6584 3348//6584 
f 3352//6585 1888//6585 3344//6585 
f 3352//6586 3344//6586 3338//6586 
f 3352//6587 3338//6587 3346//6587 
f 3352//6588 1889//6588 1888//6588 
f 3353//6589 3337//6589 3328//6589 
f 3353//6590 3328//6590 3345//6590 
f 3354//6591 3346//6591 3340//6591 
f 3354//6592 3340//6592 3349//6592 
f 3355//6593 3339//6593 3334//6593 
f 3355//6594 3334//6594 3350//6594 
f 3356//6595 3341//6595 3335//6595 
f 3356//6596 3335//6596 3351//6596 
f 3357//6597 1729//6597 1731//6597 
f 3357//6598 3342//6598 1729//6598 
f 3358//6599 3343//6599 3337//6599 
f 3358//6600 3349//6600 3343//6600 
f 3358//6601 3337//6601 3353//6601 
f 3359//6602 1889//6602 3352//6602 
f 3359//6603 3346//6603 3354//6603 
f 3359//6604 3352//6604 3346//6604 
f 3360//6605 3339//6605 3355//6605 
f 3360//6606 3345//6606 3339//6606 
f 3361//6607 3341//6607 3356//6607 
f 3361//6608 3347//6608 3341//6608 
f 3362//6609 3342//6609 3357//6609 
f 3362//6610 3348//6610 3342//6610 
f 3363//6611 3349//6611 3358//6611 
f 3363//6612 3354//6612 3349//6612 
f 3364//6613 3350//6613 3347//6613 
f 3364//6614 3347//6614 3361//6614 
f 3365//6615 3351//6615 3348//6615 
f 3365//6616 3348//6616 3362//6616 
f 3366//6617 3358//6617 3353//6617 
f 3366//6618 3345//6618 3360//6618 
f 3366//6619 3353//6619 3345//6619 
f 3367//6620 3359//6620 3354//6620 
f 3367//6621 3354//6621 3363//6621 
f 3368//6622 3355//6622 3350//6622 
f 3368//6623 3350//6623 3364//6623 
f 2991//6624 3351//6624 3365//6624 
f 2991//6625 3356//6625 3351//6625 
f 3369//6626 1731//6626 1733//6626 
f 3369//6627 3357//6627 1731//6627 
f 3369//6628 1733//6628 47//6628 
f 3370//6629 3363//6629 3358//6629 
f 3370//6630 3358//6630 3366//6630 
f 3371//6631 1889//6631 3359//6631 
f 3371//6632 3359//6632 3367//6632 
f 3371//6633 1890//6633 1889//6633 
f 3000//6634 3360//6634 3355//6634 
f 3000//6635 3355//6635 3368//6635 
f 3372//6636 3361//6636 3356//6636 
f 3372//6637 3356//6637 2991//6637 
f 3373//6638 3365//6638 3362//6638 
f 3373//6639 3357//6639 3369//6639 
f 3373//6640 3369//6640 47//6640 
f 3373//6641 47//6641 51//6641 
f 3373//6642 3362//6642 3357//6642 
f 2994//6643 3367//6643 3363//6643 
f 2994//6644 3363//6644 3370//6644 
f 2997//6645 3364//6645 3361//6645 
f 2997//6646 3361//6646 3372//6646 
f 3374//6647 3365//6647 3373//6647 
f 3374//6648 51//6648 53//6648 
f 3374//6649 3373//6649 51//6649 
f 2999//6650 3366//6650 3360//6650 
f 2999//6651 3360//6651 3000//6651 
f 2993//6652 3367//6652 2994//6652 
f 3004//6653 3364//6653 2997//6653 
f 3004//6654 3368//6654 3364//6654 
f 2990//6655 3365//6655 3374//6655 
f 2990//6656 53//6656 57//6656 
f 2990//6657 3374//6657 53//6657 
f 2990//6658 2991//6658 3365//6658 
f 2995//6659 3370//6659 3366//6659 
f 2995//6660 2994//6660 3370//6660 
f 2995//6661 3366//6661 2999//6661 
f 3007//6662 3371//6662 3367//6662 
f 3007//6663 1890//6663 3371//6663 
f 3007//6664 3367//6664 2993//6664 
f 3007//6665 1891//6665 1890//6665 
f 3001//6666 3000//6666 3368//6666 
f 3001//6667 3368//6667 3004//6667 
f 2989//6668 3372//6668 2991//6668 
f 2989//6669 2997//6669 3372//6669 
f 2989//6670 57//6670 60//6670 
f 3375//6671 3376//6671 3377//6671 
f 3377//6672 3376//6672 1815//6672 
f 3378//6673 3376//6673 3375//6673 
f 3376//6674 1828//6674 1815//6674 
f 3379//6675 3378//6675 3375//6675 
f 3380//6676 3378//6676 3379//6676 
f 1829//6677 3381//6677 1820//6677 
f 1820//6678 3381//6678 3382//6678 
f 3382//6679 3381//6679 3379//6679 
f 3379//6680 3381//6680 3380//6680 
f 1828//6681 3376//6681 3381//6681 
f 1829//6682 1828//6682 3381//6682 
f 3377//6683 1815//6683 3382//6683 
f 1815//6684 1820//6684 3382//6684 
f 3383//6685 3384//6685 3385//6685 
f 3383//6686 3386//6686 3384//6686 
f 1843//6687 1830//6687 3383//6687 
f 3383//6688 1830//6688 3386//6688 
f 3387//6689 3385//6689 3388//6689 
f 3388//6690 3385//6690 3384//6690 
f 1844//6691 3389//6691 1839//6691 
f 1839//6692 3389//6692 3390//6692 
f 3390//6693 3387//6693 3388//6693 
f 3389//6694 3387//6694 3390//6694 
f 1843//6695 3383//6695 3389//6695 
f 1844//6696 1843//6696 3389//6696 
f 1830//6697 1839//6697 3386//6697 
f 3386//6698 1839//6698 3390//6698 
f 3378//6699 3380//6699 3381//6699 
f 3378//6700 3381//6700 3376//6700 
f 3375//6701 3382//6701 3379//6701 
f 3377//6702 3382//6702 3375//6702 
f 3384//6703 3390//6703 3388//6703 
f 3386//6704 3390//6704 3384//6704 
f 3385//6705 3387//6705 3389//6705 
f 3385//6706 3389//6706 3383//6706 
f 210//6707 154//6707 224//6707 
f 204//6708 154//6708 210//6708 
f 189//6709 154//6709 204//6709 
f 188//6710 154//6710 189//6710 
f 180//6711 154//6711 188//6711 
f 172//6712 154//6712 180//6712 
f 165//6713 154//6713 172//6713 
f 164//6714 154//6714 165//6714 
f 155//6715 154//6715 164//6715 
f 154//6716 236//6716 224//6716 
f 154//6717 242//6717 236//6717 
f 154//6718 258//6718 242//6718 
f 154//6719 268//6719 258//6719 
f 1903//6720 286//6720 154//6720 
f 289//6721 286//6721 288//6721 
f 301//6722 286//6722 289//6722 
f 314//6723 286//6723 301//6723 
f 298//6724 286//6724 314//6724 
f 297//6725 286//6725 298//6725 
f 299//6726 286//6726 297//6726 
f 312//6727 286//6727 299//6727 
f 307//6728 286//6728 312//6728 
f 306//6729 286//6729 307//6729 
f 303//6730 286//6730 306//6730 
f 292//6731 286//6731 303//6731 
f 291//6732 286//6732 292//6732 
f 284//6733 286//6733 291//6733 
f 280//6734 286//6734 284//6734 
f 268//6735 286//6735 280//6735 
f 154//6736 286//6736 268//6736 
f 1903//6737 1788//6737 286//6737 
f 3152//6738 1814//6738 3165//6738 
f 3146//6739 1814//6739 3152//6739 
f 3132//6740 1814//6740 3146//6740 
f 3131//6741 1814//6741 3132//6741 
f 3123//6742 1814//6742 3131//6742 
f 3116//6743 1814//6743 3123//6743 
f 3109//6744 1814//6744 3116//6744 
f 3108//6745 1814//6745 3109//6745 
f 3099//6746 1814//6746 3108//6746 
f 1814//6747 3176//6747 3165//6747 
f 1814//6748 3182//6748 3176//6748 
f 1814//6749 3196//6749 3182//6749 
f 1814//6750 3205//6750 3196//6750 
f 1813//6751 1717//6751 1814//6751 
f 3223//6752 1717//6752 3222//6752 
f 3234//6753 1717//6753 3223//6753 
f 3247//6754 1717//6754 3234//6754 
f 3231//6755 1717//6755 3247//6755 
f 3230//6756 1717//6756 3231//6756 
f 3232//6757 1717//6757 3230//6757 
f 3245//6758 1717//6758 3232//6758 
f 3240//6759 1717//6759 3245//6759 
f 3239//6760 1717//6760 3240//6760 
f 3236//6761 1717//6761 3239//6761 
f 3226//6762 1717//6762 3236//6762 
f 3225//6763 1717//6763 3226//6763 
f 3220//6764 1717//6764 3225//6764 
f 3216//6765 1717//6765 3220//6765 
f 3205//6766 1717//6766 3216//6766 
f 1814//6767 1717//6767 3205//6767 
f 1813//6768 1718//6768 1717//6768 
f 1680//6769 1696//6769 1686//6769 
f 1686//6770 1696//6770 1700//6770 
f 1692//6771 1694//6771 1696//6771 
f 1691//6772 1692//6772 1696//6772 
f 1680//6773 1689//6773 1691//6773 
f 1680//6774 1687//6774 1689//6774 
f 1680//6775 1684//6775 1687//6775 
f 1680//6776 1691//6776 1696//6776 
