# FreeCAD v1.1 build1 Arch module
# https://www.freecad.org
mtllib Cube.mtl
o Part (Meshed)
usemtl color_727980
v 31.5 -24.0 -24.5
v -17.5 -24.0 24.5
v -17.5 -24.0 -24.5
v 31.5 -24.0 24.5
v 31.801342 -23.981771 24.5
v 31.801342 -23.981771 -24.5
v 32.098289 -23.927355 -24.5
v 32.098289 -23.927355 24.5
v 32.386513 -23.83754 24.5
v 32.386513 -23.83754 -24.5
v 32.661808 -23.71364 -24.5
v 32.661808 -23.71364 24.5
v 32.920162 -23.557459 24.5
v 32.920162 -23.557459 -24.5
v 33.157806 -23.371277 24.5
v 33.157806 -23.371277 -24.5
v 33.371277 -23.157806 -24.5
v 33.371277 -23.157806 24.5
v 33.557461 -22.920162 -24.5
v 33.557461 -22.920162 24.5
v 33.713638 -22.661808 24.5
v 33.713638 -22.661808 -24.5
v 33.83754 -22.386513 24.5
v 33.83754 -22.386513 -24.5
v 33.927353 -22.098289 24.5
v 33.927353 -22.098289 -24.5
v 33.981773 -21.801342 -24.5
v 33.981773 -21.801342 24.5
v 34.0 -21.5 -24.5
v 34.0 -21.5 24.5
v 31.5 -21.801342 -26.981771
v 31.5 -21.5 -27.0
v 31.801342 -21.5 -26.981771
v 33.981773 -21.5 -24.801342
v 31.714579 -21.93412 -26.95265
v 31.5 -22.098289 -26.927355
v 32.137218 -21.93412 -26.878128
v 32.098289 -21.5 -26.927355
v 32.386513 -21.5 -26.83754
v 32.540493 -21.93412 -26.731348
v 32.661808 -21.5 -26.71364
v 31.90794 -22.355051 -26.813541
v 31.5 -22.386513 -26.83754
v 31.5 -22.661808 -26.71364
v 32.912155 -21.93412 -26.516768
v 32.920162 -21.5 -26.557459
v 33.157806 -21.5 -26.371277
v 32.303486 -22.355051 -26.707556
v 31.688698 -22.75 -26.656824
v 31.5 -22.920162 -26.557459
v 33.24091 -21.93412 -26.240911
v 33.371277 -21.5 -26.157806
v 32.674614 -22.355051 -26.534494
v 32.06036 -22.75 -26.591291
v 33.516769 -21.93412 -25.912157
v 33.557461 -21.5 -25.920162
v 33.713638 -21.5 -25.661808
v 33.010056 -22.355051 -26.299616
v 32.414997 -22.75 -26.462214
v 31.832556 -23.10697 -26.386017
v 31.5 -23.157806 -26.371277
v 33.731346 -21.93412 -25.540495
v 33.83754 -21.5 -25.386513
v 33.299614 -22.355051 -26.010057
v 32.741829 -22.75 -26.273516
v 32.155006 -23.10697 -26.299616
v 33.878128 -21.93412 -25.137217
v 33.927353 -21.5 -25.098289
v 31.640057 -23.415112 -26.100855
v 31.5 -23.371277 -26.157806
v 31.5 -23.557459 -25.920162
v 33.534492 -22.355051 -25.674616
v 33.03093 -22.75 -26.030931
v 32.457554 -23.10697 -26.158535
v 33.952652 -21.93412 -24.714579
v 31.915915 -23.415112 -26.052214
v 33.707554 -22.355051 -25.303484
v 33.273518 -22.75 -25.741829
v 32.73101 -23.10697 -25.96706
v 32.179134 -23.415112 -25.956409
v 33.813541 -22.355051 -24.90794
v 31.71706 -23.665064 -25.73101
v 31.5 -23.71364 -25.661808
v 33.462215 -22.75 -25.414995
v 32.96706 -23.10697 -25.73101
v 32.421719 -23.415112 -25.816353
v 31.927525 -23.665064 -25.674616
v 33.59129 -22.75 -25.06036
v 31.574522 -23.849232 -25.351797
v 31.5 -23.83754 -25.386513
v 31.5 -23.927355 -25.098289
v 33.158535 -23.10697 -25.457556
v 32.636299 -23.415112 -25.636299
v 32.125 -23.665064 -25.582531
v 33.656826 -22.75 -24.688698
v 31.721304 -23.849232 -25.325914
v 33.299614 -23.10697 -25.155006
v 32.816353 -23.415112 -25.421721
v 32.303486 -23.665064 -25.457556
v 31.861361 -23.849232 -25.274939
v 33.386017 -23.10697 -24.832556
v 31.575384 -23.962019 -24.927525
v 31.5 -23.981771 -24.801342
v 32.956409 -23.415112 -25.179134
v 32.457554 -23.665064 -25.303484
v 31.990437 -23.849232 -25.200417
v 31.648478 -23.962019 -24.90794
v 33.052212 -23.415112 -24.915915
v 32.582531 -23.665064 -25.125
v 32.10461 -23.849232 -25.104612
v 31.71706 -23.962019 -24.875959
v 33.100853 -23.415112 -24.640057
v 32.674614 -23.665064 -24.927525
v 32.200417 -23.849232 -24.990437
v 31.779047 -23.962019 -24.832556
v 32.73101 -23.665064 -24.71706
v 32.27494 -23.849232 -24.861361
v 31.832556 -23.962019 -24.779047
v 32.325916 -23.849232 -24.721304
v 31.875959 -23.962019 -24.71706
v 32.351795 -23.849232 -24.574522
v 31.90794 -23.962019 -24.648478
v 31.927525 -23.962019 -24.575384
v 33.981773 -21.5 24.801342
v 31.5 -21.801342 26.981771
v 31.801342 -21.5 26.981771
v 31.5 -21.5 27.0
v 33.952652 -21.93412 24.714579
v 33.878128 -21.93412 25.137217
v 33.927353 -21.5 25.098289
v 33.83754 -21.5 25.386513
v 33.731346 -21.93412 25.540495
v 33.713638 -21.5 25.661808
v 33.813541 -22.355051 24.90794
v 33.516769 -21.93412 25.912157
v 33.557461 -21.5 25.920162
v 33.371277 -21.5 26.157806
v 33.707554 -22.355051 25.303484
v 33.656826 -22.75 24.688698
v 33.24091 -21.93412 26.240911
v 33.157806 -21.5 26.371277
v 33.534492 -22.355051 25.674616
v 33.59129 -22.75 25.06036
v 32.912155 -21.93412 26.516768
v 32.920162 -21.5 26.557459
v 32.661808 -21.5 26.71364
v 33.299614 -22.355051 26.010057
v 33.462215 -22.75 25.414995
v 33.386017 -23.10697 24.832556
v 32.540493 -21.93412 26.731348
v 32.386513 -21.5 26.83754
v 33.010056 -22.355051 26.299616
v 33.273518 -22.75 25.741829
v 33.299614 -23.10697 25.155006
v 32.137218 -21.93412 26.878128
v 32.098289 -21.5 26.927355
v 33.100853 -23.415112 24.640057
v 32.674614 -22.355051 26.534494
v 33.03093 -22.75 26.030931
v 33.158535 -23.10697 25.457556
v 31.714579 -21.93412 26.95265
v 31.5 -22.098289 26.927355
v 33.052212 -23.415112 24.915915
v 32.303486 -22.355051 26.707556
v 32.741829 -22.75 26.273516
v 32.96706 -23.10697 25.73101
v 32.956409 -23.415112 25.179134
v 31.90794 -22.355051 26.813541
v 31.5 -22.386513 26.83754
v 31.5 -22.661808 26.71364
v 32.73101 -23.665064 24.71706
v 32.414997 -22.75 26.462214
v 32.73101 -23.10697 25.96706
v 32.816353 -23.415112 25.421721
v 32.674614 -23.665064 24.927525
v 32.06036 -22.75 26.591291
v 32.351795 -23.849232 24.574522
v 32.457554 -23.10697 26.158535
v 32.636299 -23.415112 25.636299
v 32.582531 -23.665064 25.125
v 31.688698 -22.75 26.656824
v 31.5 -22.920162 26.557459
v 32.325916 -23.849232 24.721304
v 32.155006 -23.10697 26.299616
v 32.421719 -23.415112 25.816353
v 32.457554 -23.665064 25.303484
v 32.27494 -23.849232 24.861361
v 31.832556 -23.10697 26.386017
v 31.5 -23.157806 26.371277
v 31.927525 -23.962019 24.575384
v 32.179134 -23.415112 25.956409
v 32.303486 -23.665064 25.457556
v 32.200417 -23.849232 24.990437
v 31.90794 -23.962019 24.648478
v 31.915915 -23.415112 26.052214
v 32.125 -23.665064 25.582531
v 32.10461 -23.849232 25.104612
v 31.875959 -23.962019 24.71706
v 31.640057 -23.415112 26.100855
v 31.5 -23.371277 26.157806
v 31.5 -23.557459 25.920162
v 31.927525 -23.665064 25.674616
v 31.990437 -23.849232 25.200417
v 31.832556 -23.962019 24.779047
v 31.71706 -23.665064 25.73101
v 31.5 -23.71364 25.661808
v 31.861361 -23.849232 25.274939
v 31.779047 -23.962019 24.832556
v 31.721304 -23.849232 25.325914
v 31.71706 -23.962019 24.875959
v 31.574522 -23.849232 25.351797
v 31.5 -23.83754 25.386513
v 31.5 -23.927355 25.098289
v 31.648478 -23.962019 24.90794
v 31.575384 -23.962019 24.927525
v 31.5 -23.981771 24.801342
v -19.981771 -21.801342 24.5
v -20.0 -21.5 -24.5
v -19.981771 -21.801342 -24.5
v -19.927355 -22.098289 -24.5
v -20.0 -21.5 24.5
v -19.927355 -22.098289 24.5
v -19.83754 -22.386513 24.5
v -19.83754 -22.386513 -24.5
v -19.71364 -22.661808 24.5
v -19.71364 -22.661808 -24.5
v -19.557459 -22.920162 24.5
v -19.557459 -22.920162 -24.5
v -19.371277 -23.157806 -24.5
v -19.371277 -23.157806 24.5
v -19.157806 -23.371277 24.5
v -19.157806 -23.371277 -24.5
v -18.920162 -23.557459 24.5
v -18.920162 -23.557459 -24.5
v -18.661808 -23.71364 24.5
v -18.661808 -23.71364 -24.5
v -18.386513 -23.83754 24.5
v -18.386513 -23.83754 -24.5
v -18.098289 -23.927355 24.5
v -18.098289 -23.927355 -24.5
v -17.801342 -23.981771 -24.5
v -17.801342 -23.981771 24.5
v -19.981771 -21.5 -24.801342
v -17.5 -21.801342 -26.981771
v -17.801342 -21.5 -26.981771
v -17.5 -21.5 -27.0
v -19.95265 -21.93412 -24.714579
v -19.878128 -21.93412 -25.137217
v -19.927355 -21.5 -25.098289
v -19.83754 -21.5 -25.386513
v -19.731348 -21.93412 -25.540495
v -19.71364 -21.5 -25.661808
v -19.813541 -22.355051 -24.90794
v -19.516768 -21.93412 -25.912157
v -19.557459 -21.5 -25.920162
v -19.371277 -21.5 -26.157806
v -19.707556 -22.355051 -25.303484
v -19.656824 -22.75 -24.688698
v -19.240911 -21.93412 -26.240911
v -19.157806 -21.5 -26.371277
v -19.534494 -22.355051 -25.674616
v -19.591291 -22.75 -25.06036
v -18.912157 -21.93412 -26.516768
v -18.920162 -21.5 -26.557459
v -18.661808 -21.5 -26.71364
v -19.299616 -22.355051 -26.010057
v -19.462214 -22.75 -25.414995
v -19.386017 -23.10697 -24.832556
v -18.540495 -21.93412 -26.731348
v -18.386513 -21.5 -26.83754
v -19.010057 -22.355051 -26.299616
v -19.273516 -22.75 -25.741829
v -19.299616 -23.10697 -25.155006
v -18.137217 -21.93412 -26.878128
v -18.098289 -21.5 -26.927355
v -19.100855 -23.415112 -24.640057
v -18.674616 -22.355051 -26.534494
v -19.030931 -22.75 -26.030931
v -19.158535 -23.10697 -25.457556
v -17.714579 -21.93412 -26.95265
v -17.5 -22.098289 -26.927355
v -19.052214 -23.415112 -24.915915
v -18.303484 -22.355051 -26.707556
v -18.741829 -22.75 -26.273516
v -18.96706 -23.10697 -25.73101
v -18.956409 -23.415112 -25.179134
v -17.90794 -22.355051 -26.813541
v -17.5 -22.386513 -26.83754
v -17.5 -22.661808 -26.71364
v -18.73101 -23.665064 -24.71706
v -18.414995 -22.75 -26.462214
v -18.73101 -23.10697 -25.96706
v -18.816353 -23.415112 -25.421721
v -18.674616 -23.665064 -24.927525
v -18.06036 -22.75 -26.591291
v -18.351797 -23.849232 -24.574522
v -18.457556 -23.10697 -26.158535
v -18.636299 -23.415112 -25.636299
v -18.582531 -23.665064 -25.125
v -17.688698 -22.75 -26.656824
v -17.5 -22.920162 -26.557459
v -18.325914 -23.849232 -24.721304
v -18.155006 -23.10697 -26.299616
v -18.421721 -23.415112 -25.816353
v -18.457556 -23.665064 -25.303484
v -18.274939 -23.849232 -24.861361
v -17.832556 -23.10697 -26.386017
v -17.5 -23.157806 -26.371277
v -17.927525 -23.962019 -24.575384
v -18.179134 -23.415112 -25.956409
v -18.303484 -23.665064 -25.457556
v -18.200417 -23.849232 -24.990437
v -17.90794 -23.962019 -24.648478
v -17.915915 -23.415112 -26.052214
v -18.125 -23.665064 -25.582531
v -18.104612 -23.849232 -25.104612
v -17.875959 -23.962019 -24.71706
v -17.640057 -23.415112 -26.100855
v -17.5 -23.371277 -26.157806
v -17.5 -23.557459 -25.920162
v -17.927525 -23.665064 -25.674616
v -17.990437 -23.849232 -25.200417
v -17.832556 -23.962019 -24.779047
v -17.71706 -23.665064 -25.73101
v -17.5 -23.71364 -25.661808
v -17.861361 -23.849232 -25.274939
v -17.779047 -23.962019 -24.832556
v -17.721304 -23.849232 -25.325914
v -17.71706 -23.962019 -24.875959
v -17.574522 -23.849232 -25.351797
v -17.5 -23.83754 -25.386513
v -17.5 -23.927355 -25.098289
v -17.648478 -23.962019 -24.90794
v -17.575384 -23.962019 -24.927525
v -17.5 -23.981771 -24.801342
v -17.5 -21.801342 26.981771
v -17.5 -21.5 27.0
v -17.801342 -21.5 26.981771
v -19.981771 -21.5 24.801342
v -17.714579 -21.93412 26.95265
v -17.5 -22.098289 26.927355
v -18.137217 -21.93412 26.878128
v -18.098289 -21.5 26.927355
v -18.386513 -21.5 26.83754
v -18.540495 -21.93412 26.731348
v -18.661808 -21.5 26.71364
v -17.90794 -22.355051 26.813541
v -17.5 -22.386513 26.83754
v -17.5 -22.661808 26.71364
v -18.912157 -21.93412 26.516768
v -18.920162 -21.5 26.557459
v -19.157806 -21.5 26.371277
v -18.303484 -22.355051 26.707556
v -17.688698 -22.75 26.656824
v -17.5 -22.920162 26.557459
v -19.240911 -21.93412 26.240911
v -19.371277 -21.5 26.157806
v -18.674616 -22.355051 26.534494
v -18.06036 -22.75 26.591291
v -19.516768 -21.93412 25.912157
v -19.557459 -21.5 25.920162
v -19.71364 -21.5 25.661808
v -19.010057 -22.355051 26.299616
v -18.414995 -22.75 26.462214
v -17.832556 -23.10697 26.386017
v -17.5 -23.157806 26.371277
v -19.731348 -21.93412 25.540495
v -19.83754 -21.5 25.386513
v -19.299616 -22.355051 26.010057
v -18.741829 -22.75 26.273516
v -18.155006 -23.10697 26.299616
v -19.878128 -21.93412 25.137217
v -19.927355 -21.5 25.098289
v -17.640057 -23.415112 26.100855
v -17.5 -23.371277 26.157806
v -17.5 -23.557459 25.920162
v -19.534494 -22.355051 25.674616
v -19.030931 -22.75 26.030931
v -18.457556 -23.10697 26.158535
v -19.95265 -21.93412 24.714579
v -17.915915 -23.415112 26.052214
v -19.707556 -22.355051 25.303484
v -19.273516 -22.75 25.741829
v -18.73101 -23.10697 25.96706
v -18.179134 -23.415112 25.956409
v -19.813541 -22.355051 24.90794
v -17.71706 -23.665064 25.73101
v -17.5 -23.71364 25.661808
v -19.462214 -22.75 25.414995
v -18.96706 -23.10697 25.73101
v -18.421721 -23.415112 25.816353
v -17.927525 -23.665064 25.674616
v -19.591291 -22.75 25.06036
v -17.574522 -23.849232 25.351797
v -17.5 -23.83754 25.386513
v -17.5 -23.927355 25.098289
v -19.158535 -23.10697 25.457556
v -18.636299 -23.415112 25.636299
v -18.125 -23.665064 25.582531
v -19.656824 -22.75 24.688698
v -17.721304 -23.849232 25.325914
v -19.299616 -23.10697 25.155006
v -18.816353 -23.415112 25.421721
v -18.303484 -23.665064 25.457556
v -17.861361 -23.849232 25.274939
v -19.386017 -23.10697 24.832556
v -17.575384 -23.962019 24.927525
v -17.5 -23.981771 24.801342
v -18.956409 -23.415112 25.179134
v -18.457556 -23.665064 25.303484
v -17.990437 -23.849232 25.200417
v -17.648478 -23.962019 24.90794
v -19.052214 -23.415112 24.915915
v -18.582531 -23.665064 25.125
v -18.104612 -23.849232 25.104612
v -17.71706 -23.962019 24.875959
v -19.100855 -23.415112 24.640057
v -18.674616 -23.665064 24.927525
v -18.200417 -23.849232 24.990437
v -17.779047 -23.962019 24.832556
v -18.73101 -23.665064 24.71706
v -18.274939 -23.849232 24.861361
v -17.832556 -23.962019 24.779047
v -18.325914 -23.849232 24.721304
v -17.875959 -23.962019 24.71706
v -18.351797 -23.849232 24.574522
v -17.90794 -23.962019 24.648478
v -17.927525 -23.962019 24.575384
v 34.0 27.5 -24.5
v 34.0 27.5 24.5
v 33.981773 27.801342 24.5
v 33.981773 27.801342 -24.5
v 33.927353 28.098289 24.5
v 33.927353 28.098289 -24.5
v 33.83754 28.386513 24.5
v 33.83754 28.386513 -24.5
v 33.713638 28.661808 -24.5
v 33.713638 28.661808 24.5
v 33.557461 28.920162 24.5
v 33.557461 28.920162 -24.5
v 33.371277 29.157806 -24.5
v 33.371277 29.157806 24.5
v 33.157806 29.371277 24.5
v 33.157806 29.371277 -24.5
v 32.920162 29.557459 -24.5
v 32.920162 29.557459 24.5
v 32.661808 29.71364 24.5
v 32.661808 29.71364 -24.5
v 32.386513 29.83754 -24.5
v 32.386513 29.83754 24.5
v 32.098289 29.927355 -24.5
v 32.098289 29.927355 24.5
v 31.801342 29.981771 24.5
v 31.801342 29.981771 -24.5
v 31.5 30.0 24.5
v 31.5 30.0 -24.5
v 33.981773 27.5 -24.801342
v 31.5 27.801342 -26.981771
v 31.801342 27.5 -26.981771
v 31.5 27.5 -27.0
v 33.952652 27.93412 -24.714579
v 33.878128 27.93412 -25.137217
v 33.927353 27.5 -25.098289
v 33.83754 27.5 -25.386513
v 33.731346 27.93412 -25.540495
v 33.713638 27.5 -25.661808
v 33.813541 28.355051 -24.90794
v 33.516769 27.93412 -25.912157
v 33.557461 27.5 -25.920162
v 33.371277 27.5 -26.157806
v 33.707554 28.355051 -25.303484
v 33.656826 28.75 -24.688698
v 33.24091 27.93412 -26.240911
v 33.157806 27.5 -26.371277
v 33.534492 28.355051 -25.674616
v 33.59129 28.75 -25.06036
v 32.912155 27.93412 -26.516768
v 32.920162 27.5 -26.557459
v 32.661808 27.5 -26.71364
v 33.299614 28.355051 -26.010057
v 33.462215 28.75 -25.414995
v 33.386017 29.10697 -24.832556
v 32.540493 27.93412 -26.731348
v 32.386513 27.5 -26.83754
v 33.010056 28.355051 -26.299616
v 33.273518 28.75 -25.741829
v 33.299614 29.10697 -25.155006
v 32.137218 27.93412 -26.878128
v 32.098289 27.5 -26.927355
v 33.100853 29.415112 -24.640057
v 32.674614 28.355051 -26.534494
v 33.03093 28.75 -26.030931
v 33.158535 29.10697 -25.457556
v 31.714579 27.93412 -26.95265
v 31.5 28.098289 -26.927355
v 33.052212 29.415112 -24.915915
v 32.303486 28.355051 -26.707556
v 32.741829 28.75 -26.273516
v 32.96706 29.10697 -25.73101
v 32.956409 29.415112 -25.179134
v 31.90794 28.355051 -26.813541
v 31.5 28.386513 -26.83754
v 31.5 28.661808 -26.71364
v 32.73101 29.665064 -24.71706
v 32.414997 28.75 -26.462214
v 32.73101 29.10697 -25.96706
v 32.816353 29.415112 -25.421721
v 32.674614 29.665064 -24.927525
v 32.06036 28.75 -26.591291
v 32.351795 29.849232 -24.574522
v 32.457554 29.10697 -26.158535
v 32.636299 29.415112 -25.636299
v 32.582531 29.665064 -25.125
v 31.688698 28.75 -26.656824
v 31.5 28.920162 -26.557459
v 32.325916 29.849232 -24.721304
v 32.155006 29.10697 -26.299616
v 32.421719 29.415112 -25.816353
v 32.457554 29.665064 -25.303484
v 32.27494 29.849232 -24.861361
v 31.832556 29.10697 -26.386017
v 31.5 29.157806 -26.371277
v 31.927525 29.962019 -24.575384
v 32.179134 29.415112 -25.956409
v 32.303486 29.665064 -25.457556
v 32.200417 29.849232 -24.990437
v 31.90794 29.962019 -24.648478
v 31.915915 29.415112 -26.052214
v 32.125 29.665064 -25.582531
v 32.10461 29.849232 -25.104612
v 31.875959 29.962019 -24.71706
v 31.640057 29.415112 -26.100855
v 31.5 29.371277 -26.157806
v 31.5 29.557459 -25.920162
v 31.927525 29.665064 -25.674616
v 31.990437 29.849232 -25.200417
v 31.832556 29.962019 -24.779047
v 31.71706 29.665064 -25.73101
v 31.5 29.71364 -25.661808
v 31.861361 29.849232 -25.274939
v 31.779047 29.962019 -24.832556
v 31.721304 29.849232 -25.325914
v 31.71706 29.962019 -24.875959
v 31.574522 29.849232 -25.351797
v 31.5 29.83754 -25.386513
v 31.5 29.927355 -25.098289
v 31.648478 29.962019 -24.90794
v 31.575384 29.962019 -24.927525
v 31.5 29.981771 -24.801342
v 31.5 27.801342 26.981771
v 31.5 27.5 27.0
v 31.801342 27.5 26.981771
v 33.981773 27.5 24.801342
v 31.714579 27.93412 26.95265
v 31.5 28.098289 26.927355
v 32.137218 27.93412 26.878128
v 32.098289 27.5 26.927355
v 32.386513 27.5 26.83754
v 32.540493 27.93412 26.731348
v 32.661808 27.5 26.71364
v 31.90794 28.355051 26.813541
v 31.5 28.386513 26.83754
v 31.5 28.661808 26.71364
v 32.912155 27.93412 26.516768
v 32.920162 27.5 26.557459
v 33.157806 27.5 26.371277
v 32.303486 28.355051 26.707556
v 31.688698 28.75 26.656824
v 31.5 28.920162 26.557459
v 33.24091 27.93412 26.240911
v 33.371277 27.5 26.157806
v 32.674614 28.355051 26.534494
v 32.06036 28.75 26.591291
v 33.516769 27.93412 25.912157
v 33.557461 27.5 25.920162
v 33.713638 27.5 25.661808
v 33.010056 28.355051 26.299616
v 32.414997 28.75 26.462214
v 31.832556 29.10697 26.386017
v 31.5 29.157806 26.371277
v 33.731346 27.93412 25.540495
v 33.83754 27.5 25.386513
v 33.299614 28.355051 26.010057
v 32.741829 28.75 26.273516
v 32.155006 29.10697 26.299616
v 33.878128 27.93412 25.137217
v 33.927353 27.5 25.098289
v 31.640057 29.415112 26.100855
v 31.5 29.371277 26.157806
v 31.5 29.557459 25.920162
v 33.534492 28.355051 25.674616
v 33.03093 28.75 26.030931
v 32.457554 29.10697 26.158535
v 33.952652 27.93412 24.714579
v 31.915915 29.415112 26.052214
v 33.707554 28.355051 25.303484
v 33.273518 28.75 25.741829
v 32.73101 29.10697 25.96706
v 32.179134 29.415112 25.956409
v 33.813541 28.355051 24.90794
v 31.71706 29.665064 25.73101
v 31.5 29.71364 25.661808
v 33.462215 28.75 25.414995
v 32.96706 29.10697 25.73101
v 32.421719 29.415112 25.816353
v 31.927525 29.665064 25.674616
v 33.59129 28.75 25.06036
v 31.574522 29.849232 25.351797
v 31.5 29.83754 25.386513
v 31.5 29.927355 25.098289
v 33.158535 29.10697 25.457556
v 32.636299 29.415112 25.636299
v 32.125 29.665064 25.582531
v 33.656826 28.75 24.688698
v 31.721304 29.849232 25.325914
v 33.299614 29.10697 25.155006
v 32.816353 29.415112 25.421721
v 32.303486 29.665064 25.457556
v 31.861361 29.849232 25.274939
v 33.386017 29.10697 24.832556
v 31.575384 29.962019 24.927525
v 31.5 29.981771 24.801342
v 32.956409 29.415112 25.179134
v 32.457554 29.665064 25.303484
v 31.990437 29.849232 25.200417
v 31.648478 29.962019 24.90794
v 33.052212 29.415112 24.915915
v 32.582531 29.665064 25.125
v 32.10461 29.849232 25.104612
v 31.71706 29.962019 24.875959
v 33.100853 29.415112 24.640057
v 32.674614 29.665064 24.927525
v 32.200417 29.849232 24.990437
v 31.779047 29.962019 24.832556
v 32.73101 29.665064 24.71706
v 32.27494 29.849232 24.861361
v 31.832556 29.962019 24.779047
v 32.325916 29.849232 24.721304
v 31.875959 29.962019 24.71706
v 32.351795 29.849232 24.574522
v 31.90794 29.962019 24.648478
v 31.927525 29.962019 24.575384
v -17.5 30.0 -24.5
v -17.5 30.0 24.5
v -17.801342 29.981771 24.5
v -17.801342 29.981771 -24.5
v -18.098289 29.927355 -24.5
v -18.098289 29.927355 24.5
v -18.386513 29.83754 24.5
v -18.386513 29.83754 -24.5
v -18.661808 29.71364 24.5
v -18.661808 29.71364 -24.5
v -18.920162 29.557459 24.5
v -18.920162 29.557459 -24.5
v -19.157806 29.371277 -24.5
v -19.157806 29.371277 24.5
v -19.371277 29.157806 24.5
v -19.371277 29.157806 -24.5
v -19.557459 28.920162 24.5
v -19.557459 28.920162 -24.5
v -19.71364 28.661808 24.5
v -19.71364 28.661808 -24.5
v -19.83754 28.386513 24.5
v -19.83754 28.386513 -24.5
v -19.927355 28.098289 24.5
v -19.927355 28.098289 -24.5
v -19.981771 27.801342 24.5
v -19.981771 27.801342 -24.5
v -20.0 27.5 24.5
v -20.0 27.5 -24.5
v -17.5 27.801342 -26.981771
v -17.5 27.5 -27.0
v -17.801342 27.5 -26.981771
v -19.981771 27.5 -24.801342
v -17.714579 27.93412 -26.95265
v -17.5 28.098289 -26.927355
v -18.137217 27.93412 -26.878128
v -18.098289 27.5 -26.927355
v -18.386513 27.5 -26.83754
v -18.540495 27.93412 -26.731348
v -18.661808 27.5 -26.71364
v -17.90794 28.355051 -26.813541
v -17.5 28.386513 -26.83754
v -17.5 28.661808 -26.71364
v -18.912157 27.93412 -26.516768
v -18.920162 27.5 -26.557459
v -19.157806 27.5 -26.371277
v -18.303484 28.355051 -26.707556
v -17.688698 28.75 -26.656824
v -17.5 28.920162 -26.557459
v -19.240911 27.93412 -26.240911
v -19.371277 27.5 -26.157806
v -18.674616 28.355051 -26.534494
v -18.06036 28.75 -26.591291
v -19.516768 27.93412 -25.912157
v -19.557459 27.5 -25.920162
v -19.71364 27.5 -25.661808
v -19.010057 28.355051 -26.299616
v -18.414995 28.75 -26.462214
v -17.832556 29.10697 -26.386017
v -17.5 29.157806 -26.371277
v -19.731348 27.93412 -25.540495
v -19.83754 27.5 -25.386513
v -19.299616 28.355051 -26.010057
v -18.741829 28.75 -26.273516
v -18.155006 29.10697 -26.299616
v -19.878128 27.93412 -25.137217
v -19.927355 27.5 -25.098289
v -17.640057 29.415112 -26.100855
v -17.5 29.371277 -26.157806
v -17.5 29.557459 -25.920162
v -19.534494 28.355051 -25.674616
v -19.030931 28.75 -26.030931
v -18.457556 29.10697 -26.158535
v -19.95265 27.93412 -24.714579
v -17.915915 29.415112 -26.052214
v -19.707556 28.355051 -25.303484
v -19.273516 28.75 -25.741829
v -18.73101 29.10697 -25.96706
v -18.179134 29.415112 -25.956409
v -19.813541 28.355051 -24.90794
v -17.71706 29.665064 -25.73101
v -17.5 29.71364 -25.661808
v -19.462214 28.75 -25.414995
v -18.96706 29.10697 -25.73101
v -18.421721 29.415112 -25.816353
v -17.927525 29.665064 -25.674616
v -19.591291 28.75 -25.06036
v -17.574522 29.849232 -25.351797
v -17.5 29.83754 -25.386513
v -17.5 29.927355 -25.098289
v -19.158535 29.10697 -25.457556
v -18.636299 29.415112 -25.636299
v -18.125 29.665064 -25.582531
v -19.656824 28.75 -24.688698
v -17.721304 29.849232 -25.325914
v -19.299616 29.10697 -25.155006
v -18.816353 29.415112 -25.421721
v -18.303484 29.665064 -25.457556
v -17.861361 29.849232 -25.274939
v -19.386017 29.10697 -24.832556
v -17.575384 29.962019 -24.927525
v -17.5 29.981771 -24.801342
v -18.956409 29.415112 -25.179134
v -18.457556 29.665064 -25.303484
v -17.990437 29.849232 -25.200417
v -17.648478 29.962019 -24.90794
v -19.052214 29.415112 -24.915915
v -18.582531 29.665064 -25.125
v -18.104612 29.849232 -25.104612
v -17.71706 29.962019 -24.875959
v -19.100855 29.415112 -24.640057
v -18.674616 29.665064 -24.927525
v -18.200417 29.849232 -24.990437
v -17.779047 29.962019 -24.832556
v -18.73101 29.665064 -24.71706
v -18.274939 29.849232 -24.861361
v -17.832556 29.962019 -24.779047
v -18.325914 29.849232 -24.721304
v -17.875959 29.962019 -24.71706
v -18.351797 29.849232 -24.574522
v -17.90794 29.962019 -24.648478
v -17.927525 29.962019 -24.575384
v -19.981771 27.5 24.801342
v -17.5 27.801342 26.981771
v -17.801342 27.5 26.981771
v -17.5 27.5 27.0
v -19.95265 27.93412 24.714579
v -19.878128 27.93412 25.137217
v -19.927355 27.5 25.098289
v -19.83754 27.5 25.386513
v -19.731348 27.93412 25.540495
v -19.71364 27.5 25.661808
v -19.813541 28.355051 24.90794
v -19.516768 27.93412 25.912157
v -19.557459 27.5 25.920162
v -19.371277 27.5 26.157806
v -19.707556 28.355051 25.303484
v -19.656824 28.75 24.688698
v -19.240911 27.93412 26.240911
v -19.157806 27.5 26.371277
v -19.534494 28.355051 25.674616
v -19.591291 28.75 25.06036
v -18.912157 27.93412 26.516768
v -18.920162 27.5 26.557459
v -18.661808 27.5 26.71364
v -19.299616 28.355051 26.010057
v -19.462214 28.75 25.414995
v -19.386017 29.10697 24.832556
v -18.540495 27.93412 26.731348
v -18.386513 27.5 26.83754
v -19.010057 28.355051 26.299616
v -19.273516 28.75 25.741829
v -19.299616 29.10697 25.155006
v -18.137217 27.93412 26.878128
v -18.098289 27.5 26.927355
v -19.100855 29.415112 24.640057
v -18.674616 28.355051 26.534494
v -19.030931 28.75 26.030931
v -19.158535 29.10697 25.457556
v -17.714579 27.93412 26.95265
v -17.5 28.098289 26.927355
v -19.052214 29.415112 24.915915
v -18.303484 28.355051 26.707556
v -18.741829 28.75 26.273516
v -18.96706 29.10697 25.73101
v -18.956409 29.415112 25.179134
v -17.90794 28.355051 26.813541
v -17.5 28.386513 26.83754
v -17.5 28.661808 26.71364
v -18.73101 29.665064 24.71706
v -18.414995 28.75 26.462214
v -18.73101 29.10697 25.96706
v -18.816353 29.415112 25.421721
v -18.674616 29.665064 24.927525
v -18.06036 28.75 26.591291
v -18.351797 29.849232 24.574522
v -18.457556 29.10697 26.158535
v -18.636299 29.415112 25.636299
v -18.582531 29.665064 25.125
v -17.688698 28.75 26.656824
v -17.5 28.920162 26.557459
v -18.325914 29.849232 24.721304
v -18.155006 29.10697 26.299616
v -18.421721 29.415112 25.816353
v -18.457556 29.665064 25.303484
v -18.274939 29.849232 24.861361
v -17.832556 29.10697 26.386017
v -17.5 29.157806 26.371277
v -17.927525 29.962019 24.575384
v -18.179134 29.415112 25.956409
v -18.303484 29.665064 25.457556
v -18.200417 29.849232 24.990437
v -17.90794 29.962019 24.648478
v -17.915915 29.415112 26.052214
v -18.125 29.665064 25.582531
v -18.104612 29.849232 25.104612
v -17.875959 29.962019 24.71706
v -17.640057 29.415112 26.100855
v -17.5 29.371277 26.157806
v -17.5 29.557459 25.920162
v -17.927525 29.665064 25.674616
v -17.990437 29.849232 25.200417
v -17.832556 29.962019 24.779047
v -17.71706 29.665064 25.73101
v -17.5 29.71364 25.661808
v -17.861361 29.849232 25.274939
v -17.779047 29.962019 24.832556
v -17.721304 29.849232 25.325914
v -17.71706 29.962019 24.875959
v -17.574522 29.849232 25.351797
v -17.5 29.83754 25.386513
v -17.5 29.927355 25.098289
v -17.648478 29.962019 24.90794
v -17.575384 29.962019 24.927525
v -17.5 29.981771 24.801342
vn 0.0 -1.0 0.0
vn -0.0 -1.0 -0.0
vn 0.060381 -0.998175 0.0
vn 0.060381 -0.998175 0.0
vn 0.180252 -0.983621 0.0
vn 0.180252 -0.983621 0.0
vn 0.297506 -0.95472 0.0
vn 0.41041 -0.911901 0.0
vn 0.297506 -0.95472 0.0
vn 0.41041 -0.911901 0.0
vn 0.51734 -0.85578 0.0
vn 0.51734 -0.85578 0.0
vn 0.616718 -0.787184 0.0
vn 0.707107 -0.707107 0.0
vn 0.616718 -0.787184 0.0
vn 0.787181 -0.616722 0.0
vn 0.707107 -0.707107 0.0
vn 0.787181 -0.616722 0.0
vn 0.855786 -0.51733 0.0
vn 0.855786 -0.51733 0.0
vn 0.911899 -0.410416 0.0
vn 0.911899 -0.410416 0.0
vn 0.954722 -0.297501 0.0
vn 0.983618 -0.180264 0.0
vn 0.954722 -0.297501 0.0
vn 0.998176 -0.060375 0.0
vn 0.983618 -0.180264 0.0
vn 0.998176 -0.060375 0.0
vn 0.060271 -0.060271 -0.996361
vn 0.996361 -0.060265 -0.060265
vn 0.021949 -0.180208 -0.983384
vn 0.083254 -0.083254 -0.993045
vn 0.172771 -0.10026 -0.979846
vn 0.179438 -0.094942 -0.979177
vn 0.296521 -0.081311 -0.951558
vn 0.409184 -0.077261 -0.909175
vn 0.340023 -0.107915 -0.934205
vn 0.078863 -0.29658 -0.951746
vn 0.084989 -0.408925 -0.908602
vn 0.095608 -0.272481 -0.957399
vn 0.168631 -0.238595 -0.956366
vn 0.515268 -0.089397 -0.852354
vn 0.614494 -0.084853 -0.784345
vn 0.497299 -0.103836 -0.861343
vn 0.24863 -0.277803 -0.927905
vn 0.332143 -0.238595 -0.912553
vn 0.083509 -0.407247 -0.909492
vn 0.01588 -0.517274 -0.855672
vn 0.705021 -0.076755 -0.705021
vn 0.639137 -0.106387 -0.761699
vn 0.485562 -0.238596 -0.841012
vn 0.405986 -0.277803 -0.870632
vn 0.236578 -0.405549 -0.882927
vn 0.156105 -0.437961 -0.885337
vn 0.784342 -0.08485 -0.614498
vn 0.852359 -0.089396 -0.515259
vn 0.761695 -0.106385 -0.639143
vn 0.550999 -0.277802 -0.786909
vn 0.624221 -0.238596 -0.743922
vn 0.386307 -0.40555 -0.82843
vn 0.307475 -0.437962 -0.844777
vn 0.05928 -0.615634 -0.7858
vn 0.143783 -0.560681 -0.815453
vn 0.093701 -0.577489 -0.811004
vn 0.909173 -0.077261 -0.409189
vn 0.861347 -0.103832 -0.497293
vn 0.743917 -0.238599 -0.624225
vn 0.679273 -0.277805 -0.679273
vn 0.52429 -0.40555 -0.748765
vn 0.4495 -0.43796 -0.778551
vn 0.20998 -0.584637 -0.78365
vn 0.283204 -0.560683 -0.778094
vn 0.934204 -0.107917 -0.340024
vn 0.95156 -0.081309 -0.296516
vn 0.979175 -0.094938 -0.17945
vn 0.066079 -0.705561 -0.705561
vn 0.004406 -0.787176 -0.616712
vn 0.076007 -0.702409 -0.707704
vn 0.841015 -0.238599 -0.485555
vn 0.786907 -0.277809 -0.550998
vn 0.646347 -0.40555 -0.646347
vn 0.577862 -0.437961 -0.688669
vn 0.414018 -0.560683 -0.717094
vn 0.342869 -0.584637 -0.735282
vn 0.983382 -0.180221 -0.021941
vn 0.979845 -0.100261 -0.172776
vn 0.993045 -0.083254 -0.083254
vn 0.185191 -0.698595 -0.691136
vn 0.121576 -0.71402 -0.689489
vn 0.870634 -0.277805 -0.405982
vn 0.912552 -0.238598 -0.332143
vn 0.688667 -0.43796 -0.577866
vn 0.748766 -0.405546 -0.524291
vn 0.465338 -0.584636 -0.664576
vn 0.532249 -0.56068 -0.63431
vn 0.302392 -0.698594 -0.648479
vn 0.239457 -0.714019 -0.657903
vn 0.908599 -0.408931 -0.084989
vn 0.951748 -0.296574 -0.078862
vn 0.927904 -0.277804 -0.248635
vn 0.956365 -0.238597 -0.168636
vn 0.957398 -0.27249 -0.095597
vn 0.026571 -0.855478 -0.517157
vn 0.092891 -0.815867 -0.570729
vn 0.100755 -0.814455 -0.571412
vn 0.828434 -0.405544 -0.386304
vn 0.778553 -0.437957 -0.449498
vn 0.634307 -0.560681 -0.532251
vn 0.573673 -0.584635 -0.573673
vn 0.350064 -0.714019 -0.606327
vn 0.410402 -0.698595 -0.586119
vn 0.198449 -0.814456 -0.545234
vn 0.147136 -0.822696 -0.549111
vn 0.882925 -0.405551 -0.236583
vn 0.844781 -0.437958 -0.307469
vn 0.04806 -0.910847 -0.409936
vn -0.011197 -0.95466 -0.297488
vn 0.071097 -0.907493 -0.414007
vn 0.717095 -0.560683 -0.414016
vn 0.664574 -0.584637 -0.465339
vn 0.505947 -0.698595 -0.505947
vn 0.450031 -0.71402 -0.536328
vn 0.290114 -0.814456 -0.50249
vn 0.240252 -0.822696 -0.515218
vn 0.855678 -0.517265 -0.015869
vn 0.909498 -0.407238 -0.083496
vn 0.885335 -0.437962 -0.156114
vn 0.110474 -0.90433 -0.412291
vn 0.072896 -0.907628 -0.413397
vn 0.735283 -0.58464 -0.342863
vn 0.778095 -0.560685 -0.283198
vn 0.586118 -0.698594 -0.410404
vn 0.536327 -0.714019 -0.450034
vn 0.372962 -0.814454 -0.444481
vn 0.326065 -0.822696 -0.465676
vn 0.14357 -0.907628 -0.39446
vn 0.18039 -0.904329 -0.386845
vn 0.785797 -0.615638 -0.059281
vn 0.78365 -0.584636 -0.209985
vn 0.811002 -0.577491 -0.093704
vn 0.815451 -0.560681 -0.143791
vn 0.045271 -0.965421 -0.256736
vn -0.043941 -0.98267 -0.180078
vn 0.15845 -0.985565 -0.059618
vn 0.136903 -0.957266 -0.254755
vn 0.648482 -0.698594 -0.302387
vn 0.606328 -0.714019 -0.350062
vn 0.444476 -0.814457 -0.372962
vn 0.401982 -0.822696 -0.401972
vn 0.24482 -0.904329 -0.349645
vn 0.209888 -0.907628 -0.363537
vn 0.089163 -0.96542 -0.244976
vn 0.06674 -0.966179 -0.249087
vn 0.022643 -0.996166 -0.084506
vn 0.691134 -0.698596 -0.185194
vn 0.657906 -0.714018 -0.239453
vn 0.46567 -0.822697 -0.326069
vn 0.50249 -0.814456 -0.290112
vn 0.301822 -0.904329 -0.301814
vn 0.269827 -0.907629 -0.321564
vn 0.108982 -0.966179 -0.233713
vn 0.130349 -0.96542 -0.225771
vn 0.036974 -0.996166 -0.07929
vn 0.616712 -0.787176 -0.004414
vn 0.705561 -0.705561 -0.066088
vn 0.689487 -0.714022 -0.121575
vn 0.707701 -0.702411 -0.076007
vn 0.545234 -0.814456 -0.198445
vn 0.515219 -0.822697 -0.240247
vn 0.349643 -0.904329 -0.244825
vn 0.321566 -0.907628 -0.269829
vn 0.05018 -0.996166 -0.071665
vn 0.167574 -0.96542 -0.199705
vn 0.14791 -0.966179 -0.211238
vn 0.517157 -0.855478 -0.026571
vn 0.54911 -0.822695 -0.147141
vn 0.571414 -0.814454 -0.100756
vn 0.570731 -0.815866 -0.092894
vn 0.386848 -0.904328 -0.180388
vn 0.363535 -0.907627 -0.209892
vn 0.061863 -0.996166 -0.061863
vn 0.199705 -0.965421 -0.167575
vn 0.182344 -0.966179 -0.182344
vn 0.412292 -0.904328 -0.110479
vn 0.394463 -0.907627 -0.143571
vn 0.071665 -0.996166 -0.05018
vn 0.225769 -0.965421 -0.130351
vn 0.211238 -0.966179 -0.14791
vn 0.297488 -0.95466 0.01119
vn 0.409936 -0.910847 -0.048071
vn 0.413398 -0.907628 -0.072886
vn 0.414005 -0.907494 -0.071098
vn 0.07929 -0.996166 -0.036974
vn 0.244975 -0.965421 -0.089162
vn 0.233712 -0.966179 -0.108981
vn 0.059618 -0.985565 -0.15845
vn 0.180078 -0.98267 0.043941
vn 0.254756 -0.957265 -0.136906
vn 0.084506 -0.996166 -0.022643
vn 0.256737 -0.965421 -0.045265
vn 0.249086 -0.966179 -0.06674
vn 0.996361 -0.060265 0.060265
vn 0.060271 -0.060271 0.996361
vn 0.983382 -0.180221 0.021941
vn 0.993045 -0.083254 0.083254
vn 0.979175 -0.094938 0.17945
vn 0.95156 -0.081309 0.296516
vn 0.979845 -0.100261 0.172776
vn 0.909173 -0.077261 0.409189
vn 0.934204 -0.107917 0.340024
vn 0.908599 -0.408931 0.084989
vn 0.951748 -0.296574 0.078862
vn 0.956365 -0.238597 0.168636
vn 0.957398 -0.27249 0.095597
vn 0.852359 -0.089396 0.515259
vn 0.784342 -0.08485 0.614498
vn 0.861347 -0.103832 0.497293
vn 0.927904 -0.277804 0.248635
vn 0.912552 -0.238598 0.332143
vn 0.909498 -0.407238 0.083496
vn 0.855678 -0.517265 0.015869
vn 0.705021 -0.076755 0.705021
vn 0.761695 -0.106385 0.639143
vn 0.841015 -0.238599 0.485555
vn 0.870634 -0.277805 0.405982
vn 0.885335 -0.437962 0.156114
vn 0.882925 -0.405551 0.236583
vn 0.639137 -0.106387 0.761699
vn 0.614494 -0.084853 0.784345
vn 0.515268 -0.089397 0.852354
vn 0.743917 -0.238599 0.624225
vn 0.786907 -0.277809 0.550998
vn 0.828434 -0.405544 0.386304
vn 0.844781 -0.437958 0.307469
vn 0.811002 -0.577491 0.093704
vn 0.785797 -0.615638 0.059281
vn 0.815451 -0.560681 0.143791
vn 0.409184 -0.077261 0.909175
vn 0.497299 -0.103836 0.861343
vn 0.679273 -0.277805 0.679273
vn 0.624221 -0.238596 0.743922
vn 0.748766 -0.405546 0.524291
vn 0.778553 -0.437957 0.449498
vn 0.778095 -0.560685 0.283198
vn 0.78365 -0.584636 0.209985
vn 0.296521 -0.081311 0.951558
vn 0.179438 -0.094942 0.979177
vn 0.340023 -0.107915 0.934205
vn 0.616712 -0.787176 0.004414
vn 0.705561 -0.705561 0.066088
vn 0.707701 -0.702411 0.076007
vn 0.550999 -0.277802 0.786909
vn 0.485562 -0.238596 0.841012
vn 0.688667 -0.43796 0.577866
vn 0.646347 -0.40555 0.646347
vn 0.717095 -0.560683 0.414016
vn 0.735283 -0.58464 0.342863
vn 0.021949 -0.180208 0.983384
vn 0.172771 -0.10026 0.979846
vn 0.083254 -0.083254 0.993045
vn 0.689487 -0.714022 0.121575
vn 0.691134 -0.698596 0.185194
vn 0.332143 -0.238595 0.912553
vn 0.405986 -0.277803 0.870632
vn 0.577862 -0.437961 0.688669
vn 0.52429 -0.40555 0.748765
vn 0.664574 -0.584637 0.465339
vn 0.634307 -0.560681 0.532251
vn 0.648482 -0.698594 0.302387
vn 0.657906 -0.714018 0.239453
vn 0.078863 -0.29658 0.951746
vn 0.084989 -0.408925 0.908602
vn 0.095608 -0.272481 0.957399
vn 0.168631 -0.238595 0.956366
vn 0.24863 -0.277803 0.927905
vn 0.570731 -0.815866 0.092894
vn 0.517157 -0.855478 0.026571
vn 0.571414 -0.814454 0.100756
vn 0.386307 -0.40555 0.82843
vn 0.4495 -0.43796 0.778551
vn 0.532249 -0.56068 0.63431
vn 0.573673 -0.584635 0.573673
vn 0.586118 -0.698594 0.410404
vn 0.606328 -0.714019 0.350062
vn 0.54911 -0.822695 0.147141
vn 0.545234 -0.814456 0.198445
vn 0.236578 -0.405549 0.882927
vn 0.307475 -0.437962 0.844777
vn 0.297488 -0.95466 -0.01119
vn 0.409936 -0.910847 0.048071
vn 0.414005 -0.907494 0.071098
vn 0.465338 -0.584636 0.664576
vn 0.414018 -0.560683 0.717094
vn 0.505947 -0.698595 0.505947
vn 0.536327 -0.714019 0.450034
vn 0.50249 -0.814456 0.290112
vn 0.515219 -0.822697 0.240247
vn 0.01588 -0.517274 0.855672
vn 0.083509 -0.407247 0.909492
vn 0.156105 -0.437961 0.885337
vn 0.413398 -0.907628 0.072886
vn 0.412292 -0.904328 0.110479
vn 0.283204 -0.560683 0.778094
vn 0.342869 -0.584637 0.735282
vn 0.410402 -0.698595 0.586119
vn 0.450031 -0.71402 0.536328
vn 0.46567 -0.822697 0.326069
vn 0.444476 -0.814457 0.372962
vn 0.394463 -0.907627 0.143571
vn 0.386848 -0.904328 0.180388
vn 0.05928 -0.615634 0.7858
vn 0.20998 -0.584637 0.78365
vn 0.093701 -0.577489 0.811004
vn 0.143783 -0.560681 0.815453
vn 0.059618 -0.985565 0.15845
vn 0.180078 -0.98267 -0.043941
vn 0.254756 -0.957265 0.136906
vn 0.256737 -0.965421 0.045265
vn 0.302392 -0.698594 0.648479
vn 0.350064 -0.714019 0.606327
vn 0.401982 -0.822696 0.401972
vn 0.372962 -0.814454 0.444481
vn 0.349643 -0.904329 0.244825
vn 0.363535 -0.907627 0.209892
vn 0.244975 -0.965421 0.089162
vn 0.084506 -0.996166 0.022643
vn 0.249086 -0.966179 0.06674
vn 0.185191 -0.698595 0.691136
vn 0.239457 -0.714019 0.657903
vn 0.326065 -0.822696 0.465676
vn 0.290114 -0.814456 0.50249
vn 0.301822 -0.904329 0.301814
vn 0.321566 -0.907628 0.269829
vn 0.225769 -0.965421 0.130351
vn 0.07929 -0.996166 0.036974
vn 0.233712 -0.966179 0.108981
vn 0.066079 -0.705561 0.705561
vn 0.004406 -0.787176 0.616712
vn 0.121576 -0.71402 0.689489
vn 0.076007 -0.702409 0.707704
vn 0.198449 -0.814456 0.545234
vn 0.240252 -0.822696 0.515218
vn 0.269827 -0.907629 0.321564
vn 0.24482 -0.904329 0.349645
vn 0.071665 -0.996166 0.05018
vn 0.199705 -0.965421 0.167575
vn 0.211238 -0.966179 0.14791
vn 0.026571 -0.855478 0.517157
vn 0.092891 -0.815867 0.570729
vn 0.100755 -0.814455 0.571412
vn 0.147136 -0.822696 0.549111
vn 0.18039 -0.904329 0.386845
vn 0.209888 -0.907628 0.363537
vn 0.167574 -0.96542 0.199705
vn 0.061863 -0.996166 0.061863
vn 0.182344 -0.966179 0.182344
vn 0.110474 -0.90433 0.412291
vn 0.14357 -0.907628 0.39446
vn 0.05018 -0.996166 0.071665
vn 0.130349 -0.96542 0.225771
vn 0.14791 -0.966179 0.211238
vn 0.04806 -0.910847 0.409936
vn -0.011197 -0.95466 0.297488
vn 0.071097 -0.907493 0.414007
vn 0.072896 -0.907628 0.413397
vn 0.036974 -0.996166 0.07929
vn 0.089163 -0.96542 0.244976
vn 0.108982 -0.966179 0.233713
vn -0.043941 -0.98267 0.180078
vn 0.15845 -0.985565 0.059618
vn 0.022643 -0.996166 0.084506
vn 0.136903 -0.957266 0.254755
vn 0.045271 -0.965421 0.256736
vn 0.06674 -0.966179 0.249087
vn -0.998175 -0.060381 -0.0
vn -0.983621 -0.180252 -0.0
vn -0.998175 -0.060381 0.0
vn -0.983621 -0.180252 -0.0
vn -0.95472 -0.297506 -0.0
vn -0.95472 -0.297506 0.0
vn -0.911901 -0.41041 -0.0
vn -0.911901 -0.41041 0.0
vn -0.85578 -0.51734 -0.0
vn -0.787184 -0.616718 -0.0
vn -0.85578 -0.51734 0.0
vn -0.787184 -0.616718 -0.0
vn -0.707107 -0.707107 -0.0
vn -0.707107 -0.707107 0.0
vn -0.616718 -0.787184 -0.0
vn -0.616718 -0.787184 0.0
vn -0.51734 -0.85578 -0.0
vn -0.51734 -0.85578 0.0
vn -0.41041 -0.911901 -0.0
vn -0.41041 -0.911901 0.0
vn -0.297506 -0.95472 -0.0
vn -0.180252 -0.983621 -0.0
vn -0.297506 -0.95472 0.0
vn -0.180252 -0.983621 -0.0
vn -0.060381 -0.998175 -0.0
vn -0.060381 -0.998175 0.0
vn -0.996361 -0.060271 -0.060271
vn -0.060271 -0.060271 -0.996361
vn -0.983384 -0.180208 -0.021949
vn -0.993045 -0.083254 -0.083254
vn -0.979846 -0.10026 -0.172772
vn -0.979177 -0.094943 -0.179438
vn -0.951558 -0.081313 -0.296521
vn -0.909175 -0.077259 -0.409184
vn -0.934206 -0.107914 -0.34002
vn -0.956366 -0.238595 -0.168632
vn -0.951746 -0.29658 -0.078863
vn -0.908602 -0.408925 -0.084989
vn -0.957399 -0.272481 -0.095608
vn -0.852354 -0.089395 -0.515268
vn -0.784345 -0.08485 -0.614494
vn -0.861343 -0.103834 -0.4973
vn -0.927905 -0.277802 -0.248631
vn -0.912554 -0.238596 -0.33214
vn -0.855672 -0.517274 -0.01588
vn -0.909492 -0.407247 -0.083509
vn -0.705021 -0.076752 -0.705021
vn -0.761699 -0.106384 -0.639138
vn -0.841012 -0.238596 -0.485562
vn -0.870634 -0.277805 -0.405982
vn -0.882927 -0.405549 -0.236579
vn -0.885337 -0.437961 -0.156105
vn -0.614494 -0.08485 -0.784345
vn -0.515268 -0.089395 -0.852354
vn -0.639138 -0.106384 -0.761699
vn -0.743922 -0.238596 -0.624221
vn -0.786909 -0.277802 -0.550999
vn -0.844777 -0.437961 -0.307477
vn -0.828431 -0.405551 -0.386303
vn -0.7858 -0.615634 -0.05928
vn -0.815453 -0.560681 -0.143783
vn -0.811004 -0.577489 -0.093701
vn -0.409184 -0.077259 -0.909175
vn -0.4973 -0.103834 -0.861343
vn -0.679273 -0.277805 -0.679273
vn -0.624221 -0.238596 -0.743922
vn -0.778551 -0.437963 -0.449497
vn -0.748764 -0.405552 -0.52429
vn -0.78365 -0.584637 -0.20998
vn -0.778094 -0.560682 -0.283206
vn -0.34002 -0.107914 -0.934206
vn -0.296521 -0.081313 -0.951558
vn -0.179438 -0.094943 -0.979177
vn -0.705561 -0.705561 -0.066079
vn -0.616712 -0.787176 -0.004406
vn -0.707704 -0.702409 -0.076007
vn -0.550999 -0.277802 -0.786909
vn -0.485562 -0.238596 -0.841012
vn -0.646347 -0.40555 -0.646347
vn -0.688671 -0.437962 -0.577859
vn -0.717097 -0.560681 -0.414017
vn -0.735284 -0.584636 -0.342868
vn -0.021949 -0.180208 -0.983384
vn -0.172772 -0.10026 -0.979846
vn -0.083254 -0.083254 -0.993045
vn -0.691136 -0.698595 -0.185191
vn -0.689489 -0.71402 -0.121576
vn -0.405982 -0.277805 -0.870634
vn -0.33214 -0.238596 -0.912554
vn -0.52429 -0.405552 -0.748764
vn -0.577859 -0.437962 -0.688671
vn -0.634311 -0.560681 -0.532247
vn -0.664575 -0.584635 -0.46534
vn -0.648479 -0.698595 -0.30239
vn -0.657903 -0.714019 -0.239457
vn -0.078863 -0.29658 -0.951746
vn -0.084989 -0.408925 -0.908602
vn -0.095608 -0.272481 -0.957399
vn -0.168632 -0.238595 -0.956366
vn -0.248631 -0.277802 -0.927905
vn -0.517157 -0.855478 -0.026571
vn -0.570729 -0.815867 -0.092891
vn -0.571412 -0.814455 -0.100755
vn -0.386303 -0.405551 -0.828431
vn -0.449497 -0.437963 -0.77855
vn -0.532247 -0.560681 -0.634311
vn -0.573672 -0.584637 -0.573672
vn -0.586118 -0.698594 -0.410404
vn -0.606328 -0.714019 -0.350062
vn -0.545234 -0.814456 -0.198449
vn -0.549111 -0.822696 -0.147136
vn -0.307477 -0.437961 -0.844777
vn -0.236579 -0.405549 -0.882927
vn -0.409936 -0.910847 -0.04806
vn -0.297488 -0.95466 0.011197
vn -0.414007 -0.907493 -0.071097
vn -0.414017 -0.560681 -0.717097
vn -0.46534 -0.584635 -0.664575
vn -0.505947 -0.698595 -0.505947
vn -0.536327 -0.714019 -0.450034
vn -0.50249 -0.814456 -0.290112
vn -0.515218 -0.822696 -0.240252
vn -0.01588 -0.517274 -0.855672
vn -0.156105 -0.437961 -0.885337
vn -0.083509 -0.407247 -0.909492
vn -0.412291 -0.90433 -0.110474
vn -0.413397 -0.907628 -0.072896
vn -0.283206 -0.560682 -0.778094
vn -0.342868 -0.584636 -0.735284
vn -0.410404 -0.698594 -0.586118
vn -0.450034 -0.714019 -0.536327
vn -0.444478 -0.814456 -0.372963
vn -0.465673 -0.822697 -0.326066
vn -0.386845 -0.904329 -0.18039
vn -0.39446 -0.907628 -0.14357
vn -0.05928 -0.615634 -0.7858
vn -0.20998 -0.584637 -0.78365
vn -0.093701 -0.577489 -0.811004
vn -0.143783 -0.560681 -0.815453
vn -0.256736 -0.965421 -0.045271
vn -0.180078 -0.98267 0.043941
vn -0.059618 -0.985565 -0.15845
vn -0.254755 -0.957266 -0.136903
vn -0.30239 -0.698595 -0.648479
vn -0.350062 -0.714019 -0.606328
vn -0.372963 -0.814456 -0.444478
vn -0.401977 -0.822696 -0.401977
vn -0.363537 -0.907628 -0.209888
vn -0.349644 -0.904329 -0.244822
vn -0.244976 -0.96542 -0.089163
vn -0.084506 -0.996166 -0.022643
vn -0.249087 -0.966179 -0.06674
vn -0.185191 -0.698595 -0.691136
vn -0.239457 -0.714019 -0.657903
vn -0.326066 -0.822697 -0.465673
vn -0.290112 -0.814456 -0.50249
vn -0.301819 -0.904329 -0.301819
vn -0.321568 -0.907628 -0.269826
vn -0.225771 -0.96542 -0.130349
vn -0.233713 -0.966179 -0.108982
vn -0.07929 -0.996166 -0.036974
vn -0.066079 -0.705561 -0.705561
vn -0.004406 -0.787176 -0.616712
vn -0.121576 -0.71402 -0.689489
vn -0.076007 -0.702409 -0.707704
vn -0.198449 -0.814456 -0.545234
vn -0.240252 -0.822696 -0.515218
vn -0.269826 -0.907628 -0.321568
vn -0.244822 -0.904329 -0.349644
vn -0.199706 -0.965421 -0.167572
vn -0.071665 -0.996166 -0.05018
vn -0.211238 -0.966179 -0.14791
vn -0.026571 -0.855478 -0.517157
vn -0.092891 -0.815867 -0.570729
vn -0.100755 -0.814455 -0.571412
vn -0.147136 -0.822696 -0.549111
vn -0.18039 -0.904329 -0.386845
vn -0.209888 -0.907628 -0.363537
vn -0.061863 -0.996166 -0.061863
vn -0.167572 -0.965421 -0.199706
vn -0.182344 -0.966179 -0.182344
vn -0.110474 -0.90433 -0.412291
vn -0.14357 -0.907628 -0.39446
vn -0.05018 -0.996166 -0.071665
vn -0.130349 -0.96542 -0.225771
vn -0.14791 -0.966179 -0.211238
vn -0.04806 -0.910847 -0.409936
vn 0.011197 -0.95466 -0.297488
vn -0.071097 -0.907493 -0.414007
vn -0.072896 -0.907628 -0.413397
vn -0.036974 -0.996166 -0.07929
vn -0.089163 -0.96542 -0.244976
vn -0.108982 -0.966179 -0.233713
vn 0.043941 -0.98267 -0.180078
vn -0.15845 -0.985565 -0.059618
vn -0.022643 -0.996166 -0.084506
vn -0.136903 -0.957266 -0.254755
vn -0.045271 -0.965421 -0.256736
vn -0.06674 -0.966179 -0.249087
vn -0.060271 -0.060271 0.996361
vn -0.996361 -0.060271 0.060271
vn -0.021949 -0.180208 0.983384
vn -0.083254 -0.083254 0.993045
vn -0.179438 -0.094943 0.979177
vn -0.296521 -0.081313 0.951558
vn -0.172772 -0.10026 0.979846
vn -0.409184 -0.077259 0.909175
vn -0.34002 -0.107914 0.934206
vn -0.078863 -0.29658 0.951746
vn -0.084989 -0.408925 0.908602
vn -0.095608 -0.272481 0.957399
vn -0.168632 -0.238595 0.956366
vn -0.515268 -0.089395 0.852354
vn -0.614494 -0.08485 0.784345
vn -0.4973 -0.103834 0.861343
vn -0.248631 -0.277802 0.927905
vn -0.33214 -0.238596 0.912554
vn -0.083509 -0.407247 0.909492
vn -0.01588 -0.517274 0.855672
vn -0.705021 -0.076752 0.705021
vn -0.639138 -0.106384 0.761699
vn -0.485562 -0.238596 0.841012
vn -0.405982 -0.277805 0.870634
vn -0.236579 -0.405549 0.882927
vn -0.156105 -0.437961 0.885337
vn -0.784345 -0.08485 0.614494
vn -0.852354 -0.089395 0.515268
vn -0.761699 -0.106384 0.639138
vn -0.624221 -0.238596 0.743922
vn -0.550999 -0.277802 0.786909
vn -0.386303 -0.405551 0.828431
vn -0.307477 -0.437961 0.844777
vn -0.05928 -0.615634 0.7858
vn -0.143783 -0.560681 0.815453
vn -0.093701 -0.577489 0.811004
vn -0.909175 -0.077259 0.409184
vn -0.861343 -0.103834 0.4973
vn -0.679273 -0.277805 0.679273
vn -0.743922 -0.238596 0.624221
vn -0.449497 -0.437963 0.77855
vn -0.52429 -0.405552 0.748764
vn -0.283206 -0.560682 0.778094
vn -0.20998 -0.584637 0.78365
vn -0.934206 -0.107914 0.34002
vn -0.951558 -0.081313 0.296521
vn -0.979177 -0.094943 0.179438
vn -0.066079 -0.705561 0.705561
vn -0.004406 -0.787176 0.616712
vn -0.076007 -0.702409 0.707704
vn -0.786909 -0.277802 0.550999
vn -0.841012 -0.238596 0.485562
vn -0.577859 -0.437962 0.688671
vn -0.646347 -0.40555 0.646347
vn -0.342868 -0.584636 0.735284
vn -0.414017 -0.560681 0.717097
vn -0.983384 -0.180208 0.021949
vn -0.979846 -0.10026 0.172772
vn -0.993045 -0.083254 0.083254
vn -0.185191 -0.698595 0.691136
vn -0.121576 -0.71402 0.689489
vn -0.870634 -0.277805 0.405982
vn -0.912554 -0.238596 0.33214
vn -0.688671 -0.437962 0.577859
vn -0.748764 -0.405552 0.52429
vn -0.532247 -0.560681 0.634311
vn -0.46534 -0.584635 0.664575
vn -0.30239 -0.698595 0.648479
vn -0.239457 -0.714019 0.657903
vn -0.951746 -0.29658 0.078863
vn -0.908602 -0.408925 0.084989
vn -0.957399 -0.272481 0.095608
vn -0.956366 -0.238595 0.168632
vn -0.927905 -0.277802 0.248631
vn -0.092891 -0.815867 0.570729
vn -0.026571 -0.855478 0.517157
vn -0.100755 -0.814455 0.571412
vn -0.828431 -0.405551 0.386303
vn -0.778551 -0.437963 0.449497
vn -0.634311 -0.560681 0.532247
vn -0.573672 -0.584637 0.573672
vn -0.410404 -0.698594 0.586118
vn -0.350062 -0.714019 0.606328
vn -0.198449 -0.814456 0.545234
vn -0.147136 -0.822696 0.549111
vn -0.882927 -0.405549 0.236579
vn -0.844777 -0.437961 0.307477
vn -0.04806 -0.910847 0.409936
vn 0.011197 -0.95466 0.297488
vn -0.071097 -0.907493 0.414007
vn -0.664575 -0.584635 0.46534
vn -0.717097 -0.560681 0.414017
vn -0.505947 -0.698595 0.505947
vn -0.450034 -0.714019 0.536327
vn -0.290112 -0.814456 0.50249
vn -0.240252 -0.822696 0.515218
vn -0.855672 -0.517274 0.01588
vn -0.909492 -0.407247 0.083509
vn -0.885337 -0.437961 0.156105
vn -0.110474 -0.90433 0.412291
vn -0.072896 -0.907628 0.413397
vn -0.778094 -0.560682 0.283206
vn -0.735284 -0.584636 0.342868
vn -0.586118 -0.698594 0.410404
vn -0.536327 -0.714019 0.450034
vn -0.372963 -0.814456 0.444478
vn -0.326066 -0.822697 0.465673
vn -0.14357 -0.907628 0.39446
vn -0.18039 -0.904329 0.386845
vn -0.78365 -0.584637 0.20998
vn -0.7858 -0.615634 0.05928
vn -0.811004 -0.577489 0.093701
vn -0.815453 -0.560681 0.143783
vn -0.045271 -0.965421 0.256736
vn 0.043941 -0.98267 0.180078
vn -0.15845 -0.985565 0.059618
vn -0.136903 -0.957266 0.254755
vn -0.648479 -0.698595 0.30239
vn -0.606328 -0.714019 0.350062
vn -0.444478 -0.814456 0.372963
vn -0.401977 -0.822696 0.401977
vn -0.209888 -0.907628 0.363537
vn -0.244822 -0.904329 0.349644
vn -0.089163 -0.96542 0.244976
vn -0.06674 -0.966179 0.249087
vn -0.022643 -0.996166 0.084506
vn -0.657903 -0.714019 0.239457
vn -0.691136 -0.698595 0.185191
vn -0.50249 -0.814456 0.290112
vn -0.465673 -0.822697 0.326066
vn -0.269826 -0.907628 0.321568
vn -0.301819 -0.904329 0.301819
vn -0.108982 -0.966179 0.233713
vn -0.036974 -0.996166 0.07929
vn -0.130349 -0.96542 0.225771
vn -0.705561 -0.705561 0.066079
vn -0.616712 -0.787176 0.004406
vn -0.707704 -0.702409 0.076007
vn -0.689489 -0.71402 0.121576
vn -0.515218 -0.822696 0.240252
vn -0.545234 -0.814456 0.198449
vn -0.349644 -0.904329 0.244822
vn -0.321568 -0.907628 0.269826
vn -0.167572 -0.965421 0.199706
vn -0.14791 -0.966179 0.211238
vn -0.05018 -0.996166 0.071665
vn -0.517157 -0.855478 0.026571
vn -0.570729 -0.815867 0.092891
vn -0.571412 -0.814455 0.100755
vn -0.549111 -0.822696 0.147136
vn -0.386845 -0.904329 0.18039
vn -0.363537 -0.907628 0.209888
vn -0.182344 -0.966179 0.182344
vn -0.199706 -0.965421 0.167572
vn -0.061863 -0.996166 0.061863
vn -0.412291 -0.90433 0.110474
vn -0.39446 -0.907628 0.14357
vn -0.071665 -0.996166 0.05018
vn -0.225771 -0.96542 0.130349
vn -0.211238 -0.966179 0.14791
vn -0.409936 -0.910847 0.04806
vn -0.297488 -0.95466 -0.011197
vn -0.414007 -0.907493 0.071097
vn -0.413397 -0.907628 0.072896
vn -0.07929 -0.996166 0.036974
vn -0.244976 -0.96542 0.089163
vn -0.233713 -0.966179 0.108982
vn -0.180078 -0.98267 -0.043941
vn -0.059618 -0.985565 0.15845
vn -0.084506 -0.996166 0.022643
vn -0.254755 -0.957266 0.136903
vn -0.256736 -0.965421 0.045271
vn -0.249087 -0.966179 0.06674
vn 0.0 -0.998175 -0.060381
vn -0.0 -0.998175 -0.060381
vn -0.0 -0.95472 -0.297506
vn -0.0 -0.983621 -0.180252
vn 0.0 -0.983621 -0.180252
vn -0.0 -0.95472 -0.297506
vn -0.0 -0.911901 -0.41041
vn 0.0 -0.911901 -0.41041
vn -0.0 -0.85578 -0.51734
vn 0.0 -0.85578 -0.51734
vn -0.0 -0.787184 -0.616718
vn 0.0 -0.787184 -0.616718
vn -0.0 -0.616718 -0.787184
vn -0.0 -0.707107 -0.707107
vn 0.0 -0.707107 -0.707107
vn -0.0 -0.616718 -0.787184
vn -0.0 -0.41041 -0.911901
vn -0.0 -0.51734 -0.85578
vn 0.0 -0.51734 -0.85578
vn -0.0 -0.41041 -0.911901
vn -0.0 -0.297506 -0.95472
vn 0.0 -0.297506 -0.95472
vn -0.0 -0.180252 -0.983621
vn 0.0 -0.180252 -0.983621
vn -0.0 -0.060381 -0.998175
vn 0.0 -0.060381 -0.998175
vn 0.0 -0.060381 0.998175
vn 0.0 -0.060381 0.998175
vn 0.0 -0.180252 0.983621
vn 0.0 -0.180252 0.983621
vn 0.0 -0.297506 0.95472
vn 0.0 -0.41041 0.911901
vn 0.0 -0.297506 0.95472
vn 0.0 -0.41041 0.911901
vn 0.0 -0.51734 0.85578
vn 0.0 -0.616718 0.787184
vn 0.0 -0.51734 0.85578
vn 0.0 -0.616718 0.787184
vn 0.0 -0.707107 0.707107
vn 0.0 -0.787184 0.616718
vn 0.0 -0.707107 0.707107
vn 0.0 -0.787184 0.616718
vn 0.0 -0.85578 0.51734
vn 0.0 -0.911901 0.41041
vn 0.0 -0.85578 0.51734
vn 0.0 -0.95472 0.297506
vn 0.0 -0.911901 0.41041
vn 0.0 -0.95472 0.297506
vn 0.0 -0.983621 0.180252
vn 0.0 -0.983621 0.180252
vn 0.0 -0.998175 0.060381
vn 0.0 -0.998175 0.060381
vn 1.0 0.0 0.0
vn 1.0 0.0 0.0
vn 0.998176 0.060375 0.0
vn 0.998176 0.060375 0.0
vn 0.983618 0.180264 0.0
vn 0.983618 0.180264 0.0
vn 0.954722 0.297501 0.0
vn 0.911899 0.410416 0.0
vn 0.954722 0.297501 0.0
vn 0.911899 0.410416 0.0
vn 0.855786 0.51733 0.0
vn 0.787181 0.616722 0.0
vn 0.855786 0.51733 0.0
vn 0.787181 0.616722 0.0
vn 0.707107 0.707107 0.0
vn 0.616718 0.787184 0.0
vn 0.707107 0.707107 0.0
vn 0.616718 0.787184 0.0
vn 0.51734 0.85578 0.0
vn 0.41041 0.911901 0.0
vn 0.51734 0.85578 0.0
vn 0.297506 0.95472 0.0
vn 0.41041 0.911901 0.0
vn 0.297506 0.95472 0.0
vn 0.180252 0.983621 0.0
vn 0.180252 0.983621 0.0
vn 0.060381 0.998175 0.0
vn 0.060381 0.998175 0.0
vn 0.996361 0.060265 -0.060265
vn 0.060271 0.060271 -0.996361
vn 0.983382 0.180221 -0.021941
vn 0.993045 0.083254 -0.083254
vn 0.979175 0.094938 -0.17945
vn 0.95156 0.081309 -0.296516
vn 0.979845 0.100261 -0.172776
vn 0.909173 0.077261 -0.409189
vn 0.934204 0.107917 -0.340024
vn 0.951748 0.296574 -0.078862
vn 0.908599 0.408931 -0.084989
vn 0.957398 0.27249 -0.095597
vn 0.956365 0.238597 -0.168636
vn 0.852359 0.089396 -0.515259
vn 0.784342 0.08485 -0.614498
vn 0.861347 0.103832 -0.497293
vn 0.927904 0.277804 -0.248635
vn 0.912552 0.238598 -0.332143
vn 0.909498 0.407238 -0.083496
vn 0.855678 0.517265 -0.015869
vn 0.705021 0.076755 -0.705021
vn 0.761695 0.106385 -0.639143
vn 0.841015 0.238599 -0.485555
vn 0.870634 0.277805 -0.405982
vn 0.882925 0.405551 -0.236583
vn 0.885335 0.437962 -0.156114
vn 0.614494 0.084853 -0.784345
vn 0.515268 0.089397 -0.852354
vn 0.639137 0.106387 -0.761699
vn 0.743917 0.238599 -0.624225
vn 0.786907 0.277809 -0.550998
vn 0.828434 0.405544 -0.386304
vn 0.844781 0.437958 -0.307469
vn 0.785797 0.615638 -0.059281
vn 0.815451 0.560681 -0.143791
vn 0.811002 0.577491 -0.093704
vn 0.409184 0.077261 -0.909175
vn 0.497299 0.103836 -0.861343
vn 0.679273 0.277805 -0.679273
vn 0.624221 0.238596 -0.743922
vn 0.778553 0.437957 -0.449498
vn 0.748766 0.405546 -0.524291
vn 0.778095 0.560685 -0.283198
vn 0.78365 0.584636 -0.209985
vn 0.340023 0.107915 -0.934205
vn 0.296521 0.081311 -0.951558
vn 0.179438 0.094942 -0.979177
vn 0.705561 0.705561 -0.066088
vn 0.616712 0.787176 -0.004414
vn 0.707701 0.702411 -0.076007
vn 0.550999 0.277802 -0.786909
vn 0.485562 0.238596 -0.841012
vn 0.688667 0.43796 -0.577866
vn 0.646347 0.40555 -0.646347
vn 0.735283 0.58464 -0.342863
vn 0.717095 0.560683 -0.414016
vn 0.021949 0.180208 -0.983384
vn 0.172771 0.10026 -0.979846
vn 0.083254 0.083254 -0.993045
vn 0.691134 0.698596 -0.185194
vn 0.689487 0.714022 -0.121575
vn 0.405986 0.277803 -0.870632
vn 0.332143 0.238595 -0.912553
vn 0.577862 0.437961 -0.688669
vn 0.52429 0.40555 -0.748765
vn 0.634307 0.560681 -0.532251
vn 0.664574 0.584637 -0.465339
vn 0.648482 0.698594 -0.302387
vn 0.657906 0.714018 -0.239453
vn 0.078863 0.29658 -0.951746
vn 0.084989 0.408925 -0.908602
vn 0.095608 0.272481 -0.957399
vn 0.168631 0.238595 -0.956366
vn 0.24863 0.277803 -0.927905
vn 0.570731 0.815866 -0.092894
vn 0.517157 0.855478 -0.026571
vn 0.571414 0.814454 -0.100756
vn 0.386307 0.40555 -0.82843
vn 0.4495 0.43796 -0.778551
vn 0.532249 0.56068 -0.63431
vn 0.573673 0.584635 -0.573673
vn 0.586118 0.698594 -0.410404
vn 0.606328 0.714019 -0.350062
vn 0.545234 0.814456 -0.198445
vn 0.54911 0.822695 -0.147141
vn 0.236578 0.405549 -0.882927
vn 0.307475 0.437962 -0.844777
vn 0.409936 0.910847 -0.048071
vn 0.297488 0.95466 0.01119
vn 0.414005 0.907494 -0.071098
vn 0.465338 0.584636 -0.664576
vn 0.414018 0.560683 -0.717094
vn 0.505947 0.698595 -0.505947
vn 0.536327 0.714019 -0.450034
vn 0.50249 0.814456 -0.290112
vn 0.515219 0.822697 -0.240247
vn 0.01588 0.517274 -0.855672
vn 0.083509 0.407247 -0.909492
vn 0.156105 0.437961 -0.885337
vn 0.412292 0.904328 -0.110479
vn 0.413398 0.907628 -0.072886
vn 0.283204 0.560683 -0.778094
vn 0.342869 0.584637 -0.735282
vn 0.410402 0.698595 -0.586119
vn 0.450031 0.71402 -0.536328
vn 0.444476 0.814457 -0.372962
vn 0.46567 0.822697 -0.326069
vn 0.394463 0.907627 -0.143571
vn 0.386848 0.904328 -0.180388
vn 0.20998 0.584637 -0.78365
vn 0.05928 0.615634 -0.7858
vn 0.093701 0.577489 -0.811004
vn 0.143783 0.560681 -0.815453
vn 0.256737 0.965421 -0.045265
vn 0.180078 0.98267 0.043941
vn 0.059618 0.985565 -0.15845
vn 0.254756 0.957265 -0.136906
vn 0.302392 0.698594 -0.648479
vn 0.350064 0.714019 -0.606327
vn 0.372962 0.814454 -0.444481
vn 0.401982 0.822696 -0.401972
vn 0.349643 0.904329 -0.244825
vn 0.363535 0.907627 -0.209892
vn 0.244975 0.965421 -0.089162
vn 0.249086 0.966179 -0.06674
vn 0.084506 0.996166 -0.022643
vn 0.239457 0.714019 -0.657903
vn 0.185191 0.698595 -0.691136
vn 0.290114 0.814456 -0.50249
vn 0.326065 0.822696 -0.465676
vn 0.321566 0.907628 -0.269829
vn 0.301822 0.904329 -0.301814
vn 0.233712 0.966179 -0.108981
vn 0.225769 0.965421 -0.130351
vn 0.07929 0.996166 -0.036974
vn 0.066079 0.705561 -0.705561
vn 0.004406 0.787176 -0.616712
vn 0.076007 0.702409 -0.707704
vn 0.121576 0.71402 -0.689489
vn 0.198449 0.814456 -0.545234
vn 0.240252 0.822696 -0.515218
vn 0.24482 0.904329 -0.349645
vn 0.269827 0.907629 -0.321564
vn 0.199705 0.965421 -0.167575
vn 0.211238 0.966179 -0.14791
vn 0.071665 0.996166 -0.05018
vn 0.026571 0.855478 -0.517157
vn 0.092891 0.815867 -0.570729
vn 0.100755 0.814455 -0.571412
vn 0.147136 0.822696 -0.549111
vn 0.18039 0.904329 -0.386845
vn 0.209888 0.907628 -0.363537
vn 0.167574 0.96542 -0.199705
vn 0.061863 0.996166 -0.061863
vn 0.182344 0.966179 -0.182344
vn 0.110474 0.90433 -0.412291
vn 0.14357 0.907628 -0.39446
vn 0.05018 0.996166 -0.071665
vn 0.130349 0.96542 -0.225771
vn 0.14791 0.966179 -0.211238
vn 0.04806 0.910847 -0.409936
vn -0.011197 0.95466 -0.297488
vn 0.072896 0.907628 -0.413397
vn 0.071097 0.907493 -0.414007
vn 0.089163 0.96542 -0.244976
vn 0.108982 0.966179 -0.233713
vn 0.036974 0.996166 -0.07929
vn -0.043941 0.98267 -0.180078
vn 0.15845 0.985565 -0.059618
vn 0.022643 0.996166 -0.084506
vn 0.136903 0.957266 -0.254755
vn 0.045271 0.965421 -0.256736
vn 0.06674 0.966179 -0.249087
vn 0.060271 0.060271 0.996361
vn 0.996361 0.060265 0.060265
vn 0.021949 0.180208 0.983384
vn 0.083254 0.083254 0.993045
vn 0.179438 0.094942 0.979177
vn 0.296521 0.081311 0.951558
vn 0.172771 0.10026 0.979846
vn 0.409184 0.077261 0.909175
vn 0.340023 0.107915 0.934205
vn 0.078863 0.29658 0.951746
vn 0.084989 0.408925 0.908602
vn 0.095608 0.272481 0.957399
vn 0.168631 0.238595 0.956366
vn 0.515268 0.089397 0.852354
vn 0.614494 0.084853 0.784345
vn 0.497299 0.103836 0.861343
vn 0.24863 0.277803 0.927905
vn 0.332143 0.238595 0.912553
vn 0.083509 0.407247 0.909492
vn 0.01588 0.517274 0.855672
vn 0.705021 0.076755 0.705021
vn 0.639137 0.106387 0.761699
vn 0.485562 0.238596 0.841012
vn 0.405986 0.277803 0.870632
vn 0.156105 0.437961 0.885337
vn 0.236578 0.405549 0.882927
vn 0.761695 0.106385 0.639143
vn 0.784342 0.08485 0.614498
vn 0.852359 0.089396 0.515259
vn 0.624221 0.238596 0.743922
vn 0.550999 0.277802 0.786909
vn 0.307475 0.437962 0.844777
vn 0.386307 0.40555 0.82843
vn 0.05928 0.615634 0.7858
vn 0.093701 0.577489 0.811004
vn 0.143783 0.560681 0.815453
vn 0.909173 0.077261 0.409189
vn 0.861347 0.103832 0.497293
vn 0.679273 0.277805 0.679273
vn 0.743917 0.238599 0.624225
vn 0.4495 0.43796 0.778551
vn 0.52429 0.40555 0.748765
vn 0.283204 0.560683 0.778094
vn 0.20998 0.584637 0.78365
vn 0.95156 0.081309 0.296516
vn 0.979175 0.094938 0.17945
vn 0.934204 0.107917 0.340024
vn 0.066079 0.705561 0.705561
vn 0.004406 0.787176 0.616712
vn 0.076007 0.702409 0.707704
vn 0.786907 0.277809 0.550998
vn 0.841015 0.238599 0.485555
vn 0.577862 0.437961 0.688669
vn 0.646347 0.40555 0.646347
vn 0.414018 0.560683 0.717094
vn 0.342869 0.584637 0.735282
vn 0.983382 0.180221 0.021941
vn 0.979845 0.100261 0.172776
vn 0.993045 0.083254 0.083254
vn 0.185191 0.698595 0.691136
vn 0.121576 0.71402 0.689489
vn 0.870634 0.277805 0.405982
vn 0.912552 0.238598 0.332143
vn 0.748766 0.405546 0.524291
vn 0.688667 0.43796 0.577866
vn 0.532249 0.56068 0.63431
vn 0.465338 0.584636 0.664576
vn 0.302392 0.698594 0.648479
vn 0.239457 0.714019 0.657903
vn 0.951748 0.296574 0.078862
vn 0.908599 0.408931 0.084989
vn 0.957398 0.27249 0.095597
vn 0.956365 0.238597 0.168636
vn 0.927904 0.277804 0.248635
vn 0.092891 0.815867 0.570729
vn 0.026571 0.855478 0.517157
vn 0.100755 0.814455 0.571412
vn 0.828434 0.405544 0.386304
vn 0.778553 0.437957 0.449498
vn 0.634307 0.560681 0.532251
vn 0.573673 0.584635 0.573673
vn 0.410402 0.698595 0.586119
vn 0.350064 0.714019 0.606327
vn 0.198449 0.814456 0.545234
vn 0.147136 0.822696 0.549111
vn 0.882925 0.405551 0.236583
vn 0.844781 0.437958 0.307469
vn 0.04806 0.910847 0.409936
vn -0.011197 0.95466 0.297488
vn 0.071097 0.907493 0.414007
vn 0.717095 0.560683 0.414016
vn 0.664574 0.584637 0.465339
vn 0.505947 0.698595 0.505947
vn 0.450031 0.71402 0.536328
vn 0.290114 0.814456 0.50249
vn 0.240252 0.822696 0.515218
vn 0.855678 0.517265 0.015869
vn 0.909498 0.407238 0.083496
vn 0.885335 0.437962 0.156114
vn 0.110474 0.90433 0.412291
vn 0.072896 0.907628 0.413397
vn 0.735283 0.58464 0.342863
vn 0.778095 0.560685 0.283198
vn 0.586118 0.698594 0.410404
vn 0.536327 0.714019 0.450034
vn 0.326065 0.822696 0.465676
vn 0.372962 0.814454 0.444481
vn 0.14357 0.907628 0.39446
vn 0.18039 0.904329 0.386845
vn 0.78365 0.584636 0.209985
vn 0.785797 0.615638 0.059281
vn 0.811002 0.577491 0.093704
vn 0.815451 0.560681 0.143791
vn 0.045271 0.965421 0.256736
vn -0.043941 0.98267 0.180078
vn 0.15845 0.985565 0.059618
vn 0.136903 0.957266 0.254755
vn 0.648482 0.698594 0.302387
vn 0.606328 0.714019 0.350062
vn 0.401982 0.822696 0.401972
vn 0.444476 0.814457 0.372962
vn 0.24482 0.904329 0.349645
vn 0.209888 0.907628 0.363537
vn 0.089163 0.96542 0.244976
vn 0.06674 0.966179 0.249087
vn 0.022643 0.996166 0.084506
vn 0.657906 0.714018 0.239453
vn 0.691134 0.698596 0.185194
vn 0.50249 0.814456 0.290112
vn 0.46567 0.822697 0.326069
vn 0.301822 0.904329 0.301814
vn 0.269827 0.907629 0.321564
vn 0.108982 0.966179 0.233713
vn 0.130349 0.96542 0.225771
vn 0.036974 0.996166 0.07929
vn 0.705561 0.705561 0.066088
vn 0.616712 0.787176 0.004414
vn 0.707701 0.702411 0.076007
vn 0.689487 0.714022 0.121575
vn 0.545234 0.814456 0.198445
vn 0.515219 0.822697 0.240247
vn 0.349643 0.904329 0.244825
vn 0.321566 0.907628 0.269829
vn 0.05018 0.996166 0.071665
vn 0.167574 0.96542 0.199705
vn 0.14791 0.966179 0.211238
vn 0.517157 0.855478 0.026571
vn 0.570731 0.815866 0.092894
vn 0.571414 0.814454 0.100756
vn 0.54911 0.822695 0.147141
vn 0.386848 0.904328 0.180388
vn 0.363535 0.907627 0.209892
vn 0.061863 0.996166 0.061863
vn 0.199705 0.965421 0.167575
vn 0.182344 0.966179 0.182344
vn 0.394463 0.907627 0.143571
vn 0.412292 0.904328 0.110479
vn 0.071665 0.996166 0.05018
vn 0.225769 0.965421 0.130351
vn 0.211238 0.966179 0.14791
vn 0.409936 0.910847 0.048071
vn 0.297488 0.95466 -0.01119
vn 0.414005 0.907494 0.071098
vn 0.413398 0.907628 0.072886
vn 0.07929 0.996166 0.036974
vn 0.244975 0.965421 0.089162
vn 0.233712 0.966179 0.108981
vn 0.180078 0.98267 -0.043941
vn 0.059618 0.985565 0.15845
vn 0.084506 0.996166 0.022643
vn 0.254756 0.957265 0.136906
vn 0.256737 0.965421 0.045265
vn 0.249086 0.966179 0.06674
vn 0.998176 0.0 -0.060375
vn 0.998176 0.0 -0.060375
vn 0.983618 0.0 -0.180264
vn 0.983618 0.0 -0.180264
vn 0.954722 0.0 -0.297501
vn 0.954722 0.0 -0.297501
vn 0.911899 0.0 -0.410416
vn 0.911899 0.0 -0.410416
vn 0.855786 0.0 -0.51733
vn 0.855786 0.0 -0.51733
vn 0.787181 0.0 -0.616722
vn 0.787181 0.0 -0.616722
vn 0.707107 0.0 -0.707107
vn 0.707107 0.0 -0.707107
vn 0.616718 0.0 -0.787184
vn 0.616718 0.0 -0.787184
vn 0.51734 0.0 -0.85578
vn 0.51734 0.0 -0.85578
vn 0.41041 0.0 -0.911901
vn 0.41041 0.0 -0.911901
vn 0.297506 0.0 -0.95472
vn 0.297506 0.0 -0.95472
vn 0.180252 0.0 -0.983621
vn 0.180252 0.0 -0.983621
vn 0.060381 0.0 -0.998175
vn 0.060381 0.0 -0.998175
vn 0.060381 0.0 0.998175
vn 0.060381 0.0 0.998175
vn 0.180252 0.0 0.983621
vn 0.180252 0.0 0.983621
vn 0.297506 0.0 0.95472
vn 0.297506 0.0 0.95472
vn 0.41041 0.0 0.911901
vn 0.41041 0.0 0.911901
vn 0.51734 0.0 0.85578
vn 0.51734 0.0 0.85578
vn 0.616718 0.0 0.787184
vn 0.616718 0.0 0.787184
vn 0.707107 0.0 0.707107
vn 0.707107 0.0 0.707107
vn 0.787181 0.0 0.616722
vn 0.787181 0.0 0.616722
vn 0.855786 0.0 0.51733
vn 0.855786 0.0 0.51733
vn 0.911899 0.0 0.410416
vn 0.911899 0.0 0.410416
vn 0.954722 0.0 0.297501
vn 0.954722 0.0 0.297501
vn 0.983618 0.0 0.180264
vn 0.983618 0.0 0.180264
vn 0.998176 0.0 0.060375
vn 0.998176 0.0 0.060375
vn 0.0 1.0 0.0
vn -0.0 1.0 0.0
vn -0.060381 0.998175 0.0
vn -0.060381 0.998175 0.0
vn -0.180252 0.983621 0.0
vn -0.180252 0.983621 0.0
vn -0.297506 0.95472 0.0
vn -0.297506 0.95472 0.0
vn -0.41041 0.911901 0.0
vn -0.41041 0.911901 0.0
vn -0.51734 0.85578 0.0
vn -0.616718 0.787184 0.0
vn -0.51734 0.85578 0.0
vn -0.616718 0.787184 0.0
vn -0.707107 0.707107 0.0
vn -0.707107 0.707107 0.0
vn -0.787184 0.616718 0.0
vn -0.787184 0.616718 0.0
vn -0.85578 0.51734 0.0
vn -0.85578 0.51734 0.0
vn -0.911901 0.41041 0.0
vn -0.911901 0.41041 0.0
vn -0.95472 0.297506 0.0
vn -0.95472 0.297506 0.0
vn -0.983621 0.180252 0.0
vn -0.983621 0.180252 0.0
vn -0.998175 0.060381 0.0
vn -0.998175 0.060381 0.0
vn -0.060271 0.060271 -0.996361
vn -0.996361 0.060271 -0.060271
vn -0.021949 0.180208 -0.983384
vn -0.083254 0.083254 -0.993045
vn -0.172772 0.10026 -0.979846
vn -0.179438 0.094943 -0.979177
vn -0.296521 0.081313 -0.951558
vn -0.409184 0.077259 -0.909175
vn -0.34002 0.107914 -0.934206
vn -0.078863 0.29658 -0.951746
vn -0.084989 0.408925 -0.908602
vn -0.095608 0.272481 -0.957399
vn -0.168632 0.238595 -0.956366
vn -0.515268 0.089395 -0.852354
vn -0.614494 0.08485 -0.784345
vn -0.4973 0.103834 -0.861343
vn -0.248631 0.277802 -0.927905
vn -0.33214 0.238596 -0.912554
vn -0.083509 0.407247 -0.909492
vn -0.01588 0.517274 -0.855672
vn -0.705021 0.076752 -0.705021
vn -0.639138 0.106384 -0.761699
vn -0.405982 0.277805 -0.870634
vn -0.485562 0.238596 -0.841012
vn -0.236579 0.405549 -0.882927
vn -0.156105 0.437961 -0.885337
vn -0.784345 0.08485 -0.614494
vn -0.852354 0.089395 -0.515268
vn -0.761699 0.106384 -0.639138
vn -0.550999 0.277802 -0.786909
vn -0.624221 0.238596 -0.743922
vn -0.307477 0.437961 -0.844777
vn -0.386303 0.405551 -0.828431
vn -0.05928 0.615634 -0.7858
vn -0.143783 0.560681 -0.815453
vn -0.093701 0.577489 -0.811004
vn -0.909175 0.077259 -0.409184
vn -0.861343 0.103834 -0.4973
vn -0.743922 0.238596 -0.624221
vn -0.679273 0.277805 -0.679273
vn -0.52429 0.405552 -0.748764
vn -0.449497 0.437963 -0.77855
vn -0.283206 0.560682 -0.778094
vn -0.20998 0.584637 -0.78365
vn -0.951558 0.081313 -0.296521
vn -0.979177 0.094943 -0.179438
vn -0.934206 0.107914 -0.34002
vn -0.066079 0.705561 -0.705561
vn -0.004406 0.787176 -0.616712
vn -0.076007 0.702409 -0.707704
vn -0.841012 0.238596 -0.485562
vn -0.786909 0.277802 -0.550999
vn -0.646347 0.40555 -0.646347
vn -0.577859 0.437962 -0.688671
vn -0.414017 0.560681 -0.717097
vn -0.342868 0.584636 -0.735284
vn -0.983384 0.180208 -0.021949
vn -0.979846 0.10026 -0.172772
vn -0.993045 0.083254 -0.083254
vn -0.185191 0.698595 -0.691136
vn -0.121576 0.71402 -0.689489
vn -0.912554 0.238596 -0.33214
vn -0.870634 0.277805 -0.405982
vn -0.688671 0.437962 -0.577859
vn -0.748764 0.405552 -0.52429
vn -0.532247 0.560681 -0.634311
vn -0.46534 0.584635 -0.664575
vn -0.30239 0.698595 -0.648479
vn -0.239457 0.714019 -0.657903
vn -0.908602 0.408925 -0.084989
vn -0.951746 0.29658 -0.078863
vn -0.957399 0.272481 -0.095608
vn -0.956366 0.238595 -0.168632
vn -0.927905 0.277802 -0.248631
vn -0.092891 0.815867 -0.570729
vn -0.026571 0.855478 -0.517157
vn -0.100755 0.814455 -0.571412
vn -0.828431 0.405551 -0.386303
vn -0.778551 0.437963 -0.449497
vn -0.634311 0.560681 -0.532247
vn -0.573672 0.584637 -0.573672
vn -0.410404 0.698594 -0.586118
vn -0.350062 0.714019 -0.606328
vn -0.147136 0.822696 -0.549111
vn -0.198449 0.814456 -0.545234
vn -0.844777 0.437961 -0.307477
vn -0.882927 0.405549 -0.236579
vn -0.04806 0.910847 -0.409936
vn 0.011197 0.95466 -0.297488
vn -0.071097 0.907493 -0.414007
vn -0.664575 0.584635 -0.46534
vn -0.717097 0.560681 -0.414017
vn -0.505947 0.698595 -0.505947
vn -0.450034 0.714019 -0.536327
vn -0.290112 0.814456 -0.50249
vn -0.240252 0.822696 -0.515218
vn -0.855672 0.517274 -0.01588
vn -0.885337 0.437961 -0.156105
vn -0.909492 0.407247 -0.083509
vn -0.072896 0.907628 -0.413397
vn -0.110474 0.90433 -0.412291
vn -0.778094 0.560682 -0.283206
vn -0.735284 0.584636 -0.342868
vn -0.536327 0.714019 -0.450034
vn -0.586118 0.698594 -0.410404
vn -0.372963 0.814456 -0.444478
vn -0.326066 0.822697 -0.465673
vn -0.14357 0.907628 -0.39446
vn -0.18039 0.904329 -0.386845
vn -0.78365 0.584637 -0.20998
vn -0.7858 0.615634 -0.05928
vn -0.811004 0.577489 -0.093701
vn -0.815453 0.560681 -0.143783
vn -0.045271 0.965421 -0.256736
vn 0.043941 0.98267 -0.180078
vn -0.15845 0.985565 -0.059618
vn -0.136903 0.957266 -0.254755
vn -0.648479 0.698595 -0.30239
vn -0.606328 0.714019 -0.350062
vn -0.444478 0.814456 -0.372963
vn -0.401977 0.822696 -0.401977
vn -0.209888 0.907628 -0.363537
vn -0.244822 0.904329 -0.349644
vn -0.06674 0.966179 -0.249087
vn -0.022643 0.996166 -0.084506
vn -0.089163 0.96542 -0.244976
vn -0.691136 0.698595 -0.185191
vn -0.657903 0.714019 -0.239457
vn -0.465673 0.822697 -0.326066
vn -0.50249 0.814456 -0.290112
vn -0.301819 0.904329 -0.301819
vn -0.269826 0.907628 -0.321568
vn -0.130349 0.96542 -0.225771
vn -0.108982 0.966179 -0.233713
vn -0.036974 0.996166 -0.07929
vn -0.616712 0.787176 -0.004406
vn -0.705561 0.705561 -0.066079
vn -0.707704 0.702409 -0.076007
vn -0.689489 0.71402 -0.121576
vn -0.545234 0.814456 -0.198449
vn -0.515218 0.822696 -0.240252
vn -0.321568 0.907628 -0.269826
vn -0.349644 0.904329 -0.244822
vn -0.14791 0.966179 -0.211238
vn -0.167572 0.965421 -0.199706
vn -0.05018 0.996166 -0.071665
vn -0.517157 0.855478 -0.026571
vn -0.570729 0.815867 -0.092891
vn -0.571412 0.814455 -0.100755
vn -0.549111 0.822696 -0.147136
vn -0.386845 0.904329 -0.18039
vn -0.363537 0.907628 -0.209888
vn -0.199706 0.965421 -0.167572
vn -0.061863 0.996166 -0.061863
vn -0.182344 0.966179 -0.182344
vn -0.39446 0.907628 -0.14357
vn -0.412291 0.90433 -0.110474
vn -0.225771 0.96542 -0.130349
vn -0.211238 0.966179 -0.14791
vn -0.071665 0.996166 -0.05018
vn -0.297488 0.95466 0.011197
vn -0.409936 0.910847 -0.04806
vn -0.414007 0.907493 -0.071097
vn -0.413397 0.907628 -0.072896
vn -0.07929 0.996166 -0.036974
vn -0.244976 0.96542 -0.089163
vn -0.233713 0.966179 -0.108982
vn -0.059618 0.985565 -0.15845
vn -0.180078 0.98267 0.043941
vn -0.254755 0.957266 -0.136903
vn -0.084506 0.996166 -0.022643
vn -0.256736 0.965421 -0.045271
vn -0.249087 0.966179 -0.06674
vn -0.996361 0.060271 0.060271
vn -0.060271 0.060271 0.996361
vn -0.983384 0.180208 0.021949
vn -0.993045 0.083254 0.083254
vn -0.979846 0.10026 0.172772
vn -0.979177 0.094943 0.179438
vn -0.951558 0.081313 0.296521
vn -0.909175 0.077259 0.409184
vn -0.934206 0.107914 0.34002
vn -0.956366 0.238595 0.168632
vn -0.908602 0.408925 0.084989
vn -0.951746 0.29658 0.078863
vn -0.957399 0.272481 0.095608
vn -0.852354 0.089395 0.515268
vn -0.784345 0.08485 0.614494
vn -0.861343 0.103834 0.4973
vn -0.927905 0.277802 0.248631
vn -0.912554 0.238596 0.33214
vn -0.909492 0.407247 0.083509
vn -0.855672 0.517274 0.01588
vn -0.705021 0.076752 0.705021
vn -0.761699 0.106384 0.639138
vn -0.841012 0.238596 0.485562
vn -0.870634 0.277805 0.405982
vn -0.882927 0.405549 0.236579
vn -0.885337 0.437961 0.156105
vn -0.614494 0.08485 0.784345
vn -0.515268 0.089395 0.852354
vn -0.639138 0.106384 0.761699
vn -0.743922 0.238596 0.624221
vn -0.786909 0.277802 0.550999
vn -0.844777 0.437961 0.307477
vn -0.828431 0.405551 0.386303
vn -0.811004 0.577489 0.093701
vn -0.815453 0.560681 0.143783
vn -0.7858 0.615634 0.05928
vn -0.409184 0.077259 0.909175
vn -0.4973 0.103834 0.861343
vn -0.679273 0.277805 0.679273
vn -0.624221 0.238596 0.743922
vn -0.778551 0.437963 0.449497
vn -0.748764 0.405552 0.52429
vn -0.778094 0.560682 0.283206
vn -0.78365 0.584637 0.20998
vn -0.34002 0.107914 0.934206
vn -0.296521 0.081313 0.951558
vn -0.179438 0.094943 0.979177
vn -0.616712 0.787176 0.004406
vn -0.705561 0.705561 0.066079
vn -0.707704 0.702409 0.076007
vn -0.550999 0.277802 0.786909
vn -0.485562 0.238596 0.841012
vn -0.688671 0.437962 0.577859
vn -0.646347 0.40555 0.646347
vn -0.735284 0.584636 0.342868
vn -0.717097 0.560681 0.414017
vn -0.021949 0.180208 0.983384
vn -0.172772 0.10026 0.979846
vn -0.083254 0.083254 0.993045
vn -0.689489 0.71402 0.121576
vn -0.691136 0.698595 0.185191
vn -0.405982 0.277805 0.870634
vn -0.33214 0.238596 0.912554
vn -0.577859 0.437962 0.688671
vn -0.52429 0.405552 0.748764
vn -0.664575 0.584635 0.46534
vn -0.634311 0.560681 0.532247
vn -0.657903 0.714019 0.239457
vn -0.648479 0.698595 0.30239
vn -0.078863 0.29658 0.951746
vn -0.084989 0.408925 0.908602
vn -0.095608 0.272481 0.957399
vn -0.168632 0.238595 0.956366
vn -0.248631 0.277802 0.927905
vn -0.517157 0.855478 0.026571
vn -0.571412 0.814455 0.100755
vn -0.570729 0.815867 0.092891
vn -0.386303 0.405551 0.828431
vn -0.449497 0.437963 0.77855
vn -0.573672 0.584637 0.573672
vn -0.532247 0.560681 0.634311
vn -0.586118 0.698594 0.410404
vn -0.606328 0.714019 0.350062
vn -0.545234 0.814456 0.198449
vn -0.549111 0.822696 0.147136
vn -0.236579 0.405549 0.882927
vn -0.307477 0.437961 0.844777
vn -0.414007 0.907493 0.071097
vn -0.297488 0.95466 -0.011197
vn -0.409936 0.910847 0.04806
vn -0.414017 0.560681 0.717097
vn -0.46534 0.584635 0.664575
vn -0.505947 0.698595 0.505947
vn -0.536327 0.714019 0.450034
vn -0.515218 0.822696 0.240252
vn -0.50249 0.814456 0.290112
vn -0.01588 0.517274 0.855672
vn -0.156105 0.437961 0.885337
vn -0.083509 0.407247 0.909492
vn -0.413397 0.907628 0.072896
vn -0.412291 0.90433 0.110474
vn -0.283206 0.560682 0.778094
vn -0.342868 0.584636 0.735284
vn -0.410404 0.698594 0.586118
vn -0.450034 0.714019 0.536327
vn -0.444478 0.814456 0.372963
vn -0.465673 0.822697 0.326066
vn -0.39446 0.907628 0.14357
vn -0.386845 0.904329 0.18039
vn -0.20998 0.584637 0.78365
vn -0.05928 0.615634 0.7858
vn -0.093701 0.577489 0.811004
vn -0.143783 0.560681 0.815453
vn -0.254755 0.957266 0.136903
vn -0.059618 0.985565 0.15845
vn -0.180078 0.98267 -0.043941
vn -0.256736 0.965421 0.045271
vn -0.30239 0.698595 0.648479
vn -0.350062 0.714019 0.606328
vn -0.372963 0.814456 0.444478
vn -0.401977 0.822696 0.401977
vn -0.363537 0.907628 0.209888
vn -0.349644 0.904329 0.244822
vn -0.244976 0.96542 0.089163
vn -0.249087 0.966179 0.06674
vn -0.084506 0.996166 0.022643
vn -0.185191 0.698595 0.691136
vn -0.239457 0.714019 0.657903
vn -0.326066 0.822697 0.465673
vn -0.290112 0.814456 0.50249
vn -0.321568 0.907628 0.269826
vn -0.301819 0.904329 0.301819
vn -0.233713 0.966179 0.108982
vn -0.225771 0.96542 0.130349
vn -0.07929 0.996166 0.036974
vn -0.066079 0.705561 0.705561
vn -0.004406 0.787176 0.616712
vn -0.076007 0.702409 0.707704
vn -0.121576 0.71402 0.689489
vn -0.198449 0.814456 0.545234
vn -0.240252 0.822696 0.515218
vn -0.269826 0.907628 0.321568
vn -0.244822 0.904329 0.349644
vn -0.071665 0.996166 0.05018
vn -0.211238 0.966179 0.14791
vn -0.199706 0.965421 0.167572
vn -0.026571 0.855478 0.517157
vn -0.092891 0.815867 0.570729
vn -0.100755 0.814455 0.571412
vn -0.147136 0.822696 0.549111
vn -0.18039 0.904329 0.386845
vn -0.209888 0.907628 0.363537
vn -0.061863 0.996166 0.061863
vn -0.167572 0.965421 0.199706
vn -0.182344 0.966179 0.182344
vn -0.110474 0.90433 0.412291
vn -0.14357 0.907628 0.39446
vn -0.05018 0.996166 0.071665
vn -0.130349 0.96542 0.225771
vn -0.14791 0.966179 0.211238
vn -0.04806 0.910847 0.409936
vn 0.011197 0.95466 0.297488
vn -0.072896 0.907628 0.413397
vn -0.071097 0.907493 0.414007
vn -0.036974 0.996166 0.07929
vn -0.089163 0.96542 0.244976
vn -0.108982 0.966179 0.233713
vn 0.043941 0.98267 0.180078
vn -0.15845 0.985565 0.059618
vn -0.022643 0.996166 0.084506
vn -0.136903 0.957266 0.254755
vn -0.045271 0.965421 0.256736
vn -0.06674 0.966179 0.249087
vn 0.0 0.998175 -0.060381
vn 0.0 0.998175 -0.060381
vn 0.0 0.95472 -0.297506
vn 0.0 0.983621 -0.180252
vn 0.0 0.983621 -0.180252
vn 0.0 0.95472 -0.297506
vn 0.0 0.85578 -0.51734
vn 0.0 0.911901 -0.41041
vn 0.0 0.911901 -0.41041
vn 0.0 0.85578 -0.51734
vn 0.0 0.707107 -0.707107
vn 0.0 0.787184 -0.616718
vn 0.0 0.787184 -0.616718
vn 0.0 0.707107 -0.707107
vn 0.0 0.51734 -0.85578
vn 0.0 0.616718 -0.787184
vn 0.0 0.616718 -0.787184
vn 0.0 0.51734 -0.85578
vn 0.0 0.41041 -0.911901
vn 0.0 0.41041 -0.911901
vn 0.0 0.297506 -0.95472
vn 0.0 0.297506 -0.95472
vn 0.0 0.180252 -0.983621
vn 0.0 0.180252 -0.983621
vn 0.0 0.060381 -0.998175
vn 0.0 0.060381 -0.998175
vn -0.0 0.060381 0.998175
vn -0.0 0.180252 0.983621
vn 0.0 0.060381 0.998175
vn -0.0 0.180252 0.983621
vn -0.0 0.297506 0.95472
vn 0.0 0.297506 0.95472
vn -0.0 0.41041 0.911901
vn 0.0 0.41041 0.911901
vn -0.0 0.51734 0.85578
vn -0.0 0.616718 0.787184
vn 0.0 0.51734 0.85578
vn -0.0 0.616718 0.787184
vn -0.0 0.707107 0.707107
vn 0.0 0.707107 0.707107
vn -0.0 0.787184 0.616718
vn 0.0 0.787184 0.616718
vn -0.0 0.85578 0.51734
vn 0.0 0.85578 0.51734
vn -0.0 0.911901 0.41041
vn 0.0 0.911901 0.41041
vn -0.0 0.95472 0.297506
vn -0.0 0.983621 0.180252
vn 0.0 0.95472 0.297506
vn -0.0 0.983621 0.180252
vn -0.0 0.998175 0.060381
vn 0.0 0.998175 0.060381
vn -1.0 0.0 0.0
vn -1.0 0.0 0.0
vn -0.998175 0.0 -0.060381
vn -0.983621 0.0 -0.180252
vn -0.998175 0.0 -0.060381
vn -0.95472 0.0 -0.297506
vn -0.983621 0.0 -0.180252
vn -0.911901 0.0 -0.41041
vn -0.95472 0.0 -0.297506
vn -0.85578 0.0 -0.51734
vn -0.911901 0.0 -0.41041
vn -0.787184 0.0 -0.616718
vn -0.85578 0.0 -0.51734
vn -0.707107 0.0 -0.707107
vn -0.787184 0.0 -0.616718
vn -0.616718 0.0 -0.787184
vn -0.707107 0.0 -0.707107
vn -0.51734 0.0 -0.85578
vn -0.616718 0.0 -0.787184
vn -0.41041 0.0 -0.911901
vn -0.51734 0.0 -0.85578
vn -0.297506 0.0 -0.95472
vn -0.41041 0.0 -0.911901
vn -0.180252 0.0 -0.983621
vn -0.297506 0.0 -0.95472
vn -0.180252 0.0 -0.983621
vn -0.060381 0.0 -0.998175
vn -0.060381 0.0 -0.998175
vn -0.060381 0.0 0.998175
vn -0.180252 0.0 0.983621
vn -0.060381 0.0 0.998175
vn -0.297506 0.0 0.95472
vn -0.180252 0.0 0.983621
vn -0.41041 0.0 0.911901
vn -0.297506 0.0 0.95472
vn -0.41041 0.0 0.911901
vn -0.51734 0.0 0.85578
vn -0.51734 0.0 0.85578
vn -0.616718 0.0 0.787184
vn -0.616718 0.0 0.787184
vn -0.707107 0.0 0.707107
vn -0.707107 0.0 0.707107
vn -0.787184 0.0 0.616718
vn -0.787184 0.0 0.616718
vn -0.85578 0.0 0.51734
vn -0.85578 0.0 0.51734
vn -0.911901 0.0 0.41041
vn -0.911901 0.0 0.41041
vn -0.95472 0.0 0.297506
vn -0.95472 0.0 0.297506
vn -0.983621 0.0 0.180252
vn -0.983621 0.0 0.180252
vn -0.998175 0.0 0.060381
vn -0.998175 0.0 0.060381
vn 0.0 0.0 -1.0
vn 0.0 0.0 -1.0
vn 0.0 0.0 1.0
vn 0.0 0.0 1.0
f 1//1 2//1 3//1 
f 4//2 2//2 1//2 
f 5//3 4//3 1//3 
f 5//4 1//4 6//4 
f 5//5 6//5 7//5 
f 8//6 5//6 7//6 
f 9//7 7//7 10//7 
f 9//8 10//8 11//8 
f 9//9 8//9 7//9 
f 12//10 9//10 11//10 
f 13//11 11//11 14//11 
f 13//12 12//12 11//12 
f 15//13 14//13 16//13 
f 15//14 16//14 17//14 
f 15//15 13//15 14//15 
f 18//16 17//16 19//16 
f 18//17 15//17 17//17 
f 20//18 18//18 19//18 
f 21//19 19//19 22//19 
f 21//20 20//20 19//20 
f 23//21 22//21 24//21 
f 23//22 21//22 22//22 
f 25//23 24//23 26//23 
f 25//24 26//24 27//24 
f 25//25 23//25 24//25 
f 28//26 27//26 29//26 
f 28//27 25//27 27//27 
f 30//28 28//28 29//28 
f 31//29 32//29 33//29 
f 27//30 34//30 29//30 
f 35//31 36//31 31//31 
f 35//32 31//32 33//32 
f 37//33 35//33 33//33 
f 37//34 33//34 38//34 
f 37//35 38//35 39//35 
f 40//36 39//36 41//36 
f 40//37 37//37 39//37 
f 42//38 43//38 36//38 
f 42//39 44//39 43//39 
f 42//40 36//40 35//40 
f 42//41 35//41 37//41 
f 45//42 41//42 46//42 
f 45//43 46//43 47//43 
f 45//44 40//44 41//44 
f 48//45 42//45 37//45 
f 48//46 37//46 40//46 
f 49//47 44//47 42//47 
f 49//48 50//48 44//48 
f 51//49 47//49 52//49 
f 51//50 45//50 47//50 
f 53//51 40//51 45//51 
f 53//52 48//52 40//52 
f 54//53 42//53 48//53 
f 54//54 49//54 42//54 
f 55//55 52//55 56//55 
f 55//56 56//56 57//56 
f 55//57 51//57 52//57 
f 58//58 53//58 45//58 
f 58//59 45//59 51//59 
f 59//60 48//60 53//60 
f 59//61 54//61 48//61 
f 60//62 61//62 50//62 
f 60//63 49//63 54//63 
f 60//64 50//64 49//64 
f 62//65 57//65 63//65 
f 62//66 55//66 57//66 
f 64//67 51//67 55//67 
f 64//68 58//68 51//68 
f 65//69 53//69 58//69 
f 65//70 59//70 53//70 
f 66//71 60//71 54//71 
f 66//72 54//72 59//72 
f 67//73 62//73 63//73 
f 67//74 63//74 68//74 
f 67//75 68//75 34//75 
f 69//76 70//76 61//76 
f 69//77 71//77 70//77 
f 69//78 61//78 60//78 
f 72//79 55//79 62//79 
f 72//80 64//80 55//80 
f 73//81 58//81 64//81 
f 73//82 65//82 58//82 
f 74//83 59//83 65//83 
f 74//84 66//84 59//84 
f 75//85 27//85 26//85 
f 75//86 67//86 34//86 
f 75//87 34//87 27//87 
f 76//88 60//88 66//88 
f 76//89 69//89 60//89 
f 77//90 72//90 62//90 
f 77//91 62//91 67//91 
f 78//92 73//92 64//92 
f 78//93 64//93 72//93 
f 79//94 74//94 65//94 
f 79//95 65//95 73//95 
f 80//96 66//96 74//96 
f 80//97 76//97 66//97 
f 81//98 24//98 22//98 
f 81//99 26//99 24//99 
f 81//100 77//100 67//100 
f 81//101 67//101 75//101 
f 81//102 75//102 26//102 
f 82//103 83//103 71//103 
f 82//104 71//104 69//104 
f 82//105 69//105 76//105 
f 84//106 72//106 77//106 
f 84//107 78//107 72//107 
f 85//108 73//108 78//108 
f 85//109 79//109 73//109 
f 86//110 80//110 74//110 
f 86//111 74//111 79//111 
f 87//112 76//112 80//112 
f 87//113 82//113 76//113 
f 88//114 77//114 81//114 
f 88//115 84//115 77//115 
f 89//116 90//116 83//116 
f 89//117 91//117 90//117 
f 89//118 83//118 82//118 
f 92//119 78//119 84//119 
f 92//120 85//120 78//120 
f 93//121 79//121 85//121 
f 93//122 86//122 79//122 
f 94//123 80//123 86//123 
f 94//124 87//124 80//124 
f 95//125 22//125 19//125 
f 95//126 81//126 22//126 
f 95//127 88//127 81//127 
f 96//128 82//128 87//128 
f 96//129 89//129 82//129 
f 97//130 92//130 84//130 
f 97//131 84//131 88//131 
f 98//132 85//132 92//132 
f 98//133 93//133 85//133 
f 99//134 86//134 93//134 
f 99//135 94//135 86//135 
f 100//136 96//136 87//136 
f 100//137 87//137 94//137 
f 101//138 19//138 17//138 
f 101//139 97//139 88//139 
f 101//140 95//140 19//140 
f 101//141 88//141 95//141 
f 102//142 89//142 96//142 
f 102//143 103//143 91//143 
f 102//144 1//144 103//144 
f 102//145 91//145 89//145 
f 104//146 92//146 97//146 
f 104//147 98//147 92//147 
f 105//148 93//148 98//148 
f 105//149 99//149 93//149 
f 106//150 94//150 99//150 
f 106//151 100//151 94//151 
f 107//152 96//152 100//152 
f 107//153 102//153 96//153 
f 107//154 1//154 102//154 
f 108//155 97//155 101//155 
f 108//156 104//156 97//156 
f 109//157 105//157 98//157 
f 109//158 98//158 104//158 
f 110//159 99//159 105//159 
f 110//160 106//160 99//160 
f 111//161 107//161 100//161 
f 111//162 100//162 106//162 
f 111//163 1//163 107//163 
f 112//164 16//164 14//164 
f 112//165 17//165 16//165 
f 112//166 108//166 101//166 
f 112//167 101//167 17//167 
f 113//168 104//168 108//168 
f 113//169 109//169 104//169 
f 114//170 105//170 109//170 
f 114//171 110//171 105//171 
f 115//172 1//172 111//172 
f 115//173 106//173 110//173 
f 115//174 111//174 106//174 
f 116//175 14//175 11//175 
f 116//176 113//176 108//176 
f 116//177 108//177 112//177 
f 116//178 112//178 14//178 
f 117//179 109//179 113//179 
f 117//180 114//180 109//180 
f 118//181 1//181 115//181 
f 118//182 110//182 114//182 
f 118//183 115//183 110//183 
f 119//184 113//184 116//184 
f 119//185 117//185 113//185 
f 120//186 1//186 118//186 
f 120//187 114//187 117//187 
f 120//188 118//188 114//188 
f 121//189 10//189 7//189 
f 121//190 11//190 10//190 
f 121//191 119//191 116//191 
f 121//192 116//192 11//192 
f 122//193 1//193 120//193 
f 122//194 117//194 119//194 
f 122//195 120//195 117//195 
f 123//196 6//196 1//196 
f 123//197 7//197 6//197 
f 123//198 121//198 7//198 
f 123//199 1//199 122//199 
f 123//200 119//200 121//200 
f 123//201 122//201 119//201 
f 28//202 30//202 124//202 
f 125//203 126//203 127//203 
f 128//204 25//204 28//204 
f 128//205 28//205 124//205 
f 129//206 124//206 130//206 
f 129//207 130//207 131//207 
f 129//208 128//208 124//208 
f 132//209 131//209 133//209 
f 132//210 129//210 131//210 
f 134//211 21//211 23//211 
f 134//212 23//212 25//212 
f 134//213 128//213 129//213 
f 134//214 25//214 128//214 
f 135//215 133//215 136//215 
f 135//216 136//216 137//216 
f 135//217 132//217 133//217 
f 138//218 134//218 129//218 
f 138//219 129//219 132//219 
f 139//220 21//220 134//220 
f 139//221 20//221 21//221 
f 140//222 137//222 141//222 
f 140//223 135//223 137//223 
f 142//224 132//224 135//224 
f 142//225 138//225 132//225 
f 143//226 139//226 134//226 
f 143//227 134//227 138//227 
f 144//228 140//228 141//228 
f 144//229 141//229 145//229 
f 144//230 145//230 146//230 
f 147//231 135//231 140//231 
f 147//232 142//232 135//232 
f 148//233 138//233 142//233 
f 148//234 143//234 138//234 
f 149//235 20//235 139//235 
f 149//236 18//236 20//236 
f 149//237 139//237 143//237 
f 150//238 146//238 151//238 
f 150//239 144//239 146//239 
f 152//240 147//240 140//240 
f 152//241 140//241 144//241 
f 153//242 142//242 147//242 
f 153//243 148//243 142//243 
f 154//244 143//244 148//244 
f 154//245 149//245 143//245 
f 155//246 151//246 156//246 
f 155//247 156//247 126//247 
f 155//248 150//248 151//248 
f 157//249 13//249 15//249 
f 157//250 15//250 18//250 
f 157//251 18//251 149//251 
f 158//252 152//252 144//252 
f 158//253 144//253 150//253 
f 159//254 153//254 147//254 
f 159//255 147//255 152//255 
f 160//256 148//256 153//256 
f 160//257 154//257 148//257 
f 161//258 125//258 162//258 
f 161//259 155//259 126//259 
f 161//260 126//260 125//260 
f 163//261 157//261 149//261 
f 163//262 149//262 154//262 
f 164//263 150//263 155//263 
f 164//264 158//264 150//264 
f 165//265 159//265 152//265 
f 165//266 152//266 158//266 
f 166//267 160//267 153//267 
f 166//268 153//268 159//268 
f 167//269 154//269 160//269 
f 167//270 163//270 154//270 
f 168//271 162//271 169//271 
f 168//272 169//272 170//272 
f 168//273 161//273 162//273 
f 168//274 155//274 161//274 
f 168//275 164//275 155//275 
f 171//276 13//276 157//276 
f 171//277 12//277 13//277 
f 171//278 157//278 163//278 
f 172//279 158//279 164//279 
f 172//280 165//280 158//280 
f 173//281 159//281 165//281 
f 173//282 166//282 159//282 
f 174//283 160//283 166//283 
f 174//284 167//284 160//284 
f 175//285 171//285 163//285 
f 175//286 163//286 167//286 
f 176//287 164//287 168//287 
f 176//288 172//288 164//288 
f 177//289 8//289 9//289 
f 177//290 9//290 12//290 
f 177//291 12//291 171//291 
f 178//292 173//292 165//292 
f 178//293 165//293 172//293 
f 179//294 166//294 173//294 
f 179//295 174//295 166//295 
f 180//296 167//296 174//296 
f 180//297 175//297 167//297 
f 181//298 170//298 182//298 
f 181//299 168//299 170//299 
f 181//300 176//300 168//300 
f 183//301 177//301 171//301 
f 183//302 171//302 175//302 
f 184//303 172//303 176//303 
f 184//304 178//304 172//304 
f 185//305 173//305 178//305 
f 185//306 179//306 173//306 
f 186//307 180//307 174//307 
f 186//308 174//308 179//308 
f 187//309 183//309 175//309 
f 187//310 175//310 180//310 
f 188//311 182//311 189//311 
f 188//312 184//312 176//312 
f 188//313 181//313 182//313 
f 188//314 176//314 181//314 
f 190//315 4//315 5//315 
f 190//316 5//316 8//316 
f 190//317 8//317 177//317 
f 190//318 177//318 183//318 
f 191//319 178//319 184//319 
f 191//320 185//320 178//320 
f 192//321 186//321 179//321 
f 192//322 179//322 185//322 
f 193//323 180//323 186//323 
f 193//324 187//324 180//324 
f 194//325 183//325 187//325 
f 194//326 4//326 190//326 
f 194//327 190//327 183//327 
f 195//328 184//328 188//328 
f 195//329 191//329 184//329 
f 196//330 192//330 185//330 
f 196//331 185//331 191//331 
f 197//332 186//332 192//332 
f 197//333 193//333 186//333 
f 198//334 187//334 193//334 
f 198//335 4//335 194//335 
f 198//336 194//336 187//336 
f 199//337 189//337 200//337 
f 199//338 200//338 201//338 
f 199//339 195//339 188//339 
f 199//340 188//340 189//340 
f 202//341 191//341 195//341 
f 202//342 196//342 191//342 
f 203//343 197//343 192//343 
f 203//344 192//344 196//344 
f 204//345 4//345 198//345 
f 204//346 193//346 197//346 
f 204//347 198//347 193//347 
f 205//348 201//348 206//348 
f 205//349 199//349 201//349 
f 205//350 195//350 199//350 
f 205//351 202//351 195//351 
f 207//352 196//352 202//352 
f 207//353 203//353 196//353 
f 208//354 197//354 203//354 
f 208//355 4//355 204//355 
f 208//356 204//356 197//356 
f 209//357 202//357 205//357 
f 209//358 207//358 202//358 
f 210//359 4//359 208//359 
f 210//360 203//360 207//360 
f 210//361 208//361 203//361 
f 211//362 206//362 212//362 
f 211//363 212//363 213//363 
f 211//364 205//364 206//364 
f 211//365 209//365 205//365 
f 214//366 4//366 210//366 
f 214//367 207//367 209//367 
f 214//368 210//368 207//368 
f 215//369 213//369 216//369 
f 215//370 216//370 4//370 
f 215//371 4//371 214//371 
f 215//372 211//372 213//372 
f 215//373 209//373 211//373 
f 215//374 214//374 209//374 
f 217//375 218//375 219//375 
f 217//376 219//376 220//376 
f 217//377 221//377 218//377 
f 222//378 217//378 220//378 
f 223//379 220//379 224//379 
f 223//380 222//380 220//380 
f 225//381 224//381 226//381 
f 225//382 223//382 224//382 
f 227//383 226//383 228//383 
f 227//384 228//384 229//384 
f 227//385 225//385 226//385 
f 230//386 227//386 229//386 
f 231//387 229//387 232//387 
f 231//388 230//388 229//388 
f 233//389 232//389 234//389 
f 233//390 231//390 232//390 
f 235//391 234//391 236//391 
f 235//392 233//392 234//392 
f 237//393 236//393 238//393 
f 237//394 235//394 236//394 
f 239//395 238//395 240//395 
f 239//396 240//396 241//396 
f 239//397 237//397 238//397 
f 242//398 239//398 241//398 
f 2//399 241//399 3//399 
f 2//400 242//400 241//400 
f 219//401 218//401 243//401 
f 244//402 245//402 246//402 
f 247//403 220//403 219//403 
f 247//404 219//404 243//404 
f 248//405 247//405 243//405 
f 248//406 243//406 249//406 
f 248//407 249//407 250//407 
f 251//408 250//408 252//408 
f 251//409 248//409 250//409 
f 253//410 247//410 248//410 
f 253//411 224//411 220//411 
f 253//412 226//412 224//412 
f 253//413 220//413 247//413 
f 254//414 252//414 255//414 
f 254//415 255//415 256//415 
f 254//416 251//416 252//416 
f 257//417 253//417 248//417 
f 257//418 248//418 251//418 
f 258//419 228//419 226//419 
f 258//420 226//420 253//420 
f 259//421 256//421 260//421 
f 259//422 254//422 256//422 
f 261//423 251//423 254//423 
f 261//424 257//424 251//424 
f 262//425 253//425 257//425 
f 262//426 258//426 253//426 
f 263//427 260//427 264//427 
f 263//428 264//428 265//428 
f 263//429 259//429 260//429 
f 266//430 254//430 259//430 
f 266//431 261//431 254//431 
f 267//432 262//432 257//432 
f 267//433 257//433 261//433 
f 268//434 229//434 228//434 
f 268//435 258//435 262//435 
f 268//436 228//436 258//436 
f 269//437 265//437 270//437 
f 269//438 263//438 265//438 
f 271//439 266//439 259//439 
f 271//440 259//440 263//440 
f 272//441 267//441 261//441 
f 272//442 261//442 266//442 
f 273//443 268//443 262//443 
f 273//444 262//444 267//444 
f 274//445 269//445 270//445 
f 274//446 270//446 275//446 
f 274//447 275//447 245//447 
f 276//448 232//448 229//448 
f 276//449 234//449 232//449 
f 276//450 229//450 268//450 
f 277//451 271//451 263//451 
f 277//452 263//452 269//452 
f 278//453 266//453 271//453 
f 278//454 272//454 266//454 
f 279//455 267//455 272//455 
f 279//456 273//456 267//456 
f 280//457 244//457 281//457 
f 280//458 274//458 245//458 
f 280//459 245//459 244//459 
f 282//460 268//460 273//460 
f 282//461 276//461 268//461 
f 283//462 277//462 269//462 
f 283//463 269//463 274//463 
f 284//464 271//464 277//464 
f 284//465 278//465 271//465 
f 285//466 272//466 278//466 
f 285//467 279//467 272//467 
f 286//468 273//468 279//468 
f 286//469 282//469 273//469 
f 287//470 281//470 288//470 
f 287//471 288//471 289//471 
f 287//472 280//472 281//472 
f 287//473 274//473 280//473 
f 287//474 283//474 274//474 
f 290//475 236//475 234//475 
f 290//476 234//476 276//476 
f 290//477 276//477 282//477 
f 291//478 277//478 283//478 
f 291//479 284//479 277//479 
f 292//480 278//480 284//480 
f 292//481 285//481 278//481 
f 293//482 279//482 285//482 
f 293//483 286//483 279//483 
f 294//484 282//484 286//484 
f 294//485 290//485 282//485 
f 295//486 291//486 283//486 
f 295//487 283//487 287//487 
f 296//488 238//488 236//488 
f 296//489 240//489 238//489 
f 296//490 236//490 290//490 
f 297//491 284//491 291//491 
f 297//492 292//492 284//492 
f 298//493 285//493 292//493 
f 298//494 293//494 285//494 
f 299//495 286//495 293//495 
f 299//496 294//496 286//496 
f 300//497 289//497 301//497 
f 300//498 295//498 287//498 
f 300//499 287//499 289//499 
f 302//500 290//500 294//500 
f 302//501 296//501 290//501 
f 303//502 291//502 295//502 
f 303//503 297//503 291//503 
f 304//504 292//504 297//504 
f 304//505 298//505 292//505 
f 305//506 293//506 298//506 
f 305//507 299//507 293//507 
f 306//508 294//508 299//508 
f 306//509 302//509 294//509 
f 307//510 301//510 308//510 
f 307//511 303//511 295//511 
f 307//512 300//512 301//512 
f 307//513 295//513 300//513 
f 309//514 296//514 302//514 
f 309//515 241//515 240//515 
f 309//516 3//516 241//516 
f 309//517 240//517 296//517 
f 310//518 297//518 303//518 
f 310//519 304//519 297//519 
f 311//520 298//520 304//520 
f 311//521 305//521 298//521 
f 312//522 306//522 299//522 
f 312//523 299//523 305//523 
f 313//524 302//524 306//524 
f 313//525 3//525 309//525 
f 313//526 309//526 302//526 
f 314//527 303//527 307//527 
f 314//528 310//528 303//528 
f 315//529 311//529 304//529 
f 315//530 304//530 310//530 
f 316//531 305//531 311//531 
f 316//532 312//532 305//532 
f 317//533 306//533 312//533 
f 317//534 313//534 306//534 
f 317//535 3//535 313//535 
f 318//536 308//536 319//536 
f 318//537 319//537 320//537 
f 318//538 314//538 307//538 
f 318//539 307//539 308//539 
f 321//540 310//540 314//540 
f 321//541 315//541 310//541 
f 322//542 316//542 311//542 
f 322//543 311//543 315//543 
f 323//544 312//544 316//544 
f 323//545 3//545 317//545 
f 323//546 317//546 312//546 
f 324//547 320//547 325//547 
f 324//548 318//548 320//548 
f 324//549 314//549 318//549 
f 324//550 321//550 314//550 
f 326//551 315//551 321//551 
f 326//552 322//552 315//552 
f 327//553 3//553 323//553 
f 327//554 316//554 322//554 
f 327//555 323//555 316//555 
f 328//556 321//556 324//556 
f 328//557 326//557 321//557 
f 329//558 3//558 327//558 
f 329//559 322//559 326//559 
f 329//560 327//560 322//560 
f 330//561 325//561 331//561 
f 330//562 331//562 332//562 
f 330//563 324//563 325//563 
f 330//564 328//564 324//564 
f 333//565 3//565 329//565 
f 333//566 326//566 328//566 
f 333//567 329//567 326//567 
f 334//568 332//568 335//568 
f 334//569 335//569 3//569 
f 334//570 3//570 333//570 
f 334//571 330//571 332//571 
f 334//572 328//572 330//572 
f 334//573 333//573 328//573 
f 336//574 337//574 338//574 
f 217//575 339//575 221//575 
f 340//576 341//576 336//576 
f 340//577 336//577 338//577 
f 342//578 338//578 343//578 
f 342//579 343//579 344//579 
f 342//580 340//580 338//580 
f 345//581 344//581 346//581 
f 345//582 342//582 344//582 
f 347//583 348//583 341//583 
f 347//584 349//584 348//584 
f 347//585 341//585 340//585 
f 347//586 340//586 342//586 
f 350//587 346//587 351//587 
f 350//588 351//588 352//588 
f 350//589 345//589 346//589 
f 353//590 347//590 342//590 
f 353//591 342//591 345//591 
f 354//592 349//592 347//592 
f 354//593 355//593 349//593 
f 356//594 352//594 357//594 
f 356//595 350//595 352//595 
f 358//596 345//596 350//596 
f 358//597 353//597 345//597 
f 359//598 347//598 353//598 
f 359//599 354//599 347//599 
f 360//600 357//600 361//600 
f 360//601 361//601 362//601 
f 360//602 356//602 357//602 
f 363//603 350//603 356//603 
f 363//604 358//604 350//604 
f 364//605 353//605 358//605 
f 364//606 359//606 353//606 
f 365//607 366//607 355//607 
f 365//608 354//608 359//608 
f 365//609 355//609 354//609 
f 367//610 362//610 368//610 
f 367//611 360//611 362//611 
f 369//612 363//612 356//612 
f 369//613 356//613 360//613 
f 370//614 364//614 358//614 
f 370//615 358//615 363//615 
f 371//616 359//616 364//616 
f 371//617 365//617 359//617 
f 372//618 367//618 368//618 
f 372//619 368//619 373//619 
f 372//620 373//620 339//620 
f 374//621 375//621 366//621 
f 374//622 376//622 375//622 
f 374//623 366//623 365//623 
f 377//624 369//624 360//624 
f 377//625 360//625 367//625 
f 378//626 370//626 363//626 
f 378//627 363//627 369//627 
f 379//628 371//628 364//628 
f 379//629 364//629 370//629 
f 380//630 217//630 222//630 
f 380//631 372//631 339//631 
f 380//632 339//632 217//632 
f 381//633 365//633 371//633 
f 381//634 374//634 365//634 
f 382//635 377//635 367//635 
f 382//636 367//636 372//636 
f 383//637 378//637 369//637 
f 383//638 369//638 377//638 
f 384//639 370//639 378//639 
f 384//640 379//640 370//640 
f 385//641 371//641 379//641 
f 385//642 381//642 371//642 
f 386//643 222//643 223//643 
f 386//644 223//644 225//644 
f 386//645 380//645 222//645 
f 386//646 372//646 380//646 
f 386//647 382//647 372//647 
f 387//648 376//648 374//648 
f 387//649 388//649 376//649 
f 387//650 374//650 381//650 
f 389//651 377//651 382//651 
f 389//652 383//652 377//652 
f 390//653 378//653 383//653 
f 390//654 384//654 378//654 
f 391//655 379//655 384//655 
f 391//656 385//656 379//656 
f 392//657 381//657 385//657 
f 392//658 387//658 381//658 
f 393//659 382//659 386//659 
f 393//660 389//660 382//660 
f 394//661 395//661 388//661 
f 394//662 396//662 395//662 
f 394//663 388//663 387//663 
f 397//664 390//664 383//664 
f 397//665 383//665 389//665 
f 398//666 384//666 390//666 
f 398//667 391//667 384//667 
f 399//668 385//668 391//668 
f 399//669 392//669 385//669 
f 400//670 225//670 227//670 
f 400//671 386//671 225//671 
f 400//672 393//672 386//672 
f 401//673 387//673 392//673 
f 401//674 394//674 387//674 
f 402//675 389//675 393//675 
f 402//676 397//676 389//676 
f 403//677 390//677 397//677 
f 403//678 398//678 390//678 
f 404//679 391//679 398//679 
f 404//680 399//680 391//680 
f 405//681 401//681 392//681 
f 405//682 392//682 399//682 
f 406//683 402//683 393//683 
f 406//684 227//684 230//684 
f 406//685 400//685 227//685 
f 406//686 393//686 400//686 
f 407//687 394//687 401//687 
f 407//688 408//688 396//688 
f 407//689 2//689 408//689 
f 407//690 396//690 394//690 
f 409//691 397//691 402//691 
f 409//692 403//692 397//692 
f 410//693 398//693 403//693 
f 410//694 404//694 398//694 
f 411//695 405//695 399//695 
f 411//696 399//696 404//696 
f 412//697 401//697 405//697 
f 412//698 407//698 401//698 
f 412//699 2//699 407//699 
f 413//700 409//700 402//700 
f 413//701 402//701 406//701 
f 414//702 403//702 409//702 
f 414//703 410//703 403//703 
f 415//704 411//704 404//704 
f 415//705 404//705 410//705 
f 416//706 412//706 405//706 
f 416//707 2//707 412//707 
f 416//708 405//708 411//708 
f 417//709 230//709 231//709 
f 417//710 231//710 233//710 
f 417//711 406//711 230//711 
f 417//712 413//712 406//712 
f 418//713 414//713 409//713 
f 418//714 409//714 413//714 
f 419//715 410//715 414//715 
f 419//716 415//716 410//716 
f 420//717 411//717 415//717 
f 420//718 416//718 411//718 
f 420//719 2//719 416//719 
f 421//720 233//720 235//720 
f 421//721 417//721 233//721 
f 421//722 413//722 417//722 
f 421//723 418//723 413//723 
f 422//724 414//724 418//724 
f 422//725 419//725 414//725 
f 423//726 420//726 415//726 
f 423//727 415//727 419//727 
f 423//728 2//728 420//728 
f 424//729 418//729 421//729 
f 424//730 422//730 418//730 
f 425//731 2//731 423//731 
f 425//732 419//732 422//732 
f 425//733 423//733 419//733 
f 426//734 235//734 237//734 
f 426//735 237//735 239//735 
f 426//736 421//736 235//736 
f 426//737 424//737 421//737 
f 427//738 2//738 425//738 
f 427//739 422//739 424//739 
f 427//740 425//740 422//740 
f 428//741 239//741 242//741 
f 428//742 242//742 2//742 
f 428//743 2//743 427//743 
f 428//744 426//744 239//744 
f 428//745 424//745 426//745 
f 428//746 427//746 424//746 
f 103//747 1//747 3//747 
f 103//748 3//748 335//748 
f 91//749 332//749 331//749 
f 91//750 335//750 332//750 
f 91//751 103//751 335//751 
f 90//752 91//752 331//752 
f 83//753 331//753 325//753 
f 83//754 90//754 331//754 
f 71//755 325//755 320//755 
f 71//756 83//756 325//756 
f 70//757 320//757 319//757 
f 70//758 71//758 320//758 
f 61//759 308//759 301//759 
f 61//760 319//760 308//760 
f 61//761 70//761 319//761 
f 50//762 61//762 301//762 
f 44//763 289//763 288//763 
f 44//764 301//764 289//764 
f 44//765 50//765 301//765 
f 43//766 44//766 288//766 
f 36//767 288//767 281//767 
f 36//768 43//768 288//768 
f 31//769 281//769 244//769 
f 31//770 36//770 281//770 
f 32//771 244//771 246//771 
f 32//772 31//772 244//772 
f 125//773 337//773 336//773 
f 125//774 127//774 337//774 
f 162//775 336//775 341//775 
f 162//776 125//776 336//776 
f 169//777 341//777 348//777 
f 169//778 348//778 349//778 
f 169//779 162//779 341//779 
f 170//780 169//780 349//780 
f 182//781 349//781 355//781 
f 182//782 355//782 366//782 
f 182//783 170//783 349//783 
f 189//784 182//784 366//784 
f 200//785 366//785 375//785 
f 200//786 375//786 376//786 
f 200//787 189//787 366//787 
f 201//788 200//788 376//788 
f 206//789 376//789 388//789 
f 206//790 388//790 395//790 
f 206//791 201//791 376//791 
f 212//792 395//792 396//792 
f 212//793 206//793 395//793 
f 213//794 212//794 396//794 
f 216//795 396//795 408//795 
f 216//796 213//796 396//796 
f 4//797 408//797 2//797 
f 4//798 216//798 408//798 
f 30//799 29//799 429//799 
f 430//800 30//800 429//800 
f 431//801 429//801 432//801 
f 431//802 430//802 429//802 
f 433//803 432//803 434//803 
f 433//804 431//804 432//804 
f 435//805 434//805 436//805 
f 435//806 436//806 437//806 
f 435//807 433//807 434//807 
f 438//808 435//808 437//808 
f 439//809 437//809 440//809 
f 439//810 440//810 441//810 
f 439//811 438//811 437//811 
f 442//812 439//812 441//812 
f 443//813 441//813 444//813 
f 443//814 444//814 445//814 
f 443//815 442//815 441//815 
f 446//816 443//816 445//816 
f 447//817 445//817 448//817 
f 447//818 448//818 449//818 
f 447//819 446//819 445//819 
f 450//820 449//820 451//820 
f 450//821 447//821 449//821 
f 452//822 450//822 451//822 
f 453//823 451//823 454//823 
f 453//824 452//824 451//824 
f 455//825 454//825 456//825 
f 455//826 453//826 454//826 
f 432//827 429//827 457//827 
f 458//828 459//828 460//828 
f 461//829 434//829 432//829 
f 461//830 432//830 457//830 
f 462//831 457//831 463//831 
f 462//832 463//832 464//832 
f 462//833 461//833 457//833 
f 465//834 464//834 466//834 
f 465//835 462//835 464//835 
f 467//836 436//836 434//836 
f 467//837 437//837 436//837 
f 467//838 434//838 461//838 
f 467//839 461//839 462//839 
f 468//840 466//840 469//840 
f 468//841 469//841 470//841 
f 468//842 465//842 466//842 
f 471//843 467//843 462//843 
f 471//844 462//844 465//844 
f 472//845 437//845 467//845 
f 472//846 440//846 437//846 
f 473//847 470//847 474//847 
f 473//848 468//848 470//848 
f 475//849 465//849 468//849 
f 475//850 471//850 465//850 
f 476//851 467//851 471//851 
f 476//852 472//852 467//852 
f 477//853 474//853 478//853 
f 477//854 478//854 479//854 
f 477//855 473//855 474//855 
f 480//856 468//856 473//856 
f 480//857 475//857 468//857 
f 481//858 471//858 475//858 
f 481//859 476//859 471//859 
f 482//860 441//860 440//860 
f 482//861 472//861 476//861 
f 482//862 440//862 472//862 
f 483//863 479//863 484//863 
f 483//864 477//864 479//864 
f 485//865 480//865 473//865 
f 485//866 473//866 477//866 
f 486//867 481//867 475//867 
f 486//868 475//868 480//868 
f 487//869 476//869 481//869 
f 487//870 482//870 476//870 
f 488//871 483//871 484//871 
f 488//872 484//872 489//872 
f 488//873 489//873 459//873 
f 490//874 444//874 441//874 
f 490//875 445//875 444//875 
f 490//876 441//876 482//876 
f 491//877 485//877 477//877 
f 491//878 477//878 483//878 
f 492//879 486//879 480//879 
f 492//880 480//880 485//880 
f 493//881 487//881 481//881 
f 493//882 481//882 486//882 
f 494//883 458//883 495//883 
f 494//884 488//884 459//884 
f 494//885 459//885 458//885 
f 496//886 482//886 487//886 
f 496//887 490//887 482//887 
f 497//888 491//888 483//888 
f 497//889 483//889 488//889 
f 498//890 492//890 485//890 
f 498//891 485//891 491//891 
f 499//892 486//892 492//892 
f 499//893 493//893 486//893 
f 500//894 487//894 493//894 
f 500//895 496//895 487//895 
f 501//896 495//896 502//896 
f 501//897 502//897 503//897 
f 501//898 494//898 495//898 
f 501//899 488//899 494//899 
f 501//900 497//900 488//900 
f 504//901 445//901 490//901 
f 504//902 448//902 445//902 
f 504//903 490//903 496//903 
f 505//904 491//904 497//904 
f 505//905 498//905 491//905 
f 506//906 492//906 498//906 
f 506//907 499//907 492//907 
f 507//908 493//908 499//908 
f 507//909 500//909 493//909 
f 508//910 496//910 500//910 
f 508//911 504//911 496//911 
f 509//912 497//912 501//912 
f 509//913 505//913 497//913 
f 510//914 449//914 448//914 
f 510//915 451//915 449//915 
f 510//916 448//916 504//916 
f 511//917 506//917 498//917 
f 511//918 498//918 505//918 
f 512//919 499//919 506//919 
f 512//920 507//920 499//920 
f 513//921 500//921 507//921 
f 513//922 508//922 500//922 
f 514//923 503//923 515//923 
f 514//924 501//924 503//924 
f 514//925 509//925 501//925 
f 516//926 504//926 508//926 
f 516//927 510//927 504//927 
f 517//928 505//928 509//928 
f 517//929 511//929 505//929 
f 518//930 506//930 511//930 
f 518//931 512//931 506//931 
f 519//932 507//932 512//932 
f 519//933 513//933 507//933 
f 520//934 516//934 508//934 
f 520//935 508//935 513//935 
f 521//936 517//936 509//936 
f 521//937 515//937 522//937 
f 521//938 514//938 515//938 
f 521//939 509//939 514//939 
f 523//940 510//940 516//940 
f 523//941 454//941 451//941 
f 523//942 456//942 454//942 
f 523//943 451//943 510//943 
f 524//944 511//944 517//944 
f 524//945 518//945 511//945 
f 525//946 512//946 518//946 
f 525//947 519//947 512//947 
f 526//948 513//948 519//948 
f 526//949 520//949 513//949 
f 527//950 516//950 520//950 
f 527//951 523//951 516//951 
f 527//952 456//952 523//952 
f 528//953 524//953 517//953 
f 528//954 517//954 521//954 
f 529//955 518//955 524//955 
f 529//956 525//956 518//956 
f 530//957 526//957 519//957 
f 530//958 519//958 525//958 
f 531//959 527//959 520//959 
f 531//960 520//960 526//960 
f 531//961 456//961 527//961 
f 532//962 522//962 533//962 
f 532//963 533//963 534//963 
f 532//964 521//964 522//964 
f 532//965 528//965 521//965 
f 535//966 524//966 528//966 
f 535//967 529//967 524//967 
f 536//968 525//968 529//968 
f 536//969 530//969 525//969 
f 537//970 526//970 530//970 
f 537//971 531//971 526//971 
f 537//972 456//972 531//972 
f 538//973 534//973 539//973 
f 538//974 532//974 534//974 
f 538//975 528//975 532//975 
f 538//976 535//976 528//976 
f 540//977 529//977 535//977 
f 540//978 536//978 529//978 
f 541//979 530//979 536//979 
f 541//980 456//980 537//980 
f 541//981 537//981 530//981 
f 542//982 535//982 538//982 
f 542//983 540//983 535//983 
f 543//984 456//984 541//984 
f 543//985 536//985 540//985 
f 543//986 541//986 536//986 
f 544//987 539//987 545//987 
f 544//988 545//988 546//988 
f 544//989 542//989 538//989 
f 544//990 538//990 539//990 
f 547//991 540//991 542//991 
f 547//992 543//992 540//992 
f 547//993 456//993 543//993 
f 548//994 546//994 549//994 
f 548//995 549//995 456//995 
f 548//996 456//996 547//996 
f 548//997 544//997 546//997 
f 548//998 542//998 544//998 
f 548//999 547//999 542//999 
f 550//1000 551//1000 552//1000 
f 431//1001 553//1001 430//1001 
f 554//1002 555//1002 550//1002 
f 554//1003 550//1003 552//1003 
f 556//1004 552//1004 557//1004 
f 556//1005 557//1005 558//1005 
f 556//1006 554//1006 552//1006 
f 559//1007 558//1007 560//1007 
f 559//1008 556//1008 558//1008 
f 561//1009 562//1009 555//1009 
f 561//1010 563//1010 562//1010 
f 561//1011 555//1011 554//1011 
f 561//1012 554//1012 556//1012 
f 564//1013 560//1013 565//1013 
f 564//1014 565//1014 566//1014 
f 564//1015 559//1015 560//1015 
f 567//1016 561//1016 556//1016 
f 567//1017 556//1017 559//1017 
f 568//1018 563//1018 561//1018 
f 568//1019 569//1019 563//1019 
f 570//1020 566//1020 571//1020 
f 570//1021 564//1021 566//1021 
f 572//1022 559//1022 564//1022 
f 572//1023 567//1023 559//1023 
f 573//1024 568//1024 561//1024 
f 573//1025 561//1025 567//1025 
f 574//1026 570//1026 571//1026 
f 574//1027 571//1027 575//1027 
f 574//1028 575//1028 576//1028 
f 577//1029 564//1029 570//1029 
f 577//1030 572//1030 564//1030 
f 578//1031 573//1031 567//1031 
f 578//1032 567//1032 572//1032 
f 579//1033 580//1033 569//1033 
f 579//1034 569//1034 568//1034 
f 579//1035 568//1035 573//1035 
f 581//1036 576//1036 582//1036 
f 581//1037 574//1037 576//1037 
f 583//1038 577//1038 570//1038 
f 583//1039 570//1039 574//1039 
f 584//1040 578//1040 572//1040 
f 584//1041 572//1041 577//1041 
f 585//1042 573//1042 578//1042 
f 585//1043 579//1043 573//1043 
f 586//1044 582//1044 587//1044 
f 586//1045 587//1045 553//1045 
f 586//1046 581//1046 582//1046 
f 588//1047 589//1047 580//1047 
f 588//1048 590//1048 589//1048 
f 588//1049 580//1049 579//1049 
f 591//1050 583//1050 574//1050 
f 591//1051 574//1051 581//1051 
f 592//1052 584//1052 577//1052 
f 592//1053 577//1053 583//1053 
f 593//1054 578//1054 584//1054 
f 593//1055 585//1055 578//1055 
f 594//1056 431//1056 433//1056 
f 594//1057 586//1057 553//1057 
f 594//1058 553//1058 431//1058 
f 595//1059 579//1059 585//1059 
f 595//1060 588//1060 579//1060 
f 596//1061 591//1061 581//1061 
f 596//1062 581//1062 586//1062 
f 597//1063 583//1063 591//1063 
f 597//1064 592//1064 583//1064 
f 598//1065 584//1065 592//1065 
f 598//1066 593//1066 584//1066 
f 599//1067 585//1067 593//1067 
f 599//1068 595//1068 585//1068 
f 600//1069 433//1069 435//1069 
f 600//1070 435//1070 438//1070 
f 600//1071 594//1071 433//1071 
f 600//1072 586//1072 594//1072 
f 600//1073 596//1073 586//1073 
f 601//1074 590//1074 588//1074 
f 601//1075 602//1075 590//1075 
f 601//1076 588//1076 595//1076 
f 603//1077 591//1077 596//1077 
f 603//1078 597//1078 591//1078 
f 604//1079 592//1079 597//1079 
f 604//1080 598//1080 592//1080 
f 605//1081 593//1081 598//1081 
f 605//1082 599//1082 593//1082 
f 606//1083 595//1083 599//1083 
f 606//1084 601//1084 595//1084 
f 607//1085 596//1085 600//1085 
f 607//1086 603//1086 596//1086 
f 608//1087 609//1087 602//1087 
f 608//1088 610//1088 609//1088 
f 608//1089 602//1089 601//1089 
f 611//1090 597//1090 603//1090 
f 611//1091 604//1091 597//1091 
f 612//1092 598//1092 604//1092 
f 612//1093 605//1093 598//1093 
f 613//1094 599//1094 605//1094 
f 613//1095 606//1095 599//1095 
f 614//1096 438//1096 439//1096 
f 614//1097 600//1097 438//1097 
f 614//1098 607//1098 600//1098 
f 615//1099 601//1099 606//1099 
f 615//1100 608//1100 601//1100 
f 616//1101 611//1101 603//1101 
f 616//1102 603//1102 607//1102 
f 617//1103 604//1103 611//1103 
f 617//1104 612//1104 604//1104 
f 618//1105 613//1105 605//1105 
f 618//1106 605//1106 612//1106 
f 619//1107 615//1107 606//1107 
f 619//1108 606//1108 613//1108 
f 620//1109 616//1109 607//1109 
f 620//1110 439//1110 442//1110 
f 620//1111 614//1111 439//1111 
f 620//1112 607//1112 614//1112 
f 621//1113 608//1113 615//1113 
f 621//1114 622//1114 610//1114 
f 621//1115 455//1115 622//1115 
f 621//1116 610//1116 608//1116 
f 623//1117 611//1117 616//1117 
f 623//1118 617//1118 611//1118 
f 624//1119 618//1119 612//1119 
f 624//1120 612//1120 617//1120 
f 625//1121 613//1121 618//1121 
f 625//1122 619//1122 613//1122 
f 626//1123 615//1123 619//1123 
f 626//1124 621//1124 615//1124 
f 626//1125 455//1125 621//1125 
f 627//1126 623//1126 616//1126 
f 627//1127 616//1127 620//1127 
f 628//1128 617//1128 623//1128 
f 628//1129 624//1129 617//1129 
f 629//1130 618//1130 624//1130 
f 629//1131 625//1131 618//1131 
f 630//1132 626//1132 619//1132 
f 630//1133 619//1133 625//1133 
f 630//1134 455//1134 626//1134 
f 631//1135 442//1135 443//1135 
f 631//1136 443//1136 446//1136 
f 631//1137 620//1137 442//1137 
f 631//1138 627//1138 620//1138 
f 632//1139 623//1139 627//1139 
f 632//1140 628//1140 623//1140 
f 633//1141 624//1141 628//1141 
f 633//1142 629//1142 624//1142 
f 634//1143 455//1143 630//1143 
f 634//1144 625//1144 629//1144 
f 634//1145 630//1145 625//1145 
f 635//1146 446//1146 447//1146 
f 635//1147 631//1147 446//1147 
f 635//1148 627//1148 631//1148 
f 635//1149 632//1149 627//1149 
f 636//1150 628//1150 632//1150 
f 636//1151 633//1151 628//1151 
f 637//1152 455//1152 634//1152 
f 637//1153 629//1153 633//1153 
f 637//1154 634//1154 629//1154 
f 638//1155 636//1155 632//1155 
f 638//1156 632//1156 635//1156 
f 639//1157 455//1157 637//1157 
f 639//1158 633//1158 636//1158 
f 639//1159 637//1159 633//1159 
f 640//1160 447//1160 450//1160 
f 640//1161 450//1161 452//1161 
f 640//1162 635//1162 447//1162 
f 640//1163 638//1163 635//1163 
f 641//1164 455//1164 639//1164 
f 641//1165 636//1165 638//1165 
f 641//1166 639//1166 636//1166 
f 642//1167 452//1167 453//1167 
f 642//1168 453//1168 455//1168 
f 642//1169 455//1169 641//1169 
f 642//1170 640//1170 452//1170 
f 642//1171 638//1171 640//1171 
f 642//1172 641//1172 638//1172 
f 457//1173 429//1173 29//1173 
f 457//1174 29//1174 34//1174 
f 463//1175 34//1175 68//1175 
f 463//1176 457//1176 34//1176 
f 464//1177 68//1177 63//1177 
f 464//1178 463//1178 68//1178 
f 466//1179 63//1179 57//1179 
f 466//1180 464//1180 63//1180 
f 469//1181 57//1181 56//1181 
f 469//1182 466//1182 57//1182 
f 470//1183 56//1183 52//1183 
f 470//1184 469//1184 56//1184 
f 474//1185 52//1185 47//1185 
f 474//1186 470//1186 52//1186 
f 478//1187 47//1187 46//1187 
f 478//1188 474//1188 47//1188 
f 479//1189 46//1189 41//1189 
f 479//1190 478//1190 46//1190 
f 484//1191 41//1191 39//1191 
f 484//1192 479//1192 41//1192 
f 489//1193 39//1193 38//1193 
f 489//1194 484//1194 39//1194 
f 459//1195 38//1195 33//1195 
f 459//1196 489//1196 38//1196 
f 460//1197 33//1197 32//1197 
f 460//1198 459//1198 33//1198 
f 552//1199 551//1199 127//1199 
f 552//1200 127//1200 126//1200 
f 557//1201 126//1201 156//1201 
f 557//1202 552//1202 126//1202 
f 558//1203 156//1203 151//1203 
f 558//1204 557//1204 156//1204 
f 560//1205 151//1205 146//1205 
f 560//1206 558//1206 151//1206 
f 565//1207 146//1207 145//1207 
f 565//1208 560//1208 146//1208 
f 566//1209 145//1209 141//1209 
f 566//1210 565//1210 145//1210 
f 571//1211 141//1211 137//1211 
f 571//1212 566//1212 141//1212 
f 575//1213 137//1213 136//1213 
f 575//1214 571//1214 137//1214 
f 576//1215 136//1215 133//1215 
f 576//1216 575//1216 136//1216 
f 582//1217 133//1217 131//1217 
f 582//1218 576//1218 133//1218 
f 587//1219 131//1219 130//1219 
f 587//1220 582//1220 131//1220 
f 553//1221 130//1221 124//1221 
f 553//1222 587//1222 130//1222 
f 430//1223 124//1223 30//1223 
f 430//1224 553//1224 124//1224 
f 643//1225 455//1225 456//1225 
f 644//1226 455//1226 643//1226 
f 645//1227 644//1227 643//1227 
f 645//1228 643//1228 646//1228 
f 645//1229 646//1229 647//1229 
f 648//1230 645//1230 647//1230 
f 649//1231 647//1231 650//1231 
f 649//1232 648//1232 647//1232 
f 651//1233 650//1233 652//1233 
f 651//1234 649//1234 650//1234 
f 653//1235 652//1235 654//1235 
f 653//1236 654//1236 655//1236 
f 653//1237 651//1237 652//1237 
f 656//1238 653//1238 655//1238 
f 657//1239 655//1239 658//1239 
f 657//1240 656//1240 655//1240 
f 659//1241 658//1241 660//1241 
f 659//1242 657//1242 658//1242 
f 661//1243 660//1243 662//1243 
f 661//1244 659//1244 660//1244 
f 663//1245 662//1245 664//1245 
f 663//1246 661//1246 662//1246 
f 665//1247 664//1247 666//1247 
f 665//1248 663//1248 664//1248 
f 667//1249 666//1249 668//1249 
f 667//1250 665//1250 666//1250 
f 669//1251 668//1251 670//1251 
f 669//1252 667//1252 668//1252 
f 671//1253 672//1253 673//1253 
f 668//1254 674//1254 670//1254 
f 675//1255 676//1255 671//1255 
f 675//1256 671//1256 673//1256 
f 677//1257 675//1257 673//1257 
f 677//1258 673//1258 678//1258 
f 677//1259 678//1259 679//1259 
f 680//1260 679//1260 681//1260 
f 680//1261 677//1261 679//1261 
f 682//1262 683//1262 676//1262 
f 682//1263 684//1263 683//1263 
f 682//1264 676//1264 675//1264 
f 682//1265 675//1265 677//1265 
f 685//1266 681//1266 686//1266 
f 685//1267 686//1267 687//1267 
f 685//1268 680//1268 681//1268 
f 688//1269 682//1269 677//1269 
f 688//1270 677//1270 680//1270 
f 689//1271 684//1271 682//1271 
f 689//1272 690//1272 684//1272 
f 691//1273 687//1273 692//1273 
f 691//1274 685//1274 687//1274 
f 693//1275 688//1275 680//1275 
f 693//1276 680//1276 685//1276 
f 694//1277 682//1277 688//1277 
f 694//1278 689//1278 682//1278 
f 695//1279 692//1279 696//1279 
f 695//1280 696//1280 697//1280 
f 695//1281 691//1281 692//1281 
f 698//1282 693//1282 685//1282 
f 698//1283 685//1283 691//1283 
f 699//1284 694//1284 688//1284 
f 699//1285 688//1285 693//1285 
f 700//1286 701//1286 690//1286 
f 700//1287 689//1287 694//1287 
f 700//1288 690//1288 689//1288 
f 702//1289 697//1289 703//1289 
f 702//1290 695//1290 697//1290 
f 704//1291 691//1291 695//1291 
f 704//1292 698//1292 691//1292 
f 705//1293 693//1293 698//1293 
f 705//1294 699//1294 693//1294 
f 706//1295 694//1295 699//1295 
f 706//1296 700//1296 694//1296 
f 707//1297 703//1297 708//1297 
f 707//1298 708//1298 674//1298 
f 707//1299 702//1299 703//1299 
f 709//1300 710//1300 701//1300 
f 709//1301 711//1301 710//1301 
f 709//1302 701//1302 700//1302 
f 712//1303 695//1303 702//1303 
f 712//1304 704//1304 695//1304 
f 713//1305 698//1305 704//1305 
f 713//1306 705//1306 698//1306 
f 714//1307 699//1307 705//1307 
f 714//1308 706//1308 699//1308 
f 715//1309 668//1309 666//1309 
f 715//1310 707//1310 674//1310 
f 715//1311 674//1311 668//1311 
f 716//1312 700//1312 706//1312 
f 716//1313 709//1313 700//1313 
f 717//1314 702//1314 707//1314 
f 717//1315 712//1315 702//1315 
f 718//1316 713//1316 704//1316 
f 718//1317 704//1317 712//1317 
f 719//1318 705//1318 713//1318 
f 719//1319 714//1319 705//1319 
f 720//1320 706//1320 714//1320 
f 720//1321 716//1321 706//1321 
f 721//1322 664//1322 662//1322 
f 721//1323 666//1323 664//1323 
f 721//1324 715//1324 666//1324 
f 721//1325 707//1325 715//1325 
f 721//1326 717//1326 707//1326 
f 722//1327 711//1327 709//1327 
f 722//1328 723//1328 711//1328 
f 722//1329 709//1329 716//1329 
f 724//1330 712//1330 717//1330 
f 724//1331 718//1331 712//1331 
f 725//1332 713//1332 718//1332 
f 725//1333 719//1333 713//1333 
f 726//1334 714//1334 719//1334 
f 726//1335 720//1335 714//1335 
f 727//1336 722//1336 716//1336 
f 727//1337 716//1337 720//1337 
f 728//1338 724//1338 717//1338 
f 728//1339 717//1339 721//1339 
f 729//1340 730//1340 723//1340 
f 729//1341 731//1341 730//1341 
f 729//1342 723//1342 722//1342 
f 732//1343 725//1343 718//1343 
f 732//1344 718//1344 724//1344 
f 733//1345 719//1345 725//1345 
f 733//1346 726//1346 719//1346 
f 734//1347 720//1347 726//1347 
f 734//1348 727//1348 720//1348 
f 735//1349 662//1349 660//1349 
f 735//1350 728//1350 721//1350 
f 735//1351 721//1351 662//1351 
f 736//1352 729//1352 722//1352 
f 736//1353 722//1353 727//1353 
f 737//1354 724//1354 728//1354 
f 737//1355 732//1355 724//1355 
f 738//1356 733//1356 725//1356 
f 738//1357 725//1357 732//1357 
f 739//1358 726//1358 733//1358 
f 739//1359 734//1359 726//1359 
f 740//1360 736//1360 727//1360 
f 740//1361 727//1361 734//1361 
f 741//1362 737//1362 728//1362 
f 741//1363 660//1363 658//1363 
f 741//1364 735//1364 660//1364 
f 741//1365 728//1365 735//1365 
f 742//1366 729//1366 736//1366 
f 742//1367 743//1367 731//1367 
f 742//1368 643//1368 743//1368 
f 742//1369 731//1369 729//1369 
f 744//1370 732//1370 737//1370 
f 744//1371 738//1371 732//1371 
f 745//1372 733//1372 738//1372 
f 745//1373 739//1373 733//1373 
f 746//1374 740//1374 734//1374 
f 746//1375 734//1375 739//1375 
f 747//1376 742//1376 736//1376 
f 747//1377 643//1377 742//1377 
f 747//1378 736//1378 740//1378 
f 748//1379 737//1379 741//1379 
f 748//1380 744//1380 737//1380 
f 749//1381 745//1381 738//1381 
f 749//1382 738//1382 744//1382 
f 750//1383 739//1383 745//1383 
f 750//1384 746//1384 739//1384 
f 751//1385 740//1385 746//1385 
f 751//1386 747//1386 740//1386 
f 751//1387 643//1387 747//1387 
f 752//1388 655//1388 654//1388 
f 752//1389 658//1389 655//1389 
f 752//1390 741//1390 658//1390 
f 752//1391 748//1391 741//1391 
f 753//1392 744//1392 748//1392 
f 753//1393 749//1393 744//1393 
f 754//1394 750//1394 745//1394 
f 754//1395 745//1395 749//1395 
f 755//1396 751//1396 746//1396 
f 755//1397 746//1397 750//1397 
f 755//1398 643//1398 751//1398 
f 756//1399 654//1399 652//1399 
f 756//1400 752//1400 654//1400 
f 756//1401 748//1401 752//1401 
f 756//1402 753//1402 748//1402 
f 757//1403 749//1403 753//1403 
f 757//1404 754//1404 749//1404 
f 758//1405 750//1405 754//1405 
f 758//1406 643//1406 755//1406 
f 758//1407 755//1407 750//1407 
f 759//1408 757//1408 753//1408 
f 759//1409 753//1409 756//1409 
f 760//1410 754//1410 757//1410 
f 760//1411 758//1411 754//1411 
f 760//1412 643//1412 758//1412 
f 761//1413 650//1413 647//1413 
f 761//1414 652//1414 650//1414 
f 761//1415 756//1415 652//1415 
f 761//1416 759//1416 756//1416 
f 762//1417 643//1417 760//1417 
f 762//1418 757//1418 759//1418 
f 762//1419 760//1419 757//1419 
f 763//1420 646//1420 643//1420 
f 763//1421 647//1421 646//1421 
f 763//1422 761//1422 647//1422 
f 763//1423 643//1423 762//1423 
f 763//1424 759//1424 761//1424 
f 763//1425 762//1425 759//1425 
f 667//1426 669//1426 764//1426 
f 765//1427 766//1427 767//1427 
f 768//1428 665//1428 667//1428 
f 768//1429 667//1429 764//1429 
f 769//1430 768//1430 764//1430 
f 769//1431 764//1431 770//1431 
f 769//1432 770//1432 771//1432 
f 772//1433 771//1433 773//1433 
f 772//1434 769//1434 771//1434 
f 774//1435 768//1435 769//1435 
f 774//1436 661//1436 663//1436 
f 774//1437 663//1437 665//1437 
f 774//1438 665//1438 768//1438 
f 775//1439 773//1439 776//1439 
f 775//1440 776//1440 777//1440 
f 775//1441 772//1441 773//1441 
f 778//1442 774//1442 769//1442 
f 778//1443 769//1443 772//1443 
f 779//1444 661//1444 774//1444 
f 779//1445 659//1445 661//1445 
f 780//1446 777//1446 781//1446 
f 780//1447 775//1447 777//1447 
f 782//1448 772//1448 775//1448 
f 782//1449 778//1449 772//1449 
f 783//1450 774//1450 778//1450 
f 783//1451 779//1451 774//1451 
f 784//1452 781//1452 785//1452 
f 784//1453 785//1453 786//1453 
f 784//1454 780//1454 781//1454 
f 787//1455 775//1455 780//1455 
f 787//1456 782//1456 775//1456 
f 788//1457 783//1457 778//1457 
f 788//1458 778//1458 782//1458 
f 789//1459 659//1459 779//1459 
f 789//1460 779//1460 783//1460 
f 789//1461 657//1461 659//1461 
f 790//1462 786//1462 791//1462 
f 790//1463 784//1463 786//1463 
f 792//1464 787//1464 780//1464 
f 792//1465 780//1465 784//1465 
f 793//1466 788//1466 782//1466 
f 793//1467 782//1467 787//1467 
f 794//1468 783//1468 788//1468 
f 794//1469 789//1469 783//1469 
f 795//1470 790//1470 791//1470 
f 795//1471 791//1471 796//1471 
f 795//1472 796//1472 766//1472 
f 797//1473 653//1473 656//1473 
f 797//1474 656//1474 657//1474 
f 797//1475 657//1475 789//1475 
f 798//1476 792//1476 784//1476 
f 798//1477 784//1477 790//1477 
f 799//1478 793//1478 787//1478 
f 799//1479 787//1479 792//1479 
f 800//1480 794//1480 788//1480 
f 800//1481 788//1481 793//1481 
f 801//1482 765//1482 802//1482 
f 801//1483 795//1483 766//1483 
f 801//1484 766//1484 765//1484 
f 803//1485 797//1485 789//1485 
f 803//1486 789//1486 794//1486 
f 804//1487 798//1487 790//1487 
f 804//1488 790//1488 795//1488 
f 805//1489 799//1489 792//1489 
f 805//1490 792//1490 798//1490 
f 806//1491 800//1491 793//1491 
f 806//1492 793//1492 799//1492 
f 807//1493 803//1493 794//1493 
f 807//1494 794//1494 800//1494 
f 808//1495 802//1495 809//1495 
f 808//1496 809//1496 810//1496 
f 808//1497 801//1497 802//1497 
f 808//1498 795//1498 801//1498 
f 808//1499 804//1499 795//1499 
f 811//1500 651//1500 653//1500 
f 811//1501 797//1501 803//1501 
f 811//1502 653//1502 797//1502 
f 812//1503 798//1503 804//1503 
f 812//1504 805//1504 798//1504 
f 813//1505 806//1505 799//1505 
f 813//1506 799//1506 805//1506 
f 814//1507 800//1507 806//1507 
f 814//1508 807//1508 800//1508 
f 815//1509 803//1509 807//1509 
f 815//1510 811//1510 803//1510 
f 816//1511 804//1511 808//1511 
f 816//1512 812//1512 804//1512 
f 817//1513 651//1513 811//1513 
f 817//1514 648//1514 649//1514 
f 817//1515 649//1515 651//1515 
f 818//1516 805//1516 812//1516 
f 818//1517 813//1517 805//1517 
f 819//1518 806//1518 813//1518 
f 819//1519 814//1519 806//1519 
f 820//1520 815//1520 807//1520 
f 820//1521 807//1521 814//1521 
f 821//1522 810//1522 822//1522 
f 821//1523 816//1523 808//1523 
f 821//1524 808//1524 810//1524 
f 823//1525 817//1525 811//1525 
f 823//1526 811//1526 815//1526 
f 824//1527 812//1527 816//1527 
f 824//1528 818//1528 812//1528 
f 825//1529 813//1529 818//1529 
f 825//1530 819//1530 813//1530 
f 826//1531 814//1531 819//1531 
f 826//1532 820//1532 814//1532 
f 827//1533 823//1533 815//1533 
f 827//1534 815//1534 820//1534 
f 828//1535 824//1535 816//1535 
f 828//1536 822//1536 829//1536 
f 828//1537 821//1537 822//1537 
f 828//1538 816//1538 821//1538 
f 830//1539 648//1539 817//1539 
f 830//1540 644//1540 645//1540 
f 830//1541 645//1541 648//1541 
f 830//1542 817//1542 823//1542 
f 831//1543 818//1543 824//1543 
f 831//1544 825//1544 818//1544 
f 832//1545 819//1545 825//1545 
f 832//1546 826//1546 819//1546 
f 833//1547 827//1547 820//1547 
f 833//1548 820//1548 826//1548 
f 834//1549 823//1549 827//1549 
f 834//1550 830//1550 823//1550 
f 834//1551 644//1551 830//1551 
f 835//1552 824//1552 828//1552 
f 835//1553 831//1553 824//1553 
f 836//1554 832//1554 825//1554 
f 836//1555 825//1555 831//1555 
f 837//1556 833//1556 826//1556 
f 837//1557 826//1557 832//1557 
f 838//1558 834//1558 827//1558 
f 838//1559 827//1559 833//1559 
f 838//1560 644//1560 834//1560 
f 839//1561 829//1561 840//1561 
f 839//1562 840//1562 841//1562 
f 839//1563 828//1563 829//1563 
f 839//1564 835//1564 828//1564 
f 842//1565 831//1565 835//1565 
f 842//1566 836//1566 831//1566 
f 843//1567 837//1567 832//1567 
f 843//1568 832//1568 836//1568 
f 844//1569 644//1569 838//1569 
f 844//1570 838//1570 833//1570 
f 844//1571 833//1571 837//1571 
f 845//1572 841//1572 846//1572 
f 845//1573 839//1573 841//1573 
f 845//1574 835//1574 839//1574 
f 845//1575 842//1575 835//1575 
f 847//1576 836//1576 842//1576 
f 847//1577 843//1577 836//1577 
f 848//1578 644//1578 844//1578 
f 848//1579 837//1579 843//1579 
f 848//1580 844//1580 837//1580 
f 849//1581 842//1581 845//1581 
f 849//1582 847//1582 842//1582 
f 850//1583 644//1583 848//1583 
f 850//1584 843//1584 847//1584 
f 850//1585 848//1585 843//1585 
f 851//1586 846//1586 852//1586 
f 851//1587 852//1587 853//1587 
f 851//1588 849//1588 845//1588 
f 851//1589 845//1589 846//1589 
f 854//1590 644//1590 850//1590 
f 854//1591 847//1591 849//1591 
f 854//1592 850//1592 847//1592 
f 855//1593 853//1593 856//1593 
f 855//1594 856//1594 644//1594 
f 855//1595 644//1595 854//1595 
f 855//1596 851//1596 853//1596 
f 855//1597 849//1597 851//1597 
f 855//1598 854//1598 849//1598 
f 643//1599 456//1599 549//1599 
f 743//1600 643//1600 549//1600 
f 731//1601 546//1601 545//1601 
f 731//1602 549//1602 546//1602 
f 731//1603 743//1603 549//1603 
f 730//1604 731//1604 545//1604 
f 723//1605 539//1605 534//1605 
f 723//1606 545//1606 539//1606 
f 723//1607 730//1607 545//1607 
f 711//1608 723//1608 534//1608 
f 710//1609 533//1609 522//1609 
f 710//1610 534//1610 533//1610 
f 710//1611 711//1611 534//1611 
f 701//1612 710//1612 522//1612 
f 690//1613 515//1613 503//1613 
f 690//1614 522//1614 515//1614 
f 690//1615 701//1615 522//1615 
f 684//1616 690//1616 503//1616 
f 683//1617 503//1617 502//1617 
f 683//1618 684//1618 503//1618 
f 676//1619 502//1619 495//1619 
f 676//1620 683//1620 502//1620 
f 671//1621 495//1621 458//1621 
f 671//1622 676//1622 495//1622 
f 672//1623 458//1623 460//1623 
f 672//1624 671//1624 458//1624 
f 765//1625 551//1625 550//1625 
f 765//1626 550//1626 555//1626 
f 765//1627 767//1627 551//1627 
f 802//1628 765//1628 555//1628 
f 809//1629 555//1629 562//1629 
f 809//1630 802//1630 555//1630 
f 810//1631 562//1631 563//1631 
f 810//1632 809//1632 562//1632 
f 822//1633 563//1633 569//1633 
f 822//1634 569//1634 580//1634 
f 822//1635 810//1635 563//1635 
f 829//1636 822//1636 580//1636 
f 840//1637 580//1637 589//1637 
f 840//1638 829//1638 580//1638 
f 841//1639 589//1639 590//1639 
f 841//1640 840//1640 589//1640 
f 846//1641 590//1641 602//1641 
f 846//1642 841//1642 590//1642 
f 852//1643 602//1643 609//1643 
f 852//1644 846//1644 602//1644 
f 853//1645 609//1645 610//1645 
f 853//1646 610//1646 622//1646 
f 853//1647 852//1647 609//1647 
f 856//1648 853//1648 622//1648 
f 644//1649 622//1649 455//1649 
f 644//1650 856//1650 622//1650 
f 218//1651 669//1651 670//1651 
f 221//1652 669//1652 218//1652 
f 218//1653 670//1653 674//1653 
f 243//1654 674//1654 708//1654 
f 243//1655 218//1655 674//1655 
f 249//1656 708//1656 703//1656 
f 249//1657 243//1657 708//1657 
f 250//1658 703//1658 697//1658 
f 250//1659 249//1659 703//1659 
f 252//1660 697//1660 696//1660 
f 252//1661 250//1661 697//1661 
f 255//1662 696//1662 692//1662 
f 255//1663 252//1663 696//1663 
f 256//1664 692//1664 687//1664 
f 256//1665 255//1665 692//1665 
f 260//1666 687//1666 686//1666 
f 260//1667 256//1667 687//1667 
f 264//1668 686//1668 681//1668 
f 264//1669 260//1669 686//1669 
f 265//1670 681//1670 679//1670 
f 265//1671 264//1671 681//1671 
f 270//1672 679//1672 678//1672 
f 270//1673 265//1673 679//1673 
f 275//1674 678//1674 673//1674 
f 275//1675 270//1675 678//1675 
f 245//1676 275//1676 673//1676 
f 246//1677 673//1677 672//1677 
f 246//1678 245//1678 673//1678 
f 338//1679 337//1679 767//1679 
f 338//1680 766//1680 796//1680 
f 338//1681 767//1681 766//1681 
f 343//1682 796//1682 791//1682 
f 343//1683 338//1683 796//1683 
f 344//1684 791//1684 786//1684 
f 344//1685 343//1685 791//1685 
f 346//1686 344//1686 786//1686 
f 351//1687 786//1687 785//1687 
f 351//1688 346//1688 786//1688 
f 352//1689 785//1689 781//1689 
f 352//1690 351//1690 785//1690 
f 357//1691 781//1691 777//1691 
f 357//1692 352//1692 781//1692 
f 361//1693 777//1693 776//1693 
f 361//1694 357//1694 777//1694 
f 362//1695 776//1695 773//1695 
f 362//1696 361//1696 776//1696 
f 368//1697 773//1697 771//1697 
f 368//1698 362//1698 773//1698 
f 373//1699 771//1699 770//1699 
f 373//1700 368//1700 771//1700 
f 339//1701 770//1701 764//1701 
f 339//1702 373//1702 770//1702 
f 221//1703 764//1703 669//1703 
f 221//1704 339//1704 764//1704 
f 246//1705 672//1705 32//1705 
f 672//1706 460//1706 32//1706 
f 767//1707 337//1707 127//1707 
f 551//1708 767//1708 127//1708 
